module,path,file_name,ext,depth,has_codebehind,codebehind_path
WebGestor,WebGestor/About.aspx,About.aspx,.aspx,1,sí,WebGestor/About.aspx.vb
WebGestor,WebGestor/About.aspx.designer.vb,About.aspx.designer.vb,.vb,1,no,
WebGestor,WebGestor/About.aspx.vb,About.aspx.vb,.aspx.vb,1,no,
App_Code,WebGestor/App_Code/Class1.vb,Class1.vb,.vb,2,no,
App_Code,WebGestor/App_Code/Cls_Agenda_Citas.vb,Cls_Agenda_Citas.vb,.vb,2,no,
App_Code,WebGestor/App_Code/Cls_Almacenes.vb,Cls_Almacenes.vb,.vb,2,no,
App_Code,WebGestor/App_Code/Cls_Catalogo.vb,Cls_Catalogo.vb,.vb,2,no,
App_Code,WebGestor/App_Code/Cls_Clasificacion.vb,Cls_Clasificacion.vb,.vb,2,no,
App_Code,WebGestor/App_Code/Cls_Cliente.vb,Cls_Cliente.vb,.vb,2,no,
App_Code,WebGestor/App_Code/Cls_Conciliados.vb,Cls_Conciliados.vb,.vb,2,no,
App_Code,WebGestor/App_Code/Cls_Conexion.vb,Cls_Conexion.vb,.vb,2,no,
App_Code,WebGestor/App_Code/Cls_Contactos_Cliente.vb,Cls_Contactos_Cliente.vb,.vb,2,no,
App_Code,WebGestor/App_Code/Cls_Contenido_Correo.vb,Cls_Contenido_Correo.vb,.vb,2,no,
App_Code,WebGestor/App_Code/Cls_Datos_del_Bien.vb,Cls_Datos_del_Bien.vb,.vb,2,no,
App_Code,WebGestor/App_Code/Cls_Detalle_Modelo.vb,Cls_Detalle_Modelo.vb,.vb,2,no,
App_Code,WebGestor/App_Code/Cls_Documentos.vb,Cls_Documentos.vb,.vb,2,no,
App_Code,WebGestor/App_Code/Cls_Enviar_Email.vb,Cls_Enviar_Email.vb,.vb,2,no,
App_Code,WebGestor/App_Code/Cls_Estado_Cliente.vb,Cls_Estado_Cliente.vb,.vb,2,no,
App_Code,WebGestor/App_Code/Cls_Estado_Ticket.vb,Cls_Estado_Ticket.vb,.vb,2,no,
App_Code,WebGestor/App_Code/Cls_Eventos.vb,Cls_Eventos.vb,.vb,2,no,
App_Code,WebGestor/App_Code/Cls_Inventario.vb,Cls_Inventario.vb,.vb,2,no,
App_Code,WebGestor/App_Code/Cls_Inventario_Ubicacion.vb,Cls_Inventario_Ubicacion.vb,.vb,2,no,
App_Code,WebGestor/App_Code/Cls_Inventario_Verificacion.vb,Cls_Inventario_Verificacion.vb,.vb,2,no,
App_Code,WebGestor/App_Code/Cls_Marcas.vb,Cls_Marcas.vb,.vb,2,no,
App_Code,WebGestor/App_Code/Cls_Modelo.vb,Cls_Modelo.vb,.vb,2,no,
App_Code,WebGestor/App_Code/Cls_Pantalla_Operador.vb,Cls_Pantalla_Operador.vb,.vb,2,no,
App_Code,WebGestor/App_Code/Cls_Placas.vb,Cls_Placas.vb,.vb,2,no,
App_Code,WebGestor/App_Code/Cls_Proceso_Estado.vb,Cls_Proceso_Estado.vb,.vb,2,no,
App_Code,WebGestor/App_Code/Cls_Proceso_Peticion.vb,Cls_Proceso_Peticion.vb,.vb,2,no,
App_Code,WebGestor/App_Code/Cls_Propietario.vb,Cls_Propietario.vb,.vb,2,no,
App_Code,WebGestor/App_Code/Cls_Proyectos.vb,Cls_Proyectos.vb,.vb,2,no,
App_Code,WebGestor/App_Code/Cls_Relacion_con_Procesos.vb,Cls_Relacion_con_Procesos.vb,.vb,2,no,
App_Code,WebGestor/App_Code/Cls_Relacion_Ticket.vb,Cls_Relacion_Ticket.vb,.vb,2,no,
App_Code,WebGestor/App_Code/Cls_Ubicacion.vb,Cls_Ubicacion.vb,.vb,2,no,
App_Code,WebGestor/App_Code/ClsAgencia.vb,ClsAgencia.vb,.vb,2,no,
App_Code,WebGestor/App_Code/clsCont_Funciones.vb,clsCont_Funciones.vb,.vb,2,no,
App_Code,WebGestor/App_Code/clsCont_InsUpdDel.vb,clsCont_InsUpdDel.vb,.vb,2,no,
App_Code,WebGestor/App_Code/clsCont_Listados.vb,clsCont_Listados.vb,.vb,2,no,
App_Code,WebGestor/App_Code/clsControlPersonal.vb,clsControlPersonal.vb,.vb,2,no,
App_Code,WebGestor/App_Code/ClsCRM_BaseDatos.vb,ClsCRM_BaseDatos.vb,.vb,2,no,
App_Code,WebGestor/App_Code/clsEval_Proceso.vb,clsEval_Proceso.vb,.vb,2,no,
App_Code,WebGestor/App_Code/clsEval_Proceso_Funciones.vb,clsEval_Proceso_Funciones.vb,.vb,2,no,
App_Code,WebGestor/App_Code/clsExportar_Excel.vb,clsExportar_Excel.vb,.vb,2,no,
App_Code,WebGestor/App_Code/ClsFinanza.vb,ClsFinanza.vb,.vb,2,no,
App_Code,WebGestor/App_Code/clsGeneral_Proceso.vb,clsGeneral_Proceso.vb,.vb,2,no,
App_Code,WebGestor/App_Code/ClsGtp_Listados.vb,ClsGtp_Listados.vb,.vb,2,no,
App_Code,WebGestor/App_Code/ClsGtp_Procesos.vb,ClsGtp_Procesos.vb,.vb,2,no,
App_Code,WebGestor/App_Code/clsInspeccion_InsUpdDel.vb,clsInspeccion_InsUpdDel.vb,.vb,2,no,
App_Code,WebGestor/App_Code/clsInspeccion_Listado.vb,clsInspeccion_Listado.vb,.vb,2,no,
App_Code,WebGestor/App_Code/clsInv_InsUpdDel.vb,clsInv_InsUpdDel.vb,.vb,2,no,
App_Code,WebGestor/App_Code/clsInv_Listados.vb,clsInv_Listados.vb,.vb,2,no,
App_Code,WebGestor/App_Code/clsInv_Procesos.vb,clsInv_Procesos.vb,.vb,2,no,
App_Code,WebGestor/App_Code/ClsLeerCorreos.vb,ClsLeerCorreos.vb,.vb,2,no,
App_Code,WebGestor/App_Code/clsLogis_InsUpDel.vb,clsLogis_InsUpDel.vb,.vb,2,no,
App_Code,WebGestor/App_Code/clsLogis_Listado.vb,clsLogis_Listado.vb,.vb,2,no,
App_Code,WebGestor/App_Code/clsMenuWeb_Consultas.vb,clsMenuWeb_Consultas.vb,.vb,2,no,
App_Code,WebGestor/App_Code/clsMenuWeb_Funciones.vb,clsMenuWeb_Funciones.vb,.vb,2,no,
App_Code,WebGestor/App_Code/clsMesaAyuda.vb,clsMesaAyuda.vb,.vb,2,no,
App_Code,WebGestor/App_Code/clsPersonal.vb,clsPersonal.vb,.vb,2,no,
App_Code,WebGestor/App_Code/clsSIntegral.vb,clsSIntegral.vb,.vb,2,no,
App_Code,WebGestor/App_Code/ClsVentas_Listados.vb,ClsVentas_Listados.vb,.vb,2,no,
App_Code,WebGestor/App_Code/ConexionPOP3.vb,ConexionPOP3.vb,.vb,2,no,
App_Code,WebGestor/App_Code/CustomPageEventHandler.vb,CustomPageEventHandler.vb,.vb,2,no,
App_Code,WebGestor/App_Code/Funciones.vb,Funciones.vb,.vb,2,no,
App_Code,WebGestor/App_Code/FuncionesCas.vb,FuncionesCas.vb,.vb,2,no,
App_Code,WebGestor/App_Code/Global.asax.vb,Global.asax.vb,.vb,2,no,
App_Code,WebGestor/App_Code/ImagenesArt.vb,ImagenesArt.vb,.vb,2,no,
App_Code,WebGestor/App_Code/ImagenesGuia.vb,ImagenesGuia.vb,.vb,2,no,
App_Code,WebGestor/App_Code/Insertar.vb,Insertar.vb,.vb,2,no,
App_Code,WebGestor/App_Code/Licencia.vb,Licencia.vb,.vb,2,no,
App_Code,WebGestor/App_Code/Listados.vb,Listados.vb,.vb,2,no,
App_Code,WebGestor/App_Code/Module_Constantes.vb,Module_Constantes.vb,.vb,2,no,
App_Code,WebGestor/App_Code/ModuloCas.vb,ModuloCas.vb,.vb,2,no,
App_Code,WebGestor/App_Code/ModuloGeneral.vb,ModuloGeneral.vb,.vb,2,no,
App_Code,WebGestor/App_Code/ModuloSeguridad.vb,ModuloSeguridad.vb,.vb,2,no,
App_Code,WebGestor/App_Code/PersonaBE.vb,PersonaBE.vb,.vb,2,no,
App_Data,WebGestor/App_Data/web.config,web.config,.config,2,no,
App_Start,WebGestor/App_Start/BundleConfig.vb,BundleConfig.vb,.vb,2,no,
App_Start,WebGestor/App_Start/RouteConfig.vb,RouteConfig.vb,.vb,2,no,
bootstrap-4.5.2-dist,WebGestor/bootstrap-4.5.2-dist/bootstrap-4.5.2-dist/js/bootstrap.bundle.js,bootstrap.bundle.js,.js,4,no,
bootstrap-4.5.2-dist,WebGestor/bootstrap-4.5.2-dist/bootstrap-4.5.2-dist/js/bootstrap.bundle.min.js,bootstrap.bundle.min.js,.js,4,no,
bootstrap-4.5.2-dist,WebGestor/bootstrap-4.5.2-dist/bootstrap-4.5.2-dist/js/bootstrap.js,bootstrap.js,.js,4,no,
bootstrap-4.5.2-dist,WebGestor/bootstrap-4.5.2-dist/bootstrap-4.5.2-dist/js/bootstrap.min.js,bootstrap.min.js,.js,4,no,
bootstrap,WebGestor/bootstrap/js/bootstrap.js,bootstrap.js,.js,3,no,
bootstrap,WebGestor/bootstrap/js/bootstrap.min.js,bootstrap.min.js,.js,3,no,
bootstrap,WebGestor/bootstrap/js/jquery-3.5.1.slim.min.js,jquery-3.5.1.slim.min.js,.js,3,no,
bootstrap,WebGestor/bootstrap/js/npm.js,npm.js,.js,3,no,
bootstrap,WebGestor/bootstrap/js/popper.min.js,popper.min.js,.js,3,no,
WebGestor,WebGestor/Bundle.config,Bundle.config,.config,1,no,
CallCenter,WebGestor/CallCenter/CallCenter_CargaDatos.aspx,CallCenter_CargaDatos.aspx,.aspx,2,sí,WebGestor/CallCenter/CallCenter_CargaDatos.aspx.vb
CallCenter,WebGestor/CallCenter/CallCenter_CargaDatos.aspx.vb,CallCenter_CargaDatos.aspx.vb,.aspx.vb,2,no,
CallCenter,WebGestor/CallCenter/CallCenter_DatosCliente.aspx,CallCenter_DatosCliente.aspx,.aspx,2,sí,WebGestor/CallCenter/CallCenter_DatosCliente.aspx.vb
CallCenter,WebGestor/CallCenter/CallCenter_DatosCliente.aspx.vb,CallCenter_DatosCliente.aspx.vb,.aspx.vb,2,no,
CallCenter,WebGestor/CallCenter/CallCenter_Pantalla_Operador.aspx,CallCenter_Pantalla_Operador.aspx,.aspx,2,sí,WebGestor/CallCenter/CallCenter_Pantalla_Operador.aspx.vb
CallCenter,WebGestor/CallCenter/CallCenter_Pantalla_Operador.aspx.vb,CallCenter_Pantalla_Operador.aspx.vb,.aspx.vb,2,no,
CallCenter,WebGestor/CallCenter/PagPrincipal_Call.master.vb,PagPrincipal_Call.master.vb,.vb,2,no,
WebGestor,WebGestor/camara.aspx,camara.aspx,.aspx,1,sí,WebGestor/camara.aspx.vb
WebGestor,WebGestor/camara.aspx.vb,camara.aspx.vb,.aspx.vb,1,no,
CAS,WebGestor/CAS/Cas_BusquedaBaseDatos.aspx,Cas_BusquedaBaseDatos.aspx,.aspx,2,sí,WebGestor/CAS/Cas_BusquedaBaseDatos.aspx.vb
CAS,WebGestor/CAS/Cas_BusquedaBaseDatos.aspx.vb,Cas_BusquedaBaseDatos.aspx.vb,.aspx.vb,2,no,
CAS,WebGestor/CAS/Cas_Define_Grupo.aspx,Cas_Define_Grupo.aspx,.aspx,2,sí,WebGestor/CAS/Cas_Define_Grupo.aspx.vb
CAS,WebGestor/CAS/Cas_Define_Grupo.aspx.vb,Cas_Define_Grupo.aspx.vb,.aspx.vb,2,no,
CAS,WebGestor/CAS/Cas_Define_personas.aspx,Cas_Define_personas.aspx,.aspx,2,sí,WebGestor/CAS/Cas_Define_personas.aspx.vb
CAS,WebGestor/CAS/Cas_Define_personas.aspx.vb,Cas_Define_personas.aspx.vb,.aspx.vb,2,no,
CAS,WebGestor/CAS/Cas_Define_TemasAyuda.aspx,Cas_Define_TemasAyuda.aspx,.aspx,2,sí,WebGestor/CAS/Cas_Define_TemasAyuda.aspx.vb
CAS,WebGestor/CAS/Cas_Define_TemasAyuda.aspx.vb,Cas_Define_TemasAyuda.aspx.vb,.aspx.vb,2,no,
CAS,WebGestor/CAS/Cas_DefineTablas1.aspx,Cas_DefineTablas1.aspx,.aspx,2,sí,WebGestor/CAS/Cas_DefineTablas1.aspx.vb
CAS,WebGestor/CAS/Cas_DefineTablas1.aspx.vb,Cas_DefineTablas1.aspx.vb,.aspx.vb,2,no,
CAS,WebGestor/CAS/Cas_DefineTablas2.aspx,Cas_DefineTablas2.aspx,.aspx,2,sí,WebGestor/CAS/Cas_DefineTablas2.aspx.vb
CAS,WebGestor/CAS/Cas_DefineTablas2.aspx.vb,Cas_DefineTablas2.aspx.vb,.aspx.vb,2,no,
CAS,WebGestor/CAS/Cas_Definicion_CarteraConsulta.aspx,Cas_Definicion_CarteraConsulta.aspx,.aspx,2,sí,WebGestor/CAS/Cas_Definicion_CarteraConsulta.aspx.vb
CAS,WebGestor/CAS/Cas_Definicion_CarteraConsulta.aspx.vb,Cas_Definicion_CarteraConsulta.aspx.vb,.aspx.vb,2,no,
CAS,WebGestor/CAS/Cas_ImportarPersona.aspx,Cas_ImportarPersona.aspx,.aspx,2,sí,WebGestor/CAS/Cas_ImportarPersona.aspx.vb
CAS,WebGestor/CAS/Cas_ImportarPersona.aspx.vb,Cas_ImportarPersona.aspx.vb,.aspx.vb,2,no,
CAS,WebGestor/CAS/Cas_Lista_Enlace_TemasAyuda.aspx,Cas_Lista_Enlace_TemasAyuda.aspx,.aspx,2,sí,WebGestor/CAS/Cas_Lista_Enlace_TemasAyuda.aspx.vb
CAS,WebGestor/CAS/Cas_Lista_Enlace_TemasAyuda.aspx.vb,Cas_Lista_Enlace_TemasAyuda.aspx.vb,.aspx.vb,2,no,
CAS,WebGestor/CAS/Cas_ListaAviso_xUsuario.aspx,Cas_ListaAviso_xUsuario.aspx,.aspx,2,sí,WebGestor/CAS/Cas_ListaAviso_xUsuario.aspx.vb
CAS,WebGestor/CAS/Cas_ListaAviso_xUsuario.aspx.vb,Cas_ListaAviso_xUsuario.aspx.vb,.aspx.vb,2,no,
CAS,WebGestor/CAS/Cas_ListaIncidentes_GrupoNivel2.aspx,Cas_ListaIncidentes_GrupoNivel2.aspx,.aspx,2,sí,WebGestor/CAS/Cas_ListaIncidentes_GrupoNivel2.aspx.vb
CAS,WebGestor/CAS/Cas_ListaIncidentes_GrupoNivel2.aspx.vb,Cas_ListaIncidentes_GrupoNivel2.aspx.vb,.aspx.vb,2,no,
CAS,WebGestor/CAS/Cas_ListaIncidentes_Nivel2.aspx,Cas_ListaIncidentes_Nivel2.aspx,.aspx,2,sí,WebGestor/CAS/Cas_ListaIncidentes_Nivel2.aspx.vb
CAS,WebGestor/CAS/Cas_ListaIncidentes_Nivel2.aspx.vb,Cas_ListaIncidentes_Nivel2.aspx.vb,.aspx.vb,2,no,
CAS,WebGestor/CAS/Cas_RedireccionarIncidencia.aspx,Cas_RedireccionarIncidencia.aspx,.aspx,2,sí,WebGestor/CAS/Cas_RedireccionarIncidencia.aspx.vb
CAS,WebGestor/CAS/Cas_RedireccionarIncidencia.aspx.vb,Cas_RedireccionarIncidencia.aspx.vb,.aspx.vb,2,no,
CAS,WebGestor/CAS/Cas_Registra_Incidentes.aspx,Cas_Registra_Incidentes.aspx,.aspx,2,sí,WebGestor/CAS/Cas_Registra_Incidentes.aspx.vb
CAS,WebGestor/CAS/Cas_Registra_Incidentes.aspx.vb,Cas_Registra_Incidentes.aspx.vb,.aspx.vb,2,no,
CAS,WebGestor/CAS/Cas_Relacion_AvisoxUsuario.aspx,Cas_Relacion_AvisoxUsuario.aspx,.aspx,2,sí,WebGestor/CAS/Cas_Relacion_AvisoxUsuario.aspx.vb
CAS,WebGestor/CAS/Cas_Relacion_AvisoxUsuario.aspx.vb,Cas_Relacion_AvisoxUsuario.aspx.vb,.aspx.vb,2,no,
CAS,WebGestor/CAS/Cas_Relacion_Estadisticas.aspx,Cas_Relacion_Estadisticas.aspx,.aspx,2,sí,WebGestor/CAS/Cas_Relacion_Estadisticas.aspx.vb
CAS,WebGestor/CAS/Cas_Relacion_Estadisticas.aspx.vb,Cas_Relacion_Estadisticas.aspx.vb,.aspx.vb,2,no,
CAS,WebGestor/CAS/Cas_Relacion_Reportes.aspx,Cas_Relacion_Reportes.aspx,.aspx,2,sí,WebGestor/CAS/Cas_Relacion_Reportes.aspx.vb
CAS,WebGestor/CAS/Cas_Relacion_Reportes.aspx.vb,Cas_Relacion_Reportes.aspx.vb,.aspx.vb,2,no,
CAS,WebGestor/CAS/Cas_RelacionIncidentes.aspx,Cas_RelacionIncidentes.aspx,.aspx,2,sí,WebGestor/CAS/Cas_RelacionIncidentes.aspx.vb
CAS,WebGestor/CAS/Cas_RelacionIncidentes.aspx.vb,Cas_RelacionIncidentes.aspx.vb,.aspx.vb,2,no,
CAS,WebGestor/CAS/Cas_Rep_ConsultaxOficiona.aspx,Cas_Rep_ConsultaxOficiona.aspx,.aspx,2,sí,WebGestor/CAS/Cas_Rep_ConsultaxOficiona.aspx.vb
CAS,WebGestor/CAS/Cas_Rep_ConsultaxOficiona.aspx.vb,Cas_Rep_ConsultaxOficiona.aspx.vb,.aspx.vb,2,no,
CAS,WebGestor/CAS/Cas_Rep_PorCargos.aspx,Cas_Rep_PorCargos.aspx,.aspx,2,sí,WebGestor/CAS/Cas_Rep_PorCargos.aspx.vb
CAS,WebGestor/CAS/Cas_Rep_PorCargos.aspx.vb,Cas_Rep_PorCargos.aspx.vb,.aspx.vb,2,no,
CAS,WebGestor/CAS/Cas_Rep_RankingTerritorial.aspx,Cas_Rep_RankingTerritorial.aspx,.aspx,2,sí,WebGestor/CAS/Cas_Rep_RankingTerritorial.aspx.vb
CAS,WebGestor/CAS/Cas_Rep_RankingTerritorial.aspx.vb,Cas_Rep_RankingTerritorial.aspx.vb,.aspx.vb,2,no,
CAS,WebGestor/CAS/Cas_Rep_RegistroPorductoXOficina.aspx,Cas_Rep_RegistroPorductoXOficina.aspx,.aspx,2,sí,WebGestor/CAS/Cas_Rep_RegistroPorductoXOficina.aspx.vb
CAS,WebGestor/CAS/Cas_Rep_RegistroPorductoXOficina.aspx.vb,Cas_Rep_RegistroPorductoXOficina.aspx.vb,.aspx.vb,2,no,
CAS,WebGestor/CAS/Cas_Rep_RegistroTematicasXOficina.aspx,Cas_Rep_RegistroTematicasXOficina.aspx,.aspx,2,sí,WebGestor/CAS/Cas_Rep_RegistroTematicasXOficina.aspx.vb
CAS,WebGestor/CAS/Cas_Rep_RegistroTematicasXOficina.aspx.vb,Cas_Rep_RegistroTematicasXOficina.aspx.vb,.aspx.vb,2,no,
CAS,WebGestor/CAS/Cas_Rep_RegistroTerritorioXOficina.aspx,Cas_Rep_RegistroTerritorioXOficina.aspx,.aspx,2,sí,WebGestor/CAS/Cas_Rep_RegistroTerritorioXOficina.aspx.vb
CAS,WebGestor/CAS/Cas_Rep_RegistroTerritorioXOficina.aspx.vb,Cas_Rep_RegistroTerritorioXOficina.aspx.vb,.aspx.vb,2,no,
CAS,WebGestor/CAS/CasReporte_IncidenteTotales.aspx,CasReporte_IncidenteTotales.aspx,.aspx,2,sí,WebGestor/CAS/CasReporte_IncidenteTotales.aspx.vb
CAS,WebGestor/CAS/CasReporte_IncidenteTotales.aspx.vb,CasReporte_IncidenteTotales.aspx.vb,.aspx.vb,2,no,
CAS,WebGestor/CAS/CasReporte_IncidentexComponente.aspx,CasReporte_IncidentexComponente.aspx,.aspx,2,sí,WebGestor/CAS/CasReporte_IncidentexComponente.aspx.vb
CAS,WebGestor/CAS/CasReporte_IncidentexComponente.aspx.vb,CasReporte_IncidentexComponente.aspx.vb,.aspx.vb,2,no,
CAS,WebGestor/CAS/CasReporte_IncidentexElemento.aspx,CasReporte_IncidentexElemento.aspx,.aspx,2,sí,WebGestor/CAS/CasReporte_IncidentexElemento.aspx.vb
CAS,WebGestor/CAS/CasReporte_IncidentexElemento.aspx.vb,CasReporte_IncidentexElemento.aspx.vb,.aspx.vb,2,no,
CAS,WebGestor/CAS/CasReporte_IncOficinaxComponente.aspx,CasReporte_IncOficinaxComponente.aspx,.aspx,2,sí,WebGestor/CAS/CasReporte_IncOficinaxComponente.aspx.vb
CAS,WebGestor/CAS/CasReporte_IncOficinaxComponente.aspx.vb,CasReporte_IncOficinaxComponente.aspx.vb,.aspx.vb,2,no,
CAS,WebGestor/CAS/CasReporte_ResumenBD.aspx,CasReporte_ResumenBD.aspx,.aspx,2,sí,WebGestor/CAS/CasReporte_ResumenBD.aspx.vb
CAS,WebGestor/CAS/CasReporte_ResumenBD.aspx.vb,CasReporte_ResumenBD.aspx.vb,.aspx.vb,2,no,
CAS,WebGestor/CAS/MP_PrincipalCas.master.vb,MP_PrincipalCas.master.vb,.vb,2,no,
CAS,WebGestor/CAS/PagPrincipal_Cas.master.vb,PagPrincipal_Cas.master.vb,.vb,2,no,
WebGestor,WebGestor/CMenuLeft.ascx,CMenuLeft.ascx,.ascx,1,no,
WebGestor,WebGestor/CMenuLeft.ascx.vb,CMenuLeft.ascx.vb,.vb,1,no,
Contabilidad,WebGestor/Contabilidad/Contabilidad_PCGR.aspx,Contabilidad_PCGR.aspx,.aspx,2,sí,WebGestor/Contabilidad/Contabilidad_PCGR.aspx.vb
Contabilidad,WebGestor/Contabilidad/Contabilidad_PCGR.aspx.vb,Contabilidad_PCGR.aspx.vb,.aspx.vb,2,no,
Contabilidad,WebGestor/Contabilidad/Contabilidad_Personas.aspx,Contabilidad_Personas.aspx,.aspx,2,sí,WebGestor/Contabilidad/Contabilidad_Personas.aspx.vb
Contabilidad,WebGestor/Contabilidad/Contabilidad_Personas.aspx.vb,Contabilidad_Personas.aspx.vb,.aspx.vb,2,no,
Contabilidad,WebGestor/Contabilidad/Contabilidad_Personas_Detalle.aspx,Contabilidad_Personas_Detalle.aspx,.aspx,2,sí,WebGestor/Contabilidad/Contabilidad_Personas_Detalle.aspx.vb
Contabilidad,WebGestor/Contabilidad/Contabilidad_Personas_Detalle.aspx.vb,Contabilidad_Personas_Detalle.aspx.vb,.aspx.vb,2,no,
Contabilidad,WebGestor/Contabilidad/Contabilidad_Registrar_Clientes.aspx,Contabilidad_Registrar_Clientes.aspx,.aspx,2,sí,WebGestor/Contabilidad/Contabilidad_Registrar_Clientes.aspx.vb
Contabilidad,WebGestor/Contabilidad/Contabilidad_Registrar_Clientes.aspx.vb,Contabilidad_Registrar_Clientes.aspx.vb,.aspx.vb,2,no,
Contabilidad,WebGestor/Contabilidad/Contabilidad_TablasContable.aspx,Contabilidad_TablasContable.aspx,.aspx,2,sí,WebGestor/Contabilidad/Contabilidad_TablasContable.aspx.vb
Contabilidad,WebGestor/Contabilidad/Contabilidad_TablasContable.aspx.vb,Contabilidad_TablasContable.aspx.vb,.aspx.vb,2,no,
Contabilidad,WebGestor/Contabilidad/Contabilidad_TablasContables2.aspx,Contabilidad_TablasContables2.aspx,.aspx,2,sí,WebGestor/Contabilidad/Contabilidad_TablasContables2.aspx.vb
Contabilidad,WebGestor/Contabilidad/Contabilidad_TablasContables2.aspx.vb,Contabilidad_TablasContables2.aspx.vb,.aspx.vb,2,no,
Contabilidad,WebGestor/Contabilidad/Contabilidad_Voucher.aspx,Contabilidad_Voucher.aspx,.aspx,2,sí,WebGestor/Contabilidad/Contabilidad_Voucher.aspx.vb
Contabilidad,WebGestor/Contabilidad/Contabilidad_Voucher.aspx.vb,Contabilidad_Voucher.aspx.vb,.aspx.vb,2,no,
Contabilidad,WebGestor/Contabilidad/Contabilidad_Voucher_Detalle.aspx,Contabilidad_Voucher_Detalle.aspx,.aspx,2,sí,WebGestor/Contabilidad/Contabilidad_Voucher_Detalle.aspx.vb
Contabilidad,WebGestor/Contabilidad/Contabilidad_Voucher_Detalle.aspx.vb,Contabilidad_Voucher_Detalle.aspx.vb,.aspx.vb,2,no,
Contabilidad,WebGestor/Contabilidad/PagPrincipal_Cont.master.vb,PagPrincipal_Cont.master.vb,.vb,2,no,
WebGestor,WebGestor/Contact.aspx,Contact.aspx,.aspx,1,sí,WebGestor/Contact.aspx.vb
WebGestor,WebGestor/Contact.aspx.designer.vb,Contact.aspx.designer.vb,.vb,1,no,
WebGestor,WebGestor/Contact.aspx.vb,Contact.aspx.vb,.aspx.vb,1,no,
WebGestor,WebGestor/Contador.ascx,Contador.ascx,.ascx,1,no,
WebGestor,WebGestor/Contador.ascx.vb,Contador.ascx.vb,.vb,1,no,
WebGestor,WebGestor/ControlMenu.ascx,ControlMenu.ascx,.ascx,1,no,
WebGestor,WebGestor/ControlMenu.ascx.vb,ControlMenu.ascx.vb,.vb,1,no,
ControlPersonal,WebGestor/ControlPersonal/PagPrincipal_CPersonal.master.vb,PagPrincipal_CPersonal.master.vb,.vb,2,no,
ControlPersonal,WebGestor/ControlPersonal/Permisos.aspx,Permisos.aspx,.aspx,2,sí,WebGestor/ControlPersonal/Permisos.aspx.vb
ControlPersonal,WebGestor/ControlPersonal/Permisos.aspx.vb,Permisos.aspx.vb,.aspx.vb,2,no,
ControlPersonal,WebGestor/ControlPersonal/Person_Control_Asistencia.aspx,Person_Control_Asistencia.aspx,.aspx,2,sí,WebGestor/ControlPersonal/Person_Control_Asistencia.aspx.vb
ControlPersonal,WebGestor/ControlPersonal/Person_Control_Asistencia.aspx.vb,Person_Control_Asistencia.aspx.vb,.aspx.vb,2,no,
ControlPersonal,WebGestor/ControlPersonal/Person_Control_Define_Horarios.aspx,Person_Control_Define_Horarios.aspx,.aspx,2,sí,WebGestor/ControlPersonal/Person_Control_Define_Horarios.aspx.vb
ControlPersonal,WebGestor/ControlPersonal/Person_Control_Define_Horarios.aspx.vb,Person_Control_Define_Horarios.aspx.vb,.aspx.vb,2,no,
ControlPersonal,WebGestor/ControlPersonal/Person_Control_EntSal.aspx,Person_Control_EntSal.aspx,.aspx,2,sí,WebGestor/ControlPersonal/Person_Control_EntSal.aspx.vb
ControlPersonal,WebGestor/ControlPersonal/Person_Control_EntSal.aspx.vb,Person_Control_EntSal.aspx.vb,.aspx.vb,2,no,
ControlPersonal,WebGestor/ControlPersonal/Person_Control_EntSal_Geo.aspx,Person_Control_EntSal_Geo.aspx,.aspx,2,sí,WebGestor/ControlPersonal/Person_Control_EntSal_Geo.aspx.vb
ControlPersonal,WebGestor/ControlPersonal/Person_Control_EntSal_Geo.aspx.vb,Person_Control_EntSal_Geo.aspx.vb,.aspx.vb,2,no,
ControlPersonal,WebGestor/ControlPersonal/Person_Control_EntSal_Ingreso_Directo.aspx,Person_Control_EntSal_Ingreso_Directo.aspx,.aspx,2,sí,WebGestor/ControlPersonal/Person_Control_EntSal_Ingreso_Directo.aspx.vb
ControlPersonal,WebGestor/ControlPersonal/Person_Control_EntSal_Ingreso_Directo.aspx.vb,Person_Control_EntSal_Ingreso_Directo.aspx.vb,.aspx.vb,2,no,
ControlPersonal,WebGestor/ControlPersonal/Person_Control_Integran_Asistencia.aspx,Person_Control_Integran_Asistencia.aspx,.aspx,2,sí,WebGestor/ControlPersonal/Person_Control_Integran_Asistencia.aspx.vb
ControlPersonal,WebGestor/ControlPersonal/Person_Control_Integran_Asistencia.aspx.vb,Person_Control_Integran_Asistencia.aspx.vb,.aspx.vb,2,no,
ControlPersonal,WebGestor/ControlPersonal/Person_Record_Asistencia.aspx,Person_Record_Asistencia.aspx,.aspx,2,sí,WebGestor/ControlPersonal/Person_Record_Asistencia.aspx.vb
ControlPersonal,WebGestor/ControlPersonal/Person_Record_Asistencia.aspx.vb,Person_Record_Asistencia.aspx.vb,.aspx.vb,2,no,
ControlVisitas,WebGestor/ControlVisitas/ControlVisitas_Puntos.aspx,ControlVisitas_Puntos.aspx,.aspx,2,sí,WebGestor/ControlVisitas/ControlVisitas_Puntos.aspx.vb
ControlVisitas,WebGestor/ControlVisitas/ControlVisitas_Puntos.aspx.vb,ControlVisitas_Puntos.aspx.vb,.aspx.vb,2,no,
ControlVisitas,WebGestor/ControlVisitas/ControlVisitas_Registro.aspx,ControlVisitas_Registro.aspx,.aspx,2,sí,WebGestor/ControlVisitas/ControlVisitas_Registro.aspx.vb
ControlVisitas,WebGestor/ControlVisitas/ControlVisitas_Registro.aspx.vb,ControlVisitas_Registro.aspx.vb,.aspx.vb,2,no,
ControlVisitas,WebGestor/ControlVisitas/PagPrincipal_ControlVisitas.master.vb,PagPrincipal_ControlVisitas.master.vb,.vb,2,no,
WebGestor,WebGestor/CProyLeft.ascx,CProyLeft.ascx,.ascx,1,no,
WebGestor,WebGestor/CProyLeft.ascx.vb,CProyLeft.ascx.vb,.vb,1,no,
CRM,WebGestor/CRM/CRM_BeseDatos_Mantenimiento.aspx,CRM_BeseDatos_Mantenimiento.aspx,.aspx,2,sí,WebGestor/CRM/CRM_BeseDatos_Mantenimiento.aspx.vb
CRM,WebGestor/CRM/CRM_BeseDatos_Mantenimiento.aspx.vb,CRM_BeseDatos_Mantenimiento.aspx.vb,.aspx.vb,2,no,
CRM,WebGestor/CRM/CRM_BusquedaBaseDatos.aspx,CRM_BusquedaBaseDatos.aspx,.aspx,2,sí,WebGestor/CRM/CRM_BusquedaBaseDatos.aspx.vb
CRM,WebGestor/CRM/CRM_BusquedaBaseDatos.aspx.vb,CRM_BusquedaBaseDatos.aspx.vb,.aspx.vb,2,no,
CRM,WebGestor/CRM/CRM_Contenido_del_Correo.aspx,CRM_Contenido_del_Correo.aspx,.aspx,2,sí,WebGestor/CRM/CRM_Contenido_del_Correo.aspx.vb
CRM,WebGestor/CRM/CRM_Contenido_del_Correo.aspx.designer.vb,CRM_Contenido_del_Correo.aspx.designer.vb,.vb,2,no,
CRM,WebGestor/CRM/CRM_Contenido_del_Correo.aspx.vb,CRM_Contenido_del_Correo.aspx.vb,.aspx.vb,2,no,
CRM,WebGestor/CRM/CRM_DxLista_CuadroMando.aspx,CRM_DxLista_CuadroMando.aspx,.aspx,2,sí,WebGestor/CRM/CRM_DxLista_CuadroMando.aspx.vb
CRM,WebGestor/CRM/CRM_DxLista_CuadroMando.aspx.vb,CRM_DxLista_CuadroMando.aspx.vb,.aspx.vb,2,no,
CRM,WebGestor/CRM/CRM_Enviar_Email.aspx,CRM_Enviar_Email.aspx,.aspx,2,sí,WebGestor/CRM/CRM_Enviar_Email.aspx.vb
CRM,WebGestor/CRM/CRM_Enviar_Email.aspx.designer.vb,CRM_Enviar_Email.aspx.designer.vb,.vb,2,no,
CRM,WebGestor/CRM/CRM_Enviar_Email.aspx.vb,CRM_Enviar_Email.aspx.vb,.aspx.vb,2,no,
CRM,WebGestor/CRM/CRM_Exportar.aspx,CRM_Exportar.aspx,.aspx,2,sí,WebGestor/CRM/CRM_Exportar.aspx.vb
CRM,WebGestor/CRM/CRM_Exportar.aspx.vb,CRM_Exportar.aspx.vb,.aspx.vb,2,no,
CRM,WebGestor/CRM/CRM_Lista_CuadroMando.aspx,CRM_Lista_CuadroMando.aspx,.aspx,2,sí,WebGestor/CRM/CRM_Lista_CuadroMando.aspx.vb
CRM,WebGestor/CRM/CRM_Lista_CuadroMando.aspx.vb,CRM_Lista_CuadroMando.aspx.vb,.aspx.vb,2,no,
CRM,WebGestor/CRM/CRM_Lista_Tickect_DevExpress.aspx,CRM_Lista_Tickect_DevExpress.aspx,.aspx,2,sí,WebGestor/CRM/CRM_Lista_Tickect_DevExpress.aspx.vb
CRM,WebGestor/CRM/CRM_Lista_Tickect_DevExpress.aspx.vb,CRM_Lista_Tickect_DevExpress.aspx.vb,.aspx.vb,2,no,
CRM,WebGestor/CRM/CRM_Registrar.aspx,CRM_Registrar.aspx,.aspx,2,sí,WebGestor/CRM/CRM_Registrar.aspx.vb
CRM,WebGestor/CRM/CRM_Registrar.aspx.vb,CRM_Registrar.aspx.vb,.aspx.vb,2,no,
CRM,WebGestor/CRM/CRM_Relacion_con_Procesos.aspx,CRM_Relacion_con_Procesos.aspx,.aspx,2,sí,WebGestor/CRM/CRM_Relacion_con_Procesos.aspx.vb
CRM,WebGestor/CRM/CRM_Relacion_con_Procesos.aspx.designer.vb,CRM_Relacion_con_Procesos.aspx.designer.vb,.vb,2,no,
CRM,WebGestor/CRM/CRM_Relacion_con_Procesos.aspx.vb,CRM_Relacion_con_Procesos.aspx.vb,.aspx.vb,2,no,
CRM,WebGestor/CRM/CRM_Relacion_Ticket.aspx,CRM_Relacion_Ticket.aspx,.aspx,2,sí,WebGestor/CRM/CRM_Relacion_Ticket.aspx.vb
CRM,WebGestor/CRM/CRM_Relacion_Ticket.aspx.vb,CRM_Relacion_Ticket.aspx.vb,.aspx.vb,2,no,
CRM,WebGestor/CRM/CRM_Tiempo_Estado_Ticket.aspx,CRM_Tiempo_Estado_Ticket.aspx,.aspx,2,sí,WebGestor/CRM/CRM_Tiempo_Estado_Ticket.aspx.vb
CRM,WebGestor/CRM/CRM_Tiempo_Estado_Ticket.aspx.designer.vb,CRM_Tiempo_Estado_Ticket.aspx.designer.vb,.vb,2,no,
CRM,WebGestor/CRM/CRM_Tiempo_Estado_Ticket.aspx.vb,CRM_Tiempo_Estado_Ticket.aspx.vb,.aspx.vb,2,no,
CRM,WebGestor/CRM/Documento_TemasAyuda.aspx,Documento_TemasAyuda.aspx,.aspx,2,sí,WebGestor/CRM/Documento_TemasAyuda.aspx.vb
CRM,WebGestor/CRM/Documento_TemasAyuda.aspx.vb,Documento_TemasAyuda.aspx.vb,.aspx.vb,2,no,
CRM,WebGestor/CRM/PagPrincipal_CRM.master.vb,PagPrincipal_CRM.master.vb,.vb,2,no,
Css_Gestor,WebGestor/Css_Gestor/GridView.js,GridView.js,.js,2,no,
Css_Gestor,WebGestor/Css_Gestor/Map.js,Map.js,.js,2,no,
Css_Gestor,WebGestor/Css_Gestor/Scheduler.js,Scheduler.js,.js,2,no,
Css_Gestor,WebGestor/Css_Gestor/Script.js,Script.js,.js,2,no,
Css_Gestor,WebGestor/Css_Gestor/SignInRegister.js,SignInRegister.js,.js,2,no,
WebGestor,WebGestor/Default.aspx,Default.aspx,.aspx,1,sí,WebGestor/Default.aspx.vb
WebGestor,WebGestor/Default.aspx.vb,Default.aspx.vb,.aspx.vb,1,no,
WebGestor,WebGestor/Default2.aspx,Default2.aspx,.aspx,1,sí,WebGestor/Default2.aspx.vb
WebGestor,WebGestor/Default2.aspx.vb,Default2.aspx.vb,.aspx.vb,1,no,
WebGestor,WebGestor/Default3.aspx,Default3.aspx,.aspx,1,sí,WebGestor/Default3.aspx.vb
WebGestor,WebGestor/Default3.aspx.vb,Default3.aspx.vb,.aspx.vb,1,no,
WebGestor,WebGestor/Default4.aspx,Default4.aspx,.aspx,1,sí,WebGestor/Default4.aspx.vb
WebGestor,WebGestor/Default4.aspx.vb,Default4.aspx.vb,.aspx.vb,1,no,
dist,WebGestor/dist/js/app.js,app.js,.js,3,no,
dist,WebGestor/dist/js/app.min.js,app.min.js,.js,3,no,
dist,WebGestor/dist/js/demo.js,demo.js,.js,3,no,
dist,WebGestor/dist/js/pages/dashboard.js,dashboard.js,.js,4,no,
dist,WebGestor/dist/js/pages/dashboard2.js,dashboard2.js,.js,4,no,
Documentacion,WebGestor/Documentacion/Documentacion_Mantenimiento.aspx,Documentacion_Mantenimiento.aspx,.aspx,2,sí,WebGestor/Documentacion/Documentacion_Mantenimiento.aspx.vb
Documentacion,WebGestor/Documentacion/Documentacion_Mantenimiento.aspx.designer.vb,Documentacion_Mantenimiento.aspx.designer.vb,.vb,2,no,
Documentacion,WebGestor/Documentacion/Documentacion_Mantenimiento.aspx.vb,Documentacion_Mantenimiento.aspx.vb,.aspx.vb,2,no,
Documentacion,WebGestor/Documentacion/PagPrincipal_Documentacion.master.vb,PagPrincipal_Documentacion.master.vb,.vb,2,no,
WebGestor,WebGestor/EjemploAvisos.aspx,EjemploAvisos.aspx,.aspx,1,sí,WebGestor/EjemploAvisos.aspx.vb
WebGestor,WebGestor/EjemploAvisos.aspx.vb,EjemploAvisos.aspx.vb,.aspx.vb,1,no,
Encuesta,WebGestor/Encuesta/Encuesta_Anonimos_Des.aspx,Encuesta_Anonimos_Des.aspx,.aspx,2,sí,WebGestor/Encuesta/Encuesta_Anonimos_Des.aspx.vb
Encuesta,WebGestor/Encuesta/Encuesta_Anonimos_Des.aspx.vb,Encuesta_Anonimos_Des.aspx.vb,.aspx.vb,2,no,
Encuesta,WebGestor/Encuesta/Encuesta_Des.aspx,Encuesta_Des.aspx,.aspx,2,sí,WebGestor/Encuesta/Encuesta_Des.aspx.vb
Encuesta,WebGestor/Encuesta/Encuesta_Des.aspx.vb,Encuesta_Des.aspx.vb,.aspx.vb,2,no,
Encuesta,WebGestor/Encuesta/Encuestas.aspx,Encuestas.aspx,.aspx,2,sí,WebGestor/Encuesta/Encuestas.aspx.vb
Encuesta,WebGestor/Encuesta/Encuestas.aspx.vb,Encuestas.aspx.vb,.aspx.vb,2,no,
Encuesta,WebGestor/Encuesta/Encuestas_Anonimos.aspx,Encuestas_Anonimos.aspx,.aspx,2,sí,WebGestor/Encuesta/Encuestas_Anonimos.aspx.vb
Encuesta,WebGestor/Encuesta/Encuestas_Anonimos.aspx.vb,Encuestas_Anonimos.aspx.vb,.aspx.vb,2,no,
Encuesta,WebGestor/Encuesta/Encuestas_Realizadas.aspx,Encuestas_Realizadas.aspx,.aspx,2,sí,WebGestor/Encuesta/Encuestas_Realizadas.aspx.vb
Encuesta,WebGestor/Encuesta/Encuestas_Realizadas.aspx.vb,Encuestas_Realizadas.aspx.vb,.aspx.vb,2,no,
Encuesta,WebGestor/Encuesta/PagPrincipal_Encuenta.master.vb,PagPrincipal_Encuenta.master.vb,.vb,2,no,
Encuesta,WebGestor/Encuesta/VerResultEnc.aspx,VerResultEnc.aspx,.aspx,2,sí,WebGestor/Encuesta/VerResultEnc.aspx.vb
Encuesta,WebGestor/Encuesta/VerResultEnc.aspx.vb,VerResultEnc.aspx.vb,.aspx.vb,2,no,
Encuesta,WebGestor/Encuesta/VerResultEncAno.aspx,VerResultEncAno.aspx,.aspx,2,sí,WebGestor/Encuesta/VerResultEncAno.aspx.vb
Encuesta,WebGestor/Encuesta/VerResultEncAno.aspx.vb,VerResultEncAno.aspx.vb,.aspx.vb,2,no,
EvaluacionProcesos,WebGestor/EvaluacionProcesos/CapturarImagen.aspx,CapturarImagen.aspx,.aspx,2,sí,WebGestor/EvaluacionProcesos/CapturarImagen.aspx.vb
EvaluacionProcesos,WebGestor/EvaluacionProcesos/CapturarImagen.aspx.vb,CapturarImagen.aspx.vb,.aspx.vb,2,no,
EvaluacionProcesos,WebGestor/EvaluacionProcesos/EvalProcesos.aspx,EvalProcesos.aspx,.aspx,2,sí,WebGestor/EvaluacionProcesos/EvalProcesos.aspx.vb
EvaluacionProcesos,WebGestor/EvaluacionProcesos/EvalProcesos.aspx.vb,EvalProcesos.aspx.vb,.aspx.vb,2,no,
EvaluacionProcesos,WebGestor/EvaluacionProcesos/EvalProcesos_Analisis.aspx,EvalProcesos_Analisis.aspx,.aspx,2,sí,WebGestor/EvaluacionProcesos/EvalProcesos_Analisis.aspx.vb
EvaluacionProcesos,WebGestor/EvaluacionProcesos/EvalProcesos_Analisis.aspx.vb,EvalProcesos_Analisis.aspx.vb,.aspx.vb,2,no,
EvaluacionProcesos,WebGestor/EvaluacionProcesos/EvalProcesos_AnalisisL.aspx,EvalProcesos_AnalisisL.aspx,.aspx,2,sí,WebGestor/EvaluacionProcesos/EvalProcesos_AnalisisL.aspx.vb
EvaluacionProcesos,WebGestor/EvaluacionProcesos/EvalProcesos_AnalisisL.aspx.vb,EvalProcesos_AnalisisL.aspx.vb,.aspx.vb,2,no,
EvaluacionProcesos,WebGestor/EvaluacionProcesos/EvalProcesos_Dashboard.aspx,EvalProcesos_Dashboard.aspx,.aspx,2,sí,WebGestor/EvaluacionProcesos/EvalProcesos_Dashboard.aspx.vb
EvaluacionProcesos,WebGestor/EvaluacionProcesos/EvalProcesos_Dashboard.aspx.vb,EvalProcesos_Dashboard.aspx.vb,.aspx.vb,2,no,
EvaluacionProcesos,WebGestor/EvaluacionProcesos/EvalProcesos_Define_Oficinas.aspx,EvalProcesos_Define_Oficinas.aspx,.aspx,2,sí,WebGestor/EvaluacionProcesos/EvalProcesos_Define_Oficinas.aspx.vb
EvaluacionProcesos,WebGestor/EvaluacionProcesos/EvalProcesos_Define_Oficinas.aspx.vb,EvalProcesos_Define_Oficinas.aspx.vb,.aspx.vb,2,no,
EvaluacionProcesos,WebGestor/EvaluacionProcesos/EvalProcesos_Distancia_Entre2Direcciones.aspx,EvalProcesos_Distancia_Entre2Direcciones.aspx,.aspx,2,sí,WebGestor/EvaluacionProcesos/EvalProcesos_Distancia_Entre2Direcciones.aspx.vb
EvaluacionProcesos,WebGestor/EvaluacionProcesos/EvalProcesos_Distancia_Entre2Direcciones.aspx.vb,EvalProcesos_Distancia_Entre2Direcciones.aspx.vb,.aspx.vb,2,no,
EvaluacionProcesos,WebGestor/EvaluacionProcesos/EvalProcesos_Generar.aspx,EvalProcesos_Generar.aspx,.aspx,2,sí,WebGestor/EvaluacionProcesos/EvalProcesos_Generar.aspx.vb
EvaluacionProcesos,WebGestor/EvaluacionProcesos/EvalProcesos_Generar.aspx.vb,EvalProcesos_Generar.aspx.vb,.aspx.vb,2,no,
EvaluacionProcesos,WebGestor/EvaluacionProcesos/EvalProcesos_Grafica.aspx,EvalProcesos_Grafica.aspx,.aspx,2,sí,WebGestor/EvaluacionProcesos/EvalProcesos_Grafica.aspx.vb
EvaluacionProcesos,WebGestor/EvaluacionProcesos/EvalProcesos_Grafica.aspx.vb,EvalProcesos_Grafica.aspx.vb,.aspx.vb,2,no,
EvaluacionProcesos,WebGestor/EvaluacionProcesos/EvalProcesos_LisaRptaJalados.aspx,EvalProcesos_LisaRptaJalados.aspx,.aspx,2,sí,WebGestor/EvaluacionProcesos/EvalProcesos_LisaRptaJalados.aspx.vb
EvaluacionProcesos,WebGestor/EvaluacionProcesos/EvalProcesos_LisaRptaJalados.aspx.vb,EvalProcesos_LisaRptaJalados.aspx.vb,.aspx.vb,2,no,
EvaluacionProcesos,WebGestor/EvaluacionProcesos/EvalProcesos_PagMaster.master.vb,EvalProcesos_PagMaster.master.vb,.vb,2,no,
EvaluacionProcesos,WebGestor/EvaluacionProcesos/EvalProcesos_Prevencion_Ingreso.aspx,EvalProcesos_Prevencion_Ingreso.aspx,.aspx,2,sí,WebGestor/EvaluacionProcesos/EvalProcesos_Prevencion_Ingreso.aspx.vb
EvaluacionProcesos,WebGestor/EvaluacionProcesos/EvalProcesos_Prevencion_Ingreso.aspx.vb,EvalProcesos_Prevencion_Ingreso.aspx.vb,.aspx.vb,2,no,
EvaluacionProcesos,WebGestor/EvaluacionProcesos/EvalProcesos_Reclamo.aspx,EvalProcesos_Reclamo.aspx,.aspx,2,sí,WebGestor/EvaluacionProcesos/EvalProcesos_Reclamo.aspx.vb
EvaluacionProcesos,WebGestor/EvaluacionProcesos/EvalProcesos_Reclamo.aspx.vb,EvalProcesos_Reclamo.aspx.vb,.aspx.vb,2,no,
EvaluacionProcesos,WebGestor/EvaluacionProcesos/EvalProcesos_ReclamoLista.aspx,EvalProcesos_ReclamoLista.aspx,.aspx,2,sí,WebGestor/EvaluacionProcesos/EvalProcesos_ReclamoLista.aspx.vb
EvaluacionProcesos,WebGestor/EvaluacionProcesos/EvalProcesos_ReclamoLista.aspx.vb,EvalProcesos_ReclamoLista.aspx.vb,.aspx.vb,2,no,
EvaluacionProcesos,WebGestor/EvaluacionProcesos/EvalProcesos_Relacionar.aspx,EvalProcesos_Relacionar.aspx,.aspx,2,sí,WebGestor/EvaluacionProcesos/EvalProcesos_Relacionar.aspx.vb
EvaluacionProcesos,WebGestor/EvaluacionProcesos/EvalProcesos_Relacionar.aspx.vb,EvalProcesos_Relacionar.aspx.vb,.aspx.vb,2,no,
EvaluacionProcesos,WebGestor/EvaluacionProcesos/GoogleMaps_Prueba.aspx,GoogleMaps_Prueba.aspx,.aspx,2,sí,WebGestor/EvaluacionProcesos/GoogleMaps_Prueba.aspx.vb
EvaluacionProcesos,WebGestor/EvaluacionProcesos/GoogleMaps_Prueba.aspx.vb,GoogleMaps_Prueba.aspx.vb,.aspx.vb,2,no,
EvaluacionProcesos,WebGestor/EvaluacionProcesos/GoogleMapsWeb.aspx,GoogleMapsWeb.aspx,.aspx,2,sí,WebGestor/EvaluacionProcesos/GoogleMapsWeb.aspx.vb
EvaluacionProcesos,WebGestor/EvaluacionProcesos/GoogleMapsWeb.aspx.vb,GoogleMapsWeb.aspx.vb,.aspx.vb,2,no,
EvaluacionProcesos,WebGestor/EvaluacionProcesos/PagPrincipal_EvalProceso.master.vb,PagPrincipal_EvalProceso.master.vb,.vb,2,no,
EvaluacionProcesos,WebGestor/EvaluacionProcesos/VB.aspx,VB.aspx,.aspx,2,sí,WebGestor/EvaluacionProcesos/VB.aspx.vb
EvaluacionProcesos,WebGestor/EvaluacionProcesos/VB.aspx.vb,VB.aspx.vb,.aspx.vb,2,no,
Eventos,WebGestor/Eventos/Eventos.aspx,Eventos.aspx,.aspx,2,sí,WebGestor/Eventos/Eventos.aspx.vb
Eventos,WebGestor/Eventos/Eventos.aspx.vb,Eventos.aspx.vb,.aspx.vb,2,no,
Eventos,WebGestor/Eventos/Eventos_xParticipantes.aspx,Eventos_xParticipantes.aspx,.aspx,2,sí,WebGestor/Eventos/Eventos_xParticipantes.aspx.vb
Eventos,WebGestor/Eventos/Eventos_xParticipantes.aspx.vb,Eventos_xParticipantes.aspx.vb,.aspx.vb,2,no,
Eventos,WebGestor/Eventos/Permisos.aspx,Permisos.aspx,.aspx,2,sí,WebGestor/Eventos/Permisos.aspx.vb
Eventos,WebGestor/Eventos/Permisos.aspx.vb,Permisos.aspx.vb,.aspx.vb,2,no,
Finanzas,WebGestor/Finanzas/Finanzas_Registro.aspx,Finanzas_Registro.aspx,.aspx,2,sí,WebGestor/Finanzas/Finanzas_Registro.aspx.vb
Finanzas,WebGestor/Finanzas/Finanzas_Registro.aspx.vb,Finanzas_Registro.aspx.vb,.aspx.vb,2,no,
Finanzas,WebGestor/Finanzas/Finanzas_Registro_IngresoEgreso.aspx,Finanzas_Registro_IngresoEgreso.aspx,.aspx,2,sí,WebGestor/Finanzas/Finanzas_Registro_IngresoEgreso.aspx.vb
Finanzas,WebGestor/Finanzas/Finanzas_Registro_IngresoEgreso.aspx.vb,Finanzas_Registro_IngresoEgreso.aspx.vb,.aspx.vb,2,no,
Gestion_Personal,WebGestor/Gestion_Personal/Agencia_Empleador_Relacion.aspx,Agencia_Empleador_Relacion.aspx,.aspx,2,sí,WebGestor/Gestion_Personal/Agencia_Empleador_Relacion.aspx.vb
Gestion_Personal,WebGestor/Gestion_Personal/Agencia_Empleador_Relacion.aspx.vb,Agencia_Empleador_Relacion.aspx.vb,.aspx.vb,2,no,
WebGestor,WebGestor/Global2.asax.vb,Global2.asax.vb,.vb,1,no,
GTP,WebGestor/GTP/GTP_Calcular_Distancia_2Puntos.aspx,GTP_Calcular_Distancia_2Puntos.aspx,.aspx,2,sí,WebGestor/GTP/GTP_Calcular_Distancia_2Puntos.aspx.vb
GTP,WebGestor/GTP/GTP_Calcular_Distancia_2Puntos.aspx.vb,GTP_Calcular_Distancia_2Puntos.aspx.vb,.aspx.vb,2,no,
GTP,WebGestor/GTP/GTP_Registrar_Cliente.aspx,GTP_Registrar_Cliente.aspx,.aspx,2,sí,WebGestor/GTP/GTP_Registrar_Cliente.aspx.vb
GTP,WebGestor/GTP/GTP_Registrar_Cliente.aspx.vb,GTP_Registrar_Cliente.aspx.vb,.aspx.vb,2,no,
GTP,WebGestor/GTP/GTP_Relacion_Ticket.aspx,GTP_Relacion_Ticket.aspx,.aspx,2,sí,WebGestor/GTP/GTP_Relacion_Ticket.aspx.vb
GTP,WebGestor/GTP/GTP_Relacion_Ticket.aspx.vb,GTP_Relacion_Ticket.aspx.vb,.aspx.vb,2,no,
GTP,WebGestor/GTP/GTP_Relacion_TiemposxEstados.aspx,GTP_Relacion_TiemposxEstados.aspx,.aspx,2,sí,WebGestor/GTP/GTP_Relacion_TiemposxEstados.aspx.vb
GTP,WebGestor/GTP/GTP_Relacion_TiemposxEstados.aspx.vb,GTP_Relacion_TiemposxEstados.aspx.vb,.aspx.vb,2,no,
GTP,WebGestor/GTP/PagMaestra_GTP.master.vb,PagMaestra_GTP.master.vb,.vb,2,no,
WebGestor,WebGestor/HomeMenu.aspx,HomeMenu.aspx,.aspx,1,sí,WebGestor/HomeMenu.aspx.vb
WebGestor,WebGestor/HomeMenu.aspx.vb,HomeMenu.aspx.vb,.aspx.vb,1,no,
Inventario,WebGestor/Inventario/CalcularDistancia.aspx,CalcularDistancia.aspx,.aspx,2,sí,WebGestor/Inventario/CalcularDistancia.aspx.vb
Inventario,WebGestor/Inventario/CalcularDistancia.aspx.vb,CalcularDistancia.aspx.vb,.aspx.vb,2,no,
Inventario,WebGestor/Inventario/Capturar_Almacenar_Foto.aspx,Capturar_Almacenar_Foto.aspx,.aspx,2,sí,WebGestor/Inventario/Capturar_Almacenar_Foto.aspx.vb
Inventario,WebGestor/Inventario/Capturar_Almacenar_Foto.aspx.vb,Capturar_Almacenar_Foto.aspx.vb,.aspx.vb,2,no,
Inventario,WebGestor/Inventario/Catalogo_Articulo.aspx,Catalogo_Articulo.aspx,.aspx,2,sí,WebGestor/Inventario/Catalogo_Articulo.aspx.vb
Inventario,WebGestor/Inventario/Catalogo_Articulo.aspx.designer.vb,Catalogo_Articulo.aspx.designer.vb,.vb,2,no,
Inventario,WebGestor/Inventario/Catalogo_Articulo.aspx.vb,Catalogo_Articulo.aspx.vb,.aspx.vb,2,no,
Inventario,WebGestor/Inventario/Catalogo_PlacaIni_Prop.aspx,Catalogo_PlacaIni_Prop.aspx,.aspx,2,sí,WebGestor/Inventario/Catalogo_PlacaIni_Prop.aspx.vb
Inventario,WebGestor/Inventario/Catalogo_PlacaIni_Prop.aspx.designer.vb,Catalogo_PlacaIni_Prop.aspx.designer.vb,.vb,2,no,
Inventario,WebGestor/Inventario/Catalogo_PlacaIni_Prop.aspx.vb,Catalogo_PlacaIni_Prop.aspx.vb,.aspx.vb,2,no,
Inventario,WebGestor/Inventario/Garantia_ConsultaEquipo.aspx,Garantia_ConsultaEquipo.aspx,.aspx,2,sí,WebGestor/Inventario/Garantia_ConsultaEquipo.aspx.vb
Inventario,WebGestor/Inventario/Garantia_ConsultaEquipo.aspx.vb,Garantia_ConsultaEquipo.aspx.vb,.aspx.vb,2,no,
Inventario,WebGestor/Inventario/Inv_Definiciones_Tablas.aspx,Inv_Definiciones_Tablas.aspx,.aspx,2,sí,WebGestor/Inventario/Inv_Definiciones_Tablas.aspx.vb
Inventario,WebGestor/Inventario/Inv_Definiciones_Tablas.aspx.designer.vb,Inv_Definiciones_Tablas.aspx.designer.vb,.vb,2,no,
Inventario,WebGestor/Inventario/Inv_Definiciones_Tablas.aspx.vb,Inv_Definiciones_Tablas.aspx.vb,.aspx.vb,2,no,
Inventario,WebGestor/Inventario/Inventario.aspx,Inventario.aspx,.aspx,2,sí,WebGestor/Inventario/Inventario.aspx.vb
Inventario,WebGestor/Inventario/Inventario.aspx.vb,Inventario.aspx.vb,.aspx.vb,2,no,
Inventario,WebGestor/Inventario/Inventario_.aspx,Inventario_.aspx,.aspx,2,sí,WebGestor/Inventario/Inventario_.aspx.vb
Inventario,WebGestor/Inventario/Inventario_.aspx.vb,Inventario_.aspx.vb,.aspx.vb,2,no,
Inventario,WebGestor/Inventario/Inventario_Almacen_Salida.aspx,Inventario_Almacen_Salida.aspx,.aspx,2,sí,WebGestor/Inventario/Inventario_Almacen_Salida.aspx.vb
Inventario,WebGestor/Inventario/Inventario_Almacen_Salida.aspx.vb,Inventario_Almacen_Salida.aspx.vb,.aspx.vb,2,no,
Inventario,WebGestor/Inventario/Inventario_Articulo_Foto.aspx,Inventario_Articulo_Foto.aspx,.aspx,2,sí,WebGestor/Inventario/Inventario_Articulo_Foto.aspx.vb
Inventario,WebGestor/Inventario/Inventario_Articulo_Foto.aspx.vb,Inventario_Articulo_Foto.aspx.vb,.aspx.vb,2,no,
Inventario,WebGestor/Inventario/Inventario_Articulo_Imagen.aspx,Inventario_Articulo_Imagen.aspx,.aspx,2,sí,WebGestor/Inventario/Inventario_Articulo_Imagen.aspx.vb
Inventario,WebGestor/Inventario/Inventario_Articulo_Imagen.aspx.vb,Inventario_Articulo_Imagen.aspx.vb,.aspx.vb,2,no,
Inventario,WebGestor/Inventario/Inventario_BienesNuevos_NoConsiderar.aspx,Inventario_BienesNuevos_NoConsiderar.aspx,.aspx,2,sí,WebGestor/Inventario/Inventario_BienesNuevos_NoConsiderar.aspx.vb
Inventario,WebGestor/Inventario/Inventario_BienesNuevos_NoConsiderar.aspx.vb,Inventario_BienesNuevos_NoConsiderar.aspx.vb,.aspx.vb,2,no,
Inventario,WebGestor/Inventario/Inventario_Carga_Atms.aspx,Inventario_Carga_Atms.aspx,.aspx,2,sí,WebGestor/Inventario/Inventario_Carga_Atms.aspx.vb
Inventario,WebGestor/Inventario/Inventario_Carga_Atms.aspx.vb,Inventario_Carga_Atms.aspx.vb,.aspx.vb,2,no,
Inventario,WebGestor/Inventario/Inventario_Carga_DatosIniciales.aspx,Inventario_Carga_DatosIniciales.aspx,.aspx,2,sí,WebGestor/Inventario/Inventario_Carga_DatosIniciales.aspx.vb
Inventario,WebGestor/Inventario/Inventario_Carga_DatosIniciales.aspx.vb,Inventario_Carga_DatosIniciales.aspx.vb,.aspx.vb,2,no,
Inventario,WebGestor/Inventario/Inventario_Carga_Individual.aspx,Inventario_Carga_Individual.aspx,.aspx,2,sí,WebGestor/Inventario/Inventario_Carga_Individual.aspx.vb
Inventario,WebGestor/Inventario/Inventario_Carga_Individual.aspx.vb,Inventario_Carga_Individual.aspx.vb,.aspx.vb,2,no,
Inventario,WebGestor/Inventario/Inventario_Carga_Informacion.aspx,Inventario_Carga_Informacion.aspx,.aspx,2,sí,WebGestor/Inventario/Inventario_Carga_Informacion.aspx.vb
Inventario,WebGestor/Inventario/Inventario_Carga_Informacion.aspx.vb,Inventario_Carga_Informacion.aspx.vb,.aspx.vb,2,no,
Inventario,WebGestor/Inventario/Inventario_Carga_MovGps.aspx,Inventario_Carga_MovGps.aspx,.aspx,2,sí,WebGestor/Inventario/Inventario_Carga_MovGps.aspx.vb
Inventario,WebGestor/Inventario/Inventario_Carga_MovGps.aspx.vb,Inventario_Carga_MovGps.aspx.vb,.aspx.vb,2,no,
Inventario,WebGestor/Inventario/Inventario_CargaFoto_xBiene.aspx,Inventario_CargaFoto_xBiene.aspx,.aspx,2,sí,WebGestor/Inventario/Inventario_CargaFoto_xBiene.aspx.vb
Inventario,WebGestor/Inventario/Inventario_CargaFoto_xBiene.aspx.vb,Inventario_CargaFoto_xBiene.aspx.vb,.aspx.vb,2,no,
Inventario,WebGestor/Inventario/Inventario_Cargar_Valor_Libro.aspx,Inventario_Cargar_Valor_Libro.aspx,.aspx,2,sí,WebGestor/Inventario/Inventario_Cargar_Valor_Libro.aspx.vb
Inventario,WebGestor/Inventario/Inventario_Cargar_Valor_Libro.aspx.vb,Inventario_Cargar_Valor_Libro.aspx.vb,.aspx.vb,2,no,
Inventario,WebGestor/Inventario/Inventario_CatalogoArticulo.aspx,Inventario_CatalogoArticulo.aspx,.aspx,2,sí,WebGestor/Inventario/Inventario_CatalogoArticulo.aspx.vb
Inventario,WebGestor/Inventario/Inventario_CatalogoArticulo.aspx.vb,Inventario_CatalogoArticulo.aspx.vb,.aspx.vb,2,no,
Inventario,WebGestor/Inventario/Inventario_CCosto_Salida.aspx,Inventario_CCosto_Salida.aspx,.aspx,2,sí,WebGestor/Inventario/Inventario_CCosto_Salida.aspx.vb
Inventario,WebGestor/Inventario/Inventario_CCosto_Salida.aspx.vb,Inventario_CCosto_Salida.aspx.vb,.aspx.vb,2,no,
Inventario,WebGestor/Inventario/Inventario_CCosto_Salida_Generar.aspx,Inventario_CCosto_Salida_Generar.aspx,.aspx,2,sí,WebGestor/Inventario/Inventario_CCosto_Salida_Generar.aspx.vb
Inventario,WebGestor/Inventario/Inventario_CCosto_Salida_Generar.aspx.vb,Inventario_CCosto_Salida_Generar.aspx.vb,.aspx.vb,2,no,
Inventario,WebGestor/Inventario/Inventario_Clasificacion.aspx,Inventario_Clasificacion.aspx,.aspx,2,sí,WebGestor/Inventario/Inventario_Clasificacion.aspx.vb
Inventario,WebGestor/Inventario/Inventario_Clasificacion.aspx.vb,Inventario_Clasificacion.aspx.vb,.aspx.vb,2,no,
Inventario,WebGestor/Inventario/Inventario_Conciliacion_Masiva.aspx,Inventario_Conciliacion_Masiva.aspx,.aspx,2,sí,WebGestor/Inventario/Inventario_Conciliacion_Masiva.aspx.vb
Inventario,WebGestor/Inventario/Inventario_Conciliacion_Masiva.aspx.vb,Inventario_Conciliacion_Masiva.aspx.vb,.aspx.vb,2,no,
Inventario,WebGestor/Inventario/Inventario_Conciliados_OtrosBienes.aspx,Inventario_Conciliados_OtrosBienes.aspx,.aspx,2,sí,WebGestor/Inventario/Inventario_Conciliados_OtrosBienes.aspx.vb
Inventario,WebGestor/Inventario/Inventario_Conciliados_OtrosBienes.aspx.vb,Inventario_Conciliados_OtrosBienes.aspx.vb,.aspx.vb,2,no,
Inventario,WebGestor/Inventario/Inventario_Datos_del_Bien.aspx,Inventario_Datos_del_Bien.aspx,.aspx,2,sí,WebGestor/Inventario/Inventario_Datos_del_Bien.aspx.vb
Inventario,WebGestor/Inventario/Inventario_Datos_del_Bien.aspx.designer.vb,Inventario_Datos_del_Bien.aspx.designer.vb,.vb,2,no,
Inventario,WebGestor/Inventario/Inventario_Datos_del_Bien.aspx.vb,Inventario_Datos_del_Bien.aspx.vb,.aspx.vb,2,no,
Inventario,WebGestor/Inventario/Inventario_Define_CentroCostos.aspx,Inventario_Define_CentroCostos.aspx,.aspx,2,sí,WebGestor/Inventario/Inventario_Define_CentroCostos.aspx.vb
Inventario,WebGestor/Inventario/Inventario_Define_CentroCostos.aspx.vb,Inventario_Define_CentroCostos.aspx.vb,.aspx.vb,2,no,
Inventario,WebGestor/Inventario/Inventario_Definicion.aspx,Inventario_Definicion.aspx,.aspx,2,sí,WebGestor/Inventario/Inventario_Definicion.aspx.vb
Inventario,WebGestor/Inventario/Inventario_Definicion.aspx.designer.vb,Inventario_Definicion.aspx.designer.vb,.vb,2,no,
Inventario,WebGestor/Inventario/Inventario_Definicion.aspx.vb,Inventario_Definicion.aspx.vb,.aspx.vb,2,no,
Inventario,WebGestor/Inventario/Inventario_Definiciones_Tablas.aspx,Inventario_Definiciones_Tablas.aspx,.aspx,2,sí,WebGestor/Inventario/Inventario_Definiciones_Tablas.aspx.vb
Inventario,WebGestor/Inventario/Inventario_Definiciones_Tablas.aspx.vb,Inventario_Definiciones_Tablas.aspx.vb,.aspx.vb,2,no,
Inventario,WebGestor/Inventario/Inventario_Definir_Zonas.aspx,Inventario_Definir_Zonas.aspx,.aspx,2,sí,WebGestor/Inventario/Inventario_Definir_Zonas.aspx.vb
Inventario,WebGestor/Inventario/Inventario_Definir_Zonas.aspx.vb,Inventario_Definir_Zonas.aspx.vb,.aspx.vb,2,no,
Inventario,WebGestor/Inventario/Inventario_Descargas.aspx,Inventario_Descargas.aspx,.aspx,2,sí,WebGestor/Inventario/Inventario_Descargas.aspx.vb
Inventario,WebGestor/Inventario/Inventario_Descargas.aspx.vb,Inventario_Descargas.aspx.vb,.aspx.vb,2,no,
Inventario,WebGestor/Inventario/Inventario_Emergente.aspx,Inventario_Emergente.aspx,.aspx,2,sí,WebGestor/Inventario/Inventario_Emergente.aspx.vb
Inventario,WebGestor/Inventario/Inventario_Emergente.aspx.vb,Inventario_Emergente.aspx.vb,.aspx.vb,2,no,
Inventario,WebGestor/Inventario/Inventario_EquiposConciliados.aspx,Inventario_EquiposConciliados.aspx,.aspx,2,sí,WebGestor/Inventario/Inventario_EquiposConciliados.aspx.vb
Inventario,WebGestor/Inventario/Inventario_EquiposConciliados.aspx.designer.vb,Inventario_EquiposConciliados.aspx.designer.vb,.vb,2,no,
Inventario,WebGestor/Inventario/Inventario_EquiposConciliados.aspx.vb,Inventario_EquiposConciliados.aspx.vb,.aspx.vb,2,no,
Inventario,WebGestor/Inventario/Inventario_EquiposxAlmacen.aspx,Inventario_EquiposxAlmacen.aspx,.aspx,2,sí,WebGestor/Inventario/Inventario_EquiposxAlmacen.aspx.vb
Inventario,WebGestor/Inventario/Inventario_EquiposxAlmacen.aspx.vb,Inventario_EquiposxAlmacen.aspx.vb,.aspx.vb,2,no,
Inventario,WebGestor/Inventario/Inventario_Estadistica.aspx,Inventario_Estadistica.aspx,.aspx,2,sí,WebGestor/Inventario/Inventario_Estadistica.aspx.vb
Inventario,WebGestor/Inventario/Inventario_Estadistica.aspx.vb,Inventario_Estadistica.aspx.vb,.aspx.vb,2,no,
Inventario,WebGestor/Inventario/Inventario_ExportarExcel.aspx,Inventario_ExportarExcel.aspx,.aspx,2,sí,WebGestor/Inventario/Inventario_ExportarExcel.aspx.vb
Inventario,WebGestor/Inventario/Inventario_ExportarExcel.aspx.vb,Inventario_ExportarExcel.aspx.vb,.aspx.vb,2,no,
Inventario,WebGestor/Inventario/Inventario_Flujo_Atencion_Diaria.aspx,Inventario_Flujo_Atencion_Diaria.aspx,.aspx,2,sí,WebGestor/Inventario/Inventario_Flujo_Atencion_Diaria.aspx.vb
Inventario,WebGestor/Inventario/Inventario_Flujo_Atencion_Diaria.aspx.vb,Inventario_Flujo_Atencion_Diaria.aspx.vb,.aspx.vb,2,no,
Inventario,WebGestor/Inventario/Inventario_Galeria_Fotos_xBien.aspx,Inventario_Galeria_Fotos_xBien.aspx,.aspx,2,sí,WebGestor/Inventario/Inventario_Galeria_Fotos_xBien.aspx.vb
Inventario,WebGestor/Inventario/Inventario_Galeria_Fotos_xBien.aspx.vb,Inventario_Galeria_Fotos_xBien.aspx.vb,.aspx.vb,2,no,
Inventario,WebGestor/Inventario/Inventario_Garantia_Equipos.aspx,Inventario_Garantia_Equipos.aspx,.aspx,2,sí,WebGestor/Inventario/Inventario_Garantia_Equipos.aspx.vb
Inventario,WebGestor/Inventario/Inventario_Garantia_Equipos.aspx.vb,Inventario_Garantia_Equipos.aspx.vb,.aspx.vb,2,no,
Inventario,WebGestor/Inventario/Inventario_Gastos.aspx,Inventario_Gastos.aspx,.aspx,2,sí,WebGestor/Inventario/Inventario_Gastos.aspx.vb
Inventario,WebGestor/Inventario/Inventario_Gastos.aspx.vb,Inventario_Gastos.aspx.vb,.aspx.vb,2,no,
Inventario,WebGestor/Inventario/Inventario_GenerarGuia.aspx,Inventario_GenerarGuia.aspx,.aspx,2,sí,WebGestor/Inventario/Inventario_GenerarGuia.aspx.vb
Inventario,WebGestor/Inventario/Inventario_GenerarGuia.aspx.vb,Inventario_GenerarGuia.aspx.vb,.aspx.vb,2,no,
Inventario,WebGestor/Inventario/Inventario_GenerarGuia_SinSalida.aspx,Inventario_GenerarGuia_SinSalida.aspx,.aspx,2,sí,WebGestor/Inventario/Inventario_GenerarGuia_SinSalida.aspx.vb
Inventario,WebGestor/Inventario/Inventario_GenerarGuia_SinSalida.aspx.vb,Inventario_GenerarGuia_SinSalida.aspx.vb,.aspx.vb,2,no,
Inventario,WebGestor/Inventario/Inventario_GenerarLista.aspx,Inventario_GenerarLista.aspx,.aspx,2,sí,WebGestor/Inventario/Inventario_GenerarLista.aspx.vb
Inventario,WebGestor/Inventario/Inventario_GenerarLista.aspx.vb,Inventario_GenerarLista.aspx.vb,.aspx.vb,2,no,
Inventario,WebGestor/Inventario/Inventario_Geolocalizacion_xBien.aspx,Inventario_Geolocalizacion_xBien.aspx,.aspx,2,sí,WebGestor/Inventario/Inventario_Geolocalizacion_xBien.aspx.vb
Inventario,WebGestor/Inventario/Inventario_Geolocalizacion_xBien.aspx.vb,Inventario_Geolocalizacion_xBien.aspx.vb,.aspx.vb,2,no,
Inventario,WebGestor/Inventario/Inventario_GPS.aspx,Inventario_GPS.aspx,.aspx,2,sí,WebGestor/Inventario/Inventario_GPS.aspx.vb
Inventario,WebGestor/Inventario/Inventario_GPS.aspx.vb,Inventario_GPS.aspx.vb,.aspx.vb,2,no,
Inventario,WebGestor/Inventario/Inventario_Guia_Transportista.aspx,Inventario_Guia_Transportista.aspx,.aspx,2,sí,WebGestor/Inventario/Inventario_Guia_Transportista.aspx.vb
Inventario,WebGestor/Inventario/Inventario_Guia_Transportista.aspx.vb,Inventario_Guia_Transportista.aspx.vb,.aspx.vb,2,no,
Inventario,WebGestor/Inventario/Inventario_GuiaRemision_Masiva.aspx,Inventario_GuiaRemision_Masiva.aspx,.aspx,2,sí,WebGestor/Inventario/Inventario_GuiaRemision_Masiva.aspx.vb
Inventario,WebGestor/Inventario/Inventario_GuiaRemision_Masiva.aspx.vb,Inventario_GuiaRemision_Masiva.aspx.vb,.aspx.vb,2,no,
Inventario,WebGestor/Inventario/Inventario_GuiaRemision_Transporte.aspx,Inventario_GuiaRemision_Transporte.aspx,.aspx,2,sí,WebGestor/Inventario/Inventario_GuiaRemision_Transporte.aspx.vb
Inventario,WebGestor/Inventario/Inventario_GuiaRemision_Transporte.aspx.vb,Inventario_GuiaRemision_Transporte.aspx.vb,.aspx.vb,2,no,
Inventario,WebGestor/Inventario/Inventario_Imprimir_Placas.aspx,Inventario_Imprimir_Placas.aspx,.aspx,2,sí,WebGestor/Inventario/Inventario_Imprimir_Placas.aspx.vb
Inventario,WebGestor/Inventario/Inventario_Imprimir_Placas.aspx.vb,Inventario_Imprimir_Placas.aspx.vb,.aspx.vb,2,no,
Inventario,WebGestor/Inventario/Inventario_Informacion_Bienes.aspx,Inventario_Informacion_Bienes.aspx,.aspx,2,sí,WebGestor/Inventario/Inventario_Informacion_Bienes.aspx.vb
Inventario,WebGestor/Inventario/Inventario_Informacion_Bienes.aspx.vb,Inventario_Informacion_Bienes.aspx.vb,.aspx.vb,2,no,
Inventario,WebGestor/Inventario/Inventario_Ingreso_Bienes_Desuso.aspx,Inventario_Ingreso_Bienes_Desuso.aspx,.aspx,2,sí,WebGestor/Inventario/Inventario_Ingreso_Bienes_Desuso.aspx.vb
Inventario,WebGestor/Inventario/Inventario_Ingreso_Bienes_Desuso.aspx.vb,Inventario_Ingreso_Bienes_Desuso.aspx.vb,.aspx.vb,2,no,
Inventario,WebGestor/Inventario/Inventario_Ingreso_Equipos.aspx,Inventario_Ingreso_Equipos.aspx,.aspx,2,sí,WebGestor/Inventario/Inventario_Ingreso_Equipos.aspx.vb
Inventario,WebGestor/Inventario/Inventario_Ingreso_Equipos.aspx.vb,Inventario_Ingreso_Equipos.aspx.vb,.aspx.vb,2,no,
Inventario,WebGestor/Inventario/Inventario_Ingreso_Equipos_Registrar.aspx,Inventario_Ingreso_Equipos_Registrar.aspx,.aspx,2,sí,WebGestor/Inventario/Inventario_Ingreso_Equipos_Registrar.aspx.vb
Inventario,WebGestor/Inventario/Inventario_Ingreso_Equipos_Registrar.aspx.vb,Inventario_Ingreso_Equipos_Registrar.aspx.vb,.aspx.vb,2,no,
Inventario,WebGestor/Inventario/Inventario_Ingreso_Placas.aspx,Inventario_Ingreso_Placas.aspx,.aspx,2,sí,WebGestor/Inventario/Inventario_Ingreso_Placas.aspx.vb
Inventario,WebGestor/Inventario/Inventario_Ingreso_Placas.aspx.designer.vb,Inventario_Ingreso_Placas.aspx.designer.vb,.vb,2,no,
Inventario,WebGestor/Inventario/Inventario_Ingreso_Placas.aspx.vb,Inventario_Ingreso_Placas.aspx.vb,.aspx.vb,2,no,
Inventario,WebGestor/Inventario/Inventario_Ingreso_Series.aspx,Inventario_Ingreso_Series.aspx,.aspx,2,sí,WebGestor/Inventario/Inventario_Ingreso_Series.aspx.vb
Inventario,WebGestor/Inventario/Inventario_Ingreso_Series.aspx.vb,Inventario_Ingreso_Series.aspx.vb,.aspx.vb,2,no,
Inventario,WebGestor/Inventario/Inventario_Interface_GPS.aspx,Inventario_Interface_GPS.aspx,.aspx,2,sí,WebGestor/Inventario/Inventario_Interface_GPS.aspx.vb
Inventario,WebGestor/Inventario/Inventario_Interface_GPS.aspx.vb,Inventario_Interface_GPS.aspx.vb,.aspx.vb,2,no,
Inventario,WebGestor/Inventario/Inventario_Kardex.aspx,Inventario_Kardex.aspx,.aspx,2,sí,WebGestor/Inventario/Inventario_Kardex.aspx.vb
Inventario,WebGestor/Inventario/Inventario_Kardex.aspx.vb,Inventario_Kardex.aspx.vb,.aspx.vb,2,no,
Inventario,WebGestor/Inventario/Inventario_Lista_BienesInventariado.aspx,Inventario_Lista_BienesInventariado.aspx,.aspx,2,sí,WebGestor/Inventario/Inventario_Lista_BienesInventariado.aspx.vb
Inventario,WebGestor/Inventario/Inventario_Lista_BienesInventariado.aspx.vb,Inventario_Lista_BienesInventariado.aspx.vb,.aspx.vb,2,no,
Inventario,WebGestor/Inventario/Inventario_Lista_EquiposATratar.aspx,Inventario_Lista_EquiposATratar.aspx,.aspx,2,sí,WebGestor/Inventario/Inventario_Lista_EquiposATratar.aspx.vb
Inventario,WebGestor/Inventario/Inventario_Lista_EquiposATratar.aspx.vb,Inventario_Lista_EquiposATratar.aspx.vb,.aspx.vb,2,no,
Inventario,WebGestor/Inventario/Inventario_Lista_Oficina_SinUbicaciones.aspx,Inventario_Lista_Oficina_SinUbicaciones.aspx,.aspx,2,sí,WebGestor/Inventario/Inventario_Lista_Oficina_SinUbicaciones.aspx.vb
Inventario,WebGestor/Inventario/Inventario_Lista_Oficina_SinUbicaciones.aspx.vb,Inventario_Lista_Oficina_SinUbicaciones.aspx.vb,.aspx.vb,2,no,
Inventario,WebGestor/Inventario/Inventario_ListaTablaMovimientos_ParaGps.aspx,Inventario_ListaTablaMovimientos_ParaGps.aspx,.aspx,2,sí,WebGestor/Inventario/Inventario_ListaTablaMovimientos_ParaGps.aspx.vb
Inventario,WebGestor/Inventario/Inventario_ListaTablaMovimientos_ParaGps.aspx.vb,Inventario_ListaTablaMovimientos_ParaGps.aspx.vb,.aspx.vb,2,no,
Inventario,WebGestor/Inventario/Inventario_Monitoreo.aspx,Inventario_Monitoreo.aspx,.aspx,2,sí,WebGestor/Inventario/Inventario_Monitoreo.aspx.vb
Inventario,WebGestor/Inventario/Inventario_Monitoreo.aspx.vb,Inventario_Monitoreo.aspx.vb,.aspx.vb,2,no,
Inventario,WebGestor/Inventario/Inventario_Movimiento_Equipos.aspx,Inventario_Movimiento_Equipos.aspx,.aspx,2,sí,WebGestor/Inventario/Inventario_Movimiento_Equipos.aspx.vb
Inventario,WebGestor/Inventario/Inventario_Movimiento_Equipos.aspx.vb,Inventario_Movimiento_Equipos.aspx.vb,.aspx.vb,2,no,
Inventario,WebGestor/Inventario/Inventario_Pedido_Listado.aspx,Inventario_Pedido_Listado.aspx,.aspx,2,sí,WebGestor/Inventario/Inventario_Pedido_Listado.aspx.vb
Inventario,WebGestor/Inventario/Inventario_Pedido_Listado.aspx.vb,Inventario_Pedido_Listado.aspx.vb,.aspx.vb,2,no,
Inventario,WebGestor/Inventario/Inventario_Pedidos.aspx,Inventario_Pedidos.aspx,.aspx,2,sí,WebGestor/Inventario/Inventario_Pedidos.aspx.vb
Inventario,WebGestor/Inventario/Inventario_Pedidos.aspx.vb,Inventario_Pedidos.aspx.vb,.aspx.vb,2,no,
Inventario,WebGestor/Inventario/Inventario_PopPud_DatosOficina.aspx,Inventario_PopPud_DatosOficina.aspx,.aspx,2,sí,WebGestor/Inventario/Inventario_PopPud_DatosOficina.aspx.vb
Inventario,WebGestor/Inventario/Inventario_PopPud_DatosOficina.aspx.vb,Inventario_PopPud_DatosOficina.aspx.vb,.aspx.vb,2,no,
Inventario,WebGestor/Inventario/Inventario_Programacion.aspx,Inventario_Programacion.aspx,.aspx,2,sí,WebGestor/Inventario/Inventario_Programacion.aspx.vb
Inventario,WebGestor/Inventario/Inventario_Programacion.aspx.vb,Inventario_Programacion.aspx.vb,.aspx.vb,2,no,
Inventario,WebGestor/Inventario/Inventario_Recepcion_IngSeries.aspx,Inventario_Recepcion_IngSeries.aspx,.aspx,2,sí,WebGestor/Inventario/Inventario_Recepcion_IngSeries.aspx.vb
Inventario,WebGestor/Inventario/Inventario_Recepcion_IngSeries.aspx.vb,Inventario_Recepcion_IngSeries.aspx.vb,.aspx.vb,2,no,
Inventario,WebGestor/Inventario/Inventario_Recepcion_Listado.aspx,Inventario_Recepcion_Listado.aspx,.aspx,2,sí,WebGestor/Inventario/Inventario_Recepcion_Listado.aspx.vb
Inventario,WebGestor/Inventario/Inventario_Recepcion_Listado.aspx.vb,Inventario_Recepcion_Listado.aspx.vb,.aspx.vb,2,no,
Inventario,WebGestor/Inventario/Inventario_Recepcion_Registrar.aspx,Inventario_Recepcion_Registrar.aspx,.aspx,2,sí,WebGestor/Inventario/Inventario_Recepcion_Registrar.aspx.vb
Inventario,WebGestor/Inventario/Inventario_Recepcion_Registrar.aspx.vb,Inventario_Recepcion_Registrar.aspx.vb,.aspx.vb,2,no,
Inventario,WebGestor/Inventario/Inventario_Regularizar_Equipos.aspx,Inventario_Regularizar_Equipos.aspx,.aspx,2,sí,WebGestor/Inventario/Inventario_Regularizar_Equipos.aspx.vb
Inventario,WebGestor/Inventario/Inventario_Regularizar_Equipos.aspx.vb,Inventario_Regularizar_Equipos.aspx.vb,.aspx.vb,2,no,
Inventario,WebGestor/Inventario/inventario_Regularizar_UbicacionCarga.aspx,inventario_Regularizar_UbicacionCarga.aspx,.aspx,2,sí,WebGestor/Inventario/inventario_Regularizar_UbicacionCarga.aspx.vb
Inventario,WebGestor/Inventario/inventario_Regularizar_UbicacionCarga.aspx.vb,inventario_Regularizar_UbicacionCarga.aspx.vb,.aspx.vb,2,no,
Inventario,WebGestor/Inventario/Inventario_Relacion_BienesInv.aspx,Inventario_Relacion_BienesInv.aspx,.aspx,2,sí,WebGestor/Inventario/Inventario_Relacion_BienesInv.aspx.vb
Inventario,WebGestor/Inventario/Inventario_Relacion_BienesInv.aspx.vb,Inventario_Relacion_BienesInv.aspx.vb,.aspx.vb,2,no,
Inventario,WebGestor/Inventario/Inventario_Relacion_Equipos_Prestados.aspx,Inventario_Relacion_Equipos_Prestados.aspx,.aspx,2,sí,WebGestor/Inventario/Inventario_Relacion_Equipos_Prestados.aspx.vb
Inventario,WebGestor/Inventario/Inventario_Relacion_Equipos_Prestados.aspx.vb,Inventario_Relacion_Equipos_Prestados.aspx.vb,.aspx.vb,2,no,
Inventario,WebGestor/Inventario/Inventario_Relacion_GuiaInterna.aspx,Inventario_Relacion_GuiaInterna.aspx,.aspx,2,sí,WebGestor/Inventario/Inventario_Relacion_GuiaInterna.aspx.vb
Inventario,WebGestor/Inventario/Inventario_Relacion_GuiaInterna.aspx.vb,Inventario_Relacion_GuiaInterna.aspx.vb,.aspx.vb,2,no,
Inventario,WebGestor/Inventario/Inventario_Relacion_GuiaRemision.aspx,Inventario_Relacion_GuiaRemision.aspx,.aspx,2,sí,WebGestor/Inventario/Inventario_Relacion_GuiaRemision.aspx.vb
Inventario,WebGestor/Inventario/Inventario_Relacion_GuiaRemision.aspx.vb,Inventario_Relacion_GuiaRemision.aspx.vb,.aspx.vb,2,no,
Inventario,WebGestor/Inventario/Inventario_Relacion_Movimientos.aspx,Inventario_Relacion_Movimientos.aspx,.aspx,2,sí,WebGestor/Inventario/Inventario_Relacion_Movimientos.aspx.vb
Inventario,WebGestor/Inventario/Inventario_Relacion_Movimientos.aspx.vb,Inventario_Relacion_Movimientos.aspx.vb,.aspx.vb,2,no,
Inventario,WebGestor/Inventario/Inventario_Relacion_Salidas_Almacent.aspx,Inventario_Relacion_Salidas_Almacent.aspx,.aspx,2,sí,WebGestor/Inventario/Inventario_Relacion_Salidas_Almacent.aspx.vb
Inventario,WebGestor/Inventario/Inventario_Relacion_Salidas_Almacent.aspx.vb,Inventario_Relacion_Salidas_Almacent.aspx.vb,.aspx.vb,2,no,
Inventario,WebGestor/Inventario/Inventario_Relacion_Salidas_CCosto.aspx,Inventario_Relacion_Salidas_CCosto.aspx,.aspx,2,sí,WebGestor/Inventario/Inventario_Relacion_Salidas_CCosto.aspx.vb
Inventario,WebGestor/Inventario/Inventario_Relacion_Salidas_CCosto.aspx.vb,Inventario_Relacion_Salidas_CCosto.aspx.vb,.aspx.vb,2,no,
Inventario,WebGestor/Inventario/Inventario_Resumen.aspx,Inventario_Resumen.aspx,.aspx,2,sí,WebGestor/Inventario/Inventario_Resumen.aspx.vb
Inventario,WebGestor/Inventario/Inventario_Resumen.aspx.vb,Inventario_Resumen.aspx.vb,.aspx.vb,2,no,
Inventario,WebGestor/Inventario/Inventario_Resumen_Estadistica.aspx,Inventario_Resumen_Estadistica.aspx,.aspx,2,sí,WebGestor/Inventario/Inventario_Resumen_Estadistica.aspx.vb
Inventario,WebGestor/Inventario/Inventario_Resumen_Estadistica.aspx.vb,Inventario_Resumen_Estadistica.aspx.vb,.aspx.vb,2,no,
Inventario,WebGestor/Inventario/Inventario_Resumen_Oficinas.aspx,Inventario_Resumen_Oficinas.aspx,.aspx,2,sí,WebGestor/Inventario/Inventario_Resumen_Oficinas.aspx.vb
Inventario,WebGestor/Inventario/Inventario_Resumen_Oficinas.aspx.vb,Inventario_Resumen_Oficinas.aspx.vb,.aspx.vb,2,no,
Inventario,WebGestor/Inventario/Inventario_SalidaIngreso_Alavez.aspx,Inventario_SalidaIngreso_Alavez.aspx,.aspx,2,sí,WebGestor/Inventario/Inventario_SalidaIngreso_Alavez.aspx.vb
Inventario,WebGestor/Inventario/Inventario_SalidaIngreso_Alavez.aspx.vb,Inventario_SalidaIngreso_Alavez.aspx.vb,.aspx.vb,2,no,
Inventario,WebGestor/Inventario/Inventario_SalidasEnv_xRecibir.aspx,Inventario_SalidasEnv_xRecibir.aspx,.aspx,2,sí,WebGestor/Inventario/Inventario_SalidasEnv_xRecibir.aspx.vb
Inventario,WebGestor/Inventario/Inventario_SalidasEnv_xRecibir.aspx.vb,Inventario_SalidasEnv_xRecibir.aspx.vb,.aspx.vb,2,no,
Inventario,WebGestor/Inventario/Inventario_Stock_Articulos.aspx,Inventario_Stock_Articulos.aspx,.aspx,2,sí,WebGestor/Inventario/Inventario_Stock_Articulos.aspx.vb
Inventario,WebGestor/Inventario/Inventario_Stock_Articulos.aspx.vb,Inventario_Stock_Articulos.aspx.vb,.aspx.vb,2,no,
Inventario,WebGestor/Inventario/Inventario_Ubicacion.aspx,Inventario_Ubicacion.aspx,.aspx,2,sí,WebGestor/Inventario/Inventario_Ubicacion.aspx.vb
Inventario,WebGestor/Inventario/Inventario_Ubicacion.aspx.designer.vb,Inventario_Ubicacion.aspx.designer.vb,.vb,2,no,
Inventario,WebGestor/Inventario/Inventario_Ubicacion.aspx.vb,Inventario_Ubicacion.aspx.vb,.aspx.vb,2,no,
Inventario,WebGestor/Inventario/Inventario_Verificacion_Nueva.aspx,Inventario_Verificacion_Nueva.aspx,.aspx,2,sí,WebGestor/Inventario/Inventario_Verificacion_Nueva.aspx.vb
Inventario,WebGestor/Inventario/Inventario_Verificacion_Nueva.aspx.vb,Inventario_Verificacion_Nueva.aspx.vb,.aspx.vb,2,no,
Inventario,WebGestor/Inventario/Inventario_Verificar.aspx,Inventario_Verificar.aspx,.aspx,2,sí,WebGestor/Inventario/Inventario_Verificar.aspx.vb
Inventario,WebGestor/Inventario/Inventario_Verificar.aspx.designer.vb,Inventario_Verificar.aspx.designer.vb,.vb,2,no,
Inventario,WebGestor/Inventario/Inventario_Verificar.aspx.vb,Inventario_Verificar.aspx.vb,.aspx.vb,2,no,
Inventario,WebGestor/Inventario/Inventario_Verificar_Masivo.aspx,Inventario_Verificar_Masivo.aspx,.aspx,2,sí,WebGestor/Inventario/Inventario_Verificar_Masivo.aspx.vb
Inventario,WebGestor/Inventario/Inventario_Verificar_Masivo.aspx.vb,Inventario_Verificar_Masivo.aspx.vb,.aspx.vb,2,no,
Inventario,WebGestor/Inventario/Inventario_Verificar_SinImagen.aspx,Inventario_Verificar_SinImagen.aspx,.aspx,2,sí,WebGestor/Inventario/Inventario_Verificar_SinImagen.aspx.vb
Inventario,WebGestor/Inventario/Inventario_Verificar_SinImagen.aspx.vb,Inventario_Verificar_SinImagen.aspx.vb,.aspx.vb,2,no,
Inventario,WebGestor/Inventario/Invnetario_Relacion_EquiposConciliados.aspx,Invnetario_Relacion_EquiposConciliados.aspx,.aspx,2,sí,WebGestor/Inventario/Invnetario_Relacion_EquiposConciliados.aspx.vb
Inventario,WebGestor/Inventario/Invnetario_Relacion_EquiposConciliados.aspx.vb,Invnetario_Relacion_EquiposConciliados.aspx.vb,.aspx.vb,2,no,
Inventario,WebGestor/Inventario/InvReport_Recepcion.aspx,InvReport_Recepcion.aspx,.aspx,2,sí,WebGestor/Inventario/InvReport_Recepcion.aspx.vb
Inventario,WebGestor/Inventario/InvReport_Recepcion.aspx.vb,InvReport_Recepcion.aspx.vb,.aspx.vb,2,no,
Inventario,WebGestor/Inventario/Master_Inventario.master.vb,Master_Inventario.master.vb,.vb,2,no,
Inventario,WebGestor/Inventario/PagPrincipal_Inv.master.vb,PagPrincipal_Inv.master.vb,.vb,2,no,
Inventario,WebGestor/Inventario/TomarFoto.aspx,TomarFoto.aspx,.aspx,2,sí,WebGestor/Inventario/TomarFoto.aspx.vb
Inventario,WebGestor/Inventario/TomarFoto.aspx.vb,TomarFoto.aspx.vb,.aspx.vb,2,no,
Js,WebGestor/Js/bootstrap.js,bootstrap.js,.js,2,no,
Js,WebGestor/Js/bootstrap.min.js,bootstrap.min.js,.js,2,no,
Js,WebGestor/Js/bootstrapValidator.js,bootstrapValidator.js,.js,2,no,
Js,WebGestor/Js/dataTables.bootstrap.min.js,dataTables.bootstrap.min.js,.js,2,no,
Js,WebGestor/Js/highcharts-3d.js,highcharts-3d.js,.js,2,no,
Js,WebGestor/Js/highcharts-3d.src.js,highcharts-3d.src.js,.js,2,no,
Js,WebGestor/Js/highcharts-more.js,highcharts-more.js,.js,2,no,
Js,WebGestor/Js/highcharts-more.src.js,highcharts-more.src.js,.js,2,no,
Js,WebGestor/Js/highcharts.js,highcharts.js,.js,2,no,
Js,WebGestor/Js/highcharts.src.js,highcharts.src.js,.js,2,no,
Js,WebGestor/Js/Java.js,Java.js,.js,2,no,
Js,WebGestor/Js/jquery.dataTables.min.js,jquery.dataTables.min.js,.js,2,no,
Js,WebGestor/Js/jquery.min.js,jquery.min.js,.js,2,no,
Js,WebGestor/Js/locationpicker.jquery.js,locationpicker.jquery.js,.js,2,no,
Js,WebGestor/Js/main.js,main.js,.js,2,no,
Js,WebGestor/Js/Popup.js,Popup.js,.js,2,no,
Js,WebGestor/Js/PopupArticulos.js,PopupArticulos.js,.js,2,no,
Js,WebGestor/Js/validacliente.js,validacliente.js,.js,2,no,
WebGestor,WebGestor/MapaWeb.aspx,MapaWeb.aspx,.aspx,1,sí,WebGestor/MapaWeb.aspx.vb
WebGestor,WebGestor/MapaWeb.aspx.vb,MapaWeb.aspx.vb,.aspx.vb,1,no,
WebGestor,WebGestor/MasterPage_Ejemplo.master.vb,MasterPage_Ejemplo.master.vb,.vb,1,no,
WebGestor,WebGestor/menu.js,menu.js,.js,1,no,
Menu,WebGestor/Menu/_Default.aspx,_Default.aspx,.aspx,2,sí,WebGestor/Menu/_Default.aspx.vb
Menu,WebGestor/Menu/_Default.aspx.vb,_Default.aspx.vb,.aspx.vb,2,no,
Menu,WebGestor/Menu/Contacto.aspx,Contacto.aspx,.aspx,2,sí,WebGestor/Menu/Contacto.aspx.vb
Menu,WebGestor/Menu/Contacto.aspx.vb,Contacto.aspx.vb,.aspx.vb,2,no,
Menu,WebGestor/Menu/Detalle.aspx,Detalle.aspx,.aspx,2,sí,WebGestor/Menu/Detalle.aspx.vb
Menu,WebGestor/Menu/Detalle.aspx.vb,Detalle.aspx.vb,.aspx.vb,2,no,
Menu,WebGestor/Menu/IngresarElemento.aspx,IngresarElemento.aspx,.aspx,2,sí,WebGestor/Menu/IngresarElemento.aspx.vb
Menu,WebGestor/Menu/IngresarElemento.aspx.vb,IngresarElemento.aspx.vb,.aspx.vb,2,no,
Menu,WebGestor/Menu/menu.ascx,menu.ascx,.ascx,2,no,
Menu,WebGestor/Menu/Menu.ascx.vb,Menu.ascx.vb,.vb,2,no,
Menu,WebGestor/Menu/MenuPrincipal.ascx,MenuPrincipal.ascx,.ascx,2,no,
Menu,WebGestor/Menu/MenuPrincipal.ascx.vb,MenuPrincipal.ascx.vb,.vb,2,no,
Menu,WebGestor/Menu/PagMenu.master.vb,PagMenu.master.vb,.vb,2,no,
Menu,WebGestor/Menu/Subscriptor.aspx,Subscriptor.aspx,.aspx,2,sí,WebGestor/Menu/Subscriptor.aspx.vb
Menu,WebGestor/Menu/Subscriptor.aspx.vb,Subscriptor.aspx.vb,.aspx.vb,2,no,
MenuWeb,WebGestor/MenuWeb/MenuWeb_Definicion.aspx,MenuWeb_Definicion.aspx,.aspx,2,sí,WebGestor/MenuWeb/MenuWeb_Definicion.aspx.vb
MenuWeb,WebGestor/MenuWeb/MenuWeb_Definicion.aspx.vb,MenuWeb_Definicion.aspx.vb,.aspx.vb,2,no,
MenuWeb,WebGestor/MenuWeb/MenuWeb_Elementos.aspx,MenuWeb_Elementos.aspx,.aspx,2,sí,WebGestor/MenuWeb/MenuWeb_Elementos.aspx.vb
MenuWeb,WebGestor/MenuWeb/MenuWeb_Elementos.aspx.vb,MenuWeb_Elementos.aspx.vb,.aspx.vb,2,no,
MenuWeb,WebGestor/MenuWeb/MenuWeb_Registra_Auspiciador.aspx,MenuWeb_Registra_Auspiciador.aspx,.aspx,2,sí,WebGestor/MenuWeb/MenuWeb_Registra_Auspiciador.aspx.vb
MenuWeb,WebGestor/MenuWeb/MenuWeb_Registra_Auspiciador.aspx.vb,MenuWeb_Registra_Auspiciador.aspx.vb,.aspx.vb,2,no,
MenuWeb,WebGestor/MenuWeb/MenuWeb_Registra_Elemento.aspx,MenuWeb_Registra_Elemento.aspx,.aspx,2,sí,WebGestor/MenuWeb/MenuWeb_Registra_Elemento.aspx.vb
MenuWeb,WebGestor/MenuWeb/MenuWeb_Registra_Elemento.aspx.vb,MenuWeb_Registra_Elemento.aspx.vb,.aspx.vb,2,no,
MenuWeb,WebGestor/MenuWeb/PagPrincipal_MenuWeb.master.vb,PagPrincipal_MenuWeb.master.vb,.vb,2,no,
MesaAyuda,WebGestor/MesaAyuda/AdminProblemas_Creacion.aspx,AdminProblemas_Creacion.aspx,.aspx,2,sí,WebGestor/MesaAyuda/AdminProblemas_Creacion.aspx.vb
MesaAyuda,WebGestor/MesaAyuda/AdminProblemas_Creacion.aspx.vb,AdminProblemas_Creacion.aspx.vb,.aspx.vb,2,no,
MesaAyuda,WebGestor/MesaAyuda/AdminProblemas_Creacion2.aspx,AdminProblemas_Creacion2.aspx,.aspx,2,sí,WebGestor/MesaAyuda/AdminProblemas_Creacion2.aspx.vb
MesaAyuda,WebGestor/MesaAyuda/AdminProblemas_Creacion2.aspx.vb,AdminProblemas_Creacion2.aspx.vb,.aspx.vb,2,no,
MesaAyuda,WebGestor/MesaAyuda/AdminProblemas_Creacion21.aspx,AdminProblemas_Creacion21.aspx,.aspx,2,sí,WebGestor/MesaAyuda/AdminProblemas_Creacion21.aspx.vb
MesaAyuda,WebGestor/MesaAyuda/AdminProblemas_Creacion21.aspx.vb,AdminProblemas_Creacion21.aspx.vb,.aspx.vb,2,no,
MesaAyuda,WebGestor/MesaAyuda/AdminProblemas_Creacion_Edicion.aspx,AdminProblemas_Creacion_Edicion.aspx,.aspx,2,sí,WebGestor/MesaAyuda/AdminProblemas_Creacion_Edicion.aspx.vb
MesaAyuda,WebGestor/MesaAyuda/AdminProblemas_Creacion_Edicion.aspx.vb,AdminProblemas_Creacion_Edicion.aspx.vb,.aspx.vb,2,no,
MesaAyuda,WebGestor/MesaAyuda/AdminProblemas_Define_BaseDatos.aspx,AdminProblemas_Define_BaseDatos.aspx,.aspx,2,sí,WebGestor/MesaAyuda/AdminProblemas_Define_BaseDatos.aspx.vb
MesaAyuda,WebGestor/MesaAyuda/AdminProblemas_Define_BaseDatos.aspx.vb,AdminProblemas_Define_BaseDatos.aspx.vb,.aspx.vb,2,no,
MesaAyuda,WebGestor/MesaAyuda/AdminProblemas_Define_Personas.aspx,AdminProblemas_Define_Personas.aspx,.aspx,2,sí,WebGestor/MesaAyuda/AdminProblemas_Define_Personas.aspx.vb
MesaAyuda,WebGestor/MesaAyuda/AdminProblemas_Define_Personas.aspx.vb,AdminProblemas_Define_Personas.aspx.vb,.aspx.vb,2,no,
MesaAyuda,WebGestor/MesaAyuda/AdminProblemas_DefineTablas1.aspx,AdminProblemas_DefineTablas1.aspx,.aspx,2,sí,WebGestor/MesaAyuda/AdminProblemas_DefineTablas1.aspx.vb
MesaAyuda,WebGestor/MesaAyuda/AdminProblemas_DefineTablas1.aspx.vb,AdminProblemas_DefineTablas1.aspx.vb,.aspx.vb,2,no,
MesaAyuda,WebGestor/MesaAyuda/AdminProblemas_DefineTablas2.aspx,AdminProblemas_DefineTablas2.aspx,.aspx,2,sí,WebGestor/MesaAyuda/AdminProblemas_DefineTablas2.aspx.vb
MesaAyuda,WebGestor/MesaAyuda/AdminProblemas_DefineTablas2.aspx.vb,AdminProblemas_DefineTablas2.aspx.vb,.aspx.vb,2,no,
MesaAyuda,WebGestor/MesaAyuda/AdminProblemas_DiferenciasTiempo.aspx,AdminProblemas_DiferenciasTiempo.aspx,.aspx,2,sí,WebGestor/MesaAyuda/AdminProblemas_DiferenciasTiempo.aspx.vb
MesaAyuda,WebGestor/MesaAyuda/AdminProblemas_DiferenciasTiempo.aspx.vb,AdminProblemas_DiferenciasTiempo.aspx.vb,.aspx.vb,2,no,
MesaAyuda,WebGestor/MesaAyuda/AdminProblemas_Lista_Enlace_TemasAyuda.aspx,AdminProblemas_Lista_Enlace_TemasAyuda.aspx,.aspx,2,sí,WebGestor/MesaAyuda/AdminProblemas_Lista_Enlace_TemasAyuda.aspx.vb
MesaAyuda,WebGestor/MesaAyuda/AdminProblemas_Lista_Enlace_TemasAyuda.aspx.vb,AdminProblemas_Lista_Enlace_TemasAyuda.aspx.vb,.aspx.vb,2,no,
MesaAyuda,WebGestor/MesaAyuda/AdminProblemas_Listado.aspx,AdminProblemas_Listado.aspx,.aspx,2,sí,WebGestor/MesaAyuda/AdminProblemas_Listado.aspx.vb
MesaAyuda,WebGestor/MesaAyuda/AdminProblemas_Listado.aspx.vb,AdminProblemas_Listado.aspx.vb,.aspx.vb,2,no,
MesaAyuda,WebGestor/MesaAyuda/AdminProblemas_Registrar.aspx,AdminProblemas_Registrar.aspx,.aspx,2,sí,WebGestor/MesaAyuda/AdminProblemas_Registrar.aspx.vb
MesaAyuda,WebGestor/MesaAyuda/AdminProblemas_Registrar.aspx.vb,AdminProblemas_Registrar.aspx.vb,.aspx.vb,2,no,
MesaAyuda,WebGestor/MesaAyuda/AdminProblemas_Registrar_Fecha.aspx,AdminProblemas_Registrar_Fecha.aspx,.aspx,2,sí,WebGestor/MesaAyuda/AdminProblemas_Registrar_Fecha.aspx.vb
MesaAyuda,WebGestor/MesaAyuda/AdminProblemas_Registrar_Fecha.aspx.vb,AdminProblemas_Registrar_Fecha.aspx.vb,.aspx.vb,2,no,
MesaAyuda,WebGestor/MesaAyuda/AdminProblemas_Registrar_Usuario.aspx,AdminProblemas_Registrar_Usuario.aspx,.aspx,2,sí,WebGestor/MesaAyuda/AdminProblemas_Registrar_Usuario.aspx.vb
MesaAyuda,WebGestor/MesaAyuda/AdminProblemas_Registrar_Usuario.aspx.vb,AdminProblemas_Registrar_Usuario.aspx.vb,.aspx.vb,2,no,
MesaAyuda,WebGestor/MesaAyuda/AdminProblemas_Reportar.aspx,AdminProblemas_Reportar.aspx,.aspx,2,sí,WebGestor/MesaAyuda/AdminProblemas_Reportar.aspx.vb
MesaAyuda,WebGestor/MesaAyuda/AdminProblemas_Reportar.aspx.vb,AdminProblemas_Reportar.aspx.vb,.aspx.vb,2,no,
MesaAyuda,WebGestor/MesaAyuda/PagPrincipal_MesaAyuda.master.vb,PagPrincipal_MesaAyuda.master.vb,.vb,2,no,
WebGestor,WebGestor/MP_Principal.master.vb,MP_Principal.master.vb,.vb,1,no,
WebGestor,WebGestor/MProyLeft.ascx,MProyLeft.ascx,.ascx,1,no,
WebGestor,WebGestor/MProyLeft.ascx.vb,MProyLeft.ascx.vb,.vb,1,no,
WebGestor,WebGestor/MProyRight.ascx,MProyRight.ascx,.ascx,1,no,
WebGestor,WebGestor/MProyRight.ascx.vb,MProyRight.ascx.vb,.vb,1,no,
My Project,WebGestor/My Project/Application.Designer.vb,Application.Designer.vb,.vb,2,no,
My Project,WebGestor/My Project/AssemblyInfo.vb,AssemblyInfo.vb,.vb,2,no,
My Project,WebGestor/My Project/MyExtensions/MyWebExtension.vb,MyWebExtension.vb,.vb,3,no,
My Project,WebGestor/My Project/Resources.Designer.vb,Resources.Designer.vb,.vb,2,no,
My Project,WebGestor/My Project/Settings.Designer.vb,Settings.Designer.vb,.vb,2,no,
OperadorLogistico,WebGestor/OperadorLogistico/Inventario_Archivo_Telefonica.aspx,Inventario_Archivo_Telefonica.aspx,.aspx,2,sí,WebGestor/OperadorLogistico/Inventario_Archivo_Telefonica.aspx.vb
OperadorLogistico,WebGestor/OperadorLogistico/Inventario_Archivo_Telefonica.aspx.vb,Inventario_Archivo_Telefonica.aspx.vb,.aspx.vb,2,no,
OperadorLogistico,WebGestor/OperadorLogistico/Inventario_CargaAgenda.aspx,Inventario_CargaAgenda.aspx,.aspx,2,sí,WebGestor/OperadorLogistico/Inventario_CargaAgenda.aspx.vb
OperadorLogistico,WebGestor/OperadorLogistico/Inventario_CargaAgenda.aspx.vb,Inventario_CargaAgenda.aspx.vb,.aspx.vb,2,no,
OperadorLogistico,WebGestor/OperadorLogistico/Inventario_GuiaArchivo.aspx,Inventario_GuiaArchivo.aspx,.aspx,2,sí,WebGestor/OperadorLogistico/Inventario_GuiaArchivo.aspx.vb
OperadorLogistico,WebGestor/OperadorLogistico/Inventario_GuiaArchivo.aspx.vb,Inventario_GuiaArchivo.aspx.vb,.aspx.vb,2,no,
OperadorLogistico,WebGestor/OperadorLogistico/Inventario_GuiaRemision.aspx,Inventario_GuiaRemision.aspx,.aspx,2,sí,WebGestor/OperadorLogistico/Inventario_GuiaRemision.aspx.vb
OperadorLogistico,WebGestor/OperadorLogistico/Inventario_GuiaRemision.aspx.vb,Inventario_GuiaRemision.aspx.vb,.aspx.vb,2,no,
OperadorLogistico,WebGestor/OperadorLogistico/Inventario_GuiaRemision_Admin.aspx,Inventario_GuiaRemision_Admin.aspx,.aspx,2,sí,WebGestor/OperadorLogistico/Inventario_GuiaRemision_Admin.aspx.vb
OperadorLogistico,WebGestor/OperadorLogistico/Inventario_GuiaRemision_Admin.aspx.vb,Inventario_GuiaRemision_Admin.aspx.vb,.aspx.vb,2,no,
OperadorLogistico,WebGestor/OperadorLogistico/Inventario_GuiaRemision_CargaArch.aspx,Inventario_GuiaRemision_CargaArch.aspx,.aspx,2,sí,WebGestor/OperadorLogistico/Inventario_GuiaRemision_CargaArch.aspx.vb
OperadorLogistico,WebGestor/OperadorLogistico/Inventario_GuiaRemision_CargaArch.aspx.vb,Inventario_GuiaRemision_CargaArch.aspx.vb,.aspx.vb,2,no,
OperadorLogistico,WebGestor/OperadorLogistico/Inventario_GuiaRemision_CargaArch_Admin.aspx,Inventario_GuiaRemision_CargaArch_Admin.aspx,.aspx,2,sí,WebGestor/OperadorLogistico/Inventario_GuiaRemision_CargaArch_Admin.aspx.vb
OperadorLogistico,WebGestor/OperadorLogistico/Inventario_GuiaRemision_CargaArch_Admin.aspx.vb,Inventario_GuiaRemision_CargaArch_Admin.aspx.vb,.aspx.vb,2,no,
OperadorLogistico,WebGestor/OperadorLogistico/Inventario_GuiaRemision_Update.aspx,Inventario_GuiaRemision_Update.aspx,.aspx,2,sí,WebGestor/OperadorLogistico/Inventario_GuiaRemision_Update.aspx.vb
OperadorLogistico,WebGestor/OperadorLogistico/Inventario_GuiaRemision_Update.aspx.vb,Inventario_GuiaRemision_Update.aspx.vb,.aspx.vb,2,no,
OperadorLogistico,WebGestor/OperadorLogistico/Inventario_Personas.aspx,Inventario_Personas.aspx,.aspx,2,sí,WebGestor/OperadorLogistico/Inventario_Personas.aspx.vb
OperadorLogistico,WebGestor/OperadorLogistico/Inventario_Personas.aspx.vb,Inventario_Personas.aspx.vb,.aspx.vb,2,no,
OperadorLogistico,WebGestor/OperadorLogistico/Inventario_Personas_xFechaEntrega.aspx,Inventario_Personas_xFechaEntrega.aspx,.aspx,2,sí,WebGestor/OperadorLogistico/Inventario_Personas_xFechaEntrega.aspx.vb
OperadorLogistico,WebGestor/OperadorLogistico/Inventario_Personas_xFechaEntrega.aspx.vb,Inventario_Personas_xFechaEntrega.aspx.vb,.aspx.vb,2,no,
OperadorLogistico,WebGestor/OperadorLogistico/PagPrincipal_OpLogistico.master.vb,PagPrincipal_OpLogistico.master.vb,.vb,2,no,
WebGestor,WebGestor/packages.config,packages.config,.config,1,no,
WebGestor,WebGestor/PaginaMaestra_Web.master.vb,PaginaMaestra_Web.master.vb,.vb,1,no,
WebGestor,WebGestor/PaginaPrincipal.aspx,PaginaPrincipal.aspx,.aspx,1,sí,WebGestor/PaginaPrincipal.aspx.vb
WebGestor,WebGestor/PaginaPrincipal.aspx.vb,PaginaPrincipal.aspx.vb,.aspx.vb,1,no,
WebGestor,WebGestor/PagPrincipal.master.vb,PagPrincipal.master.vb,.vb,1,no,
WebGestor,WebGestor/PagPrincipal_A.master.vb,PagPrincipal_A.master.vb,.vb,1,no,
PersonalAgenda,WebGestor/PersonalAgenda/Agenda_Citas.aspx,Agenda_Citas.aspx,.aspx,2,sí,WebGestor/PersonalAgenda/Agenda_Citas.aspx.vb
PersonalAgenda,WebGestor/PersonalAgenda/Agenda_Citas.aspx.vb,Agenda_Citas.aspx.vb,.aspx.vb,2,no,
PersonalAgenda,WebGestor/PersonalAgenda/Agenda_Entrevista.aspx,Agenda_Entrevista.aspx,.aspx,2,sí,WebGestor/PersonalAgenda/Agenda_Entrevista.aspx.vb
PersonalAgenda,WebGestor/PersonalAgenda/Agenda_Entrevista.aspx.vb,Agenda_Entrevista.aspx.vb,.aspx.vb,2,no,
PersonalAgenda,WebGestor/PersonalAgenda/Agenda_Tablas.aspx,Agenda_Tablas.aspx,.aspx,2,sí,WebGestor/PersonalAgenda/Agenda_Tablas.aspx.vb
PersonalAgenda,WebGestor/PersonalAgenda/Agenda_Tablas.aspx.vb,Agenda_Tablas.aspx.vb,.aspx.vb,2,no,
PersonalAgenda,WebGestor/PersonalAgenda/PagPrincipal_PersonalAgenda.master.vb,PagPrincipal_PersonalAgenda.master.vb,.vb,2,no,
plugins,WebGestor/plugins/bootstrap-slider/bootstrap-slider.js,bootstrap-slider.js,.js,3,no,
plugins,WebGestor/plugins/bootstrap-wysihtml5/bootstrap3-wysihtml5.all.min.js,bootstrap3-wysihtml5.all.min.js,.js,3,no,
plugins,WebGestor/plugins/bootstrap-wysihtml5/bootstrap3-wysihtml5.js,bootstrap3-wysihtml5.js,.js,3,no,
plugins,WebGestor/plugins/chartjs/Chart.js,Chart.js,.js,3,no,
plugins,WebGestor/plugins/chartjs/Chart.min.js,Chart.min.js,.js,3,no,
plugins,WebGestor/plugins/ckeditor/adapters/jquery.js,jquery.js,.js,4,no,
plugins,WebGestor/plugins/ckeditor/build-config.js,build-config.js,.js,3,no,
plugins,WebGestor/plugins/ckeditor/ckeditor.js,ckeditor.js,.js,3,no,
plugins,WebGestor/plugins/ckeditor/config.js,config.js,.js,3,no,
plugins,WebGestor/plugins/ckeditor/lang/af.js,af.js,.js,4,no,
plugins,WebGestor/plugins/ckeditor/lang/ar.js,ar.js,.js,4,no,
plugins,WebGestor/plugins/ckeditor/lang/bg.js,bg.js,.js,4,no,
plugins,WebGestor/plugins/ckeditor/lang/bn.js,bn.js,.js,4,no,
plugins,WebGestor/plugins/ckeditor/lang/bs.js,bs.js,.js,4,no,
plugins,WebGestor/plugins/ckeditor/lang/ca.js,ca.js,.js,4,no,
plugins,WebGestor/plugins/ckeditor/lang/cs.js,cs.js,.js,4,no,
plugins,WebGestor/plugins/ckeditor/lang/cy.js,cy.js,.js,4,no,
plugins,WebGestor/plugins/ckeditor/lang/da.js,da.js,.js,4,no,
plugins,WebGestor/plugins/ckeditor/lang/de.js,de.js,.js,4,no,
plugins,WebGestor/plugins/ckeditor/lang/el.js,el.js,.js,4,no,
plugins,WebGestor/plugins/ckeditor/lang/en-au.js,en-au.js,.js,4,no,
plugins,WebGestor/plugins/ckeditor/lang/en-ca.js,en-ca.js,.js,4,no,
plugins,WebGestor/plugins/ckeditor/lang/en-gb.js,en-gb.js,.js,4,no,
plugins,WebGestor/plugins/ckeditor/lang/en.js,en.js,.js,4,no,
plugins,WebGestor/plugins/ckeditor/lang/eo.js,eo.js,.js,4,no,
plugins,WebGestor/plugins/ckeditor/lang/es.js,es.js,.js,4,no,
plugins,WebGestor/plugins/ckeditor/lang/et.js,et.js,.js,4,no,
plugins,WebGestor/plugins/ckeditor/lang/eu.js,eu.js,.js,4,no,
plugins,WebGestor/plugins/ckeditor/lang/fa.js,fa.js,.js,4,no,
plugins,WebGestor/plugins/ckeditor/lang/fi.js,fi.js,.js,4,no,
plugins,WebGestor/plugins/ckeditor/lang/fo.js,fo.js,.js,4,no,
plugins,WebGestor/plugins/ckeditor/lang/fr-ca.js,fr-ca.js,.js,4,no,
plugins,WebGestor/plugins/ckeditor/lang/fr.js,fr.js,.js,4,no,
plugins,WebGestor/plugins/ckeditor/lang/gl.js,gl.js,.js,4,no,
plugins,WebGestor/plugins/ckeditor/lang/gu.js,gu.js,.js,4,no,
plugins,WebGestor/plugins/ckeditor/lang/he.js,he.js,.js,4,no,
plugins,WebGestor/plugins/ckeditor/lang/hi.js,hi.js,.js,4,no,
plugins,WebGestor/plugins/ckeditor/lang/hr.js,hr.js,.js,4,no,
plugins,WebGestor/plugins/ckeditor/lang/hu.js,hu.js,.js,4,no,
plugins,WebGestor/plugins/ckeditor/lang/id.js,id.js,.js,4,no,
plugins,WebGestor/plugins/ckeditor/lang/is.js,is.js,.js,4,no,
plugins,WebGestor/plugins/ckeditor/lang/it.js,it.js,.js,4,no,
plugins,WebGestor/plugins/ckeditor/lang/ja.js,ja.js,.js,4,no,
plugins,WebGestor/plugins/ckeditor/lang/ka.js,ka.js,.js,4,no,
plugins,WebGestor/plugins/ckeditor/lang/km.js,km.js,.js,4,no,
plugins,WebGestor/plugins/ckeditor/lang/ko.js,ko.js,.js,4,no,
plugins,WebGestor/plugins/ckeditor/lang/ku.js,ku.js,.js,4,no,
plugins,WebGestor/plugins/ckeditor/lang/lt.js,lt.js,.js,4,no,
plugins,WebGestor/plugins/ckeditor/lang/lv.js,lv.js,.js,4,no,
plugins,WebGestor/plugins/ckeditor/lang/mk.js,mk.js,.js,4,no,
plugins,WebGestor/plugins/ckeditor/lang/mn.js,mn.js,.js,4,no,
plugins,WebGestor/plugins/ckeditor/lang/ms.js,ms.js,.js,4,no,
plugins,WebGestor/plugins/ckeditor/lang/nb.js,nb.js,.js,4,no,
plugins,WebGestor/plugins/ckeditor/lang/nl.js,nl.js,.js,4,no,
plugins,WebGestor/plugins/ckeditor/lang/no.js,no.js,.js,4,no,
plugins,WebGestor/plugins/ckeditor/lang/pl.js,pl.js,.js,4,no,
plugins,WebGestor/plugins/ckeditor/lang/pt-br.js,pt-br.js,.js,4,no,
plugins,WebGestor/plugins/ckeditor/lang/pt.js,pt.js,.js,4,no,
plugins,WebGestor/plugins/ckeditor/lang/ro.js,ro.js,.js,4,no,
plugins,WebGestor/plugins/ckeditor/lang/ru.js,ru.js,.js,4,no,
plugins,WebGestor/plugins/ckeditor/lang/si.js,si.js,.js,4,no,
plugins,WebGestor/plugins/ckeditor/lang/sk.js,sk.js,.js,4,no,
plugins,WebGestor/plugins/ckeditor/lang/sl.js,sl.js,.js,4,no,
plugins,WebGestor/plugins/ckeditor/lang/sq.js,sq.js,.js,4,no,
plugins,WebGestor/plugins/ckeditor/lang/sr-latn.js,sr-latn.js,.js,4,no,
plugins,WebGestor/plugins/ckeditor/lang/sr.js,sr.js,.js,4,no,
plugins,WebGestor/plugins/ckeditor/lang/sv.js,sv.js,.js,4,no,
plugins,WebGestor/plugins/ckeditor/lang/th.js,th.js,.js,4,no,
plugins,WebGestor/plugins/ckeditor/lang/tr.js,tr.js,.js,4,no,
plugins,WebGestor/plugins/ckeditor/lang/ug.js,ug.js,.js,4,no,
plugins,WebGestor/plugins/ckeditor/lang/uk.js,uk.js,.js,4,no,
plugins,WebGestor/plugins/ckeditor/lang/vi.js,vi.js,.js,4,no,
plugins,WebGestor/plugins/ckeditor/lang/zh-cn.js,zh-cn.js,.js,4,no,
plugins,WebGestor/plugins/ckeditor/lang/zh.js,zh.js,.js,4,no,
plugins,WebGestor/plugins/ckeditor/plugins/a11yhelp/dialogs/a11yhelp.js,a11yhelp.js,.js,6,no,
plugins,WebGestor/plugins/ckeditor/plugins/a11yhelp/dialogs/lang/ar.js,ar.js,.js,7,no,
plugins,WebGestor/plugins/ckeditor/plugins/a11yhelp/dialogs/lang/bg.js,bg.js,.js,7,no,
plugins,WebGestor/plugins/ckeditor/plugins/a11yhelp/dialogs/lang/ca.js,ca.js,.js,7,no,
plugins,WebGestor/plugins/ckeditor/plugins/a11yhelp/dialogs/lang/cs.js,cs.js,.js,7,no,
plugins,WebGestor/plugins/ckeditor/plugins/a11yhelp/dialogs/lang/cy.js,cy.js,.js,7,no,
plugins,WebGestor/plugins/ckeditor/plugins/a11yhelp/dialogs/lang/da.js,da.js,.js,7,no,
plugins,WebGestor/plugins/ckeditor/plugins/a11yhelp/dialogs/lang/de.js,de.js,.js,7,no,
plugins,WebGestor/plugins/ckeditor/plugins/a11yhelp/dialogs/lang/el.js,el.js,.js,7,no,
plugins,WebGestor/plugins/ckeditor/plugins/a11yhelp/dialogs/lang/en.js,en.js,.js,7,no,
plugins,WebGestor/plugins/ckeditor/plugins/a11yhelp/dialogs/lang/eo.js,eo.js,.js,7,no,
plugins,WebGestor/plugins/ckeditor/plugins/a11yhelp/dialogs/lang/es.js,es.js,.js,7,no,
plugins,WebGestor/plugins/ckeditor/plugins/a11yhelp/dialogs/lang/et.js,et.js,.js,7,no,
plugins,WebGestor/plugins/ckeditor/plugins/a11yhelp/dialogs/lang/fa.js,fa.js,.js,7,no,
plugins,WebGestor/plugins/ckeditor/plugins/a11yhelp/dialogs/lang/fi.js,fi.js,.js,7,no,
plugins,WebGestor/plugins/ckeditor/plugins/a11yhelp/dialogs/lang/fr-ca.js,fr-ca.js,.js,7,no,
plugins,WebGestor/plugins/ckeditor/plugins/a11yhelp/dialogs/lang/fr.js,fr.js,.js,7,no,
plugins,WebGestor/plugins/ckeditor/plugins/a11yhelp/dialogs/lang/gl.js,gl.js,.js,7,no,
plugins,WebGestor/plugins/ckeditor/plugins/a11yhelp/dialogs/lang/gu.js,gu.js,.js,7,no,
plugins,WebGestor/plugins/ckeditor/plugins/a11yhelp/dialogs/lang/he.js,he.js,.js,7,no,
plugins,WebGestor/plugins/ckeditor/plugins/a11yhelp/dialogs/lang/hi.js,hi.js,.js,7,no,
plugins,WebGestor/plugins/ckeditor/plugins/a11yhelp/dialogs/lang/hr.js,hr.js,.js,7,no,
plugins,WebGestor/plugins/ckeditor/plugins/a11yhelp/dialogs/lang/hu.js,hu.js,.js,7,no,
plugins,WebGestor/plugins/ckeditor/plugins/a11yhelp/dialogs/lang/id.js,id.js,.js,7,no,
plugins,WebGestor/plugins/ckeditor/plugins/a11yhelp/dialogs/lang/it.js,it.js,.js,7,no,
plugins,WebGestor/plugins/ckeditor/plugins/a11yhelp/dialogs/lang/ja.js,ja.js,.js,7,no,
plugins,WebGestor/plugins/ckeditor/plugins/a11yhelp/dialogs/lang/km.js,km.js,.js,7,no,
plugins,WebGestor/plugins/ckeditor/plugins/a11yhelp/dialogs/lang/ko.js,ko.js,.js,7,no,
plugins,WebGestor/plugins/ckeditor/plugins/a11yhelp/dialogs/lang/ku.js,ku.js,.js,7,no,
plugins,WebGestor/plugins/ckeditor/plugins/a11yhelp/dialogs/lang/lt.js,lt.js,.js,7,no,
plugins,WebGestor/plugins/ckeditor/plugins/a11yhelp/dialogs/lang/lv.js,lv.js,.js,7,no,
plugins,WebGestor/plugins/ckeditor/plugins/a11yhelp/dialogs/lang/mk.js,mk.js,.js,7,no,
plugins,WebGestor/plugins/ckeditor/plugins/a11yhelp/dialogs/lang/mn.js,mn.js,.js,7,no,
plugins,WebGestor/plugins/ckeditor/plugins/a11yhelp/dialogs/lang/nb.js,nb.js,.js,7,no,
plugins,WebGestor/plugins/ckeditor/plugins/a11yhelp/dialogs/lang/nl.js,nl.js,.js,7,no,
plugins,WebGestor/plugins/ckeditor/plugins/a11yhelp/dialogs/lang/no.js,no.js,.js,7,no,
plugins,WebGestor/plugins/ckeditor/plugins/a11yhelp/dialogs/lang/pl.js,pl.js,.js,7,no,
plugins,WebGestor/plugins/ckeditor/plugins/a11yhelp/dialogs/lang/pt-br.js,pt-br.js,.js,7,no,
plugins,WebGestor/plugins/ckeditor/plugins/a11yhelp/dialogs/lang/pt.js,pt.js,.js,7,no,
plugins,WebGestor/plugins/ckeditor/plugins/a11yhelp/dialogs/lang/ro.js,ro.js,.js,7,no,
plugins,WebGestor/plugins/ckeditor/plugins/a11yhelp/dialogs/lang/ru.js,ru.js,.js,7,no,
plugins,WebGestor/plugins/ckeditor/plugins/a11yhelp/dialogs/lang/si.js,si.js,.js,7,no,
plugins,WebGestor/plugins/ckeditor/plugins/a11yhelp/dialogs/lang/sk.js,sk.js,.js,7,no,
plugins,WebGestor/plugins/ckeditor/plugins/a11yhelp/dialogs/lang/sl.js,sl.js,.js,7,no,
plugins,WebGestor/plugins/ckeditor/plugins/a11yhelp/dialogs/lang/sq.js,sq.js,.js,7,no,
plugins,WebGestor/plugins/ckeditor/plugins/a11yhelp/dialogs/lang/sr-latn.js,sr-latn.js,.js,7,no,
plugins,WebGestor/plugins/ckeditor/plugins/a11yhelp/dialogs/lang/sr.js,sr.js,.js,7,no,
plugins,WebGestor/plugins/ckeditor/plugins/a11yhelp/dialogs/lang/sv.js,sv.js,.js,7,no,
plugins,WebGestor/plugins/ckeditor/plugins/a11yhelp/dialogs/lang/th.js,th.js,.js,7,no,
plugins,WebGestor/plugins/ckeditor/plugins/a11yhelp/dialogs/lang/tr.js,tr.js,.js,7,no,
plugins,WebGestor/plugins/ckeditor/plugins/a11yhelp/dialogs/lang/ug.js,ug.js,.js,7,no,
plugins,WebGestor/plugins/ckeditor/plugins/a11yhelp/dialogs/lang/uk.js,uk.js,.js,7,no,
plugins,WebGestor/plugins/ckeditor/plugins/a11yhelp/dialogs/lang/vi.js,vi.js,.js,7,no,
plugins,WebGestor/plugins/ckeditor/plugins/a11yhelp/dialogs/lang/zh-cn.js,zh-cn.js,.js,7,no,
plugins,WebGestor/plugins/ckeditor/plugins/a11yhelp/dialogs/lang/zh.js,zh.js,.js,7,no,
plugins,WebGestor/plugins/ckeditor/plugins/about/dialogs/about.js,about.js,.js,6,no,
plugins,WebGestor/plugins/ckeditor/plugins/clipboard/dialogs/paste.js,paste.js,.js,6,no,
plugins,WebGestor/plugins/ckeditor/plugins/dialog/dialogDefinition.js,dialogDefinition.js,.js,5,no,
plugins,WebGestor/plugins/ckeditor/plugins/image/dialogs/image.js,image.js,.js,6,no,
plugins,WebGestor/plugins/ckeditor/plugins/link/dialogs/anchor.js,anchor.js,.js,6,no,
plugins,WebGestor/plugins/ckeditor/plugins/link/dialogs/link.js,link.js,.js,6,no,
plugins,WebGestor/plugins/ckeditor/plugins/pastefromword/filter/default.js,default.js,.js,6,no,
plugins,WebGestor/plugins/ckeditor/plugins/scayt/dialogs/options.js,options.js,.js,6,no,
plugins,WebGestor/plugins/ckeditor/plugins/specialchar/dialogs/lang/ar.js,ar.js,.js,7,no,
plugins,WebGestor/plugins/ckeditor/plugins/specialchar/dialogs/lang/bg.js,bg.js,.js,7,no,
plugins,WebGestor/plugins/ckeditor/plugins/specialchar/dialogs/lang/ca.js,ca.js,.js,7,no,
plugins,WebGestor/plugins/ckeditor/plugins/specialchar/dialogs/lang/cs.js,cs.js,.js,7,no,
plugins,WebGestor/plugins/ckeditor/plugins/specialchar/dialogs/lang/cy.js,cy.js,.js,7,no,
plugins,WebGestor/plugins/ckeditor/plugins/specialchar/dialogs/lang/de.js,de.js,.js,7,no,
plugins,WebGestor/plugins/ckeditor/plugins/specialchar/dialogs/lang/el.js,el.js,.js,7,no,
plugins,WebGestor/plugins/ckeditor/plugins/specialchar/dialogs/lang/en.js,en.js,.js,7,no,
plugins,WebGestor/plugins/ckeditor/plugins/specialchar/dialogs/lang/eo.js,eo.js,.js,7,no,
plugins,WebGestor/plugins/ckeditor/plugins/specialchar/dialogs/lang/es.js,es.js,.js,7,no,
plugins,WebGestor/plugins/ckeditor/plugins/specialchar/dialogs/lang/et.js,et.js,.js,7,no,
plugins,WebGestor/plugins/ckeditor/plugins/specialchar/dialogs/lang/fa.js,fa.js,.js,7,no,
plugins,WebGestor/plugins/ckeditor/plugins/specialchar/dialogs/lang/fi.js,fi.js,.js,7,no,
plugins,WebGestor/plugins/ckeditor/plugins/specialchar/dialogs/lang/fr-ca.js,fr-ca.js,.js,7,no,
plugins,WebGestor/plugins/ckeditor/plugins/specialchar/dialogs/lang/fr.js,fr.js,.js,7,no,
plugins,WebGestor/plugins/ckeditor/plugins/specialchar/dialogs/lang/gl.js,gl.js,.js,7,no,
plugins,WebGestor/plugins/ckeditor/plugins/specialchar/dialogs/lang/he.js,he.js,.js,7,no,
plugins,WebGestor/plugins/ckeditor/plugins/specialchar/dialogs/lang/hr.js,hr.js,.js,7,no,
plugins,WebGestor/plugins/ckeditor/plugins/specialchar/dialogs/lang/hu.js,hu.js,.js,7,no,
plugins,WebGestor/plugins/ckeditor/plugins/specialchar/dialogs/lang/id.js,id.js,.js,7,no,
plugins,WebGestor/plugins/ckeditor/plugins/specialchar/dialogs/lang/it.js,it.js,.js,7,no,
plugins,WebGestor/plugins/ckeditor/plugins/specialchar/dialogs/lang/ja.js,ja.js,.js,7,no,
plugins,WebGestor/plugins/ckeditor/plugins/specialchar/dialogs/lang/km.js,km.js,.js,7,no,
plugins,WebGestor/plugins/ckeditor/plugins/specialchar/dialogs/lang/ku.js,ku.js,.js,7,no,
plugins,WebGestor/plugins/ckeditor/plugins/specialchar/dialogs/lang/lv.js,lv.js,.js,7,no,
plugins,WebGestor/plugins/ckeditor/plugins/specialchar/dialogs/lang/nb.js,nb.js,.js,7,no,
plugins,WebGestor/plugins/ckeditor/plugins/specialchar/dialogs/lang/nl.js,nl.js,.js,7,no,
plugins,WebGestor/plugins/ckeditor/plugins/specialchar/dialogs/lang/no.js,no.js,.js,7,no,
plugins,WebGestor/plugins/ckeditor/plugins/specialchar/dialogs/lang/pl.js,pl.js,.js,7,no,
plugins,WebGestor/plugins/ckeditor/plugins/specialchar/dialogs/lang/pt-br.js,pt-br.js,.js,7,no,
plugins,WebGestor/plugins/ckeditor/plugins/specialchar/dialogs/lang/pt.js,pt.js,.js,7,no,
plugins,WebGestor/plugins/ckeditor/plugins/specialchar/dialogs/lang/ru.js,ru.js,.js,7,no,
plugins,WebGestor/plugins/ckeditor/plugins/specialchar/dialogs/lang/si.js,si.js,.js,7,no,
plugins,WebGestor/plugins/ckeditor/plugins/specialchar/dialogs/lang/sk.js,sk.js,.js,7,no,
plugins,WebGestor/plugins/ckeditor/plugins/specialchar/dialogs/lang/sl.js,sl.js,.js,7,no,
plugins,WebGestor/plugins/ckeditor/plugins/specialchar/dialogs/lang/sq.js,sq.js,.js,7,no,
plugins,WebGestor/plugins/ckeditor/plugins/specialchar/dialogs/lang/sv.js,sv.js,.js,7,no,
plugins,WebGestor/plugins/ckeditor/plugins/specialchar/dialogs/lang/th.js,th.js,.js,7,no,
plugins,WebGestor/plugins/ckeditor/plugins/specialchar/dialogs/lang/tr.js,tr.js,.js,7,no,
plugins,WebGestor/plugins/ckeditor/plugins/specialchar/dialogs/lang/ug.js,ug.js,.js,7,no,
plugins,WebGestor/plugins/ckeditor/plugins/specialchar/dialogs/lang/uk.js,uk.js,.js,7,no,
plugins,WebGestor/plugins/ckeditor/plugins/specialchar/dialogs/lang/vi.js,vi.js,.js,7,no,
plugins,WebGestor/plugins/ckeditor/plugins/specialchar/dialogs/lang/zh-cn.js,zh-cn.js,.js,7,no,
plugins,WebGestor/plugins/ckeditor/plugins/specialchar/dialogs/lang/zh.js,zh.js,.js,7,no,
plugins,WebGestor/plugins/ckeditor/plugins/specialchar/dialogs/specialchar.js,specialchar.js,.js,6,no,
plugins,WebGestor/plugins/ckeditor/plugins/table/dialogs/table.js,table.js,.js,6,no,
plugins,WebGestor/plugins/ckeditor/plugins/tabletools/dialogs/tableCell.js,tableCell.js,.js,6,no,
plugins,WebGestor/plugins/ckeditor/plugins/wsc/dialogs/wsc.js,wsc.js,.js,6,no,
plugins,WebGestor/plugins/ckeditor/plugins/wsc/dialogs/wsc_ie.js,wsc_ie.js,.js,6,no,
plugins,WebGestor/plugins/ckeditor/styles.js,styles.js,.js,3,no,
plugins,WebGestor/plugins/colorpicker/bootstrap-colorpicker.js,bootstrap-colorpicker.js,.js,3,no,
plugins,WebGestor/plugins/colorpicker/bootstrap-colorpicker.min.js,bootstrap-colorpicker.min.js,.js,3,no,
plugins,WebGestor/plugins/datatables/dataTables.bootstrap.js,dataTables.bootstrap.js,.js,3,no,
plugins,WebGestor/plugins/datatables/dataTables.bootstrap.min.js,dataTables.bootstrap.min.js,.js,3,no,
plugins,WebGestor/plugins/datatables/extensions/AutoFill/js/dataTables.autoFill.js,dataTables.autoFill.js,.js,6,no,
plugins,WebGestor/plugins/datatables/extensions/AutoFill/js/dataTables.autoFill.min.js,dataTables.autoFill.min.js,.js,6,no,
plugins,WebGestor/plugins/datatables/extensions/ColReorder/js/dataTables.colReorder.js,dataTables.colReorder.js,.js,6,no,
plugins,WebGestor/plugins/datatables/extensions/ColReorder/js/dataTables.colReorder.min.js,dataTables.colReorder.min.js,.js,6,no,
plugins,WebGestor/plugins/datatables/extensions/ColVis/js/dataTables.colVis.js,dataTables.colVis.js,.js,6,no,
plugins,WebGestor/plugins/datatables/extensions/ColVis/js/dataTables.colVis.min.js,dataTables.colVis.min.js,.js,6,no,
plugins,WebGestor/plugins/datatables/extensions/FixedColumns/js/dataTables.fixedColumns.js,dataTables.fixedColumns.js,.js,6,no,
plugins,WebGestor/plugins/datatables/extensions/FixedColumns/js/dataTables.fixedColumns.min.js,dataTables.fixedColumns.min.js,.js,6,no,
plugins,WebGestor/plugins/datatables/extensions/FixedHeader/js/dataTables.fixedHeader.js,dataTables.fixedHeader.js,.js,6,no,
plugins,WebGestor/plugins/datatables/extensions/FixedHeader/js/dataTables.fixedHeader.min.js,dataTables.fixedHeader.min.js,.js,6,no,
plugins,WebGestor/plugins/datatables/extensions/KeyTable/js/dataTables.keyTable.js,dataTables.keyTable.js,.js,6,no,
plugins,WebGestor/plugins/datatables/extensions/KeyTable/js/dataTables.keyTable.min.js,dataTables.keyTable.min.js,.js,6,no,
plugins,WebGestor/plugins/datatables/extensions/Responsive/js/dataTables.responsive.js,dataTables.responsive.js,.js,6,no,
plugins,WebGestor/plugins/datatables/extensions/Responsive/js/dataTables.responsive.min.js,dataTables.responsive.min.js,.js,6,no,
plugins,WebGestor/plugins/datatables/extensions/Scroller/js/dataTables.scroller.js,dataTables.scroller.js,.js,6,no,
plugins,WebGestor/plugins/datatables/extensions/Scroller/js/dataTables.scroller.min.js,dataTables.scroller.min.js,.js,6,no,
plugins,WebGestor/plugins/datatables/extensions/TableTools/js/dataTables.tableTools.js,dataTables.tableTools.js,.js,6,no,
plugins,WebGestor/plugins/datatables/extensions/TableTools/js/dataTables.tableTools.min.js,dataTables.tableTools.min.js,.js,6,no,
plugins,WebGestor/plugins/datatables/jquery.dataTables.js,jquery.dataTables.js,.js,3,no,
plugins,WebGestor/plugins/datatables/jquery.dataTables.min.js,jquery.dataTables.min.js,.js,3,no,
plugins,WebGestor/plugins/datepicker/bootstrap-datepicker.js,bootstrap-datepicker.js,.js,3,no,
plugins,WebGestor/plugins/datepicker/locales/bootstrap-datepicker.ar.js,bootstrap-datepicker.ar.js,.js,4,no,
plugins,WebGestor/plugins/datepicker/locales/bootstrap-datepicker.az.js,bootstrap-datepicker.az.js,.js,4,no,
plugins,WebGestor/plugins/datepicker/locales/bootstrap-datepicker.bg.js,bootstrap-datepicker.bg.js,.js,4,no,
plugins,WebGestor/plugins/datepicker/locales/bootstrap-datepicker.ca.js,bootstrap-datepicker.ca.js,.js,4,no,
plugins,WebGestor/plugins/datepicker/locales/bootstrap-datepicker.cs.js,bootstrap-datepicker.cs.js,.js,4,no,
plugins,WebGestor/plugins/datepicker/locales/bootstrap-datepicker.cy.js,bootstrap-datepicker.cy.js,.js,4,no,
plugins,WebGestor/plugins/datepicker/locales/bootstrap-datepicker.da.js,bootstrap-datepicker.da.js,.js,4,no,
plugins,WebGestor/plugins/datepicker/locales/bootstrap-datepicker.de.js,bootstrap-datepicker.de.js,.js,4,no,
plugins,WebGestor/plugins/datepicker/locales/bootstrap-datepicker.el.js,bootstrap-datepicker.el.js,.js,4,no,
plugins,WebGestor/plugins/datepicker/locales/bootstrap-datepicker.es.js,bootstrap-datepicker.es.js,.js,4,no,
plugins,WebGestor/plugins/datepicker/locales/bootstrap-datepicker.et.js,bootstrap-datepicker.et.js,.js,4,no,
plugins,WebGestor/plugins/datepicker/locales/bootstrap-datepicker.fa.js,bootstrap-datepicker.fa.js,.js,4,no,
plugins,WebGestor/plugins/datepicker/locales/bootstrap-datepicker.fi.js,bootstrap-datepicker.fi.js,.js,4,no,
plugins,WebGestor/plugins/datepicker/locales/bootstrap-datepicker.fr.js,bootstrap-datepicker.fr.js,.js,4,no,
plugins,WebGestor/plugins/datepicker/locales/bootstrap-datepicker.gl.js,bootstrap-datepicker.gl.js,.js,4,no,
plugins,WebGestor/plugins/datepicker/locales/bootstrap-datepicker.he.js,bootstrap-datepicker.he.js,.js,4,no,
plugins,WebGestor/plugins/datepicker/locales/bootstrap-datepicker.hr.js,bootstrap-datepicker.hr.js,.js,4,no,
plugins,WebGestor/plugins/datepicker/locales/bootstrap-datepicker.hu.js,bootstrap-datepicker.hu.js,.js,4,no,
plugins,WebGestor/plugins/datepicker/locales/bootstrap-datepicker.id.js,bootstrap-datepicker.id.js,.js,4,no,
plugins,WebGestor/plugins/datepicker/locales/bootstrap-datepicker.is.js,bootstrap-datepicker.is.js,.js,4,no,
plugins,WebGestor/plugins/datepicker/locales/bootstrap-datepicker.it.js,bootstrap-datepicker.it.js,.js,4,no,
plugins,WebGestor/plugins/datepicker/locales/bootstrap-datepicker.ja.js,bootstrap-datepicker.ja.js,.js,4,no,
plugins,WebGestor/plugins/datepicker/locales/bootstrap-datepicker.ka.js,bootstrap-datepicker.ka.js,.js,4,no,
plugins,WebGestor/plugins/datepicker/locales/bootstrap-datepicker.kk.js,bootstrap-datepicker.kk.js,.js,4,no,
plugins,WebGestor/plugins/datepicker/locales/bootstrap-datepicker.kr.js,bootstrap-datepicker.kr.js,.js,4,no,
plugins,WebGestor/plugins/datepicker/locales/bootstrap-datepicker.lt.js,bootstrap-datepicker.lt.js,.js,4,no,
plugins,WebGestor/plugins/datepicker/locales/bootstrap-datepicker.lv.js,bootstrap-datepicker.lv.js,.js,4,no,
plugins,WebGestor/plugins/datepicker/locales/bootstrap-datepicker.mk.js,bootstrap-datepicker.mk.js,.js,4,no,
plugins,WebGestor/plugins/datepicker/locales/bootstrap-datepicker.ms.js,bootstrap-datepicker.ms.js,.js,4,no,
plugins,WebGestor/plugins/datepicker/locales/bootstrap-datepicker.nb.js,bootstrap-datepicker.nb.js,.js,4,no,
plugins,WebGestor/plugins/datepicker/locales/bootstrap-datepicker.nl-BE.js,bootstrap-datepicker.nl-BE.js,.js,4,no,
plugins,WebGestor/plugins/datepicker/locales/bootstrap-datepicker.nl.js,bootstrap-datepicker.nl.js,.js,4,no,
plugins,WebGestor/plugins/datepicker/locales/bootstrap-datepicker.no.js,bootstrap-datepicker.no.js,.js,4,no,
plugins,WebGestor/plugins/datepicker/locales/bootstrap-datepicker.pl.js,bootstrap-datepicker.pl.js,.js,4,no,
plugins,WebGestor/plugins/datepicker/locales/bootstrap-datepicker.pt-BR.js,bootstrap-datepicker.pt-BR.js,.js,4,no,
plugins,WebGestor/plugins/datepicker/locales/bootstrap-datepicker.pt.js,bootstrap-datepicker.pt.js,.js,4,no,
plugins,WebGestor/plugins/datepicker/locales/bootstrap-datepicker.ro.js,bootstrap-datepicker.ro.js,.js,4,no,
plugins,WebGestor/plugins/datepicker/locales/bootstrap-datepicker.rs-latin.js,bootstrap-datepicker.rs-latin.js,.js,4,no,
plugins,WebGestor/plugins/datepicker/locales/bootstrap-datepicker.rs.js,bootstrap-datepicker.rs.js,.js,4,no,
plugins,WebGestor/plugins/datepicker/locales/bootstrap-datepicker.ru.js,bootstrap-datepicker.ru.js,.js,4,no,
plugins,WebGestor/plugins/datepicker/locales/bootstrap-datepicker.sk.js,bootstrap-datepicker.sk.js,.js,4,no,
plugins,WebGestor/plugins/datepicker/locales/bootstrap-datepicker.sl.js,bootstrap-datepicker.sl.js,.js,4,no,
plugins,WebGestor/plugins/datepicker/locales/bootstrap-datepicker.sq.js,bootstrap-datepicker.sq.js,.js,4,no,
plugins,WebGestor/plugins/datepicker/locales/bootstrap-datepicker.sv.js,bootstrap-datepicker.sv.js,.js,4,no,
plugins,WebGestor/plugins/datepicker/locales/bootstrap-datepicker.sw.js,bootstrap-datepicker.sw.js,.js,4,no,
plugins,WebGestor/plugins/datepicker/locales/bootstrap-datepicker.th.js,bootstrap-datepicker.th.js,.js,4,no,
plugins,WebGestor/plugins/datepicker/locales/bootstrap-datepicker.tr.js,bootstrap-datepicker.tr.js,.js,4,no,
plugins,WebGestor/plugins/datepicker/locales/bootstrap-datepicker.ua.js,bootstrap-datepicker.ua.js,.js,4,no,
plugins,WebGestor/plugins/datepicker/locales/bootstrap-datepicker.vi.js,bootstrap-datepicker.vi.js,.js,4,no,
plugins,WebGestor/plugins/datepicker/locales/bootstrap-datepicker.zh-CN.js,bootstrap-datepicker.zh-CN.js,.js,4,no,
plugins,WebGestor/plugins/datepicker/locales/bootstrap-datepicker.zh-TW.js,bootstrap-datepicker.zh-TW.js,.js,4,no,
plugins,WebGestor/plugins/daterangepicker/daterangepicker.js,daterangepicker.js,.js,3,no,
plugins,WebGestor/plugins/daterangepicker/moment.js,moment.js,.js,3,no,
plugins,WebGestor/plugins/daterangepicker/moment.min.js,moment.min.js,.js,3,no,
plugins,WebGestor/plugins/fastclick/fastclick.js,fastclick.js,.js,3,no,
plugins,WebGestor/plugins/fastclick/fastclick.min.js,fastclick.min.js,.js,3,no,
plugins,WebGestor/plugins/flot/excanvas.js,excanvas.js,.js,3,no,
plugins,WebGestor/plugins/flot/excanvas.min.js,excanvas.min.js,.js,3,no,
plugins,WebGestor/plugins/flot/jquery.colorhelpers.js,jquery.colorhelpers.js,.js,3,no,
plugins,WebGestor/plugins/flot/jquery.colorhelpers.min.js,jquery.colorhelpers.min.js,.js,3,no,
plugins,WebGestor/plugins/flot/jquery.flot.canvas.js,jquery.flot.canvas.js,.js,3,no,
plugins,WebGestor/plugins/flot/jquery.flot.canvas.min.js,jquery.flot.canvas.min.js,.js,3,no,
plugins,WebGestor/plugins/flot/jquery.flot.categories.js,jquery.flot.categories.js,.js,3,no,
plugins,WebGestor/plugins/flot/jquery.flot.categories.min.js,jquery.flot.categories.min.js,.js,3,no,
plugins,WebGestor/plugins/flot/jquery.flot.crosshair.js,jquery.flot.crosshair.js,.js,3,no,
plugins,WebGestor/plugins/flot/jquery.flot.crosshair.min.js,jquery.flot.crosshair.min.js,.js,3,no,
plugins,WebGestor/plugins/flot/jquery.flot.errorbars.js,jquery.flot.errorbars.js,.js,3,no,
plugins,WebGestor/plugins/flot/jquery.flot.errorbars.min.js,jquery.flot.errorbars.min.js,.js,3,no,
plugins,WebGestor/plugins/flot/jquery.flot.fillbetween.js,jquery.flot.fillbetween.js,.js,3,no,
plugins,WebGestor/plugins/flot/jquery.flot.fillbetween.min.js,jquery.flot.fillbetween.min.js,.js,3,no,
plugins,WebGestor/plugins/flot/jquery.flot.image.js,jquery.flot.image.js,.js,3,no,
plugins,WebGestor/plugins/flot/jquery.flot.image.min.js,jquery.flot.image.min.js,.js,3,no,
plugins,WebGestor/plugins/flot/jquery.flot.js,jquery.flot.js,.js,3,no,
plugins,WebGestor/plugins/flot/jquery.flot.min.js,jquery.flot.min.js,.js,3,no,
plugins,WebGestor/plugins/flot/jquery.flot.navigate.js,jquery.flot.navigate.js,.js,3,no,
plugins,WebGestor/plugins/flot/jquery.flot.navigate.min.js,jquery.flot.navigate.min.js,.js,3,no,
plugins,WebGestor/plugins/flot/jquery.flot.pie.js,jquery.flot.pie.js,.js,3,no,
plugins,WebGestor/plugins/flot/jquery.flot.pie.min.js,jquery.flot.pie.min.js,.js,3,no,
plugins,WebGestor/plugins/flot/jquery.flot.resize.js,jquery.flot.resize.js,.js,3,no,
plugins,WebGestor/plugins/flot/jquery.flot.resize.min.js,jquery.flot.resize.min.js,.js,3,no,
plugins,WebGestor/plugins/flot/jquery.flot.selection.js,jquery.flot.selection.js,.js,3,no,
plugins,WebGestor/plugins/flot/jquery.flot.selection.min.js,jquery.flot.selection.min.js,.js,3,no,
plugins,WebGestor/plugins/flot/jquery.flot.stack.js,jquery.flot.stack.js,.js,3,no,
plugins,WebGestor/plugins/flot/jquery.flot.stack.min.js,jquery.flot.stack.min.js,.js,3,no,
plugins,WebGestor/plugins/flot/jquery.flot.symbol.js,jquery.flot.symbol.js,.js,3,no,
plugins,WebGestor/plugins/flot/jquery.flot.symbol.min.js,jquery.flot.symbol.min.js,.js,3,no,
plugins,WebGestor/plugins/flot/jquery.flot.threshold.js,jquery.flot.threshold.js,.js,3,no,
plugins,WebGestor/plugins/flot/jquery.flot.threshold.min.js,jquery.flot.threshold.min.js,.js,3,no,
plugins,WebGestor/plugins/flot/jquery.flot.time.js,jquery.flot.time.js,.js,3,no,
plugins,WebGestor/plugins/flot/jquery.flot.time.min.js,jquery.flot.time.min.js,.js,3,no,
plugins,WebGestor/plugins/fullcalendar/fullcalendar.js,fullcalendar.js,.js,3,no,
plugins,WebGestor/plugins/fullcalendar/fullcalendar.min.js,fullcalendar.min.js,.js,3,no,
plugins,WebGestor/plugins/iCheck/icheck.js,icheck.js,.js,3,no,
plugins,WebGestor/plugins/iCheck/icheck.min.js,icheck.min.js,.js,3,no,
plugins,WebGestor/plugins/input-mask/jquery.inputmask.date.extensions.js,jquery.inputmask.date.extensions.js,.js,3,no,
plugins,WebGestor/plugins/input-mask/jquery.inputmask.extensions.js,jquery.inputmask.extensions.js,.js,3,no,
plugins,WebGestor/plugins/input-mask/jquery.inputmask.js,jquery.inputmask.js,.js,3,no,
plugins,WebGestor/plugins/input-mask/jquery.inputmask.numeric.extensions.js,jquery.inputmask.numeric.extensions.js,.js,3,no,
plugins,WebGestor/plugins/input-mask/jquery.inputmask.phone.extensions.js,jquery.inputmask.phone.extensions.js,.js,3,no,
plugins,WebGestor/plugins/input-mask/jquery.inputmask.regex.extensions.js,jquery.inputmask.regex.extensions.js,.js,3,no,
plugins,WebGestor/plugins/ionslider/ion.rangeSlider.min.js,ion.rangeSlider.min.js,.js,3,no,
plugins,WebGestor/plugins/jQuery/jQuery-2.1.4.min.js,jQuery-2.1.4.min.js,.js,3,no,
plugins,WebGestor/plugins/jQueryUI/jquery-ui-1.10.3.js,jquery-ui-1.10.3.js,.js,3,no,
plugins,WebGestor/plugins/jQueryUI/jquery-ui-1.10.3.min.js,jquery-ui-1.10.3.min.js,.js,3,no,
plugins,WebGestor/plugins/jvectormap/jquery-jvectormap-1.2.2.min.js,jquery-jvectormap-1.2.2.min.js,.js,3,no,
plugins,WebGestor/plugins/jvectormap/jquery-jvectormap-world-mill-en.js,jquery-jvectormap-world-mill-en.js,.js,3,no,
plugins,WebGestor/plugins/knob/jquery.knob.js,jquery.knob.js,.js,3,no,
plugins,WebGestor/plugins/morris/morris.js,morris.js,.js,3,no,
plugins,WebGestor/plugins/morris/morris.min.js,morris.min.js,.js,3,no,
plugins,WebGestor/plugins/pace/pace.js,pace.js,.js,3,no,
plugins,WebGestor/plugins/slimScroll/jquery.slimscroll.js,jquery.slimscroll.js,.js,3,no,
plugins,WebGestor/plugins/slimScroll/jquery.slimscroll.min.js,jquery.slimscroll.min.js,.js,3,no,
plugins,WebGestor/plugins/sparkline/jquery.sparkline.js,jquery.sparkline.js,.js,3,no,
plugins,WebGestor/plugins/sparkline/jquery.sparkline.min.js,jquery.sparkline.min.js,.js,3,no,
plugins,WebGestor/plugins/timepicker/bootstrap-timepicker.js,bootstrap-timepicker.js,.js,3,no,
plugins,WebGestor/plugins/timepicker/bootstrap-timepicker.min.js,bootstrap-timepicker.min.js,.js,3,no,
WebGestor,WebGestor/Salida.aspx,Salida.aspx,.aspx,1,sí,WebGestor/Salida.aspx.vb
WebGestor,WebGestor/Salida.aspx.vb,Salida.aspx.vb,.aspx.vb,1,no,
Scripts,WebGestor/Scripts/bootstrap.js,bootstrap.js,.js,2,no,
Scripts,WebGestor/Scripts/bootstrap.min.js,bootstrap.min.js,.js,2,no,
Scripts,WebGestor/Scripts/jquery-3.3.1.intellisense.js,jquery-3.3.1.intellisense.js,.js,2,no,
Scripts,WebGestor/Scripts/jquery-3.3.1.js,jquery-3.3.1.js,.js,2,no,
Scripts,WebGestor/Scripts/jquery-3.3.1.min.js,jquery-3.3.1.min.js,.js,2,no,
Scripts,WebGestor/Scripts/jquery-3.3.1.slim.js,jquery-3.3.1.slim.js,.js,2,no,
Scripts,WebGestor/Scripts/jquery-3.3.1.slim.min.js,jquery-3.3.1.slim.min.js,.js,2,no,
Scripts,WebGestor/Scripts/modernizr-2.8.3.js,modernizr-2.8.3.js,.js,2,no,
Scripts,WebGestor/Scripts/WebForms/DetailsView.js,DetailsView.js,.js,3,no,
Scripts,WebGestor/Scripts/WebForms/Focus.js,Focus.js,.js,3,no,
Scripts,WebGestor/Scripts/WebForms/GridView.js,GridView.js,.js,3,no,
Scripts,WebGestor/Scripts/WebForms/Menu.js,Menu.js,.js,3,no,
Scripts,WebGestor/Scripts/WebForms/MenuStandards.js,MenuStandards.js,.js,3,no,
Scripts,WebGestor/Scripts/WebForms/MSAjax/MicrosoftAjax.js,MicrosoftAjax.js,.js,4,no,
Scripts,WebGestor/Scripts/WebForms/MSAjax/MicrosoftAjaxApplicationServices.js,MicrosoftAjaxApplicationServices.js,.js,4,no,
Scripts,WebGestor/Scripts/WebForms/MSAjax/MicrosoftAjaxComponentModel.js,MicrosoftAjaxComponentModel.js,.js,4,no,
Scripts,WebGestor/Scripts/WebForms/MSAjax/MicrosoftAjaxCore.js,MicrosoftAjaxCore.js,.js,4,no,
Scripts,WebGestor/Scripts/WebForms/MSAjax/MicrosoftAjaxGlobalization.js,MicrosoftAjaxGlobalization.js,.js,4,no,
Scripts,WebGestor/Scripts/WebForms/MSAjax/MicrosoftAjaxHistory.js,MicrosoftAjaxHistory.js,.js,4,no,
Scripts,WebGestor/Scripts/WebForms/MSAjax/MicrosoftAjaxNetwork.js,MicrosoftAjaxNetwork.js,.js,4,no,
Scripts,WebGestor/Scripts/WebForms/MSAjax/MicrosoftAjaxSerialization.js,MicrosoftAjaxSerialization.js,.js,4,no,
Scripts,WebGestor/Scripts/WebForms/MSAjax/MicrosoftAjaxTimer.js,MicrosoftAjaxTimer.js,.js,4,no,
Scripts,WebGestor/Scripts/WebForms/MSAjax/MicrosoftAjaxWebForms.js,MicrosoftAjaxWebForms.js,.js,4,no,
Scripts,WebGestor/Scripts/WebForms/MSAjax/MicrosoftAjaxWebServices.js,MicrosoftAjaxWebServices.js,.js,4,no,
Scripts,WebGestor/Scripts/WebForms/SmartNav.js,SmartNav.js,.js,3,no,
Scripts,WebGestor/Scripts/WebForms/TreeView.js,TreeView.js,.js,3,no,
Scripts,WebGestor/Scripts/WebForms/WebForms.js,WebForms.js,.js,3,no,
Scripts,WebGestor/Scripts/WebForms/WebParts.js,WebParts.js,.js,3,no,
Scripts,WebGestor/Scripts/WebForms/WebUIValidation.js,WebUIValidation.js,.js,3,no,
Servicio,WebGestor/Servicio/BaseDatos_Busqueda.aspx,BaseDatos_Busqueda.aspx,.aspx,2,sí,WebGestor/Servicio/BaseDatos_Busqueda.aspx.vb
Servicio,WebGestor/Servicio/BaseDatos_Busqueda.aspx.vb,BaseDatos_Busqueda.aspx.vb,.aspx.vb,2,no,
Servicio,WebGestor/Servicio/BaseDatos_Definicion.aspx,BaseDatos_Definicion.aspx,.aspx,2,sí,WebGestor/Servicio/BaseDatos_Definicion.aspx.vb
Servicio,WebGestor/Servicio/BaseDatos_Definicion.aspx.vb,BaseDatos_Definicion.aspx.vb,.aspx.vb,2,no,
Servicio,WebGestor/Servicio/Gestion_Inspeccion_Desplazamiento.aspx,Gestion_Inspeccion_Desplazamiento.aspx,.aspx,2,sí,WebGestor/Servicio/Gestion_Inspeccion_Desplazamiento.aspx.vb
Servicio,WebGestor/Servicio/Gestion_Inspeccion_Desplazamiento.aspx.vb,Gestion_Inspeccion_Desplazamiento.aspx.vb,.aspx.vb,2,no,
Servicio,WebGestor/Servicio/Inspeccion_Centro_Costos.aspx,Inspeccion_Centro_Costos.aspx,.aspx,2,sí,WebGestor/Servicio/Inspeccion_Centro_Costos.aspx.vb
Servicio,WebGestor/Servicio/Inspeccion_Centro_Costos.aspx.vb,Inspeccion_Centro_Costos.aspx.vb,.aspx.vb,2,no,
Servicio,WebGestor/Servicio/Inspeccion_Detalle.aspx,Inspeccion_Detalle.aspx,.aspx,2,sí,WebGestor/Servicio/Inspeccion_Detalle.aspx.vb
Servicio,WebGestor/Servicio/Inspeccion_Detalle.aspx.vb,Inspeccion_Detalle.aspx.vb,.aspx.vb,2,no,
Servicio,WebGestor/Servicio/Inspeccion_Documentos_Ayuda.aspx,Inspeccion_Documentos_Ayuda.aspx,.aspx,2,sí,WebGestor/Servicio/Inspeccion_Documentos_Ayuda.aspx.vb
Servicio,WebGestor/Servicio/Inspeccion_Documentos_Ayuda.aspx.vb,Inspeccion_Documentos_Ayuda.aspx.vb,.aspx.vb,2,no,
Servicio,WebGestor/Servicio/Inspeccion_Equipo_Mantenimiento.aspx,Inspeccion_Equipo_Mantenimiento.aspx,.aspx,2,sí,WebGestor/Servicio/Inspeccion_Equipo_Mantenimiento.aspx.vb
Servicio,WebGestor/Servicio/Inspeccion_Equipo_Mantenimiento.aspx.vb,Inspeccion_Equipo_Mantenimiento.aspx.vb,.aspx.vb,2,no,
Servicio,WebGestor/Servicio/Inspeccion_Lista_DatosAdicionales.aspx,Inspeccion_Lista_DatosAdicionales.aspx,.aspx,2,sí,WebGestor/Servicio/Inspeccion_Lista_DatosAdicionales.aspx.vb
Servicio,WebGestor/Servicio/Inspeccion_Lista_DatosAdicionales.aspx.vb,Inspeccion_Lista_DatosAdicionales.aspx.vb,.aspx.vb,2,no,
Servicio,WebGestor/Servicio/Inspeccion_Lista_DatosAdicionales_Usuarios.aspx,Inspeccion_Lista_DatosAdicionales_Usuarios.aspx,.aspx,2,sí,WebGestor/Servicio/Inspeccion_Lista_DatosAdicionales_Usuarios.aspx.vb
Servicio,WebGestor/Servicio/Inspeccion_Lista_DatosAdicionales_Usuarios.aspx.vb,Inspeccion_Lista_DatosAdicionales_Usuarios.aspx.vb,.aspx.vb,2,no,
Servicio,WebGestor/Servicio/Inspeccion_Lista_Documento.aspx,Inspeccion_Lista_Documento.aspx,.aspx,2,sí,WebGestor/Servicio/Inspeccion_Lista_Documento.aspx.vb
Servicio,WebGestor/Servicio/Inspeccion_Lista_Documento.aspx.vb,Inspeccion_Lista_Documento.aspx.vb,.aspx.vb,2,no,
Servicio,WebGestor/Servicio/Inspeccion_Lista_OfPendiente.aspx,Inspeccion_Lista_OfPendiente.aspx,.aspx,2,sí,WebGestor/Servicio/Inspeccion_Lista_OfPendiente.aspx.vb
Servicio,WebGestor/Servicio/Inspeccion_Lista_OfPendiente.aspx.vb,Inspeccion_Lista_OfPendiente.aspx.vb,.aspx.vb,2,no,
Servicio,WebGestor/Servicio/Inspeccion_ListaDetalleOficina.aspx,Inspeccion_ListaDetalleOficina.aspx,.aspx,2,sí,WebGestor/Servicio/Inspeccion_ListaDetalleOficina.aspx.vb
Servicio,WebGestor/Servicio/Inspeccion_ListaDetalleOficina.aspx.vb,Inspeccion_ListaDetalleOficina.aspx.vb,.aspx.vb,2,no,
Servicio,WebGestor/Servicio/Inspeccion_Listado.aspx,Inspeccion_Listado.aspx,.aspx,2,sí,WebGestor/Servicio/Inspeccion_Listado.aspx.vb
Servicio,WebGestor/Servicio/Inspeccion_Listado.aspx.vb,Inspeccion_Listado.aspx.vb,.aspx.vb,2,no,
Servicio,WebGestor/Servicio/Inspeccion_RegistrarVisitas.aspx,Inspeccion_RegistrarVisitas.aspx,.aspx,2,sí,WebGestor/Servicio/Inspeccion_RegistrarVisitas.aspx.vb
Servicio,WebGestor/Servicio/Inspeccion_RegistrarVisitas.aspx.vb,Inspeccion_RegistrarVisitas.aspx.vb,.aspx.vb,2,no,
Servicio,WebGestor/Servicio/Inspeccion_Reporte_ReqAd.aspx,Inspeccion_Reporte_ReqAd.aspx,.aspx,2,sí,WebGestor/Servicio/Inspeccion_Reporte_ReqAd.aspx.vb
Servicio,WebGestor/Servicio/Inspeccion_Reporte_ReqAd.aspx.vb,Inspeccion_Reporte_ReqAd.aspx.vb,.aspx.vb,2,no,
Servicio,WebGestor/Servicio/Inspeccion_Resumen.aspx,Inspeccion_Resumen.aspx,.aspx,2,sí,WebGestor/Servicio/Inspeccion_Resumen.aspx.vb
Servicio,WebGestor/Servicio/Inspeccion_Resumen.aspx.vb,Inspeccion_Resumen.aspx.vb,.aspx.vb,2,no,
Servicio,WebGestor/Servicio/PagPrincipal_Servicio.master.vb,PagPrincipal_Servicio.master.vb,.vb,2,no,
Servicio,WebGestor/Servicio/Temas/att empresa.sql,att empresa.sql,.sql,3,no,
ServicioIntegral,WebGestor/ServicioIntegral/PagPrincipal_Servicio.master.vb,PagPrincipal_Servicio.master.vb,.vb,2,no,
ServicioIntegral,WebGestor/ServicioIntegral/SIntegral_Registrar_Servicio.aspx,SIntegral_Registrar_Servicio.aspx,.aspx,2,sí,WebGestor/ServicioIntegral/SIntegral_Registrar_Servicio.aspx.vb
ServicioIntegral,WebGestor/ServicioIntegral/SIntegral_Registrar_Servicio.aspx.vb,SIntegral_Registrar_Servicio.aspx.vb,.aspx.vb,2,no,
ServicioIntegral,WebGestor/ServicioIntegral/SIntegral_Servicio.aspx,SIntegral_Servicio.aspx,.aspx,2,sí,WebGestor/ServicioIntegral/SIntegral_Servicio.aspx.vb
ServicioIntegral,WebGestor/ServicioIntegral/SIntegral_Servicio.aspx.vb,SIntegral_Servicio.aspx.vb,.aspx.vb,2,no,
ServicioIntegral,WebGestor/ServicioIntegral/SIntegral_Servicio_Detalle_.aspx,SIntegral_Servicio_Detalle_.aspx,.aspx,2,sí,WebGestor/ServicioIntegral/SIntegral_Servicio_Detalle_.aspx.vb
ServicioIntegral,WebGestor/ServicioIntegral/SIntegral_Servicio_Detalle_.aspx.vb,SIntegral_Servicio_Detalle_.aspx.vb,.aspx.vb,2,no,
ServicioIntegral,WebGestor/ServicioIntegral/SIntegral_Servicio_Proveedor.aspx,SIntegral_Servicio_Proveedor.aspx,.aspx,2,sí,WebGestor/ServicioIntegral/SIntegral_Servicio_Proveedor.aspx.vb
ServicioIntegral,WebGestor/ServicioIntegral/SIntegral_Servicio_Proveedor.aspx.vb,SIntegral_Servicio_Proveedor.aspx.vb,.aspx.vb,2,no,
Sistema,WebGestor/Sistema/General_Relacion_Categoria_Usuario.aspx,General_Relacion_Categoria_Usuario.aspx,.aspx,2,sí,WebGestor/Sistema/General_Relacion_Categoria_Usuario.aspx.vb
Sistema,WebGestor/Sistema/General_Relacion_Categoria_Usuario.aspx.vb,General_Relacion_Categoria_Usuario.aspx.vb,.aspx.vb,2,no,
Sistema,WebGestor/Sistema/Mantenimiento_TablasEspeciales.aspx,Mantenimiento_TablasEspeciales.aspx,.aspx,2,sí,WebGestor/Sistema/Mantenimiento_TablasEspeciales.aspx.vb
Sistema,WebGestor/Sistema/Mantenimiento_TablasEspeciales.aspx.vb,Mantenimiento_TablasEspeciales.aspx.vb,.aspx.vb,2,no,
Sistema,WebGestor/Sistema/Mantenimiento_TablasEspeciales_Activar.aspx,Mantenimiento_TablasEspeciales_Activar.aspx,.aspx,2,sí,WebGestor/Sistema/Mantenimiento_TablasEspeciales_Activar.aspx.vb
Sistema,WebGestor/Sistema/Mantenimiento_TablasEspeciales_Activar.aspx.vb,Mantenimiento_TablasEspeciales_Activar.aspx.vb,.aspx.vb,2,no,
Sistema,WebGestor/Sistema/PagPrincipal.master.vb,PagPrincipal.master.vb,.vb,2,no,
Sistema,WebGestor/Sistema/Personal_Mostrar.aspx,Personal_Mostrar.aspx,.aspx,2,sí,WebGestor/Sistema/Personal_Mostrar.aspx.vb
Sistema,WebGestor/Sistema/Personal_Mostrar.aspx.vb,Personal_Mostrar.aspx.vb,.aspx.vb,2,no,
Sistema,WebGestor/Sistema/SegSistem_Exportar_Datos.aspx,SegSistem_Exportar_Datos.aspx,.aspx,2,sí,WebGestor/Sistema/SegSistem_Exportar_Datos.aspx.vb
Sistema,WebGestor/Sistema/SegSistem_Exportar_Datos.aspx.vb,SegSistem_Exportar_Datos.aspx.vb,.aspx.vb,2,no,
Sistema,WebGestor/Sistema/SegSistema_CambioContraseña.aspx,SegSistema_CambioContraseña.aspx,.aspx,2,sí,WebGestor/Sistema/SegSistema_CambioContraseña.aspx.vb
Sistema,WebGestor/Sistema/SegSistema_CambioContraseña.aspx.vb,SegSistema_CambioContraseña.aspx.vb,.aspx.vb,2,no,
Sistema,WebGestor/Sistema/SegSistema_Mant_Modulos.aspx,SegSistema_Mant_Modulos.aspx,.aspx,2,sí,WebGestor/Sistema/SegSistema_Mant_Modulos.aspx.vb
Sistema,WebGestor/Sistema/SegSistema_Mant_Modulos.aspx.vb,SegSistema_Mant_Modulos.aspx.vb,.aspx.vb,2,no,
Sistema,WebGestor/Sistema/SegSistema_Mant_Paginas.aspx,SegSistema_Mant_Paginas.aspx,.aspx,2,sí,WebGestor/Sistema/SegSistema_Mant_Paginas.aspx.vb
Sistema,WebGestor/Sistema/SegSistema_Mant_Paginas.aspx.vb,SegSistema_Mant_Paginas.aspx.vb,.aspx.vb,2,no,
Sistema,WebGestor/Sistema/SegSistema_Mant_Perfiles.aspx,SegSistema_Mant_Perfiles.aspx,.aspx,2,sí,WebGestor/Sistema/SegSistema_Mant_Perfiles.aspx.vb
Sistema,WebGestor/Sistema/SegSistema_Mant_Perfiles.aspx.vb,SegSistema_Mant_Perfiles.aspx.vb,.aspx.vb,2,no,
Sistema,WebGestor/Sistema/SegSistema_Mant_Usuarios.aspx,SegSistema_Mant_Usuarios.aspx,.aspx,2,sí,WebGestor/Sistema/SegSistema_Mant_Usuarios.aspx.vb
Sistema,WebGestor/Sistema/SegSistema_Mant_Usuarios.aspx.vb,SegSistema_Mant_Usuarios.aspx.vb,.aspx.vb,2,no,
Sistema,WebGestor/Sistema/SegSistema_MensajeOk.aspx,SegSistema_MensajeOk.aspx,.aspx,2,sí,WebGestor/Sistema/SegSistema_MensajeOk.aspx.vb
Sistema,WebGestor/Sistema/SegSistema_MensajeOk.aspx.vb,SegSistema_MensajeOk.aspx.vb,.aspx.vb,2,no,
Sistema,WebGestor/Sistema/SegSistema_MenuPrincipal.aspx,SegSistema_MenuPrincipal.aspx,.aspx,2,sí,WebGestor/Sistema/SegSistema_MenuPrincipal.aspx.vb
Sistema,WebGestor/Sistema/SegSistema_MenuPrincipal.aspx.vb,SegSistema_MenuPrincipal.aspx.vb,.aspx.vb,2,no,
Sistema,WebGestor/Sistema/SegSistema_NuevoUsuario.aspx,SegSistema_NuevoUsuario.aspx,.aspx,2,sí,WebGestor/Sistema/SegSistema_NuevoUsuario.aspx.vb
Sistema,WebGestor/Sistema/SegSistema_NuevoUsuario.aspx.vb,SegSistema_NuevoUsuario.aspx.vb,.aspx.vb,2,no,
Sistema,WebGestor/Sistema/SegSistema_OlvidoContraseña.aspx,SegSistema_OlvidoContraseña.aspx,.aspx,2,sí,WebGestor/Sistema/SegSistema_OlvidoContraseña.aspx.vb
Sistema,WebGestor/Sistema/SegSistema_OlvidoContraseña.aspx.vb,SegSistema_OlvidoContraseña.aspx.vb,.aspx.vb,2,no,
Sistema,WebGestor/Sistema/Tablas_Especiales_Mantenimiento.aspx,Tablas_Especiales_Mantenimiento.aspx,.aspx,2,sí,WebGestor/Sistema/Tablas_Especiales_Mantenimiento.aspx.vb
Sistema,WebGestor/Sistema/Tablas_Especiales_Mantenimiento.aspx.vb,Tablas_Especiales_Mantenimiento.aspx.vb,.aspx.vb,2,no,
WebGestor,WebGestor/Site.Master.designer.vb,Site.Master.designer.vb,.vb,1,no,
WebGestor,WebGestor/Site.Master.vb,Site.Master.vb,.vb,1,no,
WebGestor,WebGestor/Site.Mobile.Master.designer.vb,Site.Mobile.Master.designer.vb,.vb,1,no,
WebGestor,WebGestor/Site.Mobile.Master.vb,Site.Mobile.Master.vb,.vb,1,no,
WebGestor,WebGestor/TerminaSesion.aspx,TerminaSesion.aspx,.aspx,1,sí,WebGestor/TerminaSesion.aspx.vb
WebGestor,WebGestor/TerminaSesion.aspx.vb,TerminaSesion.aspx.vb,.aspx.vb,1,no,
Ventas,WebGestor/Ventas/Graficos.aspx,Graficos.aspx,.aspx,2,sí,WebGestor/Ventas/Graficos.aspx.vb
Ventas,WebGestor/Ventas/Graficos.aspx.vb,Graficos.aspx.vb,.aspx.vb,2,no,
Ventas,WebGestor/Ventas/MasterPage.master.vb,MasterPage.master.vb,.vb,2,no,
Ventas,WebGestor/Ventas/PagPrincipal_Nuevo.master.vb,PagPrincipal_Nuevo.master.vb,.vb,2,no,
Ventas,WebGestor/Ventas/PagPrincipal_Venta.master.vb,PagPrincipal_Venta.master.vb,.vb,2,no,
Ventas,WebGestor/Ventas/Ventas_BusArticulos.aspx,Ventas_BusArticulos.aspx,.aspx,2,sí,WebGestor/Ventas/Ventas_BusArticulos.aspx.vb
Ventas,WebGestor/Ventas/Ventas_BusArticulos.aspx.vb,Ventas_BusArticulos.aspx.vb,.aspx.vb,2,no,
Ventas,WebGestor/Ventas/Ventas_Cotizar_Proveedor.aspx,Ventas_Cotizar_Proveedor.aspx,.aspx,2,sí,WebGestor/Ventas/Ventas_Cotizar_Proveedor.aspx.vb
Ventas,WebGestor/Ventas/Ventas_Cotizar_Proveedor.aspx.vb,Ventas_Cotizar_Proveedor.aspx.vb,.aspx.vb,2,no,
Ventas,WebGestor/Ventas/Ventas_Delivery.aspx,Ventas_Delivery.aspx,.aspx,2,sí,WebGestor/Ventas/Ventas_Delivery.aspx.vb
Ventas,WebGestor/Ventas/Ventas_Delivery.aspx.vb,Ventas_Delivery.aspx.vb,.aspx.vb,2,no,
Ventas,WebGestor/Ventas/Ventas_Grafica.aspx,Ventas_Grafica.aspx,.aspx,2,sí,WebGestor/Ventas/Ventas_Grafica.aspx.vb
Ventas,WebGestor/Ventas/Ventas_Grafica.aspx.vb,Ventas_Grafica.aspx.vb,.aspx.vb,2,no,
Ventas,WebGestor/Ventas/Ventas_Ingresa_OrdenCompra.aspx,Ventas_Ingresa_OrdenCompra.aspx,.aspx,2,sí,WebGestor/Ventas/Ventas_Ingresa_OrdenCompra.aspx.vb
Ventas,WebGestor/Ventas/Ventas_Ingresa_OrdenCompra.aspx.vb,Ventas_Ingresa_OrdenCompra.aspx.vb,.aspx.vb,2,no,
Ventas,WebGestor/Ventas/Ventas_Punto.aspx,Ventas_Punto.aspx,.aspx,2,sí,WebGestor/Ventas/Ventas_Punto.aspx.vb
Ventas,WebGestor/Ventas/Ventas_Punto.aspx.vb,Ventas_Punto.aspx.vb,.aspx.vb,2,no,
Ventas,WebGestor/Ventas/Ventas_Punto_Cliente.aspx,Ventas_Punto_Cliente.aspx,.aspx,2,sí,WebGestor/Ventas/Ventas_Punto_Cliente.aspx.vb
Ventas,WebGestor/Ventas/Ventas_Punto_Cliente.aspx.vb,Ventas_Punto_Cliente.aspx.vb,.aspx.vb,2,no,
Ventas,WebGestor/Ventas/Ventas_Registro_Oportunidades.aspx,Ventas_Registro_Oportunidades.aspx,.aspx,2,sí,WebGestor/Ventas/Ventas_Registro_Oportunidades.aspx.vb
Ventas,WebGestor/Ventas/Ventas_Registro_Oportunidades.aspx.vb,Ventas_Registro_Oportunidades.aspx.vb,.aspx.vb,2,no,
WebGestor,WebGestor/ViewSwitcher.ascx,ViewSwitcher.ascx,.ascx,1,no,
WebGestor,WebGestor/ViewSwitcher.ascx.designer.vb,ViewSwitcher.ascx.designer.vb,.vb,1,no,
WebGestor,WebGestor/ViewSwitcher.ascx.vb,ViewSwitcher.ascx.vb,.vb,1,no,
WebGestor,WebGestor/Web.config,Web.config,.config,1,no,
WebGestor,WebGestor/Web.Debug.config,Web.Debug.config,.config,1,no,
WebGestor,WebGestor/Web.Release.config,Web.Release.config,.config,1,no,
WebGestor,WebGestor/Web2.config,Web2.config,.config,1,no,
WebCam_Plugin,WebGestor/WebCam_Plugin/jquery.webcam.js,jquery.webcam.js,.js,2,no,
