path_rel,dir,file,ext,size_bytes,mtime_utc,sha1,loc,is_page_aspx,has_codebehind,codebehind_path
.git/FETCH_HEAD,.git,FETCH_HEAD,,99,2025-11-10T02:16:22Z,e096d2a0c1367e4868f18482f90c925651ee5e52,,0,0,
.git/HEAD,.git,HEAD,,21,2025-11-10T02:16:24Z,03bd201d0d227bfe405643388324e4cbb0439a2b,,0,0,
.git/config,.git,config,,92,2025-11-10T02:16:24Z,26a1226361adeb5aafa1eb45c058f1c2943a875e,,0,0,
.git/description,.git,description,,73,2025-11-10T02:16:16Z,9635f1b7e12c045212819dd934d809ef07efa2f4,,0,0,
.git/hooks/applypatch-msg.sample,.git/hooks,applypatch-msg.sample,.sample,478,2025-11-10T02:16:16Z,4de88eb95a5e93fd27e78b5fb3b5231a8d8917dd,,0,0,
.git/hooks/commit-msg.sample,.git/hooks,commit-msg.sample,.sample,896,2025-11-10T02:16:16Z,ee1ed5aad98a435f2020b6de35c173b75d9affac,,0,0,
.git/hooks/fsmonitor-watchman.sample,.git/hooks,fsmonitor-watchman.sample,.sample,4726,2025-11-10T02:16:16Z,0ec0ec9ac11111433d17ea79e0ae8cec650dcfa4,,0,0,
.git/hooks/post-update.sample,.git/hooks,post-update.sample,.sample,189,2025-11-10T02:16:16Z,b614c2f63da7dca9f1db2e7ade61ef30448fc96c,,0,0,
.git/hooks/pre-applypatch.sample,.git/hooks,pre-applypatch.sample,.sample,424,2025-11-10T02:16:16Z,f208287c1a92525de9f5462e905a9d31de1e2d75,,0,0,
.git/hooks/pre-commit.sample,.git/hooks,pre-commit.sample,.sample,1643,2025-11-10T02:16:16Z,a79d057388ee2c2fe6561d7697f1f5efcff96f23,,0,0,
.git/hooks/pre-merge-commit.sample,.git/hooks,pre-merge-commit.sample,.sample,416,2025-11-10T02:16:16Z,04c64e58bc25c149482ed45dbd79e40effb89eb7,,0,0,
.git/hooks/pre-push.sample,.git/hooks,pre-push.sample,.sample,1374,2025-11-10T02:16:16Z,a599b773b930ca83dbc3a5c7c13059ac4a6eaedc,,0,0,
.git/hooks/pre-rebase.sample,.git/hooks,pre-rebase.sample,.sample,4898,2025-11-10T02:16:16Z,288efdc0027db4cfd8b7c47c4aeddba09b6ded12,,0,0,
.git/hooks/pre-receive.sample,.git/hooks,pre-receive.sample,.sample,544,2025-11-10T02:16:16Z,705a17d259e7896f0082fe2e9f2c0c3b127be5ac,,0,0,
.git/hooks/prepare-commit-msg.sample,.git/hooks,prepare-commit-msg.sample,.sample,1492,2025-11-10T02:16:16Z,2584806ba147152ae005cb675aa4f01d5d068456,,0,0,
.git/hooks/push-to-checkout.sample,.git/hooks,push-to-checkout.sample,.sample,2783,2025-11-10T02:16:16Z,508240328c8b55f8157c93c43bf5e291e5d2fbcb,,0,0,
.git/hooks/sendemail-validate.sample,.git/hooks,sendemail-validate.sample,.sample,2308,2025-11-10T02:16:16Z,74cf1d5415a5c03c110240f749491297d65c4c98,,0,0,
.git/hooks/update.sample,.git/hooks,update.sample,.sample,3650,2025-11-10T02:16:16Z,730e6bd5225478bab6147b7a62a6e2ae21d40507,,0,0,
.git/index,.git,index,,566213,2025-11-10T02:16:24Z,e286be3dea6f33db8d4a95b75eea342edf49fcb3,,0,0,
.git/info/exclude,.git/info,exclude,,240,2025-11-10T02:16:16Z,c879df015d97615050afa7b9641e3352a1e701ac,,0,0,
.git/logs/HEAD,.git/logs,HEAD,,161,2025-11-10T02:16:24Z,59456cdcb97a8012a88ec9610b62c42b2b2fdcc2,,0,0,
.git/logs/refs/heads/work,.git/logs/refs/heads,work,,156,2025-11-10T02:16:24Z,c0dd65961a2b87c0d0dc15b68a9868526841ef52,,0,0,
.git/objects/pack/pack-efa7bce6b9fd8c932aa2ec93cc7d1b119e6143e0.idx,.git/objects/pack,pack-efa7bce6b9fd8c932aa2ec93cc7d1b119e6143e0.idx,.idx,134576,2025-11-10T02:16:21Z,9ecd32ff832c1b0dec7efaae3559a281073a8e6d,,0,0,
.git/objects/pack/pack-efa7bce6b9fd8c932aa2ec93cc7d1b119e6143e0.pack,.git/objects/pack,pack-efa7bce6b9fd8c932aa2ec93cc7d1b119e6143e0.pack,.pack,106884502,2025-11-10T02:16:21Z,6ddc49d7e857bcb3709f5ff255ebaab80df53797,,0,0,
.git/objects/pack/pack-efa7bce6b9fd8c932aa2ec93cc7d1b119e6143e0.rev,.git/objects/pack,pack-efa7bce6b9fd8c932aa2ec93cc7d1b119e6143e0.rev,.rev,19124,2025-11-10T02:16:21Z,6a8a8257410e396f64b6473381dd063b2f7b2515,,0,0,
.git/packed-refs,.git,packed-refs,,46,2025-11-10T02:16:24Z,b87768695bbfa0ff94952151224ddeb01ed48767,,0,0,
.git/refs/heads/work,.git/refs/heads,work,,41,2025-11-10T02:16:24Z,97114856e4000c1d5d8a499a16687426b634f469,,0,0,
.gitattributes,.,.gitattributes,,2518,2025-11-10T02:16:22Z,2c1741fb1014d41275cf6193f806ae86cc951f25,,0,0,
.gitignore,.,.gitignore,,4305,2025-11-10T02:16:22Z,45cb9223331e7a27fdd722d0a4c8b5ebb602c72b,,0,0,
WebGestor/.gitignore,WebGestor,.gitignore,,183,2025-11-10T02:16:22Z,f5032059d492fe77b639a95ac19798b42d0dedc3,,0,0,
WebGestor/About.aspx,WebGestor,About.aspx,.aspx,376,2025-11-10T02:16:22Z,4df17892701f1272df1ae47eedb942930800b715,6,1,1,WebGestor/About.aspx.vb
WebGestor/About.aspx.designer.vb,WebGestor,About.aspx.designer.vb,.vb,455,2025-11-10T02:16:22Z,6658ad61d3b4784599591962cef71dfbf4b08da1,5,0,0,
WebGestor/About.aspx.vb,WebGestor,About.aspx.vb,.vb,153,2025-11-10T02:16:22Z,95c1fd6862af6e40f6ec5b815b4efbf7e0fc45e9,5,0,0,
WebGestor/App_Code/Class1.vb,WebGestor/App_Code,Class1.vb,.vb,2164,2025-11-10T02:16:22Z,ef2e9a168b749f18d8837b2d0dd3f3253fc782c7,51,0,0,
WebGestor/App_Code/ClsAgencia.vb,WebGestor/App_Code,ClsAgencia.vb,.vb,8895,2025-11-10T02:16:22Z,ad593b899ab4c87686609f49cc7caecd1422dbdc,114,0,0,
WebGestor/App_Code/ClsCRM_BaseDatos.vb,WebGestor/App_Code,ClsCRM_BaseDatos.vb,.vb,10086,2025-11-10T02:16:22Z,0111d2b8403a2408a8790501ca5d85ad28da7f36,168,0,0,
WebGestor/App_Code/ClsFinanza.vb,WebGestor/App_Code,ClsFinanza.vb,.vb,1414,2025-11-10T02:16:22Z,9b9da0b94dff4a117b5ef2167c340cc01fbbfa6a,23,0,0,
WebGestor/App_Code/ClsGtp_Listados.vb,WebGestor/App_Code,ClsGtp_Listados.vb,.vb,9468,2025-11-10T02:16:22Z,deb29cb4c03dcd094dee81b9cae7d2896fe56eb3,168,0,0,
WebGestor/App_Code/ClsGtp_Procesos.vb,WebGestor/App_Code,ClsGtp_Procesos.vb,.vb,4701,2025-11-10T02:16:22Z,7f3344cd72cbacce7a9f1324381ac1bc8153b093,97,0,0,
WebGestor/App_Code/ClsLeerCorreos.vb,WebGestor/App_Code,ClsLeerCorreos.vb,.vb,4830,2025-11-10T02:16:22Z,2c244b1467ebe5c017175e7f92e848bf403006da,22,0,0,
WebGestor/App_Code/ClsVentas_Listados.vb,WebGestor/App_Code,ClsVentas_Listados.vb,.vb,12881,2025-11-10T02:16:22Z,dd307309cb86315123f956d10c75fc063efe51c5,204,0,0,
WebGestor/App_Code/Cls_Agenda_Citas.vb,WebGestor/App_Code,Cls_Agenda_Citas.vb,.vb,587,2025-11-10T02:16:22Z,303ead6ae180931aef96d18cb5ad3c3cc6ef6d7b,14,0,0,
WebGestor/App_Code/Cls_Almacenes.vb,WebGestor/App_Code,Cls_Almacenes.vb,.vb,7894,2025-11-10T02:16:22Z,348abe19e7e0b3ec3c68a530fc8b4b78cac0a72d,159,0,0,
WebGestor/App_Code/Cls_Catalogo.vb,WebGestor/App_Code,Cls_Catalogo.vb,.vb,21438,2025-11-10T02:16:22Z,f0b5a59835afbff3bc1cdf84f3dc5ced66afe680,372,0,0,
WebGestor/App_Code/Cls_Clasificacion.vb,WebGestor/App_Code,Cls_Clasificacion.vb,.vb,4949,2025-11-10T02:16:22Z,e90b1549c9c403090c13f231841144969893c60f,78,0,0,
WebGestor/App_Code/Cls_Cliente.vb,WebGestor/App_Code,Cls_Cliente.vb,.vb,27790,2025-11-10T02:16:22Z,129b66a8b919033c3869ff10e8e8ef1388036e9a,454,0,0,
WebGestor/App_Code/Cls_Conciliados.vb,WebGestor/App_Code,Cls_Conciliados.vb,.vb,17914,2025-11-10T02:16:22Z,33fc533c444ae202dd8cc693804cddd82362ded8,299,0,0,
WebGestor/App_Code/Cls_Conexion.vb,WebGestor/App_Code,Cls_Conexion.vb,.vb,221,2025-11-10T02:16:22Z,b12eb384a44466c11f1bddb51c20ce4d87d19095,3,0,0,
WebGestor/App_Code/Cls_Contactos_Cliente.vb,WebGestor/App_Code,Cls_Contactos_Cliente.vb,.vb,3536,2025-11-10T02:16:22Z,56441d3e62c5f40f2dc6316d3ce7758113207d6a,63,0,0,
WebGestor/App_Code/Cls_Contenido_Correo.vb,WebGestor/App_Code,Cls_Contenido_Correo.vb,.vb,5367,2025-11-10T02:16:22Z,13b831cc55106e5d283954cb4850e8eeec4d40a7,96,0,0,
WebGestor/App_Code/Cls_Datos_del_Bien.vb,WebGestor/App_Code,Cls_Datos_del_Bien.vb,.vb,8065,2025-11-10T02:16:22Z,27c65fb7536c4b8d651f922ae1a4f70e5b3df1d8,149,0,0,
WebGestor/App_Code/Cls_Detalle_Modelo.vb,WebGestor/App_Code,Cls_Detalle_Modelo.vb,.vb,5253,2025-11-10T02:16:22Z,671b2bbe112bfe7489b3465c8bb3bbccb165080c,108,0,0,
WebGestor/App_Code/Cls_Documentos.vb,WebGestor/App_Code,Cls_Documentos.vb,.vb,9760,2025-11-10T02:16:22Z,1b0c9d2a722967724c4a64c706c00e6bc7b144dc,166,0,0,
WebGestor/App_Code/Cls_Enviar_Email.vb,WebGestor/App_Code,Cls_Enviar_Email.vb,.vb,12825,2025-11-10T02:16:22Z,ce23be1351ae1dc11a28c3bb7427f16a3566d3c5,233,0,0,
WebGestor/App_Code/Cls_Estado_Cliente.vb,WebGestor/App_Code,Cls_Estado_Cliente.vb,.vb,2221,2025-11-10T02:16:22Z,457995930323115a6f4e26cd578abf0b68731d72,45,0,0,
WebGestor/App_Code/Cls_Estado_Ticket.vb,WebGestor/App_Code,Cls_Estado_Ticket.vb,.vb,4419,2025-11-10T02:16:22Z,60545216d2119bfaa47a9acbfb8da46cb85cdac9,85,0,0,
WebGestor/App_Code/Cls_Eventos.vb,WebGestor/App_Code,Cls_Eventos.vb,.vb,15082,2025-11-10T02:16:22Z,5a86098ebadcc6e24868c185343122e1df7925e7,251,0,0,
WebGestor/App_Code/Cls_Inventario.vb,WebGestor/App_Code,Cls_Inventario.vb,.vb,52598,2025-11-10T02:16:22Z,68cb2e08436c1eebeadf68f945d4a1c55d834506,851,0,0,
WebGestor/App_Code/Cls_Inventario_Ubicacion.vb,WebGestor/App_Code,Cls_Inventario_Ubicacion.vb,.vb,24417,2025-11-10T02:16:22Z,5bd99c73359590690ddf49cd041d4f66927cfcc1,407,0,0,
WebGestor/App_Code/Cls_Inventario_Verificacion.vb,WebGestor/App_Code,Cls_Inventario_Verificacion.vb,.vb,39952,2025-11-10T02:16:22Z,10c348b9768d5ec4438b42f0ad47abfca00244fb,630,0,0,
WebGestor/App_Code/Cls_Marcas.vb,WebGestor/App_Code,Cls_Marcas.vb,.vb,4279,2025-11-10T02:16:22Z,536858885dc2b63ea2d63226f2f5dbf094b69d30,96,0,0,
WebGestor/App_Code/Cls_Modelo.vb,WebGestor/App_Code,Cls_Modelo.vb,.vb,4791,2025-11-10T02:16:22Z,18163f872369bf490072e72fe232387c91064879,98,0,0,
WebGestor/App_Code/Cls_Pantalla_Operador.vb,WebGestor/App_Code,Cls_Pantalla_Operador.vb,.vb,7685,2025-11-10T02:16:22Z,4cf55052abcb8e31065538ef3687f3a1461fc054,126,0,0,
WebGestor/App_Code/Cls_Placas.vb,WebGestor/App_Code,Cls_Placas.vb,.vb,8134,2025-11-10T02:16:22Z,4e8bfbb01299fb1e34b54b635d6628f4eab8de2c,161,0,0,
WebGestor/App_Code/Cls_Proceso_Estado.vb,WebGestor/App_Code,Cls_Proceso_Estado.vb,.vb,3548,2025-11-10T02:16:22Z,02de1319bb506cb51ee2141d512ffa08e080782c,70,0,0,
WebGestor/App_Code/Cls_Proceso_Peticion.vb,WebGestor/App_Code,Cls_Proceso_Peticion.vb,.vb,2225,2025-11-10T02:16:22Z,4495b3662bd302929f636bd1fcb3f73b67f6fdb5,45,0,0,
WebGestor/App_Code/Cls_Propietario.vb,WebGestor/App_Code,Cls_Propietario.vb,.vb,5158,2025-11-10T02:16:22Z,edf2332dbdefcd26e6f4c2c573dc001b0ad4b795,109,0,0,
WebGestor/App_Code/Cls_Proyectos.vb,WebGestor/App_Code,Cls_Proyectos.vb,.vb,4556,2025-11-10T02:16:22Z,df9b7bc2f8056f5535c948af2fd6778c9ed2fe60,101,0,0,
WebGestor/App_Code/Cls_Relacion_Ticket.vb,WebGestor/App_Code,Cls_Relacion_Ticket.vb,.vb,18069,2025-11-10T02:16:22Z,03ac34ff08065cd7cc6788cf104caf5369615b67,325,0,0,
WebGestor/App_Code/Cls_Relacion_con_Procesos.vb,WebGestor/App_Code,Cls_Relacion_con_Procesos.vb,.vb,4076,2025-11-10T02:16:22Z,6225141a66e490ecc9c9b430b6b9196cc41acc92,81,0,0,
WebGestor/App_Code/Cls_Ubicacion.vb,WebGestor/App_Code,Cls_Ubicacion.vb,.vb,4096,2025-11-10T02:16:22Z,54b5778cb28ce0bd5b01c56cd75ba13738e4b68f,87,0,0,
WebGestor/App_Code/ConexionPOP3.vb,WebGestor/App_Code,ConexionPOP3.vb,.vb,71,2025-11-10T02:16:22Z,fcc40b0f59e0c2b5c500d6161ebb8a99d05fea44,3,0,0,
WebGestor/App_Code/CustomPageEventHandler.vb,WebGestor/App_Code,CustomPageEventHandler.vb,.vb,1835,2025-11-10T02:16:22Z,8e5cf808caa88c6772166a38e4fa2d3c94f4dd62,26,0,0,
WebGestor/App_Code/Funciones.vb,WebGestor/App_Code,Funciones.vb,.vb,29957,2025-11-10T02:16:22Z,7c9a77a23244cb6ec430e6389684e80052391caf,603,0,0,
WebGestor/App_Code/FuncionesCas.vb,WebGestor/App_Code,FuncionesCas.vb,.vb,11777,2025-11-10T02:16:22Z,e68ce1039bb51d0e04efa476a1a2bd349c918a59,224,0,0,
WebGestor/App_Code/Global.asax.vb,WebGestor/App_Code,Global.asax.vb,.vb,2313,2025-11-10T02:16:22Z,8426330863c0812ded29015be70e200a4a40527f,35,0,0,
WebGestor/App_Code/ImagenesArt.vb,WebGestor/App_Code,ImagenesArt.vb,.vb,4284,2025-11-10T02:16:22Z,4fac514b999efe2b5331574822f438dcb8cf75ec,112,0,0,
WebGestor/App_Code/ImagenesGuia.vb,WebGestor/App_Code,ImagenesGuia.vb,.vb,4104,2025-11-10T02:16:22Z,981ca0dcb2e9d8a0eedfde1a6fed2f0a49b442e1,104,0,0,
WebGestor/App_Code/Insertar.vb,WebGestor/App_Code,Insertar.vb,.vb,8200,2025-11-10T02:16:22Z,7e0c7a411e5afa8183b8c9b0a612f050a45ae8a9,125,0,0,
WebGestor/App_Code/Licencia.vb,WebGestor/App_Code,Licencia.vb,.vb,357,2025-11-10T02:16:22Z,5b550696dca1abbb1f0b62eaf85efab796a19c03,11,0,0,
WebGestor/App_Code/Listados.vb,WebGestor/App_Code,Listados.vb,.vb,5328,2025-11-10T02:16:22Z,aba8f8d8b1338997e3ff87b5560d9b2ed87c92ea,105,0,0,
WebGestor/App_Code/Module_Constantes.vb,WebGestor/App_Code,Module_Constantes.vb,.vb,1583,2025-11-10T02:16:22Z,eee8a841f8c0719722d1f9d446aef49ab1f4673d,15,0,0,
WebGestor/App_Code/ModuloCas.vb,WebGestor/App_Code,ModuloCas.vb,.vb,58359,2025-11-10T02:16:22Z,87dfdffd2aa82c9e34a32d64248a4bdafa411320,997,0,0,
WebGestor/App_Code/ModuloGeneral.vb,WebGestor/App_Code,ModuloGeneral.vb,.vb,27657,2025-11-10T02:16:22Z,cba7e2d11416a3294030596c99225f49c1a12759,456,0,0,
WebGestor/App_Code/ModuloSeguridad.vb,WebGestor/App_Code,ModuloSeguridad.vb,.vb,46525,2025-11-10T02:16:22Z,47e4b16e19e63840d490de9f09ad7bd1aad11072,839,0,0,
WebGestor/App_Code/PersonaBE.vb,WebGestor/App_Code,PersonaBE.vb,.vb,210,2025-11-10T02:16:22Z,82aedfb1f594b10fabc2a3fefe3a3cbeae5354da,6,0,0,
WebGestor/App_Code/clsCont_Funciones.vb,WebGestor/App_Code,clsCont_Funciones.vb,.vb,82360,2025-11-10T02:16:22Z,631d8e195a3fd205dc105d2926ad18b0a568733f,97,0,0,
WebGestor/App_Code/clsCont_InsUpdDel.vb,WebGestor/App_Code,clsCont_InsUpdDel.vb,.vb,14975,2025-11-10T02:16:22Z,e83787a897aa9539bee84517e1299045b0720548,220,0,0,
WebGestor/App_Code/clsCont_Listados.vb,WebGestor/App_Code,clsCont_Listados.vb,.vb,22723,2025-11-10T02:16:22Z,08e78a47e59c1c633b3081fd2c2ac05929710b50,405,0,0,
WebGestor/App_Code/clsControlPersonal.vb,WebGestor/App_Code,clsControlPersonal.vb,.vb,12769,2025-11-10T02:16:22Z,2c47868a63445756e1dde038b4958d9f1aebdc3d,216,0,0,
WebGestor/App_Code/clsEval_Proceso.vb,WebGestor/App_Code,clsEval_Proceso.vb,.vb,59480,2025-11-10T02:16:22Z,9b904f19daa736f935527c3c951c531ae9360a61,860,0,0,
WebGestor/App_Code/clsEval_Proceso_Funciones.vb,WebGestor/App_Code,clsEval_Proceso_Funciones.vb,.vb,2902,2025-11-10T02:16:22Z,354663ea8a1bd3dd7f2cae2e5cbf41d0bfe94cb3,60,0,0,
WebGestor/App_Code/clsExportar_Excel.vb,WebGestor/App_Code,clsExportar_Excel.vb,.vb,2380,2025-11-10T02:16:22Z,2f7a2642115ec14859391ce6d9b1b5469a15a360,59,0,0,
WebGestor/App_Code/clsGeneral_Proceso.vb,WebGestor/App_Code,clsGeneral_Proceso.vb,.vb,1935,2025-11-10T02:16:22Z,735a0ffc30a91bff7a406f68876f3742657f29c4,44,0,0,
WebGestor/App_Code/clsInspeccion_InsUpdDel.vb,WebGestor/App_Code,clsInspeccion_InsUpdDel.vb,.vb,21510,2025-11-10T02:16:22Z,826d239b45b2a07cd8029f02251e53f7a982f148,315,0,0,
WebGestor/App_Code/clsInspeccion_Listado.vb,WebGestor/App_Code,clsInspeccion_Listado.vb,.vb,25176,2025-11-10T02:16:22Z,a54fb48ab0288edea580569a1ef345fb174c62f4,393,0,0,
WebGestor/App_Code/clsInv_InsUpdDel.vb,WebGestor/App_Code,clsInv_InsUpdDel.vb,.vb,48742,2025-11-10T02:16:22Z,2ebda66aad32aee2f0ab0c2954d7044cdd5b2da1,729,0,0,
WebGestor/App_Code/clsInv_Listados.vb,WebGestor/App_Code,clsInv_Listados.vb,.vb,121330,2025-11-10T02:16:22Z,fe90331f850fb3349d2fb80c9fa5a62ffd62f7c2,2080,0,0,
WebGestor/App_Code/clsInv_Procesos.vb,WebGestor/App_Code,clsInv_Procesos.vb,.vb,395141,2025-11-10T02:16:22Z,d79b0ebf4d8ab3330b8f356205f592d91c5ab76e,4581,0,0,
WebGestor/App_Code/clsLogis_InsUpDel.vb,WebGestor/App_Code,clsLogis_InsUpDel.vb,.vb,6983,2025-11-10T02:16:22Z,a590110dc041b6676b8d22699a1856a12d0040f8,104,0,0,
WebGestor/App_Code/clsLogis_Listado.vb,WebGestor/App_Code,clsLogis_Listado.vb,.vb,5764,2025-11-10T02:16:22Z,26252bd5765f40d185646b0571384d452d88fc0c,97,0,0,
WebGestor/App_Code/clsMenuWeb_Consultas.vb,WebGestor/App_Code,clsMenuWeb_Consultas.vb,.vb,26401,2025-11-10T02:16:22Z,611ac0601f32e9154854b442858513e9c90293c6,451,0,0,
WebGestor/App_Code/clsMenuWeb_Funciones.vb,WebGestor/App_Code,clsMenuWeb_Funciones.vb,.vb,1090,2025-11-10T02:16:22Z,615ee9b4a1ba48c18efb7d38dbdef22f5a82cba8,24,0,0,
WebGestor/App_Code/clsMesaAyuda.vb,WebGestor/App_Code,clsMesaAyuda.vb,.vb,61082,2025-11-10T02:16:22Z,50bbd55736c7fe904ba8cf0629bec3ede873cbb1,1028,0,0,
WebGestor/App_Code/clsPersonal.vb,WebGestor/App_Code,clsPersonal.vb,.vb,7264,2025-11-10T02:16:22Z,06c3dd5db833f7705fbd379b64c16f73a05d5e33,127,0,0,
WebGestor/App_Code/clsSIntegral.vb,WebGestor/App_Code,clsSIntegral.vb,.vb,6580,2025-11-10T02:16:22Z,fcfe6c4730415a94f22bd58af8f2b6cc8e35ed48,107,0,0,
WebGestor/App_Data/web.config,WebGestor/App_Data,web.config,.config,549,2025-11-10T02:16:22Z,a2cfb236c436a4e29691f31b32188b27abd656ac,,0,0,
WebGestor/App_Start/BundleConfig.vb,WebGestor/App_Start,BundleConfig.vb,.vb,1732,2025-11-10T02:16:22Z,c913f852fd8e7eb2bcede3597c2ba2537119c968,24,0,0,
WebGestor/App_Start/RouteConfig.vb,WebGestor/App_Start,RouteConfig.vb,.vb,362,2025-11-10T02:16:22Z,19b81b182bc98d0967fe630b4ad3007ebaf8397b,10,0,0,
WebGestor/App_WebReferences/swReferenciaBC/PersonaService.discomap,WebGestor/App_WebReferences/swReferenciaBC,PersonaService.discomap,.discomap,405,2025-11-10T02:16:22Z,8b0c63574451476dee110955e02128440b850eeb,,0,0,
WebGestor/App_WebReferences/swReferenciaBC/PersonaService.wsdl,WebGestor/App_WebReferences/swReferenciaBC,PersonaService.wsdl,.wsdl,15083,2025-11-10T02:16:22Z,77d36009fb547955f69e0fcd585ddd24615f4171,,0,0,
WebGestor/Bundle.config,WebGestor,Bundle.config,.config,220,2025-11-10T02:16:22Z,12e366ee5e0c1fe9b172bd9fd424eaaac3694c25,,0,0,
WebGestor/CAS/CasReporte_IncOficinaxComponente.aspx,WebGestor/CAS,CasReporte_IncOficinaxComponente.aspx,.aspx,3748,2025-11-10T02:16:22Z,22ea5d96544021cac619070359748a37a1a11ce4,63,1,1,WebGestor/CAS/CasReporte_IncOficinaxComponente.aspx.vb
WebGestor/CAS/CasReporte_IncOficinaxComponente.aspx.vb,WebGestor/CAS,CasReporte_IncOficinaxComponente.aspx.vb,.vb,277,2025-11-10T02:16:22Z,0aa219a5955402b3bd79ee6c585375e37176985f,7,0,0,
WebGestor/CAS/CasReporte_IncidenteTotales.aspx,WebGestor/CAS,CasReporte_IncidenteTotales.aspx,.aspx,4442,2025-11-10T02:16:22Z,a405f2223b94eb6169290517dd04d0510708bd7e,76,1,1,WebGestor/CAS/CasReporte_IncidenteTotales.aspx.vb
WebGestor/CAS/CasReporte_IncidenteTotales.aspx.vb,WebGestor/CAS,CasReporte_IncidenteTotales.aspx.vb,.vb,272,2025-11-10T02:16:22Z,191e04921ee27db6987ba48dd068b5f3c4788b35,7,0,0,
WebGestor/CAS/CasReporte_IncidentexComponente.aspx,WebGestor/CAS,CasReporte_IncidentexComponente.aspx,.aspx,4446,2025-11-10T02:16:22Z,7ffda768433d8f3e8098c63e8806a8b3da15ef77,76,1,1,WebGestor/CAS/CasReporte_IncidentexComponente.aspx.vb
WebGestor/CAS/CasReporte_IncidentexComponente.aspx.vb,WebGestor/CAS,CasReporte_IncidentexComponente.aspx.vb,.vb,435,2025-11-10T02:16:22Z,5bac7f0db88b85e38f6c630e2023ce4326f22dd4,7,0,0,
WebGestor/CAS/CasReporte_IncidentexElemento.aspx,WebGestor/CAS,CasReporte_IncidentexElemento.aspx,.aspx,4182,2025-11-10T02:16:22Z,6c1be75b4a13676101e0c100a7be194d43a84fa9,71,1,1,WebGestor/CAS/CasReporte_IncidentexElemento.aspx.vb
WebGestor/CAS/CasReporte_IncidentexElemento.aspx.vb,WebGestor/CAS,CasReporte_IncidentexElemento.aspx.vb,.vb,274,2025-11-10T02:16:22Z,ca19b97b909ce05b84515de4c2788019c9fec656,7,0,0,
WebGestor/CAS/CasReporte_ResumenBD.aspx,WebGestor/CAS,CasReporte_ResumenBD.aspx,.aspx,4409,2025-11-10T02:16:22Z,0fd46ea869e2e274a63344d8cd78c043e81fcac1,75,1,1,WebGestor/CAS/CasReporte_ResumenBD.aspx.vb
WebGestor/CAS/CasReporte_ResumenBD.aspx.vb,WebGestor/CAS,CasReporte_ResumenBD.aspx.vb,.vb,265,2025-11-10T02:16:22Z,273440b0ee31121aa2c60cc34d159991aa191d79,7,0,0,
WebGestor/CAS/Cas_BusquedaBaseDatos.aspx,WebGestor/CAS,Cas_BusquedaBaseDatos.aspx,.aspx,17048,2025-11-10T02:16:22Z,c18c480287ded33939e742c21ffe3c2a523d7735,288,1,1,WebGestor/CAS/Cas_BusquedaBaseDatos.aspx.vb
WebGestor/CAS/Cas_BusquedaBaseDatos.aspx.vb,WebGestor/CAS,Cas_BusquedaBaseDatos.aspx.vb,.vb,12140,2025-11-10T02:16:22Z,f094aea28e9e3440ff78b7af55e6921701e11c68,202,0,0,
WebGestor/CAS/Cas_DefineTablas1.aspx,WebGestor/CAS,Cas_DefineTablas1.aspx,.aspx,84913,2025-11-10T02:16:22Z,896664877a2f18244ad965882b81292463b5b0f7,729,1,1,WebGestor/CAS/Cas_DefineTablas1.aspx.vb
WebGestor/CAS/Cas_DefineTablas1.aspx.vb,WebGestor/CAS,Cas_DefineTablas1.aspx.vb,.vb,40476,2025-11-10T02:16:22Z,8e307db63e5a7252aeeef0e378c02cb1c35385c5,648,0,0,
WebGestor/CAS/Cas_DefineTablas2.aspx,WebGestor/CAS,Cas_DefineTablas2.aspx,.aspx,30355,2025-11-10T02:16:22Z,de8e215c02160433c0869e615db011ceab01586d,173,1,1,WebGestor/CAS/Cas_DefineTablas2.aspx.vb
WebGestor/CAS/Cas_DefineTablas2.aspx.vb,WebGestor/CAS,Cas_DefineTablas2.aspx.vb,.vb,21706,2025-11-10T02:16:22Z,5f14eed4909d534f7cbb01599cee5867675c42d6,421,0,0,
WebGestor/CAS/Cas_Define_Grupo.aspx,WebGestor/CAS,Cas_Define_Grupo.aspx,.aspx,46561,2025-11-10T02:16:22Z,caf3404e38e8c554dac777a05055f58cfb34ac1f,396,1,1,WebGestor/CAS/Cas_Define_Grupo.aspx.vb
WebGestor/CAS/Cas_Define_Grupo.aspx.vb,WebGestor/CAS,Cas_Define_Grupo.aspx.vb,.vb,27943,2025-11-10T02:16:22Z,87b5fa1b59eb0216e885818783da36fb948b05ef,586,0,0,
WebGestor/CAS/Cas_Define_TemasAyuda.aspx,WebGestor/CAS,Cas_Define_TemasAyuda.aspx,.aspx,18178,2025-11-10T02:16:22Z,77e5dd9a664d405e34b2691f358bdd65b1fb8a17,303,1,1,WebGestor/CAS/Cas_Define_TemasAyuda.aspx.vb
WebGestor/CAS/Cas_Define_TemasAyuda.aspx.vb,WebGestor/CAS,Cas_Define_TemasAyuda.aspx.vb,.vb,4986,2025-11-10T02:16:22Z,6f3ee6684d46b35887cfabb8c8684960e0f7db60,96,0,0,
WebGestor/CAS/Cas_Define_personas.aspx,WebGestor/CAS,Cas_Define_personas.aspx,.aspx,19041,2025-11-10T02:16:22Z,2a094e469fc6d5aa21fa03574ed059ed9b8061ec,207,1,1,WebGestor/CAS/Cas_Define_personas.aspx.vb
WebGestor/CAS/Cas_Define_personas.aspx.vb,WebGestor/CAS,Cas_Define_personas.aspx.vb,.vb,18030,2025-11-10T02:16:22Z,175d1b721d6662bd1cec1c793408220ebd366576,274,0,0,
WebGestor/CAS/Cas_Definicion_CarteraConsulta.aspx,WebGestor/CAS,Cas_Definicion_CarteraConsulta.aspx,.aspx,34361,2025-11-10T02:16:22Z,ca0b2df6a2318f17fde03a87e6b9de61926e2d84,427,1,1,WebGestor/CAS/Cas_Definicion_CarteraConsulta.aspx.vb
WebGestor/CAS/Cas_Definicion_CarteraConsulta.aspx.vb,WebGestor/CAS,Cas_Definicion_CarteraConsulta.aspx.vb,.vb,29649,2025-11-10T02:16:22Z,745986145f23f536ae2e600e9a190900197fed4a,440,0,0,
WebGestor/CAS/Cas_ImportarPersona.aspx,WebGestor/CAS,Cas_ImportarPersona.aspx,.aspx,5039,2025-11-10T02:16:22Z,75eed9f37d796e7fdaf41e84da27bd4d8d037eeb,82,1,1,WebGestor/CAS/Cas_ImportarPersona.aspx.vb
WebGestor/CAS/Cas_ImportarPersona.aspx.vb,WebGestor/CAS,Cas_ImportarPersona.aspx.vb,.vb,27260,2025-11-10T02:16:22Z,2e1c1a590be96e23316872e2a55191f6983edd51,334,0,0,
WebGestor/CAS/Cas_ListaAviso_xUsuario.aspx,WebGestor/CAS,Cas_ListaAviso_xUsuario.aspx,.aspx,12864,2025-11-10T02:16:22Z,92b4f5e30a128050debc652b435a14cd806dc28a,186,1,1,WebGestor/CAS/Cas_ListaAviso_xUsuario.aspx.vb
WebGestor/CAS/Cas_ListaAviso_xUsuario.aspx.vb,WebGestor/CAS,Cas_ListaAviso_xUsuario.aspx.vb,.vb,10703,2025-11-10T02:16:22Z,af2b40f8dcd724e6691f2f27eb6c7cc102bce103,192,0,0,
WebGestor/CAS/Cas_ListaIncidentes_GrupoNivel2.aspx,WebGestor/CAS,Cas_ListaIncidentes_GrupoNivel2.aspx,.aspx,61365,2025-11-10T02:16:22Z,4e41fd145e301b5d11e6634d8eba0a60d7b4fd23,574,1,1,WebGestor/CAS/Cas_ListaIncidentes_GrupoNivel2.aspx.vb
WebGestor/CAS/Cas_ListaIncidentes_GrupoNivel2.aspx.vb,WebGestor/CAS,Cas_ListaIncidentes_GrupoNivel2.aspx.vb,.vb,44072,2025-11-10T02:16:22Z,0491d7803a9d973efab883d6e6efc4d00d8e514d,714,0,0,
WebGestor/CAS/Cas_ListaIncidentes_Nivel2.aspx,WebGestor/CAS,Cas_ListaIncidentes_Nivel2.aspx,.aspx,60584,2025-11-10T02:16:22Z,95eea2fb383a7652d1dbca90dc6b8e7c2a2aaf27,581,1,1,WebGestor/CAS/Cas_ListaIncidentes_Nivel2.aspx.vb
WebGestor/CAS/Cas_ListaIncidentes_Nivel2.aspx.vb,WebGestor/CAS,Cas_ListaIncidentes_Nivel2.aspx.vb,.vb,42296,2025-11-10T02:16:22Z,21c3088a66af2c741099e1d4a46fa38e255ac1a6,690,0,0,
WebGestor/CAS/Cas_Lista_Enlace_TemasAyuda.aspx,WebGestor/CAS,Cas_Lista_Enlace_TemasAyuda.aspx,.aspx,10401,2025-11-10T02:16:22Z,7e2aa54908b6e7f7f3ecac0d353e7589584e0bf8,137,1,1,WebGestor/CAS/Cas_Lista_Enlace_TemasAyuda.aspx.vb
WebGestor/CAS/Cas_Lista_Enlace_TemasAyuda.aspx.vb,WebGestor/CAS,Cas_Lista_Enlace_TemasAyuda.aspx.vb,.vb,5918,2025-11-10T02:16:22Z,d56712ed4dfa25405e4e286fd727c156c7bb0936,124,0,0,
WebGestor/CAS/Cas_RedireccionarIncidencia.aspx,WebGestor/CAS,Cas_RedireccionarIncidencia.aspx,.aspx,11849,2025-11-10T02:16:22Z,1352aeba933bc1925f825c52db21a562839b8f12,220,1,1,WebGestor/CAS/Cas_RedireccionarIncidencia.aspx.vb
WebGestor/CAS/Cas_RedireccionarIncidencia.aspx.vb,WebGestor/CAS,Cas_RedireccionarIncidencia.aspx.vb,.vb,5955,2025-11-10T02:16:22Z,32c3ba5b89dc01e42bbe1cec66227870c141edc9,108,0,0,
WebGestor/CAS/Cas_Registra_Incidentes.aspx,WebGestor/CAS,Cas_Registra_Incidentes.aspx,.aspx,79786,2025-11-10T02:16:22Z,32f1801c2716698be56ff4a171eccf12aedb3c1b,1122,1,1,WebGestor/CAS/Cas_Registra_Incidentes.aspx.vb
WebGestor/CAS/Cas_Registra_Incidentes.aspx.vb,WebGestor/CAS,Cas_Registra_Incidentes.aspx.vb,.vb,45865,2025-11-10T02:16:22Z,e6fd7853547b201c0d0ceda91a579bfa17bfa378,764,0,0,
WebGestor/CAS/Cas_RelacionIncidentes.aspx,WebGestor/CAS,Cas_RelacionIncidentes.aspx,.aspx,37157,2025-11-10T02:16:22Z,8e493c1e23baa3140b9bfc7bd829f44f26faa463,387,1,1,WebGestor/CAS/Cas_RelacionIncidentes.aspx.vb
WebGestor/CAS/Cas_RelacionIncidentes.aspx.vb,WebGestor/CAS,Cas_RelacionIncidentes.aspx.vb,.vb,22593,2025-11-10T02:16:22Z,d0a5fb14cc7f3982a477537269c30e8a5d231cef,371,0,0,
WebGestor/CAS/Cas_Relacion_AvisoxUsuario.aspx,WebGestor/CAS,Cas_Relacion_AvisoxUsuario.aspx,.aspx,8417,2025-11-10T02:16:22Z,561168778a03b7f6c8b9d86b0ecf4ed2492ce99b,131,1,1,WebGestor/CAS/Cas_Relacion_AvisoxUsuario.aspx.vb
WebGestor/CAS/Cas_Relacion_AvisoxUsuario.aspx.vb,WebGestor/CAS,Cas_Relacion_AvisoxUsuario.aspx.vb,.vb,1163,2025-11-10T02:16:22Z,c5da49972ebaabb9770e53d4d772a578e5c994e6,18,0,0,
WebGestor/CAS/Cas_Relacion_Estadisticas.aspx,WebGestor/CAS,Cas_Relacion_Estadisticas.aspx,.aspx,9668,2025-11-10T02:16:22Z,4dccc2a28eec44cab8ec7fcc20abc8b6f97a43a8,161,1,1,WebGestor/CAS/Cas_Relacion_Estadisticas.aspx.vb
WebGestor/CAS/Cas_Relacion_Estadisticas.aspx.vb,WebGestor/CAS,Cas_Relacion_Estadisticas.aspx.vb,.vb,11247,2025-11-10T02:16:22Z,a3b943b5b94a47819d93aab44e412d5dde2de66e,133,0,0,
WebGestor/CAS/Cas_Relacion_Reportes.aspx,WebGestor/CAS,Cas_Relacion_Reportes.aspx,.aspx,11191,2025-11-10T02:16:22Z,d2d9793060f32400ad5f2469646b63925f2e7b05,170,1,1,WebGestor/CAS/Cas_Relacion_Reportes.aspx.vb
WebGestor/CAS/Cas_Relacion_Reportes.aspx.vb,WebGestor/CAS,Cas_Relacion_Reportes.aspx.vb,.vb,24219,2025-11-10T02:16:22Z,ddb4778185af97260a53675dad5bc283aff71653,317,0,0,
WebGestor/CAS/Cas_Rep_ConsultaxOficiona.aspx,WebGestor/CAS,Cas_Rep_ConsultaxOficiona.aspx,.aspx,2356,2025-11-10T02:16:22Z,02d6ec86ae14c326ed5a1ecd122faefc6c1e24f4,46,1,1,WebGestor/CAS/Cas_Rep_ConsultaxOficiona.aspx.vb
WebGestor/CAS/Cas_Rep_ConsultaxOficiona.aspx.vb,WebGestor/CAS,Cas_Rep_ConsultaxOficiona.aspx.vb,.vb,87,2025-11-10T02:16:22Z,83fb504a359d52321c31ec05253186f2df6c4357,4,0,0,
WebGestor/CAS/Cas_Rep_PorCargos.aspx,WebGestor/CAS,Cas_Rep_PorCargos.aspx,.aspx,3498,2025-11-10T02:16:22Z,cfedb0f2a16f8108a40e1ce5381d78679cee0a58,64,1,1,WebGestor/CAS/Cas_Rep_PorCargos.aspx.vb
WebGestor/CAS/Cas_Rep_PorCargos.aspx.vb,WebGestor/CAS,Cas_Rep_PorCargos.aspx.vb,.vb,360,2025-11-10T02:16:22Z,8baaf1779fc1ba4302b99f9ed5bf70d79c5768a6,10,0,0,
WebGestor/CAS/Cas_Rep_RankingTerritorial.aspx,WebGestor/CAS,Cas_Rep_RankingTerritorial.aspx,.aspx,3249,2025-11-10T02:16:22Z,fa400adeadb190a54c00f54e7c445c3f5b45df0b,63,1,1,WebGestor/CAS/Cas_Rep_RankingTerritorial.aspx.vb
WebGestor/CAS/Cas_Rep_RankingTerritorial.aspx.vb,WebGestor/CAS,Cas_Rep_RankingTerritorial.aspx.vb,.vb,97,2025-11-10T02:16:22Z,57a3ebc00b21e27b2c3f629b71c0948b29ba60af,4,0,0,
WebGestor/CAS/Cas_Rep_RegistroPorductoXOficina.aspx,WebGestor/CAS,Cas_Rep_RegistroPorductoXOficina.aspx,.aspx,2316,2025-11-10T02:16:22Z,c9ce85e3ef59b815b87e9b8e77ff10918e57a0ef,52,1,1,WebGestor/CAS/Cas_Rep_RegistroPorductoXOficina.aspx.vb
WebGestor/CAS/Cas_Rep_RegistroPorductoXOficina.aspx.vb,WebGestor/CAS,Cas_Rep_RegistroPorductoXOficina.aspx.vb,.vb,103,2025-11-10T02:16:22Z,b64483b66360be4cb6d83bc6481293dff68d1c20,4,0,0,
WebGestor/CAS/Cas_Rep_RegistroTematicasXOficina.aspx,WebGestor/CAS,Cas_Rep_RegistroTematicasXOficina.aspx,.aspx,2778,2025-11-10T02:16:22Z,292d6e98f4ff25563dfc3f601eb9d0a6aabebc28,56,1,1,WebGestor/CAS/Cas_Rep_RegistroTematicasXOficina.aspx.vb
WebGestor/CAS/Cas_Rep_RegistroTematicasXOficina.aspx.vb,WebGestor/CAS,Cas_Rep_RegistroTematicasXOficina.aspx.vb,.vb,282,2025-11-10T02:16:22Z,d25596a24edfed0c4069e219d255518edcff7054,7,0,0,
WebGestor/CAS/Cas_Rep_RegistroTerritorioXOficina.aspx,WebGestor/CAS,Cas_Rep_RegistroTerritorioXOficina.aspx,.aspx,2330,2025-11-10T02:16:22Z,57bfa084906ffbcca5be1ec77b60b15ae3218827,49,1,1,WebGestor/CAS/Cas_Rep_RegistroTerritorioXOficina.aspx.vb
WebGestor/CAS/Cas_Rep_RegistroTerritorioXOficina.aspx.vb,WebGestor/CAS,Cas_Rep_RegistroTerritorioXOficina.aspx.vb,.vb,105,2025-11-10T02:16:22Z,51dab360330d00224616bff6a465b703023f888d,4,0,0,
WebGestor/CAS/MP_PrincipalCas.master,WebGestor/CAS,MP_PrincipalCas.master,.master,17391,2025-11-10T02:16:22Z,9c49fd192b140aa3a133dc7196b3ca4978a0b841,239,0,0,
WebGestor/CAS/MP_PrincipalCas.master.vb,WebGestor/CAS,MP_PrincipalCas.master.vb,.vb,8019,2025-11-10T02:16:22Z,2b450bca39bd7676761ca7e7df8c25d6f8925344,128,0,0,
WebGestor/CAS/PagPrincipal_Cas.master,WebGestor/CAS,PagPrincipal_Cas.master,.master,7364,2025-11-10T02:16:22Z,1d58faebc5818af3a8fa960a4f26cf0c860ff5cf,108,0,0,
WebGestor/CAS/PagPrincipal_Cas.master.vb,WebGestor/CAS,PagPrincipal_Cas.master.vb,.vb,872,2025-11-10T02:16:22Z,24c385b45de98f73286e9b03e026e54e8e9a2e56,18,0,0,
WebGestor/CAS/TEMAS/0012 Contrato de Prestación de Servicios.docx,WebGestor/CAS/TEMAS,0012 Contrato de Prestación de Servicios.docx,.docx,88089,2025-11-10T02:16:22Z,4999eaa5590a83031334a1bc23b050c5e189cc60,,0,0,
WebGestor/CAS/TEMAS/3TH_SIMULACRO_4AÑOS.docx,WebGestor/CAS/TEMAS,3TH_SIMULACRO_4AÑOS.docx,.docx,317553,2025-11-10T02:16:22Z,19b173dd02358e2cebdda604f5f648009cca00f9,,0,0,
WebGestor/CAS/TEMAS/ACTUALIZAR BASE D EDATOS EN OPPLUS.docx,WebGestor/CAS/TEMAS,ACTUALIZAR BASE D EDATOS EN OPPLUS.docx,.docx,13542,2025-11-10T02:16:22Z,5fae7382cf6369c88d56d8a4adda720ad5b535fa,,0,0,
WebGestor/CAS/TEMAS/DEFINICIONES ELEMEMENTOS GESTOR.docx,WebGestor/CAS/TEMAS,DEFINICIONES ELEMEMENTOS GESTOR.docx,.docx,20705,2025-11-10T02:16:22Z,1859a4f6bcaeaa698192e1a1bbb9784c2803c0dd,,0,0,
WebGestor/CAS/TEMAS/HACDATA BASE CONOCIMIENTO.pdf,WebGestor/CAS/TEMAS,HACDATA BASE CONOCIMIENTO.pdf,.pdf,1090201,2025-11-10T02:16:22Z,c4be1efb0e0c36b2056924ad83f17203621961fd,,0,0,
WebGestor/CAS/TEMAS/Señores  BANCO BBVA PERU.docx,WebGestor/CAS/TEMAS,Señores  BANCO BBVA PERU.docx,.docx,13237,2025-11-10T02:16:22Z,ca00ac63d9b5b4fc5fa227448563a92f557917fc,,0,0,
WebGestor/CAS/TEMAS/reserva.pdf,WebGestor/CAS/TEMAS,reserva.pdf,.pdf,424466,2025-11-10T02:16:22Z,5c345a151f11a7848908135cf940820c7537d60b,,0,0,
WebGestor/CAS/Temas_1BB/0012 Contrato de Prestación de Servicios.docx,WebGestor/CAS/Temas_1BB,0012 Contrato de Prestación de Servicios.docx,.docx,88089,2025-11-10T02:16:22Z,4999eaa5590a83031334a1bc23b050c5e189cc60,,0,0,
WebGestor/CAS/Temas_1BB/inv tablas.docx,WebGestor/CAS/Temas_1BB,inv tablas.docx,.docx,281243,2025-11-10T02:16:22Z,7921ae2035015288e2d3cce2f4d579ccc8775169,,0,0,
WebGestor/CAS/Temas_1TE/ACTUALIZAR BASE D EDATOS EN OPPLUS.docx,WebGestor/CAS/Temas_1TE,ACTUALIZAR BASE D EDATOS EN OPPLUS.docx,.docx,13542,2025-11-10T02:16:22Z,5fae7382cf6369c88d56d8a4adda720ad5b535fa,,0,0,
WebGestor/CAS/Temas_1TE/ALCOHOL EN GEL SANITIZANTE 7225.xlsx,WebGestor/CAS/Temas_1TE,ALCOHOL EN GEL SANITIZANTE 7225.xlsx,.xlsx,34221,2025-11-10T02:16:22Z,15dbb3462b96225b8a55790a1afd0ff6f23d16a6,,0,0,
WebGestor/CAS/Temas_1TE/CONCILIAR.txt,WebGestor/CAS/Temas_1TE,CONCILIAR.txt,.txt,1533,2025-11-10T02:16:22Z,90fd52ac8510ab6c0f8034b97049080d07c564bc,,0,0,
WebGestor/CAS/Temas_1TE/CRM MODULOS.docx,WebGestor/CAS/Temas_1TE,CRM MODULOS.docx,.docx,1672503,2025-11-10T02:16:22Z,f8e1424f1c792d65b5c2d24922809992ced0d55d,,0,0,
WebGestor/CAS/Temas_1TE/Copia de CAJAS DE AGUA.xlsx,WebGestor/CAS/Temas_1TE,Copia de CAJAS DE AGUA.xlsx,.xlsx,9247,2025-11-10T02:16:22Z,0582e9240f6c1458467169fa3bf93ddfa8b08724,,0,0,
WebGestor/CAS/Temas_1TE/DATOS FOTOCHECK - BANCO 25 (00000003).xlsx,WebGestor/CAS/Temas_1TE,DATOS FOTOCHECK - BANCO 25 (00000003).xlsx,.xlsx,15424,2025-11-10T02:16:22Z,d2932898a6f1f1150e26a33af83487afb1a6d6b1,,0,0,
WebGestor/CAS/Temas_1TE/Especificaciones Técnicas.pdf,WebGestor/CAS/Temas_1TE,Especificaciones Técnicas.pdf,.pdf,439033,2025-11-10T02:16:22Z,62eb489496ebf273d85e2306179267efa26dc90d,,0,0,
WebGestor/CAS/Temas_1TE/INVENTARIO2.docx,WebGestor/CAS/Temas_1TE,INVENTARIO2.docx,.docx,459571,2025-11-10T02:16:22Z,f2b3ed277142229d4e6f381016842c37305fbee8,,0,0,
WebGestor/CAS/Temas_1TE/LogoSaga2.png,WebGestor/CAS/Temas_1TE,LogoSaga2.png,.png,3310,2025-11-10T02:16:22Z,7ef84dc55d9c4cd7de5cb6c2114aadd3674e48d4,,0,0,
WebGestor/CAS/Temas_1TE/PRUEBA.docx,WebGestor/CAS/Temas_1TE,PRUEBA.docx,.docx,12698,2025-11-10T02:16:22Z,a235a686af9d545cc884b1052555fdff28b0c86f,,0,0,
WebGestor/CAS/Temas_1TE/clientes.xlsx,WebGestor/CAS/Temas_1TE,clientes.xlsx,.xlsx,11297,2025-11-10T02:16:22Z,83042201680c8969a0802c9f8a551a0236787e10,,0,0,
WebGestor/CAS/Temas_1TE/inv tablas.docx,WebGestor/CAS/Temas_1TE,inv tablas.docx,.docx,281243,2025-11-10T02:16:22Z,7921ae2035015288e2d3cce2f4d579ccc8775169,,0,0,
WebGestor/CAS/Temas_1TE/pag sunat.txt,WebGestor/CAS/Temas_1TE,pag sunat.txt,.txt,55,2025-11-10T02:16:22Z,313e2944ba5e236dc2274281405dc92c034abf79,,0,0,
WebGestor/CAS/minus.gif,WebGestor/CAS,minus.gif,.gif,80,2025-11-10T02:16:22Z,dfa31db003b0c8cda9eb9518a475e3c3f739259e,,0,0,
WebGestor/CAS/ok20.png,WebGestor/CAS,ok20.png,.png,1470,2025-11-10T02:16:22Z,e5fd0ac6ade0196ad3e9ba847039bcaf8bc484fa,,0,0,
WebGestor/CMenuLeft.ascx,WebGestor,CMenuLeft.ascx,.ascx,717,2025-11-10T02:16:22Z,6df60e28bc4b81d374fde0a84bad3ba5a9fac35a,10,0,0,
WebGestor/CMenuLeft.ascx.vb,WebGestor,CMenuLeft.ascx.vb,.vb,9101,2025-11-10T02:16:22Z,b32cc42d9368dbec4fe602d5e370af2501365eea,127,0,0,
WebGestor/CProyLeft.ascx,WebGestor,CProyLeft.ascx,.ascx,956,2025-11-10T02:16:22Z,91b3f97be09c3345b4b2910be35b927134687dbc,19,0,0,
WebGestor/CProyLeft.ascx.vb,WebGestor,CProyLeft.ascx.vb,.vb,8166,2025-11-10T02:16:22Z,5db7c07c9da6a2c0a2397993a51ff0b752d2c2f8,129,0,0,
WebGestor/CRM/CRM_BeseDatos_Mantenimiento.aspx,WebGestor/CRM,CRM_BeseDatos_Mantenimiento.aspx,.aspx,34864,2025-11-10T02:16:22Z,34cc22b04f894279ec68f34b0b8280d030e881fd,438,1,1,WebGestor/CRM/CRM_BeseDatos_Mantenimiento.aspx.vb
WebGestor/CRM/CRM_BeseDatos_Mantenimiento.aspx.bak,WebGestor/CRM,CRM_BeseDatos_Mantenimiento.aspx.bak,.bak,33169,2025-11-10T02:16:22Z,8d7c1a8aa77fce45ab9fc1b16aa9830a48153db9,,0,0,
WebGestor/CRM/CRM_BeseDatos_Mantenimiento.aspx.vb,WebGestor/CRM,CRM_BeseDatos_Mantenimiento.aspx.vb,.vb,56368,2025-11-10T02:16:22Z,450d09c06bdb77386c3972be64148c9afd627ff8,796,0,0,
WebGestor/CRM/CRM_BusquedaBaseDatos.aspx,WebGestor/CRM,CRM_BusquedaBaseDatos.aspx,.aspx,23566,2025-11-10T02:16:22Z,e4964bd642d402e89258570050dc08ee1a1f2d02,305,1,1,WebGestor/CRM/CRM_BusquedaBaseDatos.aspx.vb
WebGestor/CRM/CRM_BusquedaBaseDatos.aspx.vb,WebGestor/CRM,CRM_BusquedaBaseDatos.aspx.vb,.vb,15399,2025-11-10T02:16:22Z,b61906ed2fc6581bcc0110a5f0a42226ec4830da,252,0,0,
WebGestor/CRM/CRM_Contenido_del_Correo.aspx,WebGestor/CRM,CRM_Contenido_del_Correo.aspx,.aspx,19454,2025-11-10T02:16:22Z,da133cf82e2ab9ba65421fcd2548521b995efbf0,279,1,1,WebGestor/CRM/CRM_Contenido_del_Correo.aspx.vb
WebGestor/CRM/CRM_Contenido_del_Correo.aspx.designer.vb,WebGestor/CRM,CRM_Contenido_del_Correo.aspx.designer.vb,.vb,2906,2025-11-10T02:16:22Z,63fc1319f3104a776bfffdab904d11134cf15499,12,0,0,
WebGestor/CRM/CRM_Contenido_del_Correo.aspx.vb,WebGestor/CRM,CRM_Contenido_del_Correo.aspx.vb,.vb,20428,2025-11-10T02:16:22Z,b0a599f64690f8d428b8dd84899aa0f83251681d,307,0,0,
WebGestor/CRM/CRM_DxLista_CuadroMando.aspx,WebGestor/CRM,CRM_DxLista_CuadroMando.aspx,.aspx,1192,2025-11-10T02:16:22Z,3a836e027aabba4f48c4fcc3224bad217016aa42,17,1,1,WebGestor/CRM/CRM_DxLista_CuadroMando.aspx.vb
WebGestor/CRM/CRM_DxLista_CuadroMando.aspx.bak,WebGestor/CRM,CRM_DxLista_CuadroMando.aspx.bak,.bak,1192,2025-11-10T02:16:22Z,0dbbf87edaac4cc999b83ce74597ca55bbd94d75,,0,0,
WebGestor/CRM/CRM_DxLista_CuadroMando.aspx.vb,WebGestor/CRM,CRM_DxLista_CuadroMando.aspx.vb,.vb,3791,2025-11-10T02:16:22Z,b8693189b7efeedc5194b951f6ff6f4386ac57c2,77,0,0,
WebGestor/CRM/CRM_Enviar_Email.aspx,WebGestor/CRM,CRM_Enviar_Email.aspx,.aspx,25335,2025-11-10T02:16:22Z,24e5cf9adcba8c6e5fd387a64bcd3c8b3c91ccca,354,1,1,WebGestor/CRM/CRM_Enviar_Email.aspx.vb
WebGestor/CRM/CRM_Enviar_Email.aspx.designer.vb,WebGestor/CRM,CRM_Enviar_Email.aspx.designer.vb,.vb,9376,2025-11-10T02:16:22Z,9f50cf5e4874f4c69b8aef91a3448c430cca914c,31,0,0,
WebGestor/CRM/CRM_Enviar_Email.aspx.vb,WebGestor/CRM,CRM_Enviar_Email.aspx.vb,.vb,36212,2025-11-10T02:16:22Z,a766afc7525b06d34911c2224c8a148da8d5393d,580,0,0,
WebGestor/CRM/CRM_Exportar.aspx,WebGestor/CRM,CRM_Exportar.aspx,.aspx,266,2025-11-10T02:16:22Z,72f9ae9ee18a128a2199561d9811783042e1930b,3,1,1,WebGestor/CRM/CRM_Exportar.aspx.vb
WebGestor/CRM/CRM_Exportar.aspx.vb,WebGestor/CRM,CRM_Exportar.aspx.vb,.vb,641,2025-11-10T02:16:22Z,75a2090878355f6cd1bb3a5cc07e21775dc285e7,13,0,0,
WebGestor/CRM/CRM_Lista_CuadroMando.aspx,WebGestor/CRM,CRM_Lista_CuadroMando.aspx,.aspx,16742,2025-11-10T02:16:22Z,6186b602d701192fb1cac99f363cf4a835dc43b7,226,1,1,WebGestor/CRM/CRM_Lista_CuadroMando.aspx.vb
WebGestor/CRM/CRM_Lista_CuadroMando.aspx.bak,WebGestor/CRM,CRM_Lista_CuadroMando.aspx.bak,.bak,18158,2025-11-10T02:16:22Z,7de893802e560132775683ee3505abc88aea73cc,,0,0,
WebGestor/CRM/CRM_Lista_CuadroMando.aspx.vb,WebGestor/CRM,CRM_Lista_CuadroMando.aspx.vb,.vb,19866,2025-11-10T02:16:22Z,0c0577877be2885faffd842a4283ce67b9dc7c5b,422,0,0,
WebGestor/CRM/CRM_Lista_Tickect_DevExpress.aspx,WebGestor/CRM,CRM_Lista_Tickect_DevExpress.aspx,.aspx,9915,2025-11-10T02:16:22Z,d25034c838e5d4fa9c2dd7f426ee7dc94858cb7b,149,1,1,WebGestor/CRM/CRM_Lista_Tickect_DevExpress.aspx.vb
WebGestor/CRM/CRM_Lista_Tickect_DevExpress.aspx.bak,WebGestor/CRM,CRM_Lista_Tickect_DevExpress.aspx.bak,.bak,9915,2025-11-10T02:16:22Z,98272feb3c391e86b4554897d196764b80769750,,0,0,
WebGestor/CRM/CRM_Lista_Tickect_DevExpress.aspx.vb,WebGestor/CRM,CRM_Lista_Tickect_DevExpress.aspx.vb,.vb,1743,2025-11-10T02:16:22Z,263f32e47201b2f680a50269be90505bc14495db,37,0,0,
WebGestor/CRM/CRM_Registrar.aspx,WebGestor/CRM,CRM_Registrar.aspx,.aspx,69594,2025-11-10T02:16:22Z,6f2c4ee7006a97925f7ea8c1f6248ef6f579c98f,819,1,1,WebGestor/CRM/CRM_Registrar.aspx.vb
WebGestor/CRM/CRM_Registrar.aspx.vb,WebGestor/CRM,CRM_Registrar.aspx.vb,.vb,88775,2025-11-10T02:16:22Z,e34c96dc96acac3697928f34dbc0d09bbc5dcee9,1257,0,0,
WebGestor/CRM/CRM_Relacion_Ticket.aspx,WebGestor/CRM,CRM_Relacion_Ticket.aspx,.aspx,113384,2025-11-10T02:16:22Z,37dcc1c3a308c52100f8ca025a92efdfe96fe697,1202,1,1,WebGestor/CRM/CRM_Relacion_Ticket.aspx.vb
WebGestor/CRM/CRM_Relacion_Ticket.aspx.vb,WebGestor/CRM,CRM_Relacion_Ticket.aspx.vb,.vb,65243,2025-11-10T02:16:22Z,71800ba5f5e7fdc327da520d4ae202ffd5e56335,1039,0,0,
WebGestor/CRM/CRM_Relacion_con_Procesos.aspx,WebGestor/CRM,CRM_Relacion_con_Procesos.aspx,.aspx,6611,2025-11-10T02:16:22Z,0f9ac42a0252b65da3da30f271d4285ce58aec1f,100,1,1,WebGestor/CRM/CRM_Relacion_con_Procesos.aspx.vb
WebGestor/CRM/CRM_Relacion_con_Procesos.aspx.designer.vb,WebGestor/CRM,CRM_Relacion_con_Procesos.aspx.designer.vb,.vb,7791,2025-11-10T02:16:22Z,5fec8221bbd50b13668dab98a049dad097b8832f,26,0,0,
WebGestor/CRM/CRM_Relacion_con_Procesos.aspx.vb,WebGestor/CRM,CRM_Relacion_con_Procesos.aspx.vb,.vb,8381,2025-11-10T02:16:22Z,8ad2b01a100a27df95239ef6e6d92e44bc43dc1f,181,0,0,
WebGestor/CRM/CRM_Tiempo_Estado_Ticket.aspx,WebGestor/CRM,CRM_Tiempo_Estado_Ticket.aspx,.aspx,98208,2025-11-10T02:16:22Z,450908c56020ccc37fb5d91e20a471c13a295db2,1139,1,1,WebGestor/CRM/CRM_Tiempo_Estado_Ticket.aspx.vb
WebGestor/CRM/CRM_Tiempo_Estado_Ticket.aspx.designer.vb,WebGestor/CRM,CRM_Tiempo_Estado_Ticket.aspx.designer.vb,.vb,6651,2025-11-10T02:16:22Z,698e9794460a240f880474a7545599633286c632,23,0,0,
WebGestor/CRM/CRM_Tiempo_Estado_Ticket.aspx.vb,WebGestor/CRM,CRM_Tiempo_Estado_Ticket.aspx.vb,.vb,95596,2025-11-10T02:16:22Z,f513a0753e3511e0046aaf7d78a22ed0eb389805,1739,0,0,
WebGestor/CRM/CrmGuiaHandler.ashx,WebGestor/CRM,CrmGuiaHandler.ashx,.ashx,1395,2025-11-10T02:16:22Z,27ecbd091bd64930d9a60448f98d7329003f4dbf,,0,0,
WebGestor/CRM/Documento_TemasAyuda.aspx,WebGestor/CRM,Documento_TemasAyuda.aspx,.aspx,20840,2025-11-10T02:16:22Z,b57047ca566e118ad25aa1c02b348f2af0d0159f,350,1,1,WebGestor/CRM/Documento_TemasAyuda.aspx.vb
WebGestor/CRM/Documento_TemasAyuda.aspx.vb,WebGestor/CRM,Documento_TemasAyuda.aspx.vb,.vb,15780,2025-11-10T02:16:22Z,0fa44f895e85d947e1eec6a4c79b4ed8a6549579,227,0,0,
WebGestor/CRM/PagPrincipal_CRM.master,WebGestor/CRM,PagPrincipal_CRM.master,.master,12110,2025-11-10T02:16:22Z,8b29e6da058910036136414ece9f85d6884893b4,232,0,0,
WebGestor/CRM/PagPrincipal_CRM.master.vb,WebGestor/CRM,PagPrincipal_CRM.master.vb,.vb,815,2025-11-10T02:16:22Z,6812c8b8fdfc58f1fbefd8830c10b7a24252ba81,16,0,0,
WebGestor/CRM/Temas/022403 TRANSPORTES 3SL Y PROYECTOS E.I.R.L..xlsx,WebGestor/CRM/Temas,022403 TRANSPORTES 3SL Y PROYECTOS E.I.R.L..xlsx,.xlsx,8905,2025-11-10T02:16:22Z,e95f023210c423936ae9f33cce9fc2e5b96fa7c0,,0,0,
WebGestor/CRM/Temas/3473.jfif,WebGestor/CRM/Temas,3473.jfif,.jfif,9001,2025-11-10T02:16:22Z,59e352aac37d451c7cc2c13563a7e9984613befc,,0,0,
WebGestor/CRM/Temas/3473.jpg,WebGestor/CRM/Temas,3473.jpg,.jpg,12523,2025-11-10T02:16:22Z,0bccc32a6ed72fc1fdbda53be80f49058060784c,,0,0,
WebGestor/CRM/Temas/ACEROS AREQUIPA.bmp,WebGestor/CRM/Temas,ACEROS AREQUIPA.bmp,.bmp,38518,2025-11-10T02:16:22Z,02f1d47152eb2a25ff60c70322e795029467c970,,0,0,
WebGestor/CRM/Temas/AUDIO 1.html,WebGestor/CRM/Temas,AUDIO 1.html,.html,432437,2025-11-10T02:16:22Z,f468e1643fbe07af3edbbfef4460afe0b2257038,,0,0,
WebGestor/CRM/Temas/BienesInventariados022223 20100512662 GRAMBS CORPORACION GRAFICA S.A.C.xlsx,WebGestor/CRM/Temas,BienesInventariados022223 20100512662 GRAMBS CORPORACION GRAFICA S.A.C.xlsx,.xlsx,3416,2025-11-10T02:16:22Z,7e7fca682a501554343ebc70d475e3897de0c35f,,0,0,
WebGestor/CRM/Temas/CATALOGO SKUS - 31 JULIO.xlsx,WebGestor/CRM/Temas,CATALOGO SKUS - 31 JULIO.xlsx,.xlsx,636864,2025-11-10T02:16:22Z,84726d6bf89120b6c85efe70eddca0cb03072cee,,0,0,
WebGestor/CRM/Temas/CRM MODULOS.docx,WebGestor/CRM/Temas,CRM MODULOS.docx,.docx,1536925,2025-11-10T02:16:22Z,7e636d88fa1c76342ea016058073d120902813ff,,0,0,
WebGestor/CRM/Temas/DISEÑO DE TABLAS.xlsx,WebGestor/CRM/Temas,DISEÑO DE TABLAS.xlsx,.xlsx,21728,2025-11-10T02:16:22Z,8f89c1b86bdf76f6db838e1ce2c5e8d5b3520292,,0,0,
WebGestor/CRM/Temas/Fwd RECOJO DE MALETAS OFICINA NARANJAL (0778).msg,WebGestor/CRM/Temas,Fwd RECOJO DE MALETAS OFICINA NARANJAL (0778).msg,.msg,46592,2025-11-10T02:16:22Z,29eca5752543343069f9137ec251c146afef8734,,0,0,
WebGestor/CRM/Temas/GridViewExport (1).xls,WebGestor/CRM/Temas,GridViewExport (1).xls,.xls,80495,2025-11-10T02:16:22Z,6f58234ce704af27a122b614b5f5b0314a96c06d,,0,0,
WebGestor/CRM/Temas/GuiaInterna_Nro_001459.pdf,WebGestor/CRM/Temas,GuiaInterna_Nro_001459.pdf,.pdf,1970,2025-11-10T02:16:22Z,db1eb2a50acf9e0a5b6d1ae529edc83619646db1,,0,0,
WebGestor/CRM/Temas/INFORME_FINAL_PE11000751-Oficina El Trigal.pdf,WebGestor/CRM/Temas,INFORME_FINAL_PE11000751-Oficina El Trigal.pdf,.pdf,223414,2025-11-10T02:16:22Z,9b45865963d37d623fa1b18066a3c9f1c8e45d5e,,0,0,
WebGestor/CRM/Temas/LIMA_Julio y Agosto_Control de Despachos  - Red de Oficinas_07.07.2021 (1).xlsx,WebGestor/CRM/Temas,LIMA_Julio y Agosto_Control de Despachos  - Red de Oficinas_07.07.2021 (1).xlsx,.xlsx,165082,2025-11-10T02:16:22Z,0b965d4f08896cf1f9ae4a52f0381ad970c7c5b7,,0,0,
WebGestor/CRM/Temas/POR HACER 220125.docx,WebGestor/CRM/Temas,POR HACER 220125.docx,.docx,38437,2025-11-10T02:16:22Z,28ed8fdef82b2c8519546c1c5039b742b5f107e5,,0,0,
WebGestor/CRM/Temas/PROCESO DE VERIFICACION DE INVENTARIO PROVINCIAS SISTEMA.docx,WebGestor/CRM/Temas,PROCESO DE VERIFICACION DE INVENTARIO PROVINCIAS SISTEMA.docx,.docx,36607,2025-11-10T02:16:22Z,c6beac122ef9c7639ed2e1e051a468a9f4c9d6c9,,0,0,
WebGestor/CRM/Temas/Re Distribución Premios - Arrancón Set 24.msg,WebGestor/CRM/Temas,Re Distribución Premios - Arrancón Set 24.msg,.msg,227328,2025-11-10T02:16:22Z,d9fa209c5f4fef3ae38b38075874a155d615fdfd,,0,0,
WebGestor/CRM/Temas/Re ENVIO DE FELPUDOS SECANTES A OFICINA LIMA NORTE GUIAS DE ENVIO.msg,WebGestor/CRM/Temas,Re ENVIO DE FELPUDOS SECANTES A OFICINA LIMA NORTE GUIAS DE ENVIO.msg,.msg,1779712,2025-11-10T02:16:22Z,0031bb7267e5e2459b22e4ca75218c4963207180,,0,0,
WebGestor/CRM/Temas/Re ENVIO DE FELPUDOS SECANTES A OFICINA LIMA NORTE.msg,WebGestor/CRM/Temas,Re ENVIO DE FELPUDOS SECANTES A OFICINA LIMA NORTE.msg,.msg,58368,2025-11-10T02:16:22Z,6f1526d24a62428ab96b12fe3aca3e0b4f771e26,,0,0,
WebGestor/CRM/Temas/Re External 42720007 - OFICINA BOLIVAR - SE SOLICITA ENVIÓ DE ARTICULOS PARA BOTIQUIN.msg,WebGestor/CRM/Temas,Re External 42720007 - OFICINA BOLIVAR - SE SOLICITA ENVIÓ DE ARTICULOS PARA BOTIQUIN.msg,.msg,99840,2025-11-10T02:16:22Z,7eae4f835900e6f6efe6296a1ac5945014609b67,,0,0,
WebGestor/CRM/Temas/Re External GENERACIÓN GUÍA DE REMISIÓN OT 60269551  OT 60270089  OT 60270090.msg,WebGestor/CRM/Temas,Re External GENERACIÓN GUÍA DE REMISIÓN OT 60269551  OT 60270089  OT 60270090.msg,.msg,131072,2025-11-10T02:16:22Z,756fd4208948fbf1706c150e96e8d240498eb98a,,0,0,
WebGestor/CRM/Temas/Re External GUIAS DE REMISIÓN PARA PLACADO DE LOS EQUIPOS AA -BBVA  PARTE - #03 - CAPEX Q2.msg,WebGestor/CRM/Temas,Re External GUIAS DE REMISIÓN PARA PLACADO DE LOS EQUIPOS AA -BBVA  PARTE - #03 - CAPEX Q2.msg,.msg,303104,2025-11-10T02:16:22Z,1f0b6590603bdabc0b7b61ffecb1d1b329c6371e,,0,0,
WebGestor/CRM/Temas/Re External RE Oficina BBVA dentro del Site Ate - Atento.msg,WebGestor/CRM/Temas,Re External RE Oficina BBVA dentro del Site Ate - Atento.msg,.msg,4557824,2025-11-10T02:16:22Z,b424ab9b09d640f1d3667bab72431054de3764e6,,0,0,
WebGestor/CRM/Temas/Re External Re ENVÍO DE ORDEN DE COMPRA N 8541932477 por el SERVICIO DE TRASLADO DE 22 ATMS DESDE EL ALMACÉN GAMBETA AL ALMACÉN DE ARENALES.msg,WebGestor/CRM/Temas,Re External Re ENVÍO DE ORDEN DE COMPRA N 8541932477 por el SERVICIO DE TRASLADO DE 22 ATMS DESDE EL ALMACÉN GAMBETA AL ALMACÉN DE ARENALES.msg,.msg,429568,2025-11-10T02:16:22Z,bd5dadc993f26b4513d70f12eacfcd69ac15c5b6,,0,0,
WebGestor/CRM/Temas/Re External Re GTB RETIRO DE CAJONERIA.msg,WebGestor/CRM/Temas,Re External Re GTB RETIRO DE CAJONERIA.msg,.msg,649216,2025-11-10T02:16:22Z,849856cc192eebab25e97e7a87ac63f301a93d7a,,0,0,
WebGestor/CRM/Temas/Re External SOLICITUD DE SUMINISTRO PARA SS.HH - EVENTO JORNADA GABINETE 0409 - JORNADA SUR ( GOF) 0509 - JORNADA CLIENT SOLUCIONS 0609.msg,WebGestor/CRM/Temas,Re External SOLICITUD DE SUMINISTRO PARA SS.HH - EVENTO JORNADA GABINETE 0409 - JORNADA SUR ( GOF) 0509 - JORNADA CLIENT SOLUCIONS 0609.msg,.msg,722432,2025-11-10T02:16:22Z,3a29e3f92c35c912da36181ec8311a75ea3b9db8,,0,0,
WebGestor/CRM/Temas/Re External Tacho de basura - Oficina Moquegua.msg,WebGestor/CRM/Temas,Re External Tacho de basura - Oficina Moquegua.msg,.msg,165888,2025-11-10T02:16:22Z,7d8fa7fe91902e25fa0ae4d1c933f1b582ab8a67,,0,0,
WebGestor/CRM/Temas/Re Kit de Lactario para entrega en centro médico.msg,WebGestor/CRM/Temas,Re Kit de Lactario para entrega en centro médico.msg,.msg,54272,2025-11-10T02:16:22Z,a52c41f3d7bfa41dd7c921bbdeaadca0cfc03136,,0,0,
WebGestor/CRM/Temas/Re OT 42659877 ABIERTA 3.Ordinaria 48+24H OF 0352 C.msg,WebGestor/CRM/Temas,Re OT 42659877 ABIERTA 3.Ordinaria 48+24H OF 0352 C.msg,.msg,1579008,2025-11-10T02:16:22Z,afbf8038e41fb71a063ca5317a6b61b130528b1e,,0,0,
WebGestor/CRM/Temas/Re OT 43031593 - Tacho Sanson.msg,WebGestor/CRM/Temas,Re OT 43031593 - Tacho Sanson.msg,.msg,165888,2025-11-10T02:16:22Z,4120b7f4bcfa2d619c675e0e8441234a8d7af3ac,,0,0,
WebGestor/CRM/Temas/Re RECOJO DE EQUIPO EN DESUSO - OF.GRAN CHIMU.msg,WebGestor/CRM/Temas,Re RECOJO DE EQUIPO EN DESUSO - OF.GRAN CHIMU.msg,.msg,73728,2025-11-10T02:16:22Z,481695400121a601f1f9dcb5cdd2f13cc4e9d2fd,,0,0,
WebGestor/CRM/Temas/Re RECOJO DE EQUIPOS EN DESUSO OF. METRO PLAZA CASTILLA o.msg,WebGestor/CRM/Temas,Re RECOJO DE EQUIPOS EN DESUSO OF. METRO PLAZA CASTILLA o.msg,.msg,121856,2025-11-10T02:16:22Z,0d08d01fd248ade04fc6ac6fcd54c8fc7b08e4d8,,0,0,
WebGestor/CRM/Temas/Re RECOJO DE EQUIPOS EN DESUSO OF. METRO PLAZA CASTILLA.msg,WebGestor/CRM/Temas,Re RECOJO DE EQUIPOS EN DESUSO OF. METRO PLAZA CASTILLA.msg,.msg,64000,2025-11-10T02:16:22Z,4e304d925fc5f2bec091f447a6029c726cea7132,,0,0,
WebGestor/CRM/Temas/Re SILLAS NEGRAS_SEDE MIRAFLORES.msg,WebGestor/CRM/Temas,Re SILLAS NEGRAS_SEDE MIRAFLORES.msg,.msg,282624,2025-11-10T02:16:22Z,c5523b2fec181df81b96e14e44f7db50546035a5,,0,0,
WebGestor/CRM/Temas/Re SOLICITUD DE INTERNAMIENTO PARA DISPOSITIVO EN DESUSO - 25072024.msg,WebGestor/CRM/Temas,Re SOLICITUD DE INTERNAMIENTO PARA DISPOSITIVO EN DESUSO - 25072024.msg,.msg,118272,2025-11-10T02:16:22Z,fa4ce8ef8d9187ec8702b7837b39c0fa89e3cdbb,,0,0,
WebGestor/CRM/Temas/Re SOLICITUD DE SOBRES MULTIPLES 596.msg,WebGestor/CRM/Temas,Re SOLICITUD DE SOBRES MULTIPLES 596.msg,.msg,89600,2025-11-10T02:16:22Z,38545fedf676353ab9fdca6a2a15b3b6974212e5,,0,0,
WebGestor/CRM/Temas/Re SOLICITUD IMPLEMENTOS - OF APP AREQUIPA.msg,WebGestor/CRM/Temas,Re SOLICITUD IMPLEMENTOS - OF APP AREQUIPA.msg,.msg,634880,2025-11-10T02:16:22Z,e40fd165e80246f0ab0f7465c4fb982c0be377d6,,0,0,
WebGestor/CRM/Temas/Re Traslado Almacén Arenales.msg,WebGestor/CRM/Temas,Re Traslado Almacén Arenales.msg,.msg,255488,2025-11-10T02:16:22Z,5b6173c3e82aa3da54bacf97572dd36fee755015,,0,0,
WebGestor/CRM/Temas/Re URGENTE - Levantar observaciones municipal - Of. San Juan de Miraflores.msg,WebGestor/CRM/Temas,Re URGENTE - Levantar observaciones municipal - Of. San Juan de Miraflores.msg,.msg,65024,2025-11-10T02:16:22Z,23d45ba878e8ef70cc9e8100976192db4f51817c,,0,0,
WebGestor/CRM/Temas/Re UTILES DE ESCRITORIO - EQUIPO DE VALORES (0567).msg,WebGestor/CRM/Temas,Re UTILES DE ESCRITORIO - EQUIPO DE VALORES (0567).msg,.msg,108544,2025-11-10T02:16:22Z,acae3bb6ea0ab247933d2a059e1960899c355a90,,0,0,
WebGestor/CRM/Temas/SERVICIO/INFORME_TECNICO/PLACAS.txt,WebGestor/CRM/Temas/SERVICIO/INFORME_TECNICO,PLACAS.txt,.txt,415,2025-11-10T02:16:22Z,b2dac5e1a7450b2cfd274338bc08e1330ee4e550,,0,0,
WebGestor/CRM/Temas/TRASLADO DE MOBILIARIO.msg,WebGestor/CRM/Temas,TRASLADO DE MOBILIARIO.msg,.msg,253440,2025-11-10T02:16:22Z,980368b822e97b711ddc900ae74d608f835130b8,,0,0,
WebGestor/CRM/Temas/WhatsApp Ptt 2025-01-14 at 11.38.23 AM.ogg,WebGestor/CRM/Temas,WhatsApp Ptt 2025-01-14 at 11.38.23 AM.ogg,.ogg,9634,2025-11-10T02:16:22Z,6c4dad2dfd4a58071db8bc6218d54fa2fd2c1786,,0,0,
WebGestor/CRM/Temas/cargageneralbienes_ejemplo.xlsx,WebGestor/CRM/Temas,cargageneralbienes_ejemplo.xlsx,.xlsx,17326,2025-11-10T02:16:22Z,09347bc69f522903bc26a5b3892be183e9920b2c,,0,0,
WebGestor/CRM/Temas/cargo carta fianza.docx,WebGestor/CRM/Temas,cargo carta fianza.docx,.docx,33436,2025-11-10T02:16:22Z,ff46dbacac27c9ed9f6e30d1e30b6aa7858a7021,,0,0,
WebGestor/CRM/Temas/correo_a_excel.xlsm,WebGestor/CRM/Temas,correo_a_excel.xlsm,.xlsm,13244,2025-11-10T02:16:22Z,81515ccd23c740c84ed9c812d35057f09e3b05f0,,0,0,
WebGestor/CRM/Temas/impresora argox os-2140.docx,WebGestor/CRM/Temas,impresora argox os-2140.docx,.docx,155618,2025-11-10T02:16:22Z,9c3a1efb73004f676019b799122086787145c679,,0,0,
WebGestor/CRM/Temas/placas2.txt,WebGestor/CRM/Temas,placas2.txt,.txt,87,2025-11-10T02:16:22Z,682ead71b390d93d686ea25f355a9b2da6560b99,,0,0,
WebGestor/CRM/Temas_1BB/1648 GUIA.jpg,WebGestor/CRM/Temas_1BB,1648 GUIA.jpg,.jpg,42733,2025-11-10T02:16:22Z,02ffd985d06409fef7dd257f14743f1b5a8bbf1e,,0,0,
WebGestor/CRM/Temas_1BB/ALCOFARMA 500ML.jfif,WebGestor/CRM/Temas_1BB,ALCOFARMA 500ML.jfif,.jfif,132045,2025-11-10T02:16:22Z,e21a3606287ff19ba8d24adcb0eae0112d9ea8f7,,0,0,
WebGestor/CRM/Temas_1BB/AMPLIFICADOR NIKKO.jfif,WebGestor/CRM/Temas_1BB,AMPLIFICADOR NIKKO.jfif,.jfif,1844,2025-11-10T02:16:22Z,b40c08f308cf2dfa26b3ac51b193a80a07e15e6d,,0,0,
WebGestor/CRM/Temas_1BB/Emisión de GRE - Pesos.msg,WebGestor/CRM/Temas_1BB,Emisión de GRE - Pesos.msg,.msg,281600,2025-11-10T02:16:22Z,3a586d9a1d226aaf8df30a0e85fc06f1995d4dba,,0,0,
WebGestor/CRM/Temas_1BB/INFORME OPENPAY.xlsx,WebGestor/CRM/Temas_1BB,INFORME OPENPAY.xlsx,.xlsx,217955,2025-11-10T02:16:22Z,7b9aca3d03258fec99bbc4ebeccf3b8c8625e46b,,0,0,
WebGestor/CRM/Temas_1BB/banca (2).jfif,WebGestor/CRM/Temas_1BB,banca (2).jfif,.jfif,72810,2025-11-10T02:16:22Z,0114acd3eb9d75d76118866f9b973a7de99a960e,,0,0,
WebGestor/CRM/Temas_1BB/dnis arequipa agosto 2024.xlsx,WebGestor/CRM/Temas_1BB,dnis arequipa agosto 2024.xlsx,.xlsx,15873,2025-11-10T02:16:22Z,2611c461ea3d94c3eb2ee034d1d2f9bf9d8c6a91,,0,0,
WebGestor/CallCenter/CallCenter_CargaDatos.aspx,WebGestor/CallCenter,CallCenter_CargaDatos.aspx,.aspx,4640,2025-11-10T02:16:22Z,9bc26c158f9eb403de73c99b60a1eded3eb8cd8e,81,1,1,WebGestor/CallCenter/CallCenter_CargaDatos.aspx.vb
WebGestor/CallCenter/CallCenter_CargaDatos.aspx.vb,WebGestor/CallCenter,CallCenter_CargaDatos.aspx.vb,.vb,3612,2025-11-10T02:16:22Z,07f2c439024cdf43fdd5346872f63c1771920900,83,0,0,
WebGestor/CallCenter/CallCenter_DatosCliente.aspx,WebGestor/CallCenter,CallCenter_DatosCliente.aspx,.aspx,8792,2025-11-10T02:16:22Z,289e7a1f69fd2fbf3960be603ada11908ca13143,134,1,1,WebGestor/CallCenter/CallCenter_DatosCliente.aspx.vb
WebGestor/CallCenter/CallCenter_DatosCliente.aspx.vb,WebGestor/CallCenter,CallCenter_DatosCliente.aspx.vb,.vb,85,2025-11-10T02:16:22Z,e355c3fe954f5093a1bd4bd1c43b53276553fea3,4,0,0,
WebGestor/CallCenter/CallCenter_Pantalla_Operador.aspx,WebGestor/CallCenter,CallCenter_Pantalla_Operador.aspx,.aspx,21140,2025-11-10T02:16:22Z,0a09978fdc431cf5b9e78decc664066af968dd6c,281,1,1,WebGestor/CallCenter/CallCenter_Pantalla_Operador.aspx.vb
WebGestor/CallCenter/CallCenter_Pantalla_Operador.aspx.vb,WebGestor/CallCenter,CallCenter_Pantalla_Operador.aspx.vb,.vb,15873,2025-11-10T02:16:22Z,a5dc25cd380772d1b363b95a46e1fae0a42410f6,257,0,0,
WebGestor/CallCenter/PagPrincipal_Call.master,WebGestor/CallCenter,PagPrincipal_Call.master,.master,5902,2025-11-10T02:16:22Z,46ca1fceaef323ca5f50f0b0cf1de632030b7b91,75,0,0,
WebGestor/CallCenter/PagPrincipal_Call.master.vb,WebGestor/CallCenter,PagPrincipal_Call.master.vb,.vb,754,2025-11-10T02:16:22Z,0fdae84ba7b46268c7271a99b619b798c1f445a4,16,0,0,
WebGestor/Contabilidad/Contabilidad_PCGR.aspx,WebGestor/Contabilidad,Contabilidad_PCGR.aspx,.aspx,36338,2025-11-10T02:16:22Z,dd65e687e0dfc4c46fe87db53c818a23c7b461fb,384,1,1,WebGestor/Contabilidad/Contabilidad_PCGR.aspx.vb
WebGestor/Contabilidad/Contabilidad_PCGR.aspx.vb,WebGestor/Contabilidad,Contabilidad_PCGR.aspx.vb,.vb,3642,2025-11-10T02:16:22Z,0dcdb7e164a88e24f9fbe56b2f99af36e1ba7c88,67,0,0,
WebGestor/Contabilidad/Contabilidad_Personas.aspx,WebGestor/Contabilidad,Contabilidad_Personas.aspx,.aspx,19613,2025-11-10T02:16:22Z,33accc41e0a51c5195c26532bc3ab4bafceabf0e,260,1,1,WebGestor/Contabilidad/Contabilidad_Personas.aspx.vb
WebGestor/Contabilidad/Contabilidad_Personas.aspx.vb,WebGestor/Contabilidad,Contabilidad_Personas.aspx.vb,.vb,48485,2025-11-10T02:16:22Z,b20cbddf40245d3071a1fcbaf3937f92b78b6ffc,621,0,0,
WebGestor/Contabilidad/Contabilidad_Personas_Detalle.aspx,WebGestor/Contabilidad,Contabilidad_Personas_Detalle.aspx,.aspx,3926,2025-11-10T02:16:22Z,d1d52a06f898948dc4a0f52046ee5566709eb326,70,1,1,WebGestor/Contabilidad/Contabilidad_Personas_Detalle.aspx.vb
WebGestor/Contabilidad/Contabilidad_Personas_Detalle.aspx.vb,WebGestor/Contabilidad,Contabilidad_Personas_Detalle.aspx.vb,.vb,104,2025-11-10T02:16:22Z,81cddf95290d48699ace40128f499dd902e9fa84,4,0,0,
WebGestor/Contabilidad/Contabilidad_Registrar_Clientes.aspx,WebGestor/Contabilidad,Contabilidad_Registrar_Clientes.aspx,.aspx,2913,2025-11-10T02:16:22Z,eb849c19ca33954a5f6ab984f1d1cf55f9c3a57f,47,1,1,WebGestor/Contabilidad/Contabilidad_Registrar_Clientes.aspx.vb
WebGestor/Contabilidad/Contabilidad_Registrar_Clientes.aspx.vb,WebGestor/Contabilidad,Contabilidad_Registrar_Clientes.aspx.vb,.vb,106,2025-11-10T02:16:22Z,d30de2f68e6e012c42f326f3559d91a1335c10b6,4,0,0,
WebGestor/Contabilidad/Contabilidad_TablasContable.aspx,WebGestor/Contabilidad,Contabilidad_TablasContable.aspx,.aspx,56240,2025-11-10T02:16:22Z,13db9fcf96bb2afac9b0c41e1c0f45c07f510c98,564,1,1,WebGestor/Contabilidad/Contabilidad_TablasContable.aspx.vb
WebGestor/Contabilidad/Contabilidad_TablasContable.aspx.vb,WebGestor/Contabilidad,Contabilidad_TablasContable.aspx.vb,.vb,54171,2025-11-10T02:16:22Z,b423f9838eadb5d53cee3b7226959f78410cc1c5,978,0,0,
WebGestor/Contabilidad/Contabilidad_TablasContables2.aspx,WebGestor/Contabilidad,Contabilidad_TablasContables2.aspx,.aspx,64806,2025-11-10T02:16:22Z,d128930fc09f71744cc582927724b957d6e53ca9,694,1,1,WebGestor/Contabilidad/Contabilidad_TablasContables2.aspx.vb
WebGestor/Contabilidad/Contabilidad_TablasContables2.aspx.vb,WebGestor/Contabilidad,Contabilidad_TablasContables2.aspx.vb,.vb,23164,2025-11-10T02:16:22Z,6aeaacebab33f5c1e34da7b3989e4ea8f9cad04f,444,0,0,
WebGestor/Contabilidad/Contabilidad_Voucher.aspx,WebGestor/Contabilidad,Contabilidad_Voucher.aspx,.aspx,15374,2025-11-10T02:16:22Z,f24739a0c927be53e3691bfa1848d10ff5a1b99f,242,1,1,WebGestor/Contabilidad/Contabilidad_Voucher.aspx.vb
WebGestor/Contabilidad/Contabilidad_Voucher.aspx.vb,WebGestor/Contabilidad,Contabilidad_Voucher.aspx.vb,.vb,16883,2025-11-10T02:16:22Z,3bb5c1eaf84190ba880238ed6ffc8436bcf0b907,279,0,0,
WebGestor/Contabilidad/Contabilidad_Voucher_Detalle.aspx,WebGestor/Contabilidad,Contabilidad_Voucher_Detalle.aspx,.aspx,54651,2025-11-10T02:16:22Z,929b410a3120e3e9278a2004a70cd991a977f7fa,846,1,1,WebGestor/Contabilidad/Contabilidad_Voucher_Detalle.aspx.vb
WebGestor/Contabilidad/Contabilidad_Voucher_Detalle.aspx.vb,WebGestor/Contabilidad,Contabilidad_Voucher_Detalle.aspx.vb,.vb,64128,2025-11-10T02:16:22Z,40361e9ceaaba6abd532b8f2cb143dbe53f98f2b,1083,0,0,
WebGestor/Contabilidad/PagPrincipal_Cont.master,WebGestor/Contabilidad,PagPrincipal_Cont.master,.master,6326,2025-11-10T02:16:22Z,b8ffe5f31bc27c54ab4529b7f0249cadd175b0fa,86,0,0,
WebGestor/Contabilidad/PagPrincipal_Cont.master.vb,WebGestor/Contabilidad,PagPrincipal_Cont.master.vb,.vb,836,2025-11-10T02:16:22Z,6096f0ea71dc42e097e0b194a44af9430f75db38,19,0,0,
WebGestor/Contact.aspx,WebGestor,Contact.aspx,.aspx,701,2025-11-10T02:16:22Z,803ead138a8f6511e4f3e239c3aeca6e64d4afb4,15,1,1,WebGestor/Contact.aspx.vb
WebGestor/Contact.aspx.designer.vb,WebGestor,Contact.aspx.designer.vb,.vb,457,2025-11-10T02:16:22Z,4974100c3da50c05641666e46117d1944d32a797,5,0,0,
WebGestor/Contact.aspx.vb,WebGestor,Contact.aspx.vb,.vb,155,2025-11-10T02:16:22Z,781284463ac8302024c3661d9b41cdf6403717c6,5,0,0,
WebGestor/Contador.ascx,WebGestor,Contador.ascx,.ascx,1157,2025-11-10T02:16:22Z,716f6b82a4eebf7ad6e5a498b6bff6e3c5eba025,13,0,0,
WebGestor/Contador.ascx.vb,WebGestor,Contador.ascx.vb,.vb,480,2025-11-10T02:16:22Z,13f8ea81d742e359368f53e2a076efa00eb69c16,14,0,0,
WebGestor/Content/Site.css,WebGestor/Content,Site.css,.css,593,2025-11-10T02:16:22Z,1bae1156959e803dd98e5a838d90d7154b96df83,,0,0,
WebGestor/Content/bootstrap-theme.css,WebGestor/Content,bootstrap-theme.css,.css,26132,2025-11-10T02:16:22Z,1468254bdfd4712c9f496b8f521225362a17ed95,,0,0,
WebGestor/Content/bootstrap-theme.css.map,WebGestor/Content,bootstrap-theme.css.map,.map,47706,2025-11-10T02:16:22Z,5b1fdfb2666d478d5b4911c7bbd49edbf1b47fb1,,0,0,
WebGestor/Content/bootstrap-theme.min.css,WebGestor/Content,bootstrap-theme.min.css,.css,23409,2025-11-10T02:16:22Z,8256575374f430476bdcd49de98c77990229ce31,,0,0,
WebGestor/Content/bootstrap-theme.min.css.map,WebGestor/Content,bootstrap-theme.min.css.map,.map,25648,2025-11-10T02:16:22Z,87f7dfd79d77051ac2eca7d093d961fbd1c8f6eb,,0,0,
WebGestor/Content/bootstrap.css,WebGestor/Content,bootstrap.css,.css,146010,2025-11-10T02:16:22Z,f597f59f955cda06e5d7a79342d9e0c22b5ec6d2,,0,0,
WebGestor/Content/bootstrap.css.map,WebGestor/Content,bootstrap.css.map,.map,389287,2025-11-10T02:16:22Z,ca50d917657a1631d58ce0c791604760d5532d12,,0,0,
WebGestor/Content/bootstrap.min.css,WebGestor/Content,bootstrap.min.css,.css,121200,2025-11-10T02:16:22Z,6527d8bf3e1e9368bab8c7b60f56bc01fa3afd68,,0,0,
WebGestor/Content/bootstrap.min.css.map,WebGestor/Content,bootstrap.min.css.map,.map,542194,2025-11-10T02:16:22Z,e0d7b2bde55a0bac1b658a507e8ca491a6729e06,,0,0,
WebGestor/Content/tessdata/eng.DangAmbigs,WebGestor/Content/tessdata,eng.DangAmbigs,.DangAmbigs,392,2025-11-10T02:16:22Z,337ae0c54b65b36935f38904a0975efb7c35df1b,,0,0,
WebGestor/Content/tessdata/eng.freq-dawg,WebGestor/Content/tessdata,eng.freq-dawg,.freq-dawg,672,2025-11-10T02:16:22Z,1528d85612c7d34dd5b3dd71aa3a144a1d4db8d9,,0,0,
WebGestor/Content/tessdata/eng.inttemp,WebGestor/Content/tessdata,eng.inttemp,.inttemp,862544,2025-11-10T02:16:22Z,b1b58466ef9b7936bb74f27b228c34501386c95d,,0,0,
WebGestor/Content/tessdata/eng.normproto,WebGestor/Content/tessdata,eng.normproto,.normproto,39862,2025-11-10T02:16:22Z,3717df92753cbca9227a3025ba8615e4900a886b,,0,0,
WebGestor/Content/tessdata/eng.pffmtable,WebGestor/Content/tessdata,eng.pffmtable,.pffmtable,590,2025-11-10T02:16:22Z,5bebe1a8e0a0bb828582776ade216394a30d7f7c,,0,0,
WebGestor/Content/tessdata/eng.unicharset,WebGestor/Content/tessdata,eng.unicharset,.unicharset,480,2025-11-10T02:16:22Z,b45acac14cfcf70ede06193a6eca6d7af110912a,,0,0,
WebGestor/Content/tessdata/eng.user-words,WebGestor/Content/tessdata,eng.user-words,.user-words,7289,2025-11-10T02:16:22Z,69c259ccf874033210f72a75f0195a12a783b206,,0,0,
WebGestor/Content/tessdata/eng.word-dawg,WebGestor/Content/tessdata,eng.word-dawg,.word-dawg,809728,2025-11-10T02:16:22Z,4278774fca68cbe675771d1713aff6f9cf7e71b3,,0,0,
WebGestor/ControlMenu.ascx,WebGestor,ControlMenu.ascx,.ascx,1260,2025-11-10T02:16:22Z,ca8f89cd5089a963e3c13145859bd375894ae7ba,27,0,0,
WebGestor/ControlMenu.ascx.vb,WebGestor,ControlMenu.ascx.vb,.vb,6900,2025-11-10T02:16:22Z,7b1d878a2dd73dbc7a3fbc252ab890cef6cea61d,84,0,0,
WebGestor/ControlPersonal/PagPrincipal_CPersonal.master,WebGestor/ControlPersonal,PagPrincipal_CPersonal.master,.master,6587,2025-11-10T02:16:22Z,cadb2c649ec53992c403ceb6724872bf2418d9f6,95,0,0,
WebGestor/ControlPersonal/PagPrincipal_CPersonal.master.vb,WebGestor/ControlPersonal,PagPrincipal_CPersonal.master.vb,.vb,841,2025-11-10T02:16:22Z,8e14a64796f3770f20d80712d612d714cd713e2b,19,0,0,
WebGestor/ControlPersonal/Permisos.aspx,WebGestor/ControlPersonal,Permisos.aspx,.aspx,8807,2025-11-10T02:16:22Z,adce22ac82ec0017b3abe1a3903286e8db9e8102,125,1,1,WebGestor/ControlPersonal/Permisos.aspx.vb
WebGestor/ControlPersonal/Permisos.aspx.vb,WebGestor/ControlPersonal,Permisos.aspx.vb,.vb,6028,2025-11-10T02:16:22Z,05d9989011eccc4cd101dfe9605c39b4934e87af,110,0,0,
WebGestor/ControlPersonal/Person_Control_Asistencia.aspx,WebGestor/ControlPersonal,Person_Control_Asistencia.aspx,.aspx,16589,2025-11-10T02:16:22Z,dc5a1e5f854ffc9507b367d90f4e8fdc005c6050,268,1,1,WebGestor/ControlPersonal/Person_Control_Asistencia.aspx.vb
WebGestor/ControlPersonal/Person_Control_Asistencia.aspx.vb,WebGestor/ControlPersonal,Person_Control_Asistencia.aspx.vb,.vb,25705,2025-11-10T02:16:22Z,de9730af9696e4947715361607ab6cea941c50e1,429,0,0,
WebGestor/ControlPersonal/Person_Control_Define_Horarios.aspx,WebGestor/ControlPersonal,Person_Control_Define_Horarios.aspx,.aspx,12891,2025-11-10T02:16:22Z,624a0876ff51e9f815e25c73fbea9d2e6b408103,195,1,1,WebGestor/ControlPersonal/Person_Control_Define_Horarios.aspx.vb
WebGestor/ControlPersonal/Person_Control_Define_Horarios.aspx.vb,WebGestor/ControlPersonal,Person_Control_Define_Horarios.aspx.vb,.vb,8353,2025-11-10T02:16:22Z,141f71efc63ec26e019ce86476766b5f8d9a0777,134,0,0,
WebGestor/ControlPersonal/Person_Control_EntSal.aspx,WebGestor/ControlPersonal,Person_Control_EntSal.aspx,.aspx,20607,2025-11-10T02:16:22Z,b9249104fdf112fa6c72b9f391245ec1b0c0009f,323,1,1,WebGestor/ControlPersonal/Person_Control_EntSal.aspx.vb
WebGestor/ControlPersonal/Person_Control_EntSal.aspx.vb,WebGestor/ControlPersonal,Person_Control_EntSal.aspx.vb,.vb,27386,2025-11-10T02:16:22Z,5aad3ca2fce3a9058b08f4a588e2fedfb57ecf2b,480,0,0,
WebGestor/ControlPersonal/Person_Control_EntSal_Geo.aspx,WebGestor/ControlPersonal,Person_Control_EntSal_Geo.aspx,.aspx,16549,2025-11-10T02:16:22Z,bb78954b58ff4791d0974e13b7bfad0f7931f8ef,381,1,1,WebGestor/ControlPersonal/Person_Control_EntSal_Geo.aspx.vb
WebGestor/ControlPersonal/Person_Control_EntSal_Geo.aspx.vb,WebGestor/ControlPersonal,Person_Control_EntSal_Geo.aspx.vb,.vb,103,2025-11-10T02:16:22Z,08aa244bb1bd01e2d9f4e32f93c990901d3ba88c,4,0,0,
WebGestor/ControlPersonal/Person_Control_EntSal_Ingreso_Directo.aspx,WebGestor/ControlPersonal,Person_Control_EntSal_Ingreso_Directo.aspx,.aspx,13176,2025-11-10T02:16:22Z,8a893ac555ab7c763da6747061d6c569d82ef56e,217,1,1,WebGestor/ControlPersonal/Person_Control_EntSal_Ingreso_Directo.aspx.vb
WebGestor/ControlPersonal/Person_Control_EntSal_Ingreso_Directo.aspx.vb,WebGestor/ControlPersonal,Person_Control_EntSal_Ingreso_Directo.aspx.vb,.vb,26166,2025-11-10T02:16:22Z,7828ebffbc727d8ca867f75f9abd768d35997678,402,0,0,
WebGestor/ControlPersonal/Person_Control_Integran_Asistencia.aspx,WebGestor/ControlPersonal,Person_Control_Integran_Asistencia.aspx,.aspx,8324,2025-11-10T02:16:22Z,43c164a8ab4948848061c61a5097e1567faca60f,143,1,1,WebGestor/ControlPersonal/Person_Control_Integran_Asistencia.aspx.vb
WebGestor/ControlPersonal/Person_Control_Integran_Asistencia.aspx.vb,WebGestor/ControlPersonal,Person_Control_Integran_Asistencia.aspx.vb,.vb,4584,2025-11-10T02:16:22Z,0605635d91419995a022a519fedc815b2bcbb9e5,89,0,0,
WebGestor/ControlPersonal/Person_Fotos.ashx,WebGestor/ControlPersonal,Person_Fotos.ashx,.ashx,1593,2025-11-10T02:16:22Z,654af84f18712a3b19637460f0305044602482c9,,0,0,
WebGestor/ControlPersonal/Person_Record_Asistencia.aspx,WebGestor/ControlPersonal,Person_Record_Asistencia.aspx,.aspx,13008,2025-11-10T02:16:22Z,55f0e62413c375ecbfb373fab01aeef07deaf3e8,180,1,1,WebGestor/ControlPersonal/Person_Record_Asistencia.aspx.vb
WebGestor/ControlPersonal/Person_Record_Asistencia.aspx.vb,WebGestor/ControlPersonal,Person_Record_Asistencia.aspx.vb,.vb,39234,2025-11-10T02:16:22Z,f8c2aa3b703ce737d171b89f04462a9ccc3225b0,612,0,0,
WebGestor/ControlVisitas/ControlVisitas_Puntos.aspx,WebGestor/ControlVisitas,ControlVisitas_Puntos.aspx,.aspx,32390,2025-11-10T02:16:22Z,54fc33fe30a12c9615d61282ebd6b044133453e8,210,1,1,WebGestor/ControlVisitas/ControlVisitas_Puntos.aspx.vb
WebGestor/ControlVisitas/ControlVisitas_Puntos.aspx.vb,WebGestor/ControlVisitas,ControlVisitas_Puntos.aspx.vb,.vb,41695,2025-11-10T02:16:22Z,c68477f683b770f7d4b940df711f3bb029898204,764,0,0,
WebGestor/ControlVisitas/ControlVisitas_Registro.aspx,WebGestor/ControlVisitas,ControlVisitas_Registro.aspx,.aspx,51900,2025-11-10T02:16:22Z,578d73720b7198f5e2b540c5d52bda23a81a64a2,642,1,1,WebGestor/ControlVisitas/ControlVisitas_Registro.aspx.vb
WebGestor/ControlVisitas/ControlVisitas_Registro.aspx.vb,WebGestor/ControlVisitas,ControlVisitas_Registro.aspx.vb,.vb,71731,2025-11-10T02:16:22Z,ec8c43dc9e249b58a68f59d3e2d32bff801bf39c,1011,0,0,
WebGestor/ControlVisitas/PagPrincipal_ControlVisitas.master,WebGestor/ControlVisitas,PagPrincipal_ControlVisitas.master,.master,6192,2025-11-10T02:16:22Z,8e5c16065b39976a08e8b371145b268db32939ea,86,0,0,
WebGestor/ControlVisitas/PagPrincipal_ControlVisitas.master.vb,WebGestor/ControlVisitas,PagPrincipal_ControlVisitas.master.vb,.vb,847,2025-11-10T02:16:22Z,2f860b69c49e27c0aa81fb826ccff2bee2001220,18,0,0,
WebGestor/Css/CSSWeb.css,WebGestor/Css,CSSWeb.css,.css,11519,2025-11-10T02:16:22Z,b6793a29acacb40f79aa6038e0cd1764f5405492,,0,0,
WebGestor/Css/Custom-Cs.css,WebGestor/Css,Custom-Cs.css,.css,3040,2025-11-10T02:16:22Z,9c08f3caea79a95a0c19ffc4eea1b8cecd182bcc,,0,0,
WebGestor/Css/Formulario.css,WebGestor/Css,Formulario.css,.css,1178,2025-11-10T02:16:22Z,5d808b17e6a20bf0dc63d17bb598a5e737e2ad06,,0,0,
WebGestor/Css/MiEstilo.css,WebGestor/Css,MiEstilo.css,.css,925,2025-11-10T02:16:22Z,a3ee533e8a213be11d11aa2d32a7c54ff6ab4771,,0,0,
WebGestor/Css/Principal.css,WebGestor/Css,Principal.css,.css,969,2025-11-10T02:16:22Z,dd763df291efe7b2bc04c40716045b51bb56428b,,0,0,
WebGestor/Css/Principal1.css,WebGestor/Css,Principal1.css,.css,711,2025-11-10T02:16:22Z,38bec7e3e221cbdfa9064f5dc8f7b66a80e22f75,,0,0,
WebGestor/Css/bootstrap-responsive.css,WebGestor/Css,bootstrap-responsive.css,.css,12401,2025-11-10T02:16:22Z,40947548530e368b428cfa2369cc8c4d58d25858,,0,0,
WebGestor/Css/bootstrap-responsive.min.css,WebGestor/Css,bootstrap-responsive.min.css,.css,9150,2025-11-10T02:16:22Z,cc500e1daf1ed075e84a4d21a459d3cec8c3e3e1,,0,0,
WebGestor/Css/bootstrap-theme.css,WebGestor/Css,bootstrap-theme.css,.css,14936,2025-11-10T02:16:22Z,58d9280093b0a14a1737af48e4218df0bbda4903,,0,0,
WebGestor/Css/bootstrap.css,WebGestor/Css,bootstrap.css,.css,142847,2025-11-10T02:16:22Z,8135d032a9f18fd2fdb385535d4dc59ce5c5aa86,,0,0,
WebGestor/Css/bootstrap.min.css,WebGestor/Css,bootstrap.min.css,.css,81150,2025-11-10T02:16:22Z,3e28a7125c88fa60e719afb4f940dfdcaf199f7a,,0,0,
WebGestor/Css/bootstrapValidator.css,WebGestor/Css,bootstrapValidator.css,.css,700,2025-11-10T02:16:22Z,0dd1d16b1f17ab8fcf800f4f7bdf6620b39cdc98,,0,0,
WebGestor/Css/dGenerales.css,WebGestor/Css,dGenerales.css,.css,899,2025-11-10T02:16:22Z,83c9079ed7e4f9e80bf0d5fc2b8970b510f77fb1,,0,0,
WebGestor/Css/dataTables.bootstrap.min.css,WebGestor/Css,dataTables.bootstrap.min.css,.css,5140,2025-11-10T02:16:22Z,4e512b0b7703d406ba5a03cb1d9506a4e340da9c,,0,0,
WebGestor/Css/docs.css,WebGestor/Css,docs.css,.css,17243,2025-11-10T02:16:22Z,f5ba293c60dc533dc7dfb6dc777afe38d9790292,,0,0,
WebGestor/Css/main.css,WebGestor/Css,main.css,.css,9473,2025-11-10T02:16:22Z,0b0f07c6500c39ebc67631d4c9c626341f6f53a7,,0,0,
WebGestor/Css/util.css,WebGestor/Css,util.css,.css,83821,2025-11-10T02:16:22Z,e3e196a6b1018bef9a39eef966fc606d18f9d202,,0,0,
WebGestor/Css_Gestor/Content.css,WebGestor/Css_Gestor,Content.css,.css,7193,2025-11-10T02:16:22Z,10e45fe766f548628afb7d3f6434e00f6eb99afa,,0,0,
WebGestor/Css_Gestor/FormLayout.css,WebGestor/Css_Gestor,FormLayout.css,.css,277,2025-11-10T02:16:22Z,53ae8cfe7001ec15952fc526d413a796a3717a32,,0,0,
WebGestor/Css_Gestor/GridView.css,WebGestor/Css_Gestor,GridView.css,.css,2246,2025-11-10T02:16:22Z,2de13bf4314db368876b7fdde0a57e95e62d663d,,0,0,
WebGestor/Css_Gestor/GridView.js,WebGestor/Css_Gestor,GridView.js,.js,2221,2025-11-10T02:16:22Z,b31edbcb274ba8ae9f7f3ee54ef8aa133ebfa386,,0,0,
WebGestor/Css_Gestor/Layout.css,WebGestor/Css_Gestor,Layout.css,.css,7545,2025-11-10T02:16:22Z,c4b9f776fdcfc65560cb055f4b41301b0fafa8cf,,0,0,
WebGestor/Css_Gestor/Map.js,WebGestor/Css_Gestor,Map.js,.js,765,2025-11-10T02:16:22Z,c2b2d14984be121e3325cc858f4d5cdc4ec0bf04,,0,0,
WebGestor/Css_Gestor/Scheduler.css,WebGestor/Css_Gestor,Scheduler.css,.css,805,2025-11-10T02:16:22Z,5650a3573e544c489bc2919fb63f8a9d98f35f75,,0,0,
WebGestor/Css_Gestor/Scheduler.js,WebGestor/Css_Gestor,Scheduler.js,.js,1892,2025-11-10T02:16:22Z,cfb3b7a874d557f136443b25981dc260b26dd59e,,0,0,
WebGestor/Css_Gestor/Script.js,WebGestor/Css_Gestor,Script.js,.js,3319,2025-11-10T02:16:22Z,d747ed50d366ff03b11c4fcdcf40e9519feb1d93,,0,0,
WebGestor/Css_Gestor/SignInRegister.js,WebGestor/Css_Gestor,SignInRegister.js,.js,1532,2025-11-10T02:16:22Z,e33c1e80b07adf6dfa1f38d467df5ba4adbb5299,,0,0,
WebGestor/Css_Gestor/SignInRegistred.css,WebGestor/Css_Gestor,SignInRegistred.css,.css,1108,2025-11-10T02:16:22Z,6b92a29695fdec31badb26a9f289125ddee5e247,,0,0,
WebGestor/Css_IniciarSesion.css,WebGestor,Css_IniciarSesion.css,.css,1915,2025-11-10T02:16:22Z,376c63d63de9ada0fefde4798d9519dabe594b5a,,0,0,
WebGestor/Css_Maqueta.css,WebGestor,Css_Maqueta.css,.css,379,2025-11-10T02:16:22Z,187a9cc775a3096d54c673e4e99510533a54050d,,0,0,
WebGestor/Css_Menu.css,WebGestor,Css_Menu.css,.css,651,2025-11-10T02:16:22Z,a5acb8f2a59f178ae76ee28a33029a8ff8af12aa,,0,0,
WebGestor/Css_Tab.css,WebGestor,Css_Tab.css,.css,1156,2025-11-10T02:16:22Z,ddf140b50cfcde022c28a6eabd0a43639c898c9a,,0,0,
WebGestor/Css_Tab_Container.css,WebGestor,Css_Tab_Container.css,.css,1305,2025-11-10T02:16:22Z,ae3bea16639b07e8c7f7052dfd64024615d0e261,,0,0,
WebGestor/Css_WebGestor.css,WebGestor,Css_WebGestor.css,.css,13263,2025-11-10T02:16:22Z,60c37872813d71c1747c03bb2bd1af727ccfd36a,,0,0,
WebGestor/Default.aspx,WebGestor,Default.aspx,.aspx,2617,2025-11-10T02:16:22Z,cfcb20be4424a0bb1a418fbdf8c1f8b035a56ee7,26,1,1,WebGestor/Default.aspx.vb
WebGestor/Default.aspx.vb,WebGestor,Default.aspx.vb,.vb,9420,2025-11-10T02:16:22Z,a9b3955aa569d08ee8f60cf7d211d5a92f6d692d,142,0,0,
WebGestor/Default2.aspx,WebGestor,Default2.aspx,.aspx,6778,2025-11-10T02:16:22Z,f4c7403c3f4bb8d9586b917dacc91632954b09a0,99,1,1,WebGestor/Default2.aspx.vb
WebGestor/Default2.aspx.vb,WebGestor,Default2.aspx.vb,.vb,2385,2025-11-10T02:16:22Z,57f43cf246dead1705b62a954b45ad20b9d55a2f,36,0,0,
WebGestor/Default3.aspx,WebGestor,Default3.aspx,.aspx,1561,2025-11-10T02:16:22Z,d5efc05e9c6301d4eaf4faf4985c66d47e90cf64,33,1,1,WebGestor/Default3.aspx.vb
WebGestor/Default3.aspx.vb,WebGestor,Default3.aspx.vb,.vb,70,2025-11-10T02:16:22Z,ccba39e0a808f81774ded7f44cc0d72cd54eee70,4,0,0,
WebGestor/Default4.aspx,WebGestor,Default4.aspx,.aspx,10120,2025-11-10T02:16:22Z,94d57c27602a263e051db8440bd30c4ba6379124,227,1,1,WebGestor/Default4.aspx.vb
WebGestor/Default4.aspx.vb,WebGestor,Default4.aspx.vb,.vb,2317,2025-11-10T02:16:22Z,b6a26d22beb3c49b81f294239b897bc5f9955173,36,0,0,
WebGestor/Documentacion/Documentacion_Mantenimiento.aspx,WebGestor/Documentacion,Documentacion_Mantenimiento.aspx,.aspx,12274,2025-11-10T02:16:22Z,cc5f05c923d040d1ac100b1f5995b660d232ebc5,182,1,1,WebGestor/Documentacion/Documentacion_Mantenimiento.aspx.vb
WebGestor/Documentacion/Documentacion_Mantenimiento.aspx.designer.vb,WebGestor/Documentacion,Documentacion_Mantenimiento.aspx.designer.vb,.vb,10855,2025-11-10T02:16:22Z,ba098471bbf0dcb46bd3896565b830242edd8463,33,0,0,
WebGestor/Documentacion/Documentacion_Mantenimiento.aspx.vb,WebGestor/Documentacion,Documentacion_Mantenimiento.aspx.vb,.vb,13291,2025-11-10T02:16:22Z,4aa9025c2a3b082e50362605e881505f7ed92f05,239,0,0,
WebGestor/Documentacion/PagPrincipal_Documentacion.master,WebGestor/Documentacion,PagPrincipal_Documentacion.master,.master,6975,2025-11-10T02:16:22Z,acfac2b13b787999c6fdae54749850731875e19d,96,0,0,
WebGestor/Documentacion/PagPrincipal_Documentacion.master.vb,WebGestor/Documentacion,PagPrincipal_Documentacion.master.vb,.vb,883,2025-11-10T02:16:22Z,dfbb1ad5a67f83c31e34d79e9a45f81231fe525e,18,0,0,
WebGestor/Documentacion/Temas/Bienes_xMover (1).xlsx,WebGestor/Documentacion/Temas,Bienes_xMover (1).xlsx,.xlsx,9097,2025-11-10T02:16:22Z,b2cbe16518a118db3bd2a4376075180405005fd8,,0,0,
WebGestor/Documentacion/Temas/CRM MODULOS.docx,WebGestor/Documentacion/Temas,CRM MODULOS.docx,.docx,1536925,2025-11-10T02:16:22Z,7e636d88fa1c76342ea016058073d120902813ff,,0,0,
WebGestor/Documentacion/Temas/Fwd RECOJO DE MALETAS OFICINA NARANJAL (0778).msg,WebGestor/Documentacion/Temas,Fwd RECOJO DE MALETAS OFICINA NARANJAL (0778).msg,.msg,46592,2025-11-10T02:16:22Z,29eca5752543343069f9137ec251c146afef8734,,0,0,
WebGestor/Documentacion/Temas/GridViewExport (1).xls,WebGestor/Documentacion/Temas,GridViewExport (1).xls,.xls,80495,2025-11-10T02:16:22Z,6f58234ce704af27a122b614b5f5b0314a96c06d,,0,0,
WebGestor/Documentacion/Temas/GuiaInterna_Nro_001459.pdf,WebGestor/Documentacion/Temas,GuiaInterna_Nro_001459.pdf,.pdf,1970,2025-11-10T02:16:22Z,db1eb2a50acf9e0a5b6d1ae529edc83619646db1,,0,0,
WebGestor/Documentacion/Temas/Re OT 42659877 ABIERTA 3.Ordinaria 48+24H OF 0352 C.msg,WebGestor/Documentacion/Temas,Re OT 42659877 ABIERTA 3.Ordinaria 48+24H OF 0352 C.msg,.msg,1579008,2025-11-10T02:16:22Z,afbf8038e41fb71a063ca5317a6b61b130528b1e,,0,0,
WebGestor/Documentacion/Temas/Re RECOJO DE EQUIPO EN DESUSO - OF.GRAN CHIMU.msg,WebGestor/Documentacion/Temas,Re RECOJO DE EQUIPO EN DESUSO - OF.GRAN CHIMU.msg,.msg,73728,2025-11-10T02:16:22Z,481695400121a601f1f9dcb5cdd2f13cc4e9d2fd,,0,0,
WebGestor/Documentacion/Temas/Re RECOJO DE EQUIPOS EN DESUSO OF. METRO PLAZA CASTILLA o.msg,WebGestor/Documentacion/Temas,Re RECOJO DE EQUIPOS EN DESUSO OF. METRO PLAZA CASTILLA o.msg,.msg,121856,2025-11-10T02:16:22Z,0d08d01fd248ade04fc6ac6fcd54c8fc7b08e4d8,,0,0,
WebGestor/Documentacion/Temas/Re RECOJO DE EQUIPOS EN DESUSO OF. METRO PLAZA CASTILLA.msg,WebGestor/Documentacion/Temas,Re RECOJO DE EQUIPOS EN DESUSO OF. METRO PLAZA CASTILLA.msg,.msg,64000,2025-11-10T02:16:22Z,4e304d925fc5f2bec091f447a6029c726cea7132,,0,0,
WebGestor/Documentacion/Temas/Re SOLICITUD DE INTERNAMIENTO PARA DISPOSITIVO EN DESUSO - 29052024.msg,WebGestor/Documentacion/Temas,Re SOLICITUD DE INTERNAMIENTO PARA DISPOSITIVO EN DESUSO - 29052024.msg,.msg,70144,2025-11-10T02:16:22Z,ebd377a60e28248fabb60944b306fba6aa57cf93,,0,0,
WebGestor/Documentacion/Temas/Re SOLICITUD DE SOBRES MULTIPLES 596.msg,WebGestor/Documentacion/Temas,Re SOLICITUD DE SOBRES MULTIPLES 596.msg,.msg,89600,2025-11-10T02:16:22Z,38545fedf676353ab9fdca6a2a15b3b6974212e5,,0,0,
WebGestor/Documentacion/Temas/Re SOLICITUD IMPLEMENTOS - OF APP AREQUIPA.msg,WebGestor/Documentacion/Temas,Re SOLICITUD IMPLEMENTOS - OF APP AREQUIPA.msg,.msg,634880,2025-11-10T02:16:22Z,e40fd165e80246f0ab0f7465c4fb982c0be377d6,,0,0,
WebGestor/Documentacion/Temas/Re UTILES DE ESCRITORIO - EQUIPO DE VALORES (0567).msg,WebGestor/Documentacion/Temas,Re UTILES DE ESCRITORIO - EQUIPO DE VALORES (0567).msg,.msg,108544,2025-11-10T02:16:22Z,acae3bb6ea0ab247933d2a059e1960899c355a90,,0,0,
WebGestor/Documentacion/Temas/SERVICIO/INFORME_TECNICO/PLACAS.txt,WebGestor/Documentacion/Temas/SERVICIO/INFORME_TECNICO,PLACAS.txt,.txt,415,2025-11-10T02:16:22Z,b2dac5e1a7450b2cfd274338bc08e1330ee4e550,,0,0,
WebGestor/Documentacion/Temas/cargageneralbienes_ejemplo.xlsx,WebGestor/Documentacion/Temas,cargageneralbienes_ejemplo.xlsx,.xlsx,17326,2025-11-10T02:16:22Z,09347bc69f522903bc26a5b3892be183e9920b2c,,0,0,
WebGestor/Documentacion/Temas/placas2.txt,WebGestor/Documentacion/Temas,placas2.txt,.txt,87,2025-11-10T02:16:22Z,682ead71b390d93d686ea25f355a9b2da6560b99,,0,0,
WebGestor/EjemploAvisos.aspx,WebGestor,EjemploAvisos.aspx,.aspx,2888,2025-11-10T02:16:22Z,863ae49c2de769ffdabe6609de6fa6ab8e644fc1,113,1,1,WebGestor/EjemploAvisos.aspx.vb
WebGestor/EjemploAvisos.aspx.vb,WebGestor,EjemploAvisos.aspx.vb,.vb,75,2025-11-10T02:16:22Z,d7239911f5be7776910c8f501b2c7419749a07f7,4,0,0,
WebGestor/Ejemplo_Css.css,WebGestor,Ejemplo_Css.css,.css,1597,2025-11-10T02:16:22Z,a5aa756c38a261f8c8d02957f0fbb1e92f53b139,,0,0,
WebGestor/Encuesta/Encuesta_Anonimos_Des.aspx,WebGestor/Encuesta,Encuesta_Anonimos_Des.aspx,.aspx,15122,2025-11-10T02:16:22Z,4f381baa9dbb0a80bfc543ac4cda665957b70357,237,1,1,WebGestor/Encuesta/Encuesta_Anonimos_Des.aspx.vb
WebGestor/Encuesta/Encuesta_Anonimos_Des.aspx.vb,WebGestor/Encuesta,Encuesta_Anonimos_Des.aspx.vb,.vb,35283,2025-11-10T02:16:22Z,b0c13832139cf499ddb4d553d3a671e65d96eb15,510,0,0,
WebGestor/Encuesta/Encuesta_Des.aspx,WebGestor/Encuesta,Encuesta_Des.aspx,.aspx,23991,2025-11-10T02:16:22Z,1d72f57b3994ff03c912def0ed1941c7506c364e,378,1,1,WebGestor/Encuesta/Encuesta_Des.aspx.vb
WebGestor/Encuesta/Encuesta_Des.aspx.vb,WebGestor/Encuesta,Encuesta_Des.aspx.vb,.vb,56227,2025-11-10T02:16:22Z,af7f0615d2a51924cb599f11d582e41cbba67abf,817,0,0,
WebGestor/Encuesta/Encuestas.aspx,WebGestor/Encuesta,Encuestas.aspx,.aspx,6928,2025-11-10T02:16:22Z,21ffb12044d2a3602e99a694807440cb080cd214,110,1,1,WebGestor/Encuesta/Encuestas.aspx.vb
WebGestor/Encuesta/Encuestas.aspx.vb,WebGestor/Encuesta,Encuestas.aspx.vb,.vb,12640,2025-11-10T02:16:22Z,2241e5376a382527bf6e7dead5cfa44d4b300dda,176,0,0,
WebGestor/Encuesta/Encuestas_Anonimos.aspx,WebGestor/Encuesta,Encuestas_Anonimos.aspx,.aspx,6797,2025-11-10T02:16:22Z,3a09c53f03c9640ca9f4c559a471ec7efbddcdcf,102,1,1,WebGestor/Encuesta/Encuestas_Anonimos.aspx.vb
WebGestor/Encuesta/Encuestas_Anonimos.aspx.vb,WebGestor/Encuesta,Encuestas_Anonimos.aspx.vb,.vb,8009,2025-11-10T02:16:22Z,d9a8e14066bb4f2ceae03fcdadc75feb154029c4,155,0,0,
WebGestor/Encuesta/Encuestas_Realizadas.aspx,WebGestor/Encuesta,Encuestas_Realizadas.aspx,.aspx,13795,2025-11-10T02:16:22Z,eeb5f6852cd14ba51c6324213f1dd54564342d89,207,1,1,WebGestor/Encuesta/Encuestas_Realizadas.aspx.vb
WebGestor/Encuesta/Encuestas_Realizadas.aspx.vb,WebGestor/Encuesta,Encuestas_Realizadas.aspx.vb,.vb,20914,2025-11-10T02:16:22Z,fdeba80c97b218552a7f4f348a47bd0628d8368f,316,0,0,
WebGestor/Encuesta/PagPrincipal_Encuenta.master,WebGestor/Encuesta,PagPrincipal_Encuenta.master,.master,6192,2025-11-10T02:16:22Z,18cf97e08b13fd5df758545ee03d3e9d6a89d212,86,0,0,
WebGestor/Encuesta/PagPrincipal_Encuenta.master.vb,WebGestor/Encuesta,PagPrincipal_Encuenta.master.vb,.vb,841,2025-11-10T02:16:22Z,3f6d4ade9c1e1883e2010464492f1a4579b365ec,18,0,0,
WebGestor/Encuesta/VerResultEnc.aspx,WebGestor/Encuesta,VerResultEnc.aspx,.aspx,4388,2025-11-10T02:16:22Z,e4c83a3c4e604cac7582c7b707fe2aa0277b7ce6,74,1,1,WebGestor/Encuesta/VerResultEnc.aspx.vb
WebGestor/Encuesta/VerResultEnc.aspx.vb,WebGestor/Encuesta,VerResultEnc.aspx.vb,.vb,12910,2025-11-10T02:16:22Z,d8b95be9473af1d45faf9e63581220986db536e0,179,0,0,
WebGestor/Encuesta/VerResultEncAno.aspx,WebGestor/Encuesta,VerResultEncAno.aspx,.aspx,4370,2025-11-10T02:16:22Z,1436e07ab3a69b14739beba34840b5682bc9bdc1,74,1,1,WebGestor/Encuesta/VerResultEncAno.aspx.vb
WebGestor/Encuesta/VerResultEncAno.aspx.vb,WebGestor/Encuesta,VerResultEncAno.aspx.vb,.vb,13448,2025-11-10T02:16:22Z,9add950904e161202ca16ade97ffcc289b16b0c9,171,0,0,
WebGestor/EstiloWebTec.css,WebGestor,EstiloWebTec.css,.css,5532,2025-11-10T02:16:22Z,3a53d5a50978b632e610eb7d51cd042fb99b64e9,,0,0,
WebGestor/EvaluacionProcesos/CapturarImagen.aspx,WebGestor/EvaluacionProcesos,CapturarImagen.aspx,.aspx,2192,2025-11-10T02:16:22Z,d694eb8995ed4c1e56fa1206ad487bbf9c2a2eb6,64,1,1,WebGestor/EvaluacionProcesos/CapturarImagen.aspx.vb
WebGestor/EvaluacionProcesos/CapturarImagen.aspx.vb,WebGestor/EvaluacionProcesos,CapturarImagen.aspx.vb,.vb,1401,2025-11-10T02:16:22Z,3b6c9dd87b11a09cdb3153688d96b5c130a6929e,27,0,0,
WebGestor/EvaluacionProcesos/EvalProcesos.aspx,WebGestor/EvaluacionProcesos,EvalProcesos.aspx,.aspx,29498,2025-11-10T02:16:22Z,2a39ae693ab783be32a11d9b36c4913538f61942,401,1,1,WebGestor/EvaluacionProcesos/EvalProcesos.aspx.vb
WebGestor/EvaluacionProcesos/EvalProcesos.aspx.vb,WebGestor/EvaluacionProcesos,EvalProcesos.aspx.vb,.vb,83957,2025-11-10T02:16:22Z,e5356d6fefc5138fc2d435818ad060365f856af4,1453,0,0,
WebGestor/EvaluacionProcesos/EvalProcesos_Analisis.aspx,WebGestor/EvaluacionProcesos,EvalProcesos_Analisis.aspx,.aspx,11734,2025-11-10T02:16:22Z,6528bef0143f3a71ccb3afc923234c22d2727fb0,148,1,1,WebGestor/EvaluacionProcesos/EvalProcesos_Analisis.aspx.vb
WebGestor/EvaluacionProcesos/EvalProcesos_Analisis.aspx.vb,WebGestor/EvaluacionProcesos,EvalProcesos_Analisis.aspx.vb,.vb,5413,2025-11-10T02:16:22Z,69964f80f957482523afcb95a033aff5f301d630,110,0,0,
WebGestor/EvaluacionProcesos/EvalProcesos_AnalisisL.aspx,WebGestor/EvaluacionProcesos,EvalProcesos_AnalisisL.aspx,.aspx,51081,2025-11-10T02:16:22Z,5a558088f71385bc5d03265c68b09a8ebd1d034c,469,1,1,WebGestor/EvaluacionProcesos/EvalProcesos_AnalisisL.aspx.vb
WebGestor/EvaluacionProcesos/EvalProcesos_AnalisisL.aspx.vb,WebGestor/EvaluacionProcesos,EvalProcesos_AnalisisL.aspx.vb,.vb,28074,2025-11-10T02:16:22Z,87c66a4aa33b4e4643cc21948ffc7afc51d1038a,566,0,0,
WebGestor/EvaluacionProcesos/EvalProcesos_Dashboard.aspx,WebGestor/EvaluacionProcesos,EvalProcesos_Dashboard.aspx,.aspx,2505,2025-11-10T02:16:22Z,f8fe65dafc7f713a2bf0b3a5077f7adfcb27a1ee,44,1,1,WebGestor/EvaluacionProcesos/EvalProcesos_Dashboard.aspx.vb
WebGestor/EvaluacionProcesos/EvalProcesos_Dashboard.aspx.bak,WebGestor/EvaluacionProcesos,EvalProcesos_Dashboard.aspx.bak,.bak,2505,2025-11-10T02:16:22Z,28415c5c9e0f0364006c222425a2fd8548ecdfe8,,0,0,
WebGestor/EvaluacionProcesos/EvalProcesos_Dashboard.aspx.vb,WebGestor/EvaluacionProcesos,EvalProcesos_Dashboard.aspx.vb,.vb,2195,2025-11-10T02:16:22Z,95a1353ec42948fce4366c5aaa1036baa241e2c1,34,0,0,
WebGestor/EvaluacionProcesos/EvalProcesos_Define_Oficinas.aspx,WebGestor/EvaluacionProcesos,EvalProcesos_Define_Oficinas.aspx,.aspx,14064,2025-11-10T02:16:22Z,ecd15d82580eb67f698eb79496e8ab6981cc9c0b,202,1,1,WebGestor/EvaluacionProcesos/EvalProcesos_Define_Oficinas.aspx.vb
WebGestor/EvaluacionProcesos/EvalProcesos_Define_Oficinas.aspx.vb,WebGestor/EvaluacionProcesos,EvalProcesos_Define_Oficinas.aspx.vb,.vb,14704,2025-11-10T02:16:22Z,c2c227cdc7b3619335c7342051b4b873cc6d117d,254,0,0,
WebGestor/EvaluacionProcesos/EvalProcesos_Distancia_Entre2Direcciones.aspx,WebGestor/EvaluacionProcesos,EvalProcesos_Distancia_Entre2Direcciones.aspx,.aspx,7125,2025-11-10T02:16:22Z,3ef220fe7a14121868b402b867f31d6e0e182a94,108,1,1,WebGestor/EvaluacionProcesos/EvalProcesos_Distancia_Entre2Direcciones.aspx.vb
WebGestor/EvaluacionProcesos/EvalProcesos_Distancia_Entre2Direcciones.aspx.vb,WebGestor/EvaluacionProcesos,EvalProcesos_Distancia_Entre2Direcciones.aspx.vb,.vb,6315,2025-11-10T02:16:22Z,8e2d85f9ab686a781386317f9f89fdba8b4cac62,129,0,0,
WebGestor/EvaluacionProcesos/EvalProcesos_Generar.aspx,WebGestor/EvaluacionProcesos,EvalProcesos_Generar.aspx,.aspx,13439,2025-11-10T02:16:22Z,7cd60c2f3d132de913fc53f90a431f02568d07e9,180,1,1,WebGestor/EvaluacionProcesos/EvalProcesos_Generar.aspx.vb
WebGestor/EvaluacionProcesos/EvalProcesos_Generar.aspx.vb,WebGestor/EvaluacionProcesos,EvalProcesos_Generar.aspx.vb,.vb,9660,2025-11-10T02:16:22Z,652e8e12d042eebca5029237d5fb657fe66ff65c,198,0,0,
WebGestor/EvaluacionProcesos/EvalProcesos_Grafica.aspx,WebGestor/EvaluacionProcesos,EvalProcesos_Grafica.aspx,.aspx,12140,2025-11-10T02:16:22Z,2bafbe8a040f72700b74ce0ad87eefa61b83fe6d,199,1,1,WebGestor/EvaluacionProcesos/EvalProcesos_Grafica.aspx.vb
WebGestor/EvaluacionProcesos/EvalProcesos_Grafica.aspx.vb,WebGestor/EvaluacionProcesos,EvalProcesos_Grafica.aspx.vb,.vb,26378,2025-11-10T02:16:22Z,0b688311bcb37fcace300a6528ab11825233ad6c,576,0,0,
WebGestor/EvaluacionProcesos/EvalProcesos_LisaRptaJalados.aspx,WebGestor/EvaluacionProcesos,EvalProcesos_LisaRptaJalados.aspx,.aspx,10088,2025-11-10T02:16:22Z,c46f1bf8b98b3c41d74e7289b02c70ed87a73bc2,155,1,1,WebGestor/EvaluacionProcesos/EvalProcesos_LisaRptaJalados.aspx.vb
WebGestor/EvaluacionProcesos/EvalProcesos_LisaRptaJalados.aspx.vb,WebGestor/EvaluacionProcesos,EvalProcesos_LisaRptaJalados.aspx.vb,.vb,19012,2025-11-10T02:16:22Z,763bb4e42239b7046d96bbcaeee6cf34def6e39b,345,0,0,
WebGestor/EvaluacionProcesos/EvalProcesos_PagMaster.master,WebGestor/EvaluacionProcesos,EvalProcesos_PagMaster.master,.master,1940,2025-11-10T02:16:22Z,90c451a0e51c7fbc699e0a1559a81c387d08562e,34,0,0,
WebGestor/EvaluacionProcesos/EvalProcesos_PagMaster.master.vb,WebGestor/EvaluacionProcesos,EvalProcesos_PagMaster.master.vb,.vb,109,2025-11-10T02:16:22Z,b0611567d3646d914299419f06f244205e5428e8,4,0,0,
WebGestor/EvaluacionProcesos/EvalProcesos_Prevencion_Ingreso.aspx,WebGestor/EvaluacionProcesos,EvalProcesos_Prevencion_Ingreso.aspx,.aspx,16665,2025-11-10T02:16:22Z,d7f236b8626a3c1ec2767a53dd2a2075a74d537b,250,1,1,WebGestor/EvaluacionProcesos/EvalProcesos_Prevencion_Ingreso.aspx.vb
WebGestor/EvaluacionProcesos/EvalProcesos_Prevencion_Ingreso.aspx.vb,WebGestor/EvaluacionProcesos,EvalProcesos_Prevencion_Ingreso.aspx.vb,.vb,19227,2025-11-10T02:16:22Z,68a7bd03aa1306d4cd38e5806a737c07e848fe1e,340,0,0,
WebGestor/EvaluacionProcesos/EvalProcesos_Reclamo.aspx,WebGestor/EvaluacionProcesos,EvalProcesos_Reclamo.aspx,.aspx,14682,2025-11-10T02:16:22Z,df1d0ffe69a998d8037cc5e8f9371aee6d0ac1c7,186,1,1,WebGestor/EvaluacionProcesos/EvalProcesos_Reclamo.aspx.vb
WebGestor/EvaluacionProcesos/EvalProcesos_Reclamo.aspx.bak,WebGestor/EvaluacionProcesos,EvalProcesos_Reclamo.aspx.bak,.bak,14682,2025-11-10T02:16:22Z,83e71d80ca983d4143f7adde5ffd9412e8d0f040,,0,0,
WebGestor/EvaluacionProcesos/EvalProcesos_Reclamo.aspx.vb,WebGestor/EvaluacionProcesos,EvalProcesos_Reclamo.aspx.vb,.vb,7340,2025-11-10T02:16:22Z,b18433b9c3d882cd876be24ce92fd60d0403d257,113,0,0,
WebGestor/EvaluacionProcesos/EvalProcesos_ReclamoLista.aspx,WebGestor/EvaluacionProcesos,EvalProcesos_ReclamoLista.aspx,.aspx,13278,2025-11-10T02:16:22Z,353ae0e43a88547d9c0a85664bf7f8c93ae4ad6c,188,1,1,WebGestor/EvaluacionProcesos/EvalProcesos_ReclamoLista.aspx.vb
WebGestor/EvaluacionProcesos/EvalProcesos_ReclamoLista.aspx.vb,WebGestor/EvaluacionProcesos,EvalProcesos_ReclamoLista.aspx.vb,.vb,2375,2025-11-10T02:16:22Z,8bf30958806f2d1892691f545cb2dc97facd1767,56,0,0,
WebGestor/EvaluacionProcesos/EvalProcesos_Relacionar.aspx,WebGestor/EvaluacionProcesos,EvalProcesos_Relacionar.aspx,.aspx,14487,2025-11-10T02:16:22Z,721a4d99e3aa6c6b46576a5a9a66517b4188163f,196,1,1,WebGestor/EvaluacionProcesos/EvalProcesos_Relacionar.aspx.vb
WebGestor/EvaluacionProcesos/EvalProcesos_Relacionar.aspx.vb,WebGestor/EvaluacionProcesos,EvalProcesos_Relacionar.aspx.vb,.vb,9151,2025-11-10T02:16:22Z,43bdec43c61aaa4573b0b02a8e5ccc113585b51c,214,0,0,
WebGestor/EvaluacionProcesos/GoogleMapsWeb.aspx,WebGestor/EvaluacionProcesos,GoogleMapsWeb.aspx,.aspx,5897,2025-11-10T02:16:22Z,95cfcea4b2f5cf0b0b13a60deb6f3802189a33a3,90,1,1,WebGestor/EvaluacionProcesos/GoogleMapsWeb.aspx.vb
WebGestor/EvaluacionProcesos/GoogleMapsWeb.aspx.vb,WebGestor/EvaluacionProcesos,GoogleMapsWeb.aspx.vb,.vb,824,2025-11-10T02:16:22Z,6dab2531068abb12830fd74edc4d508587ed9da4,19,0,0,
WebGestor/EvaluacionProcesos/GoogleMaps_Prueba.aspx,WebGestor/EvaluacionProcesos,GoogleMaps_Prueba.aspx,.aspx,10531,2025-11-10T02:16:22Z,11ca30fcbb0152a2f5caccfda77d1af7720d49f5,217,1,1,WebGestor/EvaluacionProcesos/GoogleMaps_Prueba.aspx.vb
WebGestor/EvaluacionProcesos/GoogleMaps_Prueba.aspx.vb,WebGestor/EvaluacionProcesos,GoogleMaps_Prueba.aspx.vb,.vb,2339,2025-11-10T02:16:22Z,191acff570dde5a770a21d493e5a21814d462ad9,53,0,0,
WebGestor/EvaluacionProcesos/PagPrincipal_EvalProceso.master,WebGestor/EvaluacionProcesos,PagPrincipal_EvalProceso.master,.master,6160,2025-11-10T02:16:22Z,cd91d7fcfef475f5029e0c7d9baae7828931378f,90,0,0,
WebGestor/EvaluacionProcesos/PagPrincipal_EvalProceso.master.vb,WebGestor/EvaluacionProcesos,PagPrincipal_EvalProceso.master.vb,.vb,866,2025-11-10T02:16:22Z,dfd9ccdff8a50f36744cc3f0ed513b04150934c2,19,0,0,
WebGestor/EvaluacionProcesos/VB.aspx,WebGestor/EvaluacionProcesos,VB.aspx,.aspx,1214,2025-11-10T02:16:22Z,00e1e5de05103a0d2687de7bc8404e25606341fb,31,1,1,WebGestor/EvaluacionProcesos/VB.aspx.vb
WebGestor/EvaluacionProcesos/VB.aspx.vb,WebGestor/EvaluacionProcesos,VB.aspx.vb,.vb,1855,2025-11-10T02:16:22Z,1efb92c0cb9c25e603fb25888586ac2091ebb7e2,26,0,0,
WebGestor/Eventos/Eventos.aspx,WebGestor/Eventos,Eventos.aspx,.aspx,30341,2025-11-10T02:16:22Z,5ea261765cc0169f5574332566a4f2693a0e5acb,377,1,1,WebGestor/Eventos/Eventos.aspx.vb
WebGestor/Eventos/Eventos.aspx.vb,WebGestor/Eventos,Eventos.aspx.vb,.vb,25772,2025-11-10T02:16:22Z,4952b73fc800296bc05236ea7558dc49fbc5f5d3,379,0,0,
WebGestor/Eventos/Eventos_xParticipantes.aspx,WebGestor/Eventos,Eventos_xParticipantes.aspx,.aspx,22752,2025-11-10T02:16:22Z,51b5e281194bc50d2e3505151edd4e5bf5292c42,347,1,1,WebGestor/Eventos/Eventos_xParticipantes.aspx.vb
WebGestor/Eventos/Eventos_xParticipantes.aspx.vb,WebGestor/Eventos,Eventos_xParticipantes.aspx.vb,.vb,10237,2025-11-10T02:16:22Z,ff9e4a8cbecf34e8fd6a107a8b1c5dc9efa56273,162,0,0,
WebGestor/Eventos/Permisos.aspx,WebGestor/Eventos,Permisos.aspx,.aspx,8807,2025-11-10T02:16:22Z,adce22ac82ec0017b3abe1a3903286e8db9e8102,125,1,1,WebGestor/Eventos/Permisos.aspx.vb
WebGestor/Eventos/Permisos.aspx.vb,WebGestor/Eventos,Permisos.aspx.vb,.vb,5756,2025-11-10T02:16:22Z,a398a7f9b68cb6df009d4d2bb7908b60612124a4,107,0,0,
WebGestor/Finanzas/Finanzas_Registro.aspx,WebGestor/Finanzas,Finanzas_Registro.aspx,.aspx,17673,2025-11-10T02:16:22Z,74f30be934523c8fa5ebf806b4a850fdfb524130,330,1,1,WebGestor/Finanzas/Finanzas_Registro.aspx.vb
WebGestor/Finanzas/Finanzas_Registro.aspx.vb,WebGestor/Finanzas,Finanzas_Registro.aspx.vb,.vb,1686,2025-11-10T02:16:22Z,b48ea12ffcefbd25dc9dcf1741b2e1a2390509ca,34,0,0,
WebGestor/Finanzas/Finanzas_Registro_IngresoEgreso.aspx,WebGestor/Finanzas,Finanzas_Registro_IngresoEgreso.aspx,.aspx,6902,2025-11-10T02:16:22Z,bf8191c63f883d8b85b3bb59a9aecf698126558f,117,1,1,WebGestor/Finanzas/Finanzas_Registro_IngresoEgreso.aspx.vb
WebGestor/Finanzas/Finanzas_Registro_IngresoEgreso.aspx.vb,WebGestor/Finanzas,Finanzas_Registro_IngresoEgreso.aspx.vb,.vb,3367,2025-11-10T02:16:22Z,0e33b256fbaf2e068bc67b02bdfa39321455bb93,68,0,0,
WebGestor/Fotos/1.gif,WebGestor/Fotos,1.gif,.gif,2001,2025-11-10T02:16:22Z,28224c989f9575f8c8348846e7534a252afb2e39,,0,0,
WebGestor/Fotos/16 (Back).ico,WebGestor/Fotos,16 (Back).ico,.ico,1406,2025-11-10T02:16:22Z,a9fd4d307c83c10e4e278090dd7fef43430f1332,,0,0,
WebGestor/Fotos/25-1.gif,WebGestor/Fotos,25-1.gif,.gif,2608,2025-11-10T02:16:22Z,c2f4f0cc14f9796305c7dc3bc06e3a0ba25a3c2c,,0,0,
WebGestor/Fotos/5.gif,WebGestor/Fotos,5.gif,.gif,3087,2025-11-10T02:16:22Z,3d6711f56ad0f1fad68bcf263e8d1024f0dfe690,,0,0,
WebGestor/Fotos/6.gif,WebGestor/Fotos,6.gif,.gif,3981,2025-11-10T02:16:22Z,a648bf64a8862530b7fc56501a4de6a67b1a6446,,0,0,
WebGestor/Fotos/7.gif,WebGestor/Fotos,7.gif,.gif,10132,2025-11-10T02:16:22Z,1e3534c99a6287deacb76d29858979b74a9f071a,,0,0,
WebGestor/Fotos/BtnSeleccionar.png,WebGestor/Fotos,BtnSeleccionar.png,.png,643,2025-11-10T02:16:22Z,546d757b72ec7879c565d643e65b7d3eeaab251d,,0,0,
WebGestor/Fotos/COMPLEMENTO5.JPG,WebGestor/Fotos,COMPLEMENTO5.JPG,.JPG,5258,2025-11-10T02:16:22Z,553d4a76b661bfdf2369dbf3e6d365a3936f473e,,0,0,
WebGestor/Fotos/Calendario.bmp,WebGestor/Fotos,Calendario.bmp,.bmp,1078,2025-11-10T02:16:22Z,71bc385e739453ecbc119b59e56fdf71fe3e6ee5,,0,0,
WebGestor/Fotos/CasColombia.jpg,WebGestor/Fotos,CasColombia.jpg,.jpg,2222,2025-11-10T02:16:22Z,835bdf6e70390d73ffc284762b640d49e1ad2ab6,,0,0,
WebGestor/Fotos/ImgContabilidad.jpg,WebGestor/Fotos,ImgContabilidad.jpg,.jpg,2532,2025-11-10T02:16:22Z,5e23bd1e5875cbf72fef53dce77c6dfbfca387fe,,0,0,
WebGestor/Fotos/LOGO WEB HACDATA.jpg,WebGestor/Fotos,LOGO WEB HACDATA.jpg,.jpg,17544,2025-11-10T02:16:22Z,005587e9cc0acf841f1735fff6bc434b7ca35ef2,,0,0,
WebGestor/Fotos/LOGO WEBCASH-04.jpg,WebGestor/Fotos,LOGO WEBCASH-04.jpg,.jpg,13206,2025-11-10T02:16:22Z,27812dbc7a650d986a9b3a3dc0f381e41ce31c31,,0,0,
WebGestor/Fotos/LOGO WEBCASH-06.jpg,WebGestor/Fotos,LOGO WEBCASH-06.jpg,.jpg,29662,2025-11-10T02:16:22Z,38d79d1f151e2c66323ef4550fee4cbcef192839,,0,0,
WebGestor/Fotos/LOGO-HACDATA.jpg,WebGestor/Fotos,LOGO-HACDATA.jpg,.jpg,19935,2025-11-10T02:16:22Z,46415e82e57c262e8b70aea63f78514a7721f41f,,0,0,
WebGestor/Fotos/Linea_Gris.bmp,WebGestor/Fotos,Linea_Gris.bmp,.bmp,19854,2025-11-10T02:16:22Z,31e728e3dd4e7ec35ed1d0a6e52123ed084fab60,,0,0,
WebGestor/Fotos/LogoBoton.jpg,WebGestor/Fotos,LogoBoton.jpg,.jpg,18661,2025-11-10T02:16:22Z,622943a6ba13fd7527a242b592bb4207417a7607,,0,0,
WebGestor/Fotos/LogoOpplus.jpg,WebGestor/Fotos,LogoOpplus.jpg,.jpg,4886,2025-11-10T02:16:22Z,6d59a02fcf6e4f48d04af81041aaabd5bc0b38a8,,0,0,
WebGestor/Fotos/LogoOpplus1.JPG,WebGestor/Fotos,LogoOpplus1.JPG,.JPG,5343,2025-11-10T02:16:22Z,39cea2ca1ff3ec303958e889d67180b2103c42ac,,0,0,
WebGestor/Fotos/Thumbs.db,WebGestor/Fotos,Thumbs.db,.db,413696,2025-11-10T02:16:22Z,25fc5e68b6504d5315dd69f61a4dbc4c969f7702,,0,0,
WebGestor/Fotos/animated.gif,WebGestor/Fotos,animated.gif,.gif,1625,2025-11-10T02:16:22Z,824655d182d672cc1da68228d9b9eaa47c2fe94a,,0,0,
WebGestor/Fotos/boton isotipo web-03.jpg,WebGestor/Fotos,boton isotipo web-03.jpg,.jpg,21156,2025-11-10T02:16:22Z,010fff600c84222a561c70f0679234ce8fece3fa,,0,0,
WebGestor/Fotos/botonbuscar.jpg,WebGestor/Fotos,botonbuscar.jpg,.jpg,752,2025-11-10T02:16:22Z,30bb45c762058f902af4e79047f6890e30c1b412,,0,0,
WebGestor/Fotos/buttonhover.gif,WebGestor/Fotos,buttonhover.gif,.gif,400,2025-11-10T02:16:22Z,cd8bfad35f07ec1b07a7f4980aaf936f20618535,,0,0,
WebGestor/Fotos/buttonhover2.gif,WebGestor/Fotos,buttonhover2.gif,.gif,1177,2025-11-10T02:16:22Z,737fbd9fadce100ede1d8762bb8c715dd86873d9,,0,0,
WebGestor/Fotos/buttonhover3.GIF,WebGestor/Fotos,buttonhover3.GIF,.GIF,1078,2025-11-10T02:16:22Z,077f9659422c1bc945dde2040a049abebc7c098a,,0,0,
WebGestor/Fotos/buttonhover3.JPG,WebGestor/Fotos,buttonhover3.JPG,.JPG,1071,2025-11-10T02:16:22Z,8c90c0dbfb4feace428846fcf3e8918af5085c39,,0,0,
WebGestor/Fotos/buttonround.gif,WebGestor/Fotos,buttonround.gif,.gif,1079,2025-11-10T02:16:22Z,b6bb4a28c54c8aad0d27a5d1bcc3d535c53c6537,,0,0,
WebGestor/Fotos/buttonround2.gif,WebGestor/Fotos,buttonround2.gif,.gif,2506,2025-11-10T02:16:22Z,1e0287e488f227acfd2a3aacbfee5b144c8d7bc8,,0,0,
WebGestor/Fotos/buttonround3.GIF,WebGestor/Fotos,buttonround3.GIF,.GIF,1119,2025-11-10T02:16:22Z,404711343cf5a85ead402f27bf289eadad73e90d,,0,0,
WebGestor/Fotos/buttonround3.JPG,WebGestor/Fotos,buttonround3.JPG,.JPG,1182,2025-11-10T02:16:22Z,783a8306fc697e1cef7aa9636daf2c118148f698,,0,0,
WebGestor/Fotos/flechazul1.jpg,WebGestor/Fotos,flechazul1.jpg,.jpg,768,2025-11-10T02:16:22Z,0eafdbfc7f507a056fe629239c24b843a5526a88,,0,0,
WebGestor/Fotos/foto cas 2.JPG,WebGestor/Fotos,foto cas 2.JPG,.JPG,5263,2025-11-10T02:16:22Z,e3a91151cab80b64b04aaf6e10e4d90dedfdf0bd,,0,0,
WebGestor/Fotos/foto cas.JPG,WebGestor/Fotos,foto cas.JPG,.JPG,2668,2025-11-10T02:16:22Z,3ff8b73010b9d10124f76f2c4f39aa224025d7e7,,0,0,
WebGestor/Fotos/grabar.png,WebGestor/Fotos,grabar.png,.png,4318,2025-11-10T02:16:22Z,bf8832fcbaa7409294b42edffd01fd18067f3500,,0,0,
WebGestor/Fotos/icon2.gif,WebGestor/Fotos,icon2.gif,.gif,310,2025-11-10T02:16:22Z,0cbb0e875de9bafa6ee6a90d218897fcfba1e850,,0,0,
WebGestor/Fotos/linea.JPG,WebGestor/Fotos,linea.JPG,.JPG,805,2025-11-10T02:16:22Z,2dd4cf97a35f3c1220c6c1bd3861bef0f0b0e810,,0,0,
WebGestor/Fotos/lineaCas.JPG,WebGestor/Fotos,lineaCas.JPG,.JPG,805,2025-11-10T02:16:22Z,2dd4cf97a35f3c1220c6c1bd3861bef0f0b0e810,,0,0,
WebGestor/Fotos/loading.gif,WebGestor/Fotos,loading.gif,.gif,673,2025-11-10T02:16:22Z,b008bb40fc819d7a790fe1825e902d1c22120214,,0,0,
WebGestor/Fotos/logbbvaJPG.JPG,WebGestor/Fotos,logbbvaJPG.JPG,.JPG,2204,2025-11-10T02:16:22Z,db738111e632bf3f1b2ba588306400e3b9243772,,0,0,
WebGestor/Fotos/logo login.jpg,WebGestor/Fotos,logo login.jpg,.jpg,26182,2025-11-10T02:16:22Z,f26eba5c2f99c608e80337d7277a8243bf9ab43b,,0,0,
WebGestor/Fotos/logo2.swf,WebGestor/Fotos,logo2.swf,.swf,3382,2025-11-10T02:16:22Z,ccb4b032b595716a32b9a4195fada18a59a8bfbf,,0,0,
WebGestor/Fotos/logo_white.png,WebGestor/Fotos,logo_white.png,.png,32576,2025-11-10T02:16:22Z,decee9fcd9c1770110050fc406ea185370842443,,0,0,
WebGestor/Fotos/menu8.gif,WebGestor/Fotos,menu8.gif,.gif,826,2025-11-10T02:16:22Z,3c586a3428477ae76fa57e6e67c4b534c60e35cc,,0,0,
WebGestor/Fotos/nodatafound.png,WebGestor/Fotos,nodatafound.png,.png,489,2025-11-10T02:16:22Z,01354170e57d480b30b8c1eb03fefa6dcfefc6b2,,0,0,
WebGestor/Fotos/persona.jpg,WebGestor/Fotos,persona.jpg,.jpg,18207,2025-11-10T02:16:22Z,048afcb89b73853a7bd95388435c8a97e5d71147,,0,0,
WebGestor/Fotos/proceso.JPG,WebGestor/Fotos,proceso.JPG,.JPG,6527,2025-11-10T02:16:22Z,408a02f1c0958776a8af1bfe165d14badc112b7b,,0,0,
WebGestor/Fotos/tecnologias.swf,WebGestor/Fotos,tecnologias.swf,.swf,27467,2025-11-10T02:16:22Z,e370ae5a92dbd1998d7bacfefeca49a7f2c39727,,0,0,
WebGestor/GTP/GTP_Calcular_Distancia_2Puntos.aspx,WebGestor/GTP,GTP_Calcular_Distancia_2Puntos.aspx,.aspx,300,2025-11-10T02:16:22Z,bd7c642e699beae1c37d2ec70827b1e50513bee5,3,1,1,WebGestor/GTP/GTP_Calcular_Distancia_2Puntos.aspx.vb
WebGestor/GTP/GTP_Calcular_Distancia_2Puntos.aspx.vb,WebGestor/GTP,GTP_Calcular_Distancia_2Puntos.aspx.vb,.vb,96,2025-11-10T02:16:22Z,030542e62b87a5b79800e83724a2148d159ced6f,4,0,0,
WebGestor/GTP/GTP_Registrar_Cliente.aspx,WebGestor/GTP,GTP_Registrar_Cliente.aspx,.aspx,3642,2025-11-10T02:16:22Z,6f12d45ec91c6b31c3463901cdfaec535442d153,58,1,1,WebGestor/GTP/GTP_Registrar_Cliente.aspx.vb
WebGestor/GTP/GTP_Registrar_Cliente.aspx.vb,WebGestor/GTP,GTP_Registrar_Cliente.aspx.vb,.vb,16744,2025-11-10T02:16:22Z,7c43a17e0a0c8eec384407b2d9ad99bb7b7448ee,265,0,0,
WebGestor/GTP/GTP_Relacion_Ticket.aspx,WebGestor/GTP,GTP_Relacion_Ticket.aspx,.aspx,32209,2025-11-10T02:16:22Z,747d09c722db3e16ea34abcd059f26bc8fffb7bc,405,1,1,WebGestor/GTP/GTP_Relacion_Ticket.aspx.vb
WebGestor/GTP/GTP_Relacion_Ticket.aspx.vb,WebGestor/GTP,GTP_Relacion_Ticket.aspx.vb,.vb,30637,2025-11-10T02:16:22Z,9d6a495f7d2e8f89acbf52f5238c065386b01cb4,470,0,0,
WebGestor/GTP/GTP_Relacion_TiemposxEstados.aspx,WebGestor/GTP,GTP_Relacion_TiemposxEstados.aspx,.aspx,39357,2025-11-10T02:16:22Z,121852aed9845074de7e60d7fb5c60d1b0729029,412,1,1,WebGestor/GTP/GTP_Relacion_TiemposxEstados.aspx.vb
WebGestor/GTP/GTP_Relacion_TiemposxEstados.aspx.vb,WebGestor/GTP,GTP_Relacion_TiemposxEstados.aspx.vb,.vb,24969,2025-11-10T02:16:22Z,e5251b5bee00b2e513e19da30ae7bc793b6244c0,413,0,0,
WebGestor/GTP/PagMaestra_GTP.master,WebGestor/GTP,PagMaestra_GTP.master,.master,10571,2025-11-10T02:16:22Z,c8588dceb8fd711128b30e3213786fb6888b29b5,148,0,0,
WebGestor/GTP/PagMaestra_GTP.master.vb,WebGestor/GTP,PagMaestra_GTP.master.vb,.vb,86,2025-11-10T02:16:22Z,68d942115b1f372b12e1a0028456b0f61f52b753,4,0,0,
WebGestor/Gestion_Personal/Agencia_Empleador_Relacion.aspx,WebGestor/Gestion_Personal,Agencia_Empleador_Relacion.aspx,.aspx,26980,2025-11-10T02:16:22Z,7ed7d1016e0a9cd520ffc8911fc8009d2cbac9ea,372,1,1,WebGestor/Gestion_Personal/Agencia_Empleador_Relacion.aspx.vb
WebGestor/Gestion_Personal/Agencia_Empleador_Relacion.aspx.vb,WebGestor/Gestion_Personal,Agencia_Empleador_Relacion.aspx.vb,.vb,18044,2025-11-10T02:16:22Z,417f7c508787b1d4f4343f00ddd831ae652f7191,308,0,0,
WebGestor/Global.asax,WebGestor,Global.asax,.asax,1259,2025-11-10T02:16:22Z,ec67c3b0744b14ae6ad6bad8d37469cfece33197,,0,0,
WebGestor/Global2.asax,WebGestor,Global2.asax,.asax,101,2025-11-10T02:16:22Z,14f27cef5ef90b025b7110be45f7f2e199baa5cb,,0,0,
WebGestor/Global2.asax.vb,WebGestor,Global2.asax.vb,.vb,335,2025-11-10T02:16:22Z,768952e398ecdcd1c9fb1238ada4d5c78e968817,8,0,0,
WebGestor/HomeMenu.aspx,WebGestor,HomeMenu.aspx,.aspx,344,2025-11-10T02:16:22Z,3fd9da4ec69f8016a435450db2caaf9f55e3ab89,5,1,1,WebGestor/HomeMenu.aspx.vb
WebGestor/HomeMenu.aspx.vb,WebGestor,HomeMenu.aspx.vb,.vb,70,2025-11-10T02:16:22Z,a3dd1e1336c5d62b9755f7c7589bb21620c3a365,4,0,0,
WebGestor/Icono/Calendar-Time-256.png,WebGestor/Icono,Calendar-Time-256.png,.png,12965,2025-11-10T02:16:22Z,715147e9d4dc3e7f95d1d9effacf0391d4fc2d5c,,0,0,
WebGestor/Icono/CambioDeAccion_opt.png,WebGestor/Icono,CambioDeAccion_opt.png,.png,1020,2025-11-10T02:16:22Z,2a33fc1d5a993c80310713c7b9bc4a0118bc476a,,0,0,
WebGestor/Icono/CambioDeEstado_opt.png,WebGestor/Icono,CambioDeEstado_opt.png,.png,2538,2025-11-10T02:16:22Z,ebf9060f6bb2aa3aaa860c39276a3982f46e2698,,0,0,
WebGestor/Icono/EDITAR_TIEMPO_opt.png,WebGestor/Icono,EDITAR_TIEMPO_opt.png,.png,1902,2025-11-10T02:16:22Z,91f8fc7c2e08b8fdd795165c5d3383fcfdc3dd48,,0,0,
WebGestor/Icono/Editar_opt.png,WebGestor/Icono,Editar_opt.png,.png,1566,2025-11-10T02:16:22Z,529127461e0844b702f25558f14eed41a4ca7694,,0,0,
WebGestor/Icono/Icon_Menu.png,WebGestor/Icono,Icon_Menu.png,.png,258,2025-11-10T02:16:22Z,0ea1ccb35a09f1b7822c92769185faf98130cd04,,0,0,
WebGestor/Icono/LOGO WEB HACDATA.jpg,WebGestor/Icono,LOGO WEB HACDATA.jpg,.jpg,17544,2025-11-10T02:16:22Z,005587e9cc0acf841f1735fff6bc434b7ca35ef2,,0,0,
WebGestor/Icono/LOGO-HACDATA-M.jpg,WebGestor/Icono,LOGO-HACDATA-M.jpg,.jpg,4617,2025-11-10T02:16:22Z,42d0da2281311e3418f6b76396ee586990a5a32a,,0,0,
WebGestor/Icono/Tracking_opt.png,WebGestor/Icono,Tracking_opt.png,.png,1912,2025-11-10T02:16:22Z,028e2364ad4847254dd7cb4a75c5bac31c0450e3,,0,0,
WebGestor/Icono/WORKR01E.ICO,WebGestor/Icono,WORKR01E.ICO,.ICO,766,2025-11-10T02:16:22Z,0e0600e0031b57ffceed6298834b36193d201f0d,,0,0,
WebGestor/Icono/delete.gif,WebGestor/Icono,delete.gif,.gif,463,2025-11-10T02:16:22Z,ca00588279d134c5a27ee508a8a91dbe96f97013,,0,0,
WebGestor/Icono/delete2_opt.png,WebGestor/Icono,delete2_opt.png,.png,2251,2025-11-10T02:16:22Z,dd7c1a4e4da61eb96e0c935fd746fc1206c240c0,,0,0,
WebGestor/Icono/details_opt.png,WebGestor/Icono,details_opt.png,.png,1953,2025-11-10T02:16:22Z,e76dfc9e7ccd3b3e86962bf652b66bbcc7651bbd,,0,0,
WebGestor/Icono/download.gif,WebGestor/Icono,download.gif,.gif,37115,2025-11-10T02:16:22Z,05bff1e58950cd52f5758fd6816224026817804c,,0,0,
WebGestor/Icono/download.png,WebGestor/Icono,download.png,.png,349,2025-11-10T02:16:22Z,5791f7ff6141dc243f8e7202781120cc8c57e62c,,0,0,
WebGestor/Icono/edit.gif,WebGestor/Icono,edit.gif,.gif,1107,2025-11-10T02:16:22Z,65485b0c94da1e7e0f7ffe3e779ae316c23b1af9,,0,0,
WebGestor/Icono/loadin-barra.gif,WebGestor/Icono,loadin-barra.gif,.gif,20089,2025-11-10T02:16:22Z,1037e333074d08faf7e1c3eae126d0fb7ffe7113,,0,0,
WebGestor/Icono/loading-point.gif,WebGestor/Icono,loading-point.gif,.gif,57397,2025-11-10T02:16:22Z,26d5973be623064348a72fe15ed4ac131be97702,,0,0,
WebGestor/Icono/minus.gif,WebGestor/Icono,minus.gif,.gif,80,2025-11-10T02:16:22Z,dfa31db003b0c8cda9eb9518a475e3c3f739259e,,0,0,
WebGestor/Icono/ok.png,WebGestor/Icono,ok.png,.png,1868,2025-11-10T02:16:22Z,bf0db6985d91bd96ffaaace3098e5e23324a8ba1,,0,0,
WebGestor/Icono/ok20.png,WebGestor/Icono,ok20.png,.png,1470,2025-11-10T02:16:22Z,e5fd0ac6ade0196ad3e9ba847039bcaf8bc484fa,,0,0,
WebGestor/Icono/plus.gif,WebGestor/Icono,plus.gif,.gif,151,2025-11-10T02:16:22Z,fe4b9d61e612521ea40cc3a6d0d76f429fa88790,,0,0,
WebGestor/Icono/upload.png,WebGestor/Icono,upload.png,.png,1870,2025-11-10T02:16:22Z,204540d0c9f1228f06d5ec04516ab70b91b220d9,,0,0,
WebGestor/Icono/visualizar.png,WebGestor/Icono,visualizar.png,.png,1755,2025-11-10T02:16:22Z,1de05a41e75f4d9c208274d21978c07f2c978120,,0,0,
WebGestor/Inventario/ArchivoTemp/CATALOGO IMAGENES FALTANTES/110000011-17.jpeg,WebGestor/Inventario/ArchivoTemp/CATALOGO IMAGENES FALTANTES,110000011-17.jpeg,.jpeg,130912,2025-11-10T02:16:22Z,884c07180d2a78747d521552bd40c5e16c421ff4,,0,0,
WebGestor/Inventario/ArchivoTemp/CATALOGO IMAGENES FALTANTES/110000011-53.jpeg,WebGestor/Inventario/ArchivoTemp/CATALOGO IMAGENES FALTANTES,110000011-53.jpeg,.jpeg,46398,2025-11-10T02:16:22Z,dc85dc38872774bbbd5cb376bfefa834b3f6c318,,0,0,
WebGestor/Inventario/ArchivoTemp/CATALOGO IMAGENES FALTANTES/110000011-54.jpeg,WebGestor/Inventario/ArchivoTemp/CATALOGO IMAGENES FALTANTES,110000011-54.jpeg,.jpeg,16785,2025-11-10T02:16:22Z,d79ebcda7798ae3c2948c9b0e670e1959c8cc6c6,,0,0,
WebGestor/Inventario/ArchivoTemp/CATALOGO IMAGENES FALTANTES/110000011-72.jpeg,WebGestor/Inventario/ArchivoTemp/CATALOGO IMAGENES FALTANTES,110000011-72.jpeg,.jpeg,33702,2025-11-10T02:16:22Z,cd68c69a7809adf81855be4522e174ee51e71cbc,,0,0,
WebGestor/Inventario/ArchivoTemp/CATALOGO IMAGENES FALTANTES/110000011-73.jpeg,WebGestor/Inventario/ArchivoTemp/CATALOGO IMAGENES FALTANTES,110000011-73.jpeg,.jpeg,47595,2025-11-10T02:16:22Z,dc28be99259d6acb602b7551ced0db2292adddd0,,0,0,
WebGestor/Inventario/ArchivoTemp/CATALOGO IMAGENES FALTANTES/110000108-43.jpeg,WebGestor/Inventario/ArchivoTemp/CATALOGO IMAGENES FALTANTES,110000108-43.jpeg,.jpeg,21416,2025-11-10T02:16:22Z,49d2c2edfd63bcb80a0a7b17974dddcafe7cd8b4,,0,0,
WebGestor/Inventario/ArchivoTemp/CATALOGO IMAGENES FALTANTES/110000112-30.jpeg,WebGestor/Inventario/ArchivoTemp/CATALOGO IMAGENES FALTANTES,110000112-30.jpeg,.jpeg,18933,2025-11-10T02:16:22Z,9fbc19beea918707351c91d4611d7e2a698ed24c,,0,0,
WebGestor/Inventario/ArchivoTemp/CATALOGO IMAGENES FALTANTES/110000177-04.jpeg,WebGestor/Inventario/ArchivoTemp/CATALOGO IMAGENES FALTANTES,110000177-04.jpeg,.jpeg,11416,2025-11-10T02:16:22Z,5bff68f755b789a21fec2b5f5b373fa27cffce27,,0,0,
WebGestor/Inventario/ArchivoTemp/CATALOGO IMAGENES FALTANTES/110000185-03.jpeg,WebGestor/Inventario/ArchivoTemp/CATALOGO IMAGENES FALTANTES,110000185-03.jpeg,.jpeg,43425,2025-11-10T02:16:22Z,057eaa3bfd560934a78511ffbc5d78bce6a1191f,,0,0,
WebGestor/Inventario/ArchivoTemp/CATALOGO IMAGENES FALTANTES/110000200-57.jpeg,WebGestor/Inventario/ArchivoTemp/CATALOGO IMAGENES FALTANTES,110000200-57.jpeg,.jpeg,30367,2025-11-10T02:16:22Z,666a2f4a8ead8f532d63e34116496b516aa36634,,0,0,
WebGestor/Inventario/ArchivoTemp/CATALOGO IMAGENES FALTANTES/110000202-22.jpeg,WebGestor/Inventario/ArchivoTemp/CATALOGO IMAGENES FALTANTES,110000202-22.jpeg,.jpeg,12383,2025-11-10T02:16:22Z,20aa0c8a1cafb80fba968b5dc61fa383956c0335,,0,0,
WebGestor/Inventario/ArchivoTemp/CATALOGO IMAGENES FALTANTES/110001620-35.jpeg,WebGestor/Inventario/ArchivoTemp/CATALOGO IMAGENES FALTANTES,110001620-35.jpeg,.jpeg,54382,2025-11-10T02:16:22Z,27e28593419a889c91d043d04d7f0a45621f9a38,,0,0,
WebGestor/Inventario/ArchivoTemp/CATALOGO IMAGENES FALTANTES/110001620-45.jpeg,WebGestor/Inventario/ArchivoTemp/CATALOGO IMAGENES FALTANTES,110001620-45.jpeg,.jpeg,148104,2025-11-10T02:16:22Z,b39bd6891fec4f446d2b3a4ed0541efff2ea53a9,,0,0,
WebGestor/Inventario/ArchivoTemp/CATALOGO IMAGENES FALTANTES/110012435-02.jpeg,WebGestor/Inventario/ArchivoTemp/CATALOGO IMAGENES FALTANTES,110012435-02.jpeg,.jpeg,43277,2025-11-10T02:16:22Z,2d56788a1ad58ad2d67c4e2ec26350ee6c75277f,,0,0,
WebGestor/Inventario/ArchivoTemp/CATALOGO IMAGENES FALTANTES/120000114-01.jpeg,WebGestor/Inventario/ArchivoTemp/CATALOGO IMAGENES FALTANTES,120000114-01.jpeg,.jpeg,14819,2025-11-10T02:16:22Z,776181905f158830066fddd69806cd6a9a151325,,0,0,
WebGestor/Inventario/ArchivoTemp/CATALOGO IMAGENES FALTANTES/120000118-01.jpeg,WebGestor/Inventario/ArchivoTemp/CATALOGO IMAGENES FALTANTES,120000118-01.jpeg,.jpeg,25993,2025-11-10T02:16:22Z,53fd768039ddbc62af91d8c5714f79fe4f86db4e,,0,0,
WebGestor/Inventario/ArchivoTemp/CATALOGO IMAGENES FALTANTES/120000196-09.jpeg,WebGestor/Inventario/ArchivoTemp/CATALOGO IMAGENES FALTANTES,120000196-09.jpeg,.jpeg,23199,2025-11-10T02:16:22Z,f5da0622bc29b713b429da6cfacd6d625442dc35,,0,0,
WebGestor/Inventario/ArchivoTemp/CATALOGO IMAGENES FALTANTES/120000357-10.JPG,WebGestor/Inventario/ArchivoTemp/CATALOGO IMAGENES FALTANTES,120000357-10.JPG,.JPG,36996,2025-11-10T02:16:22Z,a0e6e88046ae6b9f7330a358115f6b3943c1940e,,0,0,
WebGestor/Inventario/ArchivoTemp/CATALOGO IMAGENES FALTANTES/120000357-14.JPG,WebGestor/Inventario/ArchivoTemp/CATALOGO IMAGENES FALTANTES,120000357-14.JPG,.JPG,31711,2025-11-10T02:16:22Z,ea820d057435d3f7843d0d93816c7ccfb4c7747f,,0,0,
WebGestor/Inventario/ArchivoTemp/CATALOGO IMAGENES FALTANTES/120000530-13.jpeg,WebGestor/Inventario/ArchivoTemp/CATALOGO IMAGENES FALTANTES,120000530-13.jpeg,.jpeg,11442,2025-11-10T02:16:22Z,fd032a66545d88a6dd372a65ab9433ec740486c8,,0,0,
WebGestor/Inventario/ArchivoTemp/CATALOGO IMAGENES FALTANTES/5612986.jpeg,WebGestor/Inventario/ArchivoTemp/CATALOGO IMAGENES FALTANTES,5612986.jpeg,.jpeg,82231,2025-11-10T02:16:22Z,0a201a282345aa21778ead31e89a0bb9d754d495,,0,0,
WebGestor/Inventario/ArchivoTemp/CATALOGO IMAGENES FALTANTES/ADAPATADOR-56.jpeg,WebGestor/Inventario/ArchivoTemp/CATALOGO IMAGENES FALTANTES,ADAPATADOR-56.jpeg,.jpeg,59007,2025-11-10T02:16:22Z,42ef2b8abd32ff9f3f138115098e0e1568d9af49,,0,0,
WebGestor/Inventario/ArchivoTemp/CATALOGO IMAGENES FALTANTES/CABLE-04.jpeg,WebGestor/Inventario/ArchivoTemp/CATALOGO IMAGENES FALTANTES,CABLE-04.jpeg,.jpeg,15312,2025-11-10T02:16:22Z,f86c626744ee4b11343e06bc81bf677a32f439bc,,0,0,
WebGestor/Inventario/ArchivoTemp/CATALOGO IMAGENES FALTANTES/CABLE-23.jpeg,WebGestor/Inventario/ArchivoTemp/CATALOGO IMAGENES FALTANTES,CABLE-23.jpeg,.jpeg,51998,2025-11-10T02:16:22Z,273e6a674d852116949eaaec9e875c7f378a4514,,0,0,
WebGestor/Inventario/ArchivoTemp/CATALOGO IMAGENES FALTANTES/CAFETERA-03.jpeg,WebGestor/Inventario/ArchivoTemp/CATALOGO IMAGENES FALTANTES,CAFETERA-03.jpeg,.jpeg,19781,2025-11-10T02:16:22Z,82d6c6486fe9f5ba47cc4fdb99435bd8693da634,,0,0,
WebGestor/Inventario/ArchivoTemp/CATALOGO IMAGENES FALTANTES/CARGADOR-21.jpeg,WebGestor/Inventario/ArchivoTemp/CATALOGO IMAGENES FALTANTES,CARGADOR-21.jpeg,.jpeg,40939,2025-11-10T02:16:22Z,9d259e988447f13e840e6970800205703b971775,,0,0,
WebGestor/Inventario/ArchivoTemp/CATALOGO IMAGENES FALTANTES/CONTROL-04.jpeg,WebGestor/Inventario/ArchivoTemp/CATALOGO IMAGENES FALTANTES,CONTROL-04.jpeg,.jpeg,50687,2025-11-10T02:16:22Z,13d1708a6004c8e785e8b9f46d39ed35d715489b,,0,0,
WebGestor/Inventario/ArchivoTemp/CATALOGO IMAGENES FALTANTES/DETECTOR-04.jpeg,WebGestor/Inventario/ArchivoTemp/CATALOGO IMAGENES FALTANTES,DETECTOR-04.jpeg,.jpeg,12811,2025-11-10T02:16:22Z,1a5eac19303d229889f6a1dd36081090bb273ed1,,0,0,
WebGestor/Inventario/ArchivoTemp/CATALOGO IMAGENES FALTANTES/DOCKING-05.jpeg,WebGestor/Inventario/ArchivoTemp/CATALOGO IMAGENES FALTANTES,DOCKING-05.jpeg,.jpeg,12939,2025-11-10T02:16:22Z,140931dbf42ca819f3510b34d83d32c7742d7772,,0,0,
WebGestor/Inventario/ArchivoTemp/CATALOGO IMAGENES FALTANTES/DOCKING-07.jpeg,WebGestor/Inventario/ArchivoTemp/CATALOGO IMAGENES FALTANTES,DOCKING-07.jpeg,.jpeg,56879,2025-11-10T02:16:22Z,781cd1603f78d9974dd2bfa9ae6de099fd4c0b36,,0,0,
WebGestor/Inventario/ArchivoTemp/CATALOGO IMAGENES FALTANTES/ECRAN-03.jpeg,WebGestor/Inventario/ArchivoTemp/CATALOGO IMAGENES FALTANTES,ECRAN-03.jpeg,.jpeg,46210,2025-11-10T02:16:22Z,e291d9ef0155bc88ba57785cedfa4e5dd5ee33bb,,0,0,
WebGestor/Inventario/ArchivoTemp/CATALOGO IMAGENES FALTANTES/EQUIPO-01.jpeg,WebGestor/Inventario/ArchivoTemp/CATALOGO IMAGENES FALTANTES,EQUIPO-01.jpeg,.jpeg,12107,2025-11-10T02:16:22Z,691280e0cf434e17970af24806553b86f7bac80d,,0,0,
WebGestor/Inventario/ArchivoTemp/CATALOGO IMAGENES FALTANTES/ESTUCHE-01.jpeg,WebGestor/Inventario/ArchivoTemp/CATALOGO IMAGENES FALTANTES,ESTUCHE-01.jpeg,.jpeg,10675,2025-11-10T02:16:22Z,bdd7c3bc2f521a020a0d03033708069abf7d26d9,,0,0,
WebGestor/Inventario/ArchivoTemp/CATALOGO IMAGENES FALTANTES/FUNDA-01.jpeg,WebGestor/Inventario/ArchivoTemp/CATALOGO IMAGENES FALTANTES,FUNDA-01.jpeg,.jpeg,55625,2025-11-10T02:16:22Z,998f7406bc11602a7e4e33cfc0884077af262d0a,,0,0,
WebGestor/Inventario/ArchivoTemp/CATALOGO IMAGENES FALTANTES/IMPLEMENTOS-02.jpeg,WebGestor/Inventario/ArchivoTemp/CATALOGO IMAGENES FALTANTES,IMPLEMENTOS-02.jpeg,.jpeg,53872,2025-11-10T02:16:22Z,6874f6bd9aa17036c28052045ed0569959f3b253,,0,0,
WebGestor/Inventario/ArchivoTemp/CATALOGO IMAGENES FALTANTES/LAMPARA-04.jpeg,WebGestor/Inventario/ArchivoTemp/CATALOGO IMAGENES FALTANTES,LAMPARA-04.jpeg,.jpeg,45955,2025-11-10T02:16:22Z,50ecf0ac46072853a80483aa15f5925e16a94d27,,0,0,
WebGestor/Inventario/ArchivoTemp/CATALOGO IMAGENES FALTANTES/LENTE-03.jpeg,WebGestor/Inventario/ArchivoTemp/CATALOGO IMAGENES FALTANTES,LENTE-03.jpeg,.jpeg,50602,2025-11-10T02:16:22Z,6b3c9c1b304ed1d2f2617e0c77dd098ca8a2f0a9,,0,0,
WebGestor/Inventario/ArchivoTemp/CATALOGO IMAGENES FALTANTES/LENTE-04.jpeg,WebGestor/Inventario/ArchivoTemp/CATALOGO IMAGENES FALTANTES,LENTE-04.jpeg,.jpeg,79356,2025-11-10T02:16:22Z,bcb3fb73ae62fe30a2811fefa1b62cdb971e7c42,,0,0,
WebGestor/Inventario/ArchivoTemp/CATALOGO IMAGENES FALTANTES/LLAVE-07.jpeg,WebGestor/Inventario/ArchivoTemp/CATALOGO IMAGENES FALTANTES,LLAVE-07.jpeg,.jpeg,101679,2025-11-10T02:16:22Z,8c4a7386cbac17dbfc3c038d2a072d69ce21b60b,,0,0,
WebGestor/Inventario/ArchivoTemp/CATALOGO IMAGENES FALTANTES/MALETA-02.jpeg,WebGestor/Inventario/ArchivoTemp/CATALOGO IMAGENES FALTANTES,MALETA-02.jpeg,.jpeg,37919,2025-11-10T02:16:22Z,ae4f10319232a43ccbd642ce28c6cc2c2d06e1a2,,0,0,
WebGestor/Inventario/ArchivoTemp/CATALOGO IMAGENES FALTANTES/MATRIZ-01.jpeg,WebGestor/Inventario/ArchivoTemp/CATALOGO IMAGENES FALTANTES,MATRIZ-01.jpeg,.jpeg,35617,2025-11-10T02:16:22Z,631da9c0552fe7275b3f497fac034ac73e21acd4,,0,0,
WebGestor/Inventario/ArchivoTemp/CATALOGO IMAGENES FALTANTES/MICA-04.jpeg,WebGestor/Inventario/ArchivoTemp/CATALOGO IMAGENES FALTANTES,MICA-04.jpeg,.jpeg,106632,2025-11-10T02:16:22Z,45b3119877ad9fed6c2f19c77f086150908265fe,,0,0,
WebGestor/Inventario/ArchivoTemp/CATALOGO IMAGENES FALTANTES/MOCHILA-08.jpeg,WebGestor/Inventario/ArchivoTemp/CATALOGO IMAGENES FALTANTES,MOCHILA-08.jpeg,.jpeg,362144,2025-11-10T02:16:22Z,6c54f6c9da89febf82abd928d6cf0f54e01dad79,,0,0,
WebGestor/Inventario/ArchivoTemp/CATALOGO IMAGENES FALTANTES/MODULO-45.jpeg,WebGestor/Inventario/ArchivoTemp/CATALOGO IMAGENES FALTANTES,MODULO-45.jpeg,.jpeg,83796,2025-11-10T02:16:22Z,fb686ddeb66c0cba06e6355ec7dc2fa2efad2746,,0,0,
WebGestor/Inventario/ArchivoTemp/CATALOGO IMAGENES FALTANTES/MOUSE-20.jpeg,WebGestor/Inventario/ArchivoTemp/CATALOGO IMAGENES FALTANTES,MOUSE-20.jpeg,.jpeg,72572,2025-11-10T02:16:22Z,a3934dac76206509937c889fa145dae181460882,,0,0,
WebGestor/Inventario/ArchivoTemp/CATALOGO IMAGENES FALTANTES/NTENA-04.jpeg,WebGestor/Inventario/ArchivoTemp/CATALOGO IMAGENES FALTANTES,NTENA-04.jpeg,.jpeg,13088,2025-11-10T02:16:22Z,7bfd7b1fe7982489264b12d790a4aede6a373f38,,0,0,
WebGestor/Inventario/ArchivoTemp/CATALOGO IMAGENES FALTANTES/PARLANTE-06.jpeg,WebGestor/Inventario/ArchivoTemp/CATALOGO IMAGENES FALTANTES,PARLANTE-06.jpeg,.jpeg,65840,2025-11-10T02:16:22Z,6b0e6f95586aa830c71ecd3271dceac26a239be5,,0,0,
WebGestor/Inventario/ArchivoTemp/CATALOGO IMAGENES FALTANTES/PORTA-04.jpeg,WebGestor/Inventario/ArchivoTemp/CATALOGO IMAGENES FALTANTES,PORTA-04.jpeg,.jpeg,21838,2025-11-10T02:16:22Z,de771137ce51e2f0248383c229d2082e00254962,,0,0,
WebGestor/Inventario/ArchivoTemp/CATALOGO IMAGENES FALTANTES/PREMIO-14.jpeg,WebGestor/Inventario/ArchivoTemp/CATALOGO IMAGENES FALTANTES,PREMIO-14.jpeg,.jpeg,23965,2025-11-10T02:16:22Z,1b1652c872a3711d8a4289e52524ec29f6d1c3eb,,0,0,
WebGestor/Inventario/ArchivoTemp/CATALOGO IMAGENES FALTANTES/PREMIO-23.jpeg,WebGestor/Inventario/ArchivoTemp/CATALOGO IMAGENES FALTANTES,PREMIO-23.jpeg,.jpeg,81376,2025-11-10T02:16:22Z,16c6c62f0e19dcc5a86ecbb8f66c9767ebd1cb9b,,0,0,
WebGestor/Inventario/ArchivoTemp/CATALOGO IMAGENES FALTANTES/RACK-01.JPG,WebGestor/Inventario/ArchivoTemp/CATALOGO IMAGENES FALTANTES,RACK-01.JPG,.JPG,14191,2025-11-10T02:16:22Z,fb8dfe6f3a85cda33d0d457afa744a930d901570,,0,0,
WebGestor/Inventario/ArchivoTemp/CATALOGO IMAGENES FALTANTES/RACK-46.jpeg,WebGestor/Inventario/ArchivoTemp/CATALOGO IMAGENES FALTANTES,RACK-46.jpeg,.jpeg,20794,2025-11-10T02:16:22Z,dc92df0b20f3c218be68c8df5dc2e3f88fbc20a0,,0,0,
WebGestor/Inventario/ArchivoTemp/CATALOGO IMAGENES FALTANTES/RW-03.JPG,WebGestor/Inventario/ArchivoTemp/CATALOGO IMAGENES FALTANTES,RW-03.JPG,.JPG,26404,2025-11-10T02:16:22Z,e8a5b526525f088f94b3e8bdea5b979eb1a64007,,0,0,
WebGestor/Inventario/ArchivoTemp/CATALOGO IMAGENES FALTANTES/SKU FALTA IMAGENES ACTUALIZADO (Cintia).xlsx,WebGestor/Inventario/ArchivoTemp/CATALOGO IMAGENES FALTANTES,SKU FALTA IMAGENES ACTUALIZADO (Cintia).xlsx,.xlsx,310309,2025-11-10T02:16:22Z,6eadb3c6c592faea7d630842a01d979350665f3d,,0,0,
WebGestor/Inventario/ArchivoTemp/CATALOGO IMAGENES FALTANTES/TABLERO-20.jpeg,WebGestor/Inventario/ArchivoTemp/CATALOGO IMAGENES FALTANTES,TABLERO-20.jpeg,.jpeg,12364,2025-11-10T02:16:22Z,91aad529cde8d9ebe6d999abc3861f702844bddb,,0,0,
WebGestor/Inventario/ArchivoTemp/CATALOGO IMAGENES FALTANTES/TOPE-01.jpeg,WebGestor/Inventario/ArchivoTemp/CATALOGO IMAGENES FALTANTES,TOPE-01.jpeg,.jpeg,65852,2025-11-10T02:16:22Z,b8eae0934c12e8011996f87c23c30964cc3ad1ec,,0,0,
WebGestor/Inventario/ArchivoTemp/CATALOGO IMAGENES FALTANTES/WhatsApp Image 2024-09-30 at 15.22.48.jpeg,WebGestor/Inventario/ArchivoTemp/CATALOGO IMAGENES FALTANTES,WhatsApp Image 2024-09-30 at 15.22.48.jpeg,.jpeg,26368,2025-11-10T02:16:22Z,7dbbdf0ba3b4a0e1ccf1609ae468f83ed47cbabc,,0,0,
WebGestor/Inventario/ArchivoTemp/Excel.xlsx,WebGestor/Inventario/ArchivoTemp,Excel.xlsx,.xlsx,6170639,2025-11-10T02:16:22Z,4f19d72a629796f715849cb8bf27dab7372ed687,,0,0,
WebGestor/Inventario/ArchivoTemp/comprimida.jpg,WebGestor/Inventario/ArchivoTemp,comprimida.jpg,.jpg,9692,2025-11-10T02:16:22Z,0f0f32ea8a5143660cfeff6fd54b0c52137046f6,,0,0,
WebGestor/Inventario/ArchivoTemp/original.jpg,WebGestor/Inventario/ArchivoTemp,original.jpg,.jpg,9001,2025-11-10T02:16:22Z,59e352aac37d451c7cc2c13563a7e9984613befc,,0,0,
WebGestor/Inventario/CalcularDistancia.aspx,WebGestor/Inventario,CalcularDistancia.aspx,.aspx,1272,2025-11-10T02:16:22Z,523bbd83608fc6925ac1b32390c6a2adb1ebc128,25,1,1,WebGestor/Inventario/CalcularDistancia.aspx.vb
WebGestor/Inventario/CalcularDistancia.aspx.vb,WebGestor/Inventario,CalcularDistancia.aspx.vb,.vb,5141,2025-11-10T02:16:22Z,5d24b0263c5ec9bcb6c6df137c80492cdaa7872b,71,0,0,
WebGestor/Inventario/Capturar_Almacenar_Foto.aspx,WebGestor/Inventario,Capturar_Almacenar_Foto.aspx,.aspx,4888,2025-11-10T02:16:22Z,0e0c39ab5f98f2eb7e9d317c21d66ae1afac61bb,101,1,1,WebGestor/Inventario/Capturar_Almacenar_Foto.aspx.vb
WebGestor/Inventario/Capturar_Almacenar_Foto.aspx.vb,WebGestor/Inventario,Capturar_Almacenar_Foto.aspx.vb,.vb,1445,2025-11-10T02:16:22Z,08d96a8e74c5285e30d6040340a176e6db0f5bd5,33,0,0,
WebGestor/Inventario/Catalogo_Articulo.aspx,WebGestor/Inventario,Catalogo_Articulo.aspx,.aspx,38921,2025-11-10T02:16:22Z,3cf27e4f9fec62e22f1a9700b77c8216c6031579,553,1,1,WebGestor/Inventario/Catalogo_Articulo.aspx.vb
WebGestor/Inventario/Catalogo_Articulo.aspx.designer.vb,WebGestor/Inventario,Catalogo_Articulo.aspx.designer.vb,.vb,25385,2025-11-10T02:16:22Z,49d51fa97397568a39fdf68e7bcc8f19679a0210,78,0,0,
WebGestor/Inventario/Catalogo_Articulo.aspx.vb,WebGestor/Inventario,Catalogo_Articulo.aspx.vb,.vb,44011,2025-11-10T02:16:22Z,6a69b0bb8859432c9ebf7a2a499ba7b2978421e4,766,0,0,
WebGestor/Inventario/Catalogo_PlacaIni_Prop.aspx,WebGestor/Inventario,Catalogo_PlacaIni_Prop.aspx,.aspx,2503,2025-11-10T02:16:22Z,5864c59de456700065b796783fb89bfc500a4e27,67,1,1,WebGestor/Inventario/Catalogo_PlacaIni_Prop.aspx.vb
WebGestor/Inventario/Catalogo_PlacaIni_Prop.aspx.designer.vb,WebGestor/Inventario,Catalogo_PlacaIni_Prop.aspx.designer.vb,.vb,4714,2025-11-10T02:16:22Z,377b7bc73fe80587f9d093110f6f94daaf40f2e1,18,0,0,
WebGestor/Inventario/Catalogo_PlacaIni_Prop.aspx.vb,WebGestor/Inventario,Catalogo_PlacaIni_Prop.aspx.vb,.vb,3773,2025-11-10T02:16:22Z,14619ea56a28292268723331baac0cb05b9e3126,97,0,0,
WebGestor/Inventario/Foto_.ashx,WebGestor/Inventario,Foto_.ashx,.ashx,1656,2025-11-10T02:16:22Z,51f79068c461915f01805cde5dba7566ce82cffe,,0,0,
WebGestor/Inventario/GRE_PDF/20512087061-09-TABD-000268.pdf,WebGestor/Inventario/GRE_PDF,20512087061-09-TABD-000268.pdf,.pdf,5420,2025-11-10T02:16:22Z,c462f3c0ef6edf544b2b50272ed34f0359db6cb2,,0,0,
WebGestor/Inventario/GRE_PDF/20512087061-09-TABD-000271.pdf,WebGestor/Inventario/GRE_PDF,20512087061-09-TABD-000271.pdf,.pdf,5415,2025-11-10T02:16:22Z,3311485569b9de322628bc721833503f3dca8ccf,,0,0,
WebGestor/Inventario/GRE_PDF/20512087061-09-TABD-000314.pdf,WebGestor/Inventario/GRE_PDF,20512087061-09-TABD-000314.pdf,.pdf,5429,2025-11-10T02:16:22Z,198ebd27ef5dc532cf048fabe7012fd3a71b378c,,0,0,
WebGestor/Inventario/GRE_PDF/20512087061-09-TABD-000315.pdf,WebGestor/Inventario/GRE_PDF,20512087061-09-TABD-000315.pdf,.pdf,5297,2025-11-10T02:16:22Z,106105d04bcb55ce6ec29257facbe891381e379f,,0,0,
WebGestor/Inventario/GRE_PDF/20512087061-09-TABD-000316.pdf,WebGestor/Inventario/GRE_PDF,20512087061-09-TABD-000316.pdf,.pdf,5348,2025-11-10T02:16:22Z,8e969b8fc21d28d01ec0832305c675e2b859c842,,0,0,
WebGestor/Inventario/GRE_PDF/20512087061-09-TABD-000317.pdf,WebGestor/Inventario/GRE_PDF,20512087061-09-TABD-000317.pdf,.pdf,5336,2025-11-10T02:16:22Z,e674e2d86ed6e42831814adb8c1780d698976ad5,,0,0,
WebGestor/Inventario/GRE_PDF/20512087061-09-TABD-000323.pdf,WebGestor/Inventario/GRE_PDF,20512087061-09-TABD-000323.pdf,.pdf,5396,2025-11-10T02:16:22Z,ecc8dd242e5e026d70350ef40c37ecb6d8d98c3e,,0,0,
WebGestor/Inventario/GRE_PDF/20512087061-09-TABD-000324.pdf,WebGestor/Inventario/GRE_PDF,20512087061-09-TABD-000324.pdf,.pdf,5324,2025-11-10T02:16:22Z,107df37dcbcc01e6492258d7ab9e3b70a56c6d82,,0,0,
WebGestor/Inventario/GRE_PDF/20512087061-09-TABD-000326.pdf,WebGestor/Inventario/GRE_PDF,20512087061-09-TABD-000326.pdf,.pdf,5547,2025-11-10T02:16:22Z,cde855b1e2ea9238b49439fc89d2d5d16bf521c6,,0,0,
WebGestor/Inventario/GRE_PDF/20512087061-09-TABD-000415.pdf,WebGestor/Inventario/GRE_PDF,20512087061-09-TABD-000415.pdf,.pdf,5343,2025-11-10T02:16:22Z,860b82182a3e6f20fa7b69e09332384ed7510263,,0,0,
WebGestor/Inventario/GRE_PDF/20512087061-09-TABD-000434.pdf,WebGestor/Inventario/GRE_PDF,20512087061-09-TABD-000434.pdf,.pdf,5594,2025-11-10T02:16:22Z,4b1cfb12be987dccf31bf143ea592d4a9fd426af,,0,0,
WebGestor/Inventario/GRE_PDF/20512087061-09-TABD-000481.pdf,WebGestor/Inventario/GRE_PDF,20512087061-09-TABD-000481.pdf,.pdf,5710,2025-11-10T02:16:22Z,1d20531b192130b69ff515639a56bf3697284465,,0,0,
WebGestor/Inventario/GRE_PDF/20512087061-09-TABD-000482.pdf,WebGestor/Inventario/GRE_PDF,20512087061-09-TABD-000482.pdf,.pdf,5365,2025-11-10T02:16:22Z,5af8c360b6957ca02ec5cb46512b7baac08f6eeb,,0,0,
WebGestor/Inventario/GRE_PDF/20512087061-09-TABD-000513.pdf,WebGestor/Inventario/GRE_PDF,20512087061-09-TABD-000513.pdf,.pdf,5264,2025-11-10T02:16:22Z,dd66bf2c0da56050e91625f8ba9ec5d9c7dcfce1,,0,0,
WebGestor/Inventario/GRE_PDF/20512087061-09-TABD-000656.pdf,WebGestor/Inventario/GRE_PDF,20512087061-09-TABD-000656.pdf,.pdf,5358,2025-11-10T02:16:22Z,308f857d65a3b196a66dfcacd87a7871b5e4fdb3,,0,0,
WebGestor/Inventario/GRE_PDF/20512087061-09-TABD-000657.pdf,WebGestor/Inventario/GRE_PDF,20512087061-09-TABD-000657.pdf,.pdf,5350,2025-11-10T02:16:22Z,eace159e513abbcb9e512596fe66a848421c80db,,0,0,
WebGestor/Inventario/GRE_PDF/20512087061-09-TABD-001429.pdf,WebGestor/Inventario/GRE_PDF,20512087061-09-TABD-001429.pdf,.pdf,5415,2025-11-10T02:16:22Z,84ad707423bb0b697fbe7d6fa640956ee4662c2d,,0,0,
WebGestor/Inventario/GRE_PDF/20512087061-09-TABD-001601.pdf,WebGestor/Inventario/GRE_PDF,20512087061-09-TABD-001601.pdf,.pdf,5347,2025-11-10T02:16:22Z,a32d05ee63fbf667b8c6341a7d37ac853c42ba47,,0,0,
WebGestor/Inventario/GRE_PDF/20512087061-09-TABD-001615.pdf,WebGestor/Inventario/GRE_PDF,20512087061-09-TABD-001615.pdf,.pdf,5352,2025-11-10T02:16:22Z,c34382c0858c41bea632ba843b6684c5efc52615,,0,0,
WebGestor/Inventario/GRE_PDF/20512087061-09-TABD-003322.pdf,WebGestor/Inventario/GRE_PDF,20512087061-09-TABD-003322.pdf,.pdf,5356,2025-11-10T02:16:22Z,b75d2b96ea489a868d3b15850f736ee6aa0f37e7,,0,0,
WebGestor/Inventario/Garantia_ConsultaEquipo.aspx,WebGestor/Inventario,Garantia_ConsultaEquipo.aspx,.aspx,17413,2025-11-10T02:16:22Z,81c6f443bd07941e695442141d6cc35564ce4c01,232,1,1,WebGestor/Inventario/Garantia_ConsultaEquipo.aspx.vb
WebGestor/Inventario/Garantia_ConsultaEquipo.aspx.vb,WebGestor/Inventario,Garantia_ConsultaEquipo.aspx.vb,.vb,3436,2025-11-10T02:16:22Z,689a721cef0e108aa4e26f43d70bca4bb353a686,74,0,0,
WebGestor/Inventario/Gastos/Comprobante-LATAM-LA5443664EPYS.pdf,WebGestor/Inventario/Gastos,Comprobante-LATAM-LA5443664EPYS.pdf,.pdf,143844,2025-11-10T02:16:22Z,817fc05aa7ca94261c73f9d26c753991134d2cce,,0,0,
WebGestor/Inventario/Gastos/INFORME_FINAL_PE11000059-Oficina Leguía Chiclayo (1).pdf,WebGestor/Inventario/Gastos,INFORME_FINAL_PE11000059-Oficina Leguía Chiclayo (1).pdf,.pdf,223276,2025-11-10T02:16:22Z,776f3a46c612cbfd6aa4de22c073c9eaf697a7db,,0,0,
WebGestor/Inventario/Gastos/factura iquitos 20512087061.pdf,WebGestor/Inventario/Gastos,factura iquitos 20512087061.pdf,.pdf,144742,2025-11-10T02:16:22Z,270aae3475ae61e4cc976664cd49a6d3cd4afaf8,,0,0,
WebGestor/Inventario/GuiaHandler.ashx,WebGestor/Inventario,GuiaHandler.ashx,.ashx,1441,2025-11-10T02:16:22Z,fbb07bb42bd069ca190204ff75fa3c9cb6ba7d8d,,0,0,
WebGestor/Inventario/GuiaInterna/GuiaInterna_Nro_00029258.pdf,WebGestor/Inventario/GuiaInterna,GuiaInterna_Nro_00029258.pdf,.pdf,2367,2025-11-10T02:16:22Z,6b9938707f9fd486bfa07188da9384f086180a54,,0,0,
WebGestor/Inventario/GuiaInterna/GuiaInterna_Nro_00029259.pdf,WebGestor/Inventario/GuiaInterna,GuiaInterna_Nro_00029259.pdf,.pdf,2669,2025-11-10T02:16:22Z,2bd9a7858997d8b8a74daeb4a7b039057411c794,,0,0,
WebGestor/Inventario/GuiaInterna/GuiaInterna_Nro_00029260.pdf,WebGestor/Inventario/GuiaInterna,GuiaInterna_Nro_00029260.pdf,.pdf,1896,2025-11-10T02:16:22Z,088fe45e93dfc8ac379771fb40754331704fc34d,,0,0,
WebGestor/Inventario/GuiaInterna/GuiaInterna_Nro_00029262.pdf,WebGestor/Inventario/GuiaInterna,GuiaInterna_Nro_00029262.pdf,.pdf,1893,2025-11-10T02:16:22Z,bb703d7532ea0e7b9f913cd279a85c7b547f94d9,,0,0,
WebGestor/Inventario/GuiaInterna/GuiaInterna_Nro_00029263.pdf,WebGestor/Inventario/GuiaInterna,GuiaInterna_Nro_00029263.pdf,.pdf,1884,2025-11-10T02:16:22Z,2203d3d9f06d507e642c60944cc9b4fb625a90af,,0,0,
WebGestor/Inventario/GuiaInterna/GuiaInterna_Nro_00029264.pdf,WebGestor/Inventario/GuiaInterna,GuiaInterna_Nro_00029264.pdf,.pdf,1902,2025-11-10T02:16:22Z,8696892a9bd049f36e7dd46f13a99a5fd0a6a167,,0,0,
WebGestor/Inventario/GuiaInterna/GuiaInterna_Nro_00029265.pdf,WebGestor/Inventario/GuiaInterna,GuiaInterna_Nro_00029265.pdf,.pdf,2014,2025-11-10T02:16:22Z,24e9ab77c48c9459f98fe8b4f162376fecdf3323,,0,0,
WebGestor/Inventario/GuiaInterna/GuiaInterna_Nro_00029295.pdf,WebGestor/Inventario/GuiaInterna,GuiaInterna_Nro_00029295.pdf,.pdf,1910,2025-11-10T02:16:22Z,78cc4e5c35d24628771eb8adb31ec58e7913d5a3,,0,0,
WebGestor/Inventario/GuiaInterna/GuiaInterna_Nro_00029296.pdf,WebGestor/Inventario/GuiaInterna,GuiaInterna_Nro_00029296.pdf,.pdf,1993,2025-11-10T02:16:22Z,76677c3855f4d5b3725fe3c59cac3d059e0a8578,,0,0,
WebGestor/Inventario/GuiaInterna/GuiaInterna_Nro_00029297.pdf,WebGestor/Inventario/GuiaInterna,GuiaInterna_Nro_00029297.pdf,.pdf,2010,2025-11-10T02:16:22Z,c5ced0bf1c1033f1c43149f5cada0c3f1f587194,,0,0,
WebGestor/Inventario/GuiaInterna/GuiaInterna_Nro_00029298.pdf,WebGestor/Inventario/GuiaInterna,GuiaInterna_Nro_00029298.pdf,.pdf,1853,2025-11-10T02:16:22Z,3a47c9684d2ce2770f3c72a9eb04b29eabac41d7,,0,0,
WebGestor/Inventario/GuiaInterna/GuiaInterna_Nro_00029299.pdf,WebGestor/Inventario/GuiaInterna,GuiaInterna_Nro_00029299.pdf,.pdf,1880,2025-11-10T02:16:22Z,277edd8c6855af768eed5ff9d06e5dc0a12bae4e,,0,0,
WebGestor/Inventario/GuiaInterna/GuiaInterna_Nro_00029300.pdf,WebGestor/Inventario/GuiaInterna,GuiaInterna_Nro_00029300.pdf,.pdf,2042,2025-11-10T02:16:22Z,2dca1b6c2a8c4ab6ab675db3992b690cf7978e83,,0,0,
WebGestor/Inventario/GuiaInterna/GuiaInterna_Nro_00029301.pdf,WebGestor/Inventario/GuiaInterna,GuiaInterna_Nro_00029301.pdf,.pdf,1855,2025-11-10T02:16:22Z,62face8c1af8d51783d3e455381c27efb9a4e13a,,0,0,
WebGestor/Inventario/GuiaInterna/GuiaInterna_Nro_00029302.pdf,WebGestor/Inventario/GuiaInterna,GuiaInterna_Nro_00029302.pdf,.pdf,1949,2025-11-10T02:16:22Z,36595d0e55f6472fb8340282bf7cbd179e8e2902,,0,0,
WebGestor/Inventario/GuiaInterna/GuiaInterna_Nro_00029303.pdf,WebGestor/Inventario/GuiaInterna,GuiaInterna_Nro_00029303.pdf,.pdf,1852,2025-11-10T02:16:22Z,78a6dfa045ed98c00bddc45a8b7f726aefafafde,,0,0,
WebGestor/Inventario/GuiaInterna/GuiaInterna_Nro_00029304.pdf,WebGestor/Inventario/GuiaInterna,GuiaInterna_Nro_00029304.pdf,.pdf,2009,2025-11-10T02:16:22Z,65941d24b9147e71fa5bc6f2fb0f1884a9cdcbb3,,0,0,
WebGestor/Inventario/GuiaInterna/GuiaInterna_Nro_00029306.pdf,WebGestor/Inventario/GuiaInterna,GuiaInterna_Nro_00029306.pdf,.pdf,1948,2025-11-10T02:16:22Z,209711106920fe0ba79cccd04c95e227bc251226,,0,0,
WebGestor/Inventario/GuiaInterna/GuiaInterna_Nro_00029307.pdf,WebGestor/Inventario/GuiaInterna,GuiaInterna_Nro_00029307.pdf,.pdf,1939,2025-11-10T02:16:22Z,d0975c912db5178ace1f11498995899b89226fea,,0,0,
WebGestor/Inventario/GuiaInterna/GuiaInterna_Nro_00029308.pdf,WebGestor/Inventario/GuiaInterna,GuiaInterna_Nro_00029308.pdf,.pdf,1898,2025-11-10T02:16:22Z,34d5a7c48793a19e906a7b9f0f3a419ffa397fce,,0,0,
WebGestor/Inventario/GuiaInterna/GuiaInterna_Nro_00029309.pdf,WebGestor/Inventario/GuiaInterna,GuiaInterna_Nro_00029309.pdf,.pdf,2098,2025-11-10T02:16:22Z,04fbd0324f9acb56660447c66bf0560ab704b8d0,,0,0,
WebGestor/Inventario/GuiaInterna/GuiaInterna_Nro_00029310.pdf,WebGestor/Inventario/GuiaInterna,GuiaInterna_Nro_00029310.pdf,.pdf,1860,2025-11-10T02:16:22Z,2747092b8e5d872dc81410b5e4c32f522d154b56,,0,0,
WebGestor/Inventario/GuiaInterna/GuiaInterna_Nro_00029311.pdf,WebGestor/Inventario/GuiaInterna,GuiaInterna_Nro_00029311.pdf,.pdf,1860,2025-11-10T02:16:22Z,eca105af3c7536c454ec9472dac943af5dda44f5,,0,0,
WebGestor/Inventario/GuiaInterna/GuiaInterna_Nro_00029312.pdf,WebGestor/Inventario/GuiaInterna,GuiaInterna_Nro_00029312.pdf,.pdf,1923,2025-11-10T02:16:22Z,3dd800d68f54864dd55fd891028bc92074bd3cfa,,0,0,
WebGestor/Inventario/GuiaInterna/GuiaInterna_Nro_00029313.pdf,WebGestor/Inventario/GuiaInterna,GuiaInterna_Nro_00029313.pdf,.pdf,1906,2025-11-10T02:16:22Z,1b292ca7db1d37094b3b9ac0f39149ce9866fa94,,0,0,
WebGestor/Inventario/GuiaInterna/GuiaInterna_Nro_00029314.pdf,WebGestor/Inventario/GuiaInterna,GuiaInterna_Nro_00029314.pdf,.pdf,1889,2025-11-10T02:16:22Z,60c42696009bc96f6e403bb0a15b1e01c34cef93,,0,0,
WebGestor/Inventario/GuiaInterna/GuiaInterna_Nro_00029315.pdf,WebGestor/Inventario/GuiaInterna,GuiaInterna_Nro_00029315.pdf,.pdf,1941,2025-11-10T02:16:22Z,b4b649f44e706e195c9d5059c134271e56983a42,,0,0,
WebGestor/Inventario/GuiaInterna/GuiaInterna_Nro_00029316.pdf,WebGestor/Inventario/GuiaInterna,GuiaInterna_Nro_00029316.pdf,.pdf,1898,2025-11-10T02:16:22Z,715019830927d1eaa84ff76df59dfa624f2e7e04,,0,0,
WebGestor/Inventario/GuiaInterna/GuiaInterna_Nro_00029317.pdf,WebGestor/Inventario/GuiaInterna,GuiaInterna_Nro_00029317.pdf,.pdf,1914,2025-11-10T02:16:22Z,67bc6760a83a358f817451684e38c6bd33a751c0,,0,0,
WebGestor/Inventario/GuiaInterna/GuiaInterna_Nro_00029318.pdf,WebGestor/Inventario/GuiaInterna,GuiaInterna_Nro_00029318.pdf,.pdf,1935,2025-11-10T02:16:22Z,a2ca8cca6411cddbedb470cebf1a6918968beb08,,0,0,
WebGestor/Inventario/GuiaInterna/GuiaInterna_Nro_00029319.pdf,WebGestor/Inventario/GuiaInterna,GuiaInterna_Nro_00029319.pdf,.pdf,1912,2025-11-10T02:16:22Z,3e86ed01819410677fa5f0809a13e4c65c814076,,0,0,
WebGestor/Inventario/GuiaInterna/GuiaInterna_Nro_00029320.pdf,WebGestor/Inventario/GuiaInterna,GuiaInterna_Nro_00029320.pdf,.pdf,1924,2025-11-10T02:16:22Z,6279bfe8b01e25cd68f71c2b1b1383eb2aa9e450,,0,0,
WebGestor/Inventario/GuiaInterna/GuiaInterna_Nro_00029321.pdf,WebGestor/Inventario/GuiaInterna,GuiaInterna_Nro_00029321.pdf,.pdf,1978,2025-11-10T02:16:22Z,03840b9d57bdfe83f5d27a3e061fbd9853f45e94,,0,0,
WebGestor/Inventario/GuiaInterna/GuiaInterna_Nro_00029322.pdf,WebGestor/Inventario/GuiaInterna,GuiaInterna_Nro_00029322.pdf,.pdf,2033,2025-11-10T02:16:22Z,e48ffb9c1b3e9925c133d0a1e408d100abdc5d8c,,0,0,
WebGestor/Inventario/GuiaInterna/GuiaInterna_Nro_00029323.pdf,WebGestor/Inventario/GuiaInterna,GuiaInterna_Nro_00029323.pdf,.pdf,2027,2025-11-10T02:16:22Z,4b7b3b788aca83b74a3e825a88161319edf87b81,,0,0,
WebGestor/Inventario/GuiaInterna/GuiaInterna_Nro_00029324.pdf,WebGestor/Inventario/GuiaInterna,GuiaInterna_Nro_00029324.pdf,.pdf,1979,2025-11-10T02:16:22Z,1f983e62c68a17803f9f34bd4cc2f4f196ae142b,,0,0,
WebGestor/Inventario/GuiaInterna/GuiaInterna_Nro_00029325.pdf,WebGestor/Inventario/GuiaInterna,GuiaInterna_Nro_00029325.pdf,.pdf,1855,2025-11-10T02:16:22Z,bf9ec9c61bbb494fed7b537cce68cb0618c3a87e,,0,0,
WebGestor/Inventario/GuiaInterna/GuiaInterna_Nro_00029326.pdf,WebGestor/Inventario/GuiaInterna,GuiaInterna_Nro_00029326.pdf,.pdf,1856,2025-11-10T02:16:22Z,aafc1344e8dbbae8abb59fb781d74acbedf3a3c9,,0,0,
WebGestor/Inventario/GuiaInterna/GuiaInterna_Nro_00029332.pdf,WebGestor/Inventario/GuiaInterna,GuiaInterna_Nro_00029332.pdf,.pdf,1856,2025-11-10T02:16:22Z,d9c9ad68aeba67c4f5c6e63f2c3b0614ff7e98bc,,0,0,
WebGestor/Inventario/GuiaInterna/GuiaInterna_Nro_00029335.pdf,WebGestor/Inventario/GuiaInterna,GuiaInterna_Nro_00029335.pdf,.pdf,2009,2025-11-10T02:16:22Z,f49e80c2f34c10bce48d9d75383afb4983b45aad,,0,0,
WebGestor/Inventario/GuiaInterna/GuiaInterna_Nro_00029336.pdf,WebGestor/Inventario/GuiaInterna,GuiaInterna_Nro_00029336.pdf,.pdf,1971,2025-11-10T02:16:22Z,88a6d5fdf7218b00a4ac170784a1af3108d92c6d,,0,0,
WebGestor/Inventario/GuiaInterna/GuiaInterna_Nro_00029337.pdf,WebGestor/Inventario/GuiaInterna,GuiaInterna_Nro_00029337.pdf,.pdf,1936,2025-11-10T02:16:22Z,dfbe51a831382a4d31b694d8ca864e55c3cbad7e,,0,0,
WebGestor/Inventario/GuiaInterna/GuiaInterna_Nro_00029338.pdf,WebGestor/Inventario/GuiaInterna,GuiaInterna_Nro_00029338.pdf,.pdf,1938,2025-11-10T02:16:22Z,9dc60cfb8dd3b104d3a77a565a41b3cff641a58a,,0,0,
WebGestor/Inventario/GuiaInterna/GuiaInterna_Nro_00029339.pdf,WebGestor/Inventario/GuiaInterna,GuiaInterna_Nro_00029339.pdf,.pdf,1940,2025-11-10T02:16:22Z,aa2e7230b75487187c9f70f48aa3abf4663b21ab,,0,0,
WebGestor/Inventario/GuiaInterna/GuiaInterna_Nro_00029341.pdf,WebGestor/Inventario/GuiaInterna,GuiaInterna_Nro_00029341.pdf,.pdf,2088,2025-11-10T02:16:22Z,ed92383d87c94920ef95ee833bbb80ae4c3ead9b,,0,0,
WebGestor/Inventario/GuiaInterna/GuiaInterna_Nro_00029342.pdf,WebGestor/Inventario/GuiaInterna,GuiaInterna_Nro_00029342.pdf,.pdf,1898,2025-11-10T02:16:22Z,5f680d83de8847aae6a25f070352fd2f6a9f5188,,0,0,
WebGestor/Inventario/GuiaInterna/GuiaInterna_Nro_00029343.pdf,WebGestor/Inventario/GuiaInterna,GuiaInterna_Nro_00029343.pdf,.pdf,2011,2025-11-10T02:16:22Z,62751f13ef22dc238c7aa8eb1e405d0727cd4c40,,0,0,
WebGestor/Inventario/GuiaInterna/GuiaInterna_Nro_00029344.pdf,WebGestor/Inventario/GuiaInterna,GuiaInterna_Nro_00029344.pdf,.pdf,1898,2025-11-10T02:16:22Z,145b922ea81e782f4e03339dd8d467e7a4fb1f5c,,0,0,
WebGestor/Inventario/GuiaInterna/GuiaInterna_Nro_00029345.pdf,WebGestor/Inventario/GuiaInterna,GuiaInterna_Nro_00029345.pdf,.pdf,1969,2025-11-10T02:16:22Z,f5bf4390135c6659bf23db66bc626b7ed2c9c3be,,0,0,
WebGestor/Inventario/GuiaInterna/GuiaInterna_Nro_00029346.pdf,WebGestor/Inventario/GuiaInterna,GuiaInterna_Nro_00029346.pdf,.pdf,1863,2025-11-10T02:16:22Z,7fc6ab6f4c7ff48bbf49cb8de66f6c5da8766b3c,,0,0,
WebGestor/Inventario/GuiaInterna/GuiaInterna_Nro_00029347.pdf,WebGestor/Inventario/GuiaInterna,GuiaInterna_Nro_00029347.pdf,.pdf,1862,2025-11-10T02:16:22Z,b2dcbbe897416120b222795bb54a1d9fd75c679a,,0,0,
WebGestor/Inventario/GuiaInterna/GuiaInterna_Nro_00029348.pdf,WebGestor/Inventario/GuiaInterna,GuiaInterna_Nro_00029348.pdf,.pdf,2011,2025-11-10T02:16:22Z,7dc60b529e2dc1666ad21beda2fea348d4a2f9ef,,0,0,
WebGestor/Inventario/GuiaInterna/GuiaInterna_Nro_00029349.pdf,WebGestor/Inventario/GuiaInterna,GuiaInterna_Nro_00029349.pdf,.pdf,1886,2025-11-10T02:16:22Z,f35e1717070a7fe205d92122fd8a2c59f6f292a8,,0,0,
WebGestor/Inventario/GuiaInterna/GuiaInterna_Nro_00029350.pdf,WebGestor/Inventario/GuiaInterna,GuiaInterna_Nro_00029350.pdf,.pdf,1899,2025-11-10T02:16:22Z,2395a80341f2eb48876215a01f6bba9b89a00169,,0,0,
WebGestor/Inventario/GuiaInterna/GuiaInterna_Nro_00029351.pdf,WebGestor/Inventario/GuiaInterna,GuiaInterna_Nro_00029351.pdf,.pdf,1921,2025-11-10T02:16:22Z,520d33dc1e9f4dd1da18e7596e94dcf8c2bd46de,,0,0,
WebGestor/Inventario/GuiaInterna/GuiaInterna_Nro_00029352.pdf,WebGestor/Inventario/GuiaInterna,GuiaInterna_Nro_00029352.pdf,.pdf,1926,2025-11-10T02:16:22Z,e4edf93609ead7f8202c01f7de864e212e664195,,0,0,
WebGestor/Inventario/GuiaInterna/GuiaInterna_Nro_00029353.pdf,WebGestor/Inventario/GuiaInterna,GuiaInterna_Nro_00029353.pdf,.pdf,2004,2025-11-10T02:16:22Z,80fc1f630c6b7645173ee2446a66c51bf2d712c3,,0,0,
WebGestor/Inventario/GuiaInterna/GuiaInterna_Nro_00029354.pdf,WebGestor/Inventario/GuiaInterna,GuiaInterna_Nro_00029354.pdf,.pdf,1953,2025-11-10T02:16:22Z,f021f945672dd29e7e01d1aa140255cce5235ccf,,0,0,
WebGestor/Inventario/GuiaInterna/GuiaInterna_Nro_00029355.pdf,WebGestor/Inventario/GuiaInterna,GuiaInterna_Nro_00029355.pdf,.pdf,1975,2025-11-10T02:16:22Z,edd3c116eb95bc4de425e0e171fe43ec66a4536d,,0,0,
WebGestor/Inventario/GuiaInterna/GuiaInterna_Nro_00029356.pdf,WebGestor/Inventario/GuiaInterna,GuiaInterna_Nro_00029356.pdf,.pdf,1849,2025-11-10T02:16:22Z,c704567bcc8c10754160b53723e93265fa1a9ee3,,0,0,
WebGestor/Inventario/GuiaInterna/GuiaInterna_Nro_00029357.pdf,WebGestor/Inventario/GuiaInterna,GuiaInterna_Nro_00029357.pdf,.pdf,1849,2025-11-10T02:16:22Z,7998234548f664dfabe8b16154962075593cd702,,0,0,
WebGestor/Inventario/GuiaInterna/GuiaInterna_Nro_00029358.pdf,WebGestor/Inventario/GuiaInterna,GuiaInterna_Nro_00029358.pdf,.pdf,1849,2025-11-10T02:16:22Z,e752651aaa68c8a8906b800467ec36bb6e38080b,,0,0,
WebGestor/Inventario/GuiaInterna/GuiaInterna_Nro_00029359.pdf,WebGestor/Inventario/GuiaInterna,GuiaInterna_Nro_00029359.pdf,.pdf,1850,2025-11-10T02:16:22Z,c1fa5cc82d8fc24f6cd5e32ae357a54199a38f8f,,0,0,
WebGestor/Inventario/GuiaInterna/GuiaInterna_Nro_00029360.pdf,WebGestor/Inventario/GuiaInterna,GuiaInterna_Nro_00029360.pdf,.pdf,1850,2025-11-10T02:16:22Z,e26698ffae5e309763655934d3104bf83431c6df,,0,0,
WebGestor/Inventario/GuiaInterna/GuiaInterna_Nro_00029361.pdf,WebGestor/Inventario/GuiaInterna,GuiaInterna_Nro_00029361.pdf,.pdf,1869,2025-11-10T02:16:22Z,969be8156037a9dfd8c32e9f3e0dff128ecaed86,,0,0,
WebGestor/Inventario/GuiaInterna/GuiaInterna_Nro_00029362.pdf,WebGestor/Inventario/GuiaInterna,GuiaInterna_Nro_00029362.pdf,.pdf,1926,2025-11-10T02:16:22Z,1ea1accefe76fb80c87b2f8879772318215a7b97,,0,0,
WebGestor/Inventario/GuiaInterna/GuiaInterna_Nro_00029365.pdf,WebGestor/Inventario/GuiaInterna,GuiaInterna_Nro_00029365.pdf,.pdf,1953,2025-11-10T02:16:22Z,989ba8b9a6b2bc73181d12c3b91f721d02b49f13,,0,0,
WebGestor/Inventario/GuiaInterna/GuiaInterna_Nro_00029366.pdf,WebGestor/Inventario/GuiaInterna,GuiaInterna_Nro_00029366.pdf,.pdf,2150,2025-11-10T02:16:22Z,74a5a7d7f19fda45d4664a7aa855423a8cee4534,,0,0,
WebGestor/Inventario/GuiaInterna/GuiaInterna_Nro_00029367.pdf,WebGestor/Inventario/GuiaInterna,GuiaInterna_Nro_00029367.pdf,.pdf,2001,2025-11-10T02:16:22Z,1be6fdaede26f869457d93d14a53ea4ced5f110b,,0,0,
WebGestor/Inventario/GuiaInterna/GuiaInterna_Nro_00029368.pdf,WebGestor/Inventario/GuiaInterna,GuiaInterna_Nro_00029368.pdf,.pdf,2000,2025-11-10T02:16:22Z,132b3ccecbefee62fe28838ed0e8c42f3158c5da,,0,0,
WebGestor/Inventario/GuiaInterna/GuiaInterna_Nro_00029371.pdf,WebGestor/Inventario/GuiaInterna,GuiaInterna_Nro_00029371.pdf,.pdf,1881,2025-11-10T02:16:22Z,5e5a9d7864306fb61be41f417edee6dc863e863d,,0,0,
WebGestor/Inventario/GuiaInterna/GuiaInterna_Nro_00029372.pdf,WebGestor/Inventario/GuiaInterna,GuiaInterna_Nro_00029372.pdf,.pdf,1904,2025-11-10T02:16:22Z,0504b2539a99bb4d9afbd25e49bba455280f099b,,0,0,
WebGestor/Inventario/GuiaInterna/GuiaInterna_Nro_00029373.pdf,WebGestor/Inventario/GuiaInterna,GuiaInterna_Nro_00029373.pdf,.pdf,1911,2025-11-10T02:16:22Z,109f0928360451f94b24a382cdadf783266e8f7c,,0,0,
WebGestor/Inventario/GuiaInterna/GuiaInterna_Nro_00029374.pdf,WebGestor/Inventario/GuiaInterna,GuiaInterna_Nro_00029374.pdf,.pdf,1897,2025-11-10T02:16:22Z,be97e91350bd8a2cba9353ffd1568ed648b20714,,0,0,
WebGestor/Inventario/GuiaInterna/GuiaInterna_Nro_00029375.pdf,WebGestor/Inventario/GuiaInterna,GuiaInterna_Nro_00029375.pdf,.pdf,1903,2025-11-10T02:16:22Z,24d4f1a7c4172ed878044b01c3fdd53af39a6022,,0,0,
WebGestor/Inventario/GuiaInterna/GuiaInterna_Nro_00029378.pdf,WebGestor/Inventario/GuiaInterna,GuiaInterna_Nro_00029378.pdf,.pdf,1838,2025-11-10T02:16:22Z,443c940f2897c4d736575101f22b2e2d1de40d31,,0,0,
WebGestor/Inventario/GuiaInterna/GuiaInterna_Nro_00029380.pdf,WebGestor/Inventario/GuiaInterna,GuiaInterna_Nro_00029380.pdf,.pdf,1940,2025-11-10T02:16:22Z,be78d272a9aef7a48416924af8566084e99919d4,,0,0,
WebGestor/Inventario/GuiaInterna/GuiaInterna_Nro_00029381.pdf,WebGestor/Inventario/GuiaInterna,GuiaInterna_Nro_00029381.pdf,.pdf,1892,2025-11-10T02:16:22Z,36ed5b0654af3541f05d2d7dfa850a51b9075cdf,,0,0,
WebGestor/Inventario/GuiaInterna/GuiaInterna_Nro_00029384.pdf,WebGestor/Inventario/GuiaInterna,GuiaInterna_Nro_00029384.pdf,.pdf,2077,2025-11-10T02:16:22Z,68c96d3bda182c480e39652bd2936e63fe229ca8,,0,0,
WebGestor/Inventario/GuiaInterna/GuiaInterna_Nro_00029385.pdf,WebGestor/Inventario/GuiaInterna,GuiaInterna_Nro_00029385.pdf,.pdf,1852,2025-11-10T02:16:22Z,bb77127958587e44a2af4738bf37eb6472db24ac,,0,0,
WebGestor/Inventario/GuiaInterna/GuiaInterna_Nro_00029386.pdf,WebGestor/Inventario/GuiaInterna,GuiaInterna_Nro_00029386.pdf,.pdf,1852,2025-11-10T02:16:22Z,1717a5600d264af363703f3bea4883341b220cc5,,0,0,
WebGestor/Inventario/GuiaInterna/GuiaInterna_Nro_00029387.pdf,WebGestor/Inventario/GuiaInterna,GuiaInterna_Nro_00029387.pdf,.pdf,1854,2025-11-10T02:16:22Z,69bf796859660e1a558870a9a4f8c9ef92906dde,,0,0,
WebGestor/Inventario/GuiaInterna/GuiaInterna_Nro_00029388.pdf,WebGestor/Inventario/GuiaInterna,GuiaInterna_Nro_00029388.pdf,.pdf,1851,2025-11-10T02:16:22Z,3647a6ef2ad661db3eb08d1db5b7ec749f67b0eb,,0,0,
WebGestor/Inventario/GuiaInterna/GuiaInterna_Nro_00029389.pdf,WebGestor/Inventario/GuiaInterna,GuiaInterna_Nro_00029389.pdf,.pdf,1884,2025-11-10T02:16:22Z,e7dc75feb736673c326646136ca201d795d3344f,,0,0,
WebGestor/Inventario/GuiaInterna/GuiaInterna_Nro_00029390.pdf,WebGestor/Inventario/GuiaInterna,GuiaInterna_Nro_00029390.pdf,.pdf,1951,2025-11-10T02:16:22Z,9b510e63c79cabf7b2db6c4404022a6619a9c7ba,,0,0,
WebGestor/Inventario/GuiaInterna/GuiaInterna_Nro_00029391.pdf,WebGestor/Inventario/GuiaInterna,GuiaInterna_Nro_00029391.pdf,.pdf,1898,2025-11-10T02:16:22Z,f1e0de4e3046427a5d7839c87463be784b4ab5b0,,0,0,
WebGestor/Inventario/GuiaInterna/GuiaInterna_Nro_00029392.pdf,WebGestor/Inventario/GuiaInterna,GuiaInterna_Nro_00029392.pdf,.pdf,1889,2025-11-10T02:16:22Z,db82c829f7babcc7589e8dc6d8a68c7ba6703335,,0,0,
WebGestor/Inventario/GuiaInterna/GuiaInterna_Nro_00029393.pdf,WebGestor/Inventario/GuiaInterna,GuiaInterna_Nro_00029393.pdf,.pdf,1929,2025-11-10T02:16:22Z,3b5bb5f23b5847ee19f705878ff989712c5ef4ff,,0,0,
WebGestor/Inventario/GuiaInterna/GuiaInterna_Nro_00029396.pdf,WebGestor/Inventario/GuiaInterna,GuiaInterna_Nro_00029396.pdf,.pdf,1959,2025-11-10T02:16:22Z,8f4362fb7bd8870df46a379306186db74cfa353d,,0,0,
WebGestor/Inventario/GuiaInterna/GuiaInterna_Nro_00029397.pdf,WebGestor/Inventario/GuiaInterna,GuiaInterna_Nro_00029397.pdf,.pdf,1881,2025-11-10T02:16:22Z,fa961eabdb572bcffa1911bb8aded0651c2aeafe,,0,0,
WebGestor/Inventario/GuiaInterna/GuiaInterna_Nro_00029398.pdf,WebGestor/Inventario/GuiaInterna,GuiaInterna_Nro_00029398.pdf,.pdf,1882,2025-11-10T02:16:22Z,911a7c76e3dace15ab1c2ed04a00b3892e4acca9,,0,0,
WebGestor/Inventario/GuiaInterna/GuiaInterna_Nro_00029402.pdf,WebGestor/Inventario/GuiaInterna,GuiaInterna_Nro_00029402.pdf,.pdf,1931,2025-11-10T02:16:22Z,11525923df8d2c5b87ef49f438afa151ff1b2e84,,0,0,
WebGestor/Inventario/GuiaInterna/GuiaInterna_Nro_00029403.pdf,WebGestor/Inventario/GuiaInterna,GuiaInterna_Nro_00029403.pdf,.pdf,1890,2025-11-10T02:16:22Z,db565c10389dd8f3163c80417b937373e037f5c0,,0,0,
WebGestor/Inventario/GuiaInterna/GuiaInterna_Nro_00029406.pdf,WebGestor/Inventario/GuiaInterna,GuiaInterna_Nro_00029406.pdf,.pdf,1883,2025-11-10T02:16:22Z,52f01e8ccb9c492df3557a9edbb2f775e0920867,,0,0,
WebGestor/Inventario/GuiaInterna/GuiaInterna_Nro_00029407.pdf,WebGestor/Inventario/GuiaInterna,GuiaInterna_Nro_00029407.pdf,.pdf,2287,2025-11-10T02:16:22Z,eb63d9184e5a3269ab64fc13e20433932c98bb87,,0,0,
WebGestor/Inventario/GuiaInterna/GuiaInterna_Nro_00029410.pdf,WebGestor/Inventario/GuiaInterna,GuiaInterna_Nro_00029410.pdf,.pdf,1935,2025-11-10T02:16:22Z,331d73c853245fdb431e0e254c7769c294fa423c,,0,0,
WebGestor/Inventario/GuiaInterna/GuiaInterna_Nro_00029411.pdf,WebGestor/Inventario/GuiaInterna,GuiaInterna_Nro_00029411.pdf,.pdf,2019,2025-11-10T02:16:22Z,bf6916e734825485a85b982376fff52992266494,,0,0,
WebGestor/Inventario/GuiaInterna/GuiaInterna_Nro_00029412.pdf,WebGestor/Inventario/GuiaInterna,GuiaInterna_Nro_00029412.pdf,.pdf,1842,2025-11-10T02:16:22Z,466d88e3f79c64379a37123c73f5567ceb67db90,,0,0,
WebGestor/Inventario/GuiaInterna/GuiaInterna_Nro_00029413.pdf,WebGestor/Inventario/GuiaInterna,GuiaInterna_Nro_00029413.pdf,.pdf,1917,2025-11-10T02:16:22Z,c50e5a9dcce6ccfbdc8b6d94e58532e54bcc0871,,0,0,
WebGestor/Inventario/GuiaInterna/GuiaInterna_Nro_00029414.pdf,WebGestor/Inventario/GuiaInterna,GuiaInterna_Nro_00029414.pdf,.pdf,1890,2025-11-10T02:16:22Z,15e20ba64a84d8ccec3b074a412defc666309891,,0,0,
WebGestor/Inventario/GuiaInterna/GuiaInterna_Nro_00029415.pdf,WebGestor/Inventario/GuiaInterna,GuiaInterna_Nro_00029415.pdf,.pdf,1842,2025-11-10T02:16:22Z,be872acb9abd94e969cf088228a9152b5810020d,,0,0,
WebGestor/Inventario/GuiaInterna/GuiaInterna_Nro_00029416.pdf,WebGestor/Inventario/GuiaInterna,GuiaInterna_Nro_00029416.pdf,.pdf,1897,2025-11-10T02:16:22Z,4e4df0a9b832459a8f0e25211f46df6d73d2ec59,,0,0,
WebGestor/Inventario/GuiaInterna/GuiaInterna_Nro_00029417.pdf,WebGestor/Inventario/GuiaInterna,GuiaInterna_Nro_00029417.pdf,.pdf,1914,2025-11-10T02:16:22Z,1913ca3581c3bc6dc3d7dfc30276b087d6faf826,,0,0,
WebGestor/Inventario/GuiaInterna/GuiaInterna_Nro_00029418.pdf,WebGestor/Inventario/GuiaInterna,GuiaInterna_Nro_00029418.pdf,.pdf,1898,2025-11-10T02:16:22Z,1b60cddc6df1e310a4c5fbafd2feb65b9f86496d,,0,0,
WebGestor/Inventario/GuiaInterna/GuiaInterna_Nro_00029419.pdf,WebGestor/Inventario/GuiaInterna,GuiaInterna_Nro_00029419.pdf,.pdf,1973,2025-11-10T02:16:22Z,69d06617e908f86c4c21c1bc47bb5849abcfcf09,,0,0,
WebGestor/Inventario/GuiaInterna/GuiaInterna_Nro_00029420.pdf,WebGestor/Inventario/GuiaInterna,GuiaInterna_Nro_00029420.pdf,.pdf,1902,2025-11-10T02:16:22Z,f8fadd6ae42254db9e1293d327e068803ef3b49d,,0,0,
WebGestor/Inventario/GuiaInterna/GuiaInterna_Nro_00029422.pdf,WebGestor/Inventario/GuiaInterna,GuiaInterna_Nro_00029422.pdf,.pdf,1906,2025-11-10T02:16:22Z,34bb204b0abb539d0e0a811137784fe7a1254b2e,,0,0,
WebGestor/Inventario/GuiaInterna/GuiaInterna_Nro_00029423.pdf,WebGestor/Inventario/GuiaInterna,GuiaInterna_Nro_00029423.pdf,.pdf,1910,2025-11-10T02:16:22Z,02ee73018ba3a95ef0131b99e5e8ac3fc35de02c,,0,0,
WebGestor/Inventario/GuiaInterna/GuiaInterna_Nro_00029424.pdf,WebGestor/Inventario/GuiaInterna,GuiaInterna_Nro_00029424.pdf,.pdf,1922,2025-11-10T02:16:22Z,36219559cee70ac7b320e4f8c318f67f84ddbf65,,0,0,
WebGestor/Inventario/GuiaInterna/GuiaInterna_Nro_00029425.pdf,WebGestor/Inventario/GuiaInterna,GuiaInterna_Nro_00029425.pdf,.pdf,1902,2025-11-10T02:16:22Z,e8d3a2284d842a1bd02dcd1dd6443ddd3a5d65f9,,0,0,
WebGestor/Inventario/GuiaInterna/GuiaInterna_Nro_00029426.pdf,WebGestor/Inventario/GuiaInterna,GuiaInterna_Nro_00029426.pdf,.pdf,1920,2025-11-10T02:16:22Z,c884c45ea976368f8887238eb4cc5f495ddafc72,,0,0,
WebGestor/Inventario/GuiaInterna/GuiaInterna_Nro_00029427.pdf,WebGestor/Inventario/GuiaInterna,GuiaInterna_Nro_00029427.pdf,.pdf,1916,2025-11-10T02:16:22Z,55a927571b5e08f6fd0247125bd653920599bbf8,,0,0,
WebGestor/Inventario/GuiaInterna/GuiaInterna_Nro_00029428.pdf,WebGestor/Inventario/GuiaInterna,GuiaInterna_Nro_00029428.pdf,.pdf,2096,2025-11-10T02:16:22Z,4f9e34a652c7c190c2a71cf1c40b41795d1b550e,,0,0,
WebGestor/Inventario/GuiaInterna/GuiaInterna_Nro_00029429.pdf,WebGestor/Inventario/GuiaInterna,GuiaInterna_Nro_00029429.pdf,.pdf,1888,2025-11-10T02:16:22Z,5868f265fb867d1597074619b6d392f298195eff,,0,0,
WebGestor/Inventario/GuiaInterna/GuiaInterna_Nro_00029430.pdf,WebGestor/Inventario/GuiaInterna,GuiaInterna_Nro_00029430.pdf,.pdf,1834,2025-11-10T02:16:22Z,a2e355e0804c8c9f4f7897ef477aeb9e0fb10489,,0,0,
WebGestor/Inventario/GuiaInterna/GuiaInterna_Nro_00029431.pdf,WebGestor/Inventario/GuiaInterna,GuiaInterna_Nro_00029431.pdf,.pdf,1877,2025-11-10T02:16:22Z,d8e1ed5570a8cd7f7cca72dc9605a7c73ef9b816,,0,0,
WebGestor/Inventario/GuiaInterna/GuiaInterna_Nro_00029432.pdf,WebGestor/Inventario/GuiaInterna,GuiaInterna_Nro_00029432.pdf,.pdf,1891,2025-11-10T02:16:22Z,4af628a9f89d4246be05e127cf9c3e47fc54c490,,0,0,
WebGestor/Inventario/GuiaInterna/GuiaInterna_Nro_00029433.pdf,WebGestor/Inventario/GuiaInterna,GuiaInterna_Nro_00029433.pdf,.pdf,1994,2025-11-10T02:16:22Z,9ea7e1cbc6fbd1fccb61f962fe4d028236e756fa,,0,0,
WebGestor/Inventario/GuiaInterna/GuiaInterna_Nro_00029436.pdf,WebGestor/Inventario/GuiaInterna,GuiaInterna_Nro_00029436.pdf,.pdf,1845,2025-11-10T02:16:22Z,899b8f3a256f06214eb63fc227f6821243c06b3c,,0,0,
WebGestor/Inventario/GuiaInterna/GuiaInterna_Nro_00029439.pdf,WebGestor/Inventario/GuiaInterna,GuiaInterna_Nro_00029439.pdf,.pdf,1908,2025-11-10T02:16:22Z,94ac29acc63a0606ef09fe9069f5fde685b3e699,,0,0,
WebGestor/Inventario/GuiaInterna/GuiaInterna_Nro_00029442.pdf,WebGestor/Inventario/GuiaInterna,GuiaInterna_Nro_00029442.pdf,.pdf,1974,2025-11-10T02:16:22Z,440270c486a8d3b54921d4936335fe5f49641913,,0,0,
WebGestor/Inventario/GuiaInterna/GuiaInterna_Nro_00029444.pdf,WebGestor/Inventario/GuiaInterna,GuiaInterna_Nro_00029444.pdf,.pdf,2013,2025-11-10T02:16:22Z,582258e551a96713c0e60b7f130bd3762680c551,,0,0,
WebGestor/Inventario/GuiaInterna/GuiaInterna_Nro_00029446.pdf,WebGestor/Inventario/GuiaInterna,GuiaInterna_Nro_00029446.pdf,.pdf,1894,2025-11-10T02:16:22Z,3b903ab5a51e056da28babd6c363244b66c48e63,,0,0,
WebGestor/Inventario/GuiaInterna/GuiaInterna_Nro_00029447.pdf,WebGestor/Inventario/GuiaInterna,GuiaInterna_Nro_00029447.pdf,.pdf,1887,2025-11-10T02:16:22Z,a25961e7ee26433a6a90e183b261cd6c3a38a2ca,,0,0,
WebGestor/Inventario/GuiaInterna/GuiaInterna_Nro_00029448.pdf,WebGestor/Inventario/GuiaInterna,GuiaInterna_Nro_00029448.pdf,.pdf,1905,2025-11-10T02:16:22Z,1e7c50faf06b86d2c425c646e10154f72c893830,,0,0,
WebGestor/Inventario/GuiaInterna/GuiaInterna_Nro_00029449.pdf,WebGestor/Inventario/GuiaInterna,GuiaInterna_Nro_00029449.pdf,.pdf,1916,2025-11-10T02:16:22Z,7a41a8fe8dd13a550ae2cec28425bce4aa37cb2b,,0,0,
WebGestor/Inventario/GuiaInterna/GuiaInterna_Nro_00029450.pdf,WebGestor/Inventario/GuiaInterna,GuiaInterna_Nro_00029450.pdf,.pdf,1892,2025-11-10T02:16:22Z,932793b320a465b4ea8f962dab8494e8172de58c,,0,0,
WebGestor/Inventario/GuiaInterna/GuiaInterna_Nro_00029451.pdf,WebGestor/Inventario/GuiaInterna,GuiaInterna_Nro_00029451.pdf,.pdf,1897,2025-11-10T02:16:22Z,54e57dc33f761115bfa913cb8c9934aa41cdaa27,,0,0,
WebGestor/Inventario/GuiaInterna/GuiaInterna_Nro_00029452.pdf,WebGestor/Inventario/GuiaInterna,GuiaInterna_Nro_00029452.pdf,.pdf,1926,2025-11-10T02:16:22Z,74816d6ec726ba494db08027d47622be6e1b573f,,0,0,
WebGestor/Inventario/GuiaInterna/GuiaInterna_Nro_00029453.pdf,WebGestor/Inventario/GuiaInterna,GuiaInterna_Nro_00029453.pdf,.pdf,1938,2025-11-10T02:16:22Z,e337c40ec759b42835ab6c630392d1f29d16e0af,,0,0,
WebGestor/Inventario/GuiaInterna/GuiaInterna_Nro_00029454.pdf,WebGestor/Inventario/GuiaInterna,GuiaInterna_Nro_00029454.pdf,.pdf,2008,2025-11-10T02:16:22Z,525c8f60a621030b6d687815d9ea099019db202e,,0,0,
WebGestor/Inventario/GuiaInterna/GuiaInterna_Nro_00029455.pdf,WebGestor/Inventario/GuiaInterna,GuiaInterna_Nro_00029455.pdf,.pdf,2005,2025-11-10T02:16:22Z,cda4f295e0367f27c607bace4df6062ec9500ba7,,0,0,
WebGestor/Inventario/GuiaInterna/GuiaInterna_Nro_00029456.pdf,WebGestor/Inventario/GuiaInterna,GuiaInterna_Nro_00029456.pdf,.pdf,2001,2025-11-10T02:16:22Z,29f3f002eadbb90d793d78aff30714840f43c79d,,0,0,
WebGestor/Inventario/GuiaInterna/GuiaInterna_Nro_00029457.pdf,WebGestor/Inventario/GuiaInterna,GuiaInterna_Nro_00029457.pdf,.pdf,2003,2025-11-10T02:16:22Z,a66f3fbcfa1fdfb6fa43e5e02c73a107e84382eb,,0,0,
WebGestor/Inventario/GuiaInterna/GuiaInterna_Nro_00029460.pdf,WebGestor/Inventario/GuiaInterna,GuiaInterna_Nro_00029460.pdf,.pdf,1905,2025-11-10T02:16:22Z,84e189649aff39d83e2d65a278f328665eca50b9,,0,0,
WebGestor/Inventario/GuiaInterna/GuiaInterna_Nro_00029461.pdf,WebGestor/Inventario/GuiaInterna,GuiaInterna_Nro_00029461.pdf,.pdf,1892,2025-11-10T02:16:22Z,75f49a86b782f615334c3c4f70bb2246ead3db17,,0,0,
WebGestor/Inventario/GuiaInterna/GuiaInterna_Nro_00029462.pdf,WebGestor/Inventario/GuiaInterna,GuiaInterna_Nro_00029462.pdf,.pdf,1894,2025-11-10T02:16:22Z,ac22c323a4a48e69b3b612a300098ef3da140bc5,,0,0,
WebGestor/Inventario/GuiaInterna/GuiaInterna_Nro_00029463.pdf,WebGestor/Inventario/GuiaInterna,GuiaInterna_Nro_00029463.pdf,.pdf,1888,2025-11-10T02:16:22Z,c2beb59b1694f169e354523b8a1598b4aa109e5e,,0,0,
WebGestor/Inventario/GuiaInterna/GuiaInterna_Nro_00029464.pdf,WebGestor/Inventario/GuiaInterna,GuiaInterna_Nro_00029464.pdf,.pdf,1890,2025-11-10T02:16:22Z,9a922ffaae1d59ed1372fae8a85bf20cde9e3ec1,,0,0,
WebGestor/Inventario/GuiaInterna/GuiaInterna_Nro_00029465.pdf,WebGestor/Inventario/GuiaInterna,GuiaInterna_Nro_00029465.pdf,.pdf,1938,2025-11-10T02:16:22Z,c28e5fc3f481f9d2281f931bcb3e4dd9e0783c5d,,0,0,
WebGestor/Inventario/GuiaInterna/GuiaInterna_Nro_00029466.pdf,WebGestor/Inventario/GuiaInterna,GuiaInterna_Nro_00029466.pdf,.pdf,1904,2025-11-10T02:16:22Z,e74321b3a1fe50b4551ed9f1834d3af6f80f454d,,0,0,
WebGestor/Inventario/GuiaInterna/GuiaInterna_Nro_00029467.pdf,WebGestor/Inventario/GuiaInterna,GuiaInterna_Nro_00029467.pdf,.pdf,1892,2025-11-10T02:16:22Z,30a39985dc601c40bdf846ffbe55e3174156bbcc,,0,0,
WebGestor/Inventario/GuiaInterna/GuiaInterna_Nro_00029471.pdf,WebGestor/Inventario/GuiaInterna,GuiaInterna_Nro_00029471.pdf,.pdf,1890,2025-11-10T02:16:22Z,696f4e0ac65dd5b0ed7e2faf257e21d37b268a0b,,0,0,
WebGestor/Inventario/GuiaInterna/GuiaInterna_Nro_00029472.pdf,WebGestor/Inventario/GuiaInterna,GuiaInterna_Nro_00029472.pdf,.pdf,2074,2025-11-10T02:16:22Z,c4e2140af41ed0d4bdca7c3fe939aeccb687dd1d,,0,0,
WebGestor/Inventario/GuiaInterna/GuiaInterna_Nro_00029473.pdf,WebGestor/Inventario/GuiaInterna,GuiaInterna_Nro_00029473.pdf,.pdf,1899,2025-11-10T02:16:22Z,08131c9de4ca0aadb7ec0fc7d1a2fae4a126815d,,0,0,
WebGestor/Inventario/GuiaInterna/GuiaInterna_Nro_00029474.pdf,WebGestor/Inventario/GuiaInterna,GuiaInterna_Nro_00029474.pdf,.pdf,1890,2025-11-10T02:16:22Z,789c0fd8d95b0feba175466c9137aa3d6fee226f,,0,0,
WebGestor/Inventario/GuiaInterna/GuiaInterna_Nro_00029475.pdf,WebGestor/Inventario/GuiaInterna,GuiaInterna_Nro_00029475.pdf,.pdf,1891,2025-11-10T02:16:22Z,15b8e3e5444e54fc9f022705c095a0447e4c1d89,,0,0,
WebGestor/Inventario/GuiaInterna/GuiaInterna_Nro_00029476.pdf,WebGestor/Inventario/GuiaInterna,GuiaInterna_Nro_00029476.pdf,.pdf,1889,2025-11-10T02:16:22Z,58ab5c8819ec8a9ae5454085331d7b8e8ff7d68c,,0,0,
WebGestor/Inventario/GuiaInterna/GuiaInterna_Nro_00029477.pdf,WebGestor/Inventario/GuiaInterna,GuiaInterna_Nro_00029477.pdf,.pdf,1887,2025-11-10T02:16:22Z,687c2c64c4a52eaf423cd0a273b39b793aea8cec,,0,0,
WebGestor/Inventario/GuiaInterna/GuiaInterna_Nro_00029478.pdf,WebGestor/Inventario/GuiaInterna,GuiaInterna_Nro_00029478.pdf,.pdf,1926,2025-11-10T02:16:22Z,7744b497cff51ef2ab700915563066ba1f7d038d,,0,0,
WebGestor/Inventario/GuiaInterna/GuiaInterna_Nro_00029479.pdf,WebGestor/Inventario/GuiaInterna,GuiaInterna_Nro_00029479.pdf,.pdf,1952,2025-11-10T02:16:22Z,9e934133bd166eb56675c3356774035365e3289b,,0,0,
WebGestor/Inventario/GuiaInterna/GuiaInterna_Nro_00029480.pdf,WebGestor/Inventario/GuiaInterna,GuiaInterna_Nro_00029480.pdf,.pdf,2015,2025-11-10T02:16:22Z,3fcbdb2676693c4762bb2a51ef05d88a3c949280,,0,0,
WebGestor/Inventario/GuiaInterna/GuiaInterna_Nro_00029483.pdf,WebGestor/Inventario/GuiaInterna,GuiaInterna_Nro_00029483.pdf,.pdf,1913,2025-11-10T02:16:22Z,50185a8852804e4c9093fd9ff34077e1a49135f5,,0,0,
WebGestor/Inventario/GuiaInterna/GuiaInterna_Nro_00029484.pdf,WebGestor/Inventario/GuiaInterna,GuiaInterna_Nro_00029484.pdf,.pdf,1896,2025-11-10T02:16:22Z,e2dde8f808a5f4a4dcbb94d5397c95826069732e,,0,0,
WebGestor/Inventario/GuiaInterna/GuiaInterna_Nro_00029485.pdf,WebGestor/Inventario/GuiaInterna,GuiaInterna_Nro_00029485.pdf,.pdf,2000,2025-11-10T02:16:22Z,87e13f26a7241c04877bc79acc841472f970c6eb,,0,0,
WebGestor/Inventario/GuiaInterna/GuiaInterna_Nro_00029487.pdf,WebGestor/Inventario/GuiaInterna,GuiaInterna_Nro_00029487.pdf,.pdf,1903,2025-11-10T02:16:22Z,df09b3f56022416d6dbb5dc3146249615fc9c266,,0,0,
WebGestor/Inventario/GuiaInterna/GuiaInterna_Nro_00029488.pdf,WebGestor/Inventario/GuiaInterna,GuiaInterna_Nro_00029488.pdf,.pdf,1900,2025-11-10T02:16:22Z,c15e414feb363bf2a1e48a7604ded36e166f04c3,,0,0,
WebGestor/Inventario/GuiaInterna/GuiaInterna_Nro_00029489.pdf,WebGestor/Inventario/GuiaInterna,GuiaInterna_Nro_00029489.pdf,.pdf,1904,2025-11-10T02:16:22Z,f0f70636c8cdf0ef44a6eaa0e4cf076b21d19a9a,,0,0,
WebGestor/Inventario/GuiaInterna/GuiaInterna_Nro_00029490.pdf,WebGestor/Inventario/GuiaInterna,GuiaInterna_Nro_00029490.pdf,.pdf,1889,2025-11-10T02:16:22Z,bc1102e11ca23efdcd59af7c0c936160aba48d3b,,0,0,
WebGestor/Inventario/GuiaInterna/GuiaInterna_Nro_00029491.pdf,WebGestor/Inventario/GuiaInterna,GuiaInterna_Nro_00029491.pdf,.pdf,1891,2025-11-10T02:16:22Z,780d3a90824cd8ddc6b260618515e1483b0c203c,,0,0,
WebGestor/Inventario/GuiaInterna/GuiaInterna_Nro_00029499.pdf,WebGestor/Inventario/GuiaInterna,GuiaInterna_Nro_00029499.pdf,.pdf,1915,2025-11-10T02:16:22Z,683c1d392156a1209d408df1d540ecb0a4c18b0d,,0,0,
WebGestor/Inventario/GuiaInterna/GuiaInterna_Nro_00029500.pdf,WebGestor/Inventario/GuiaInterna,GuiaInterna_Nro_00029500.pdf,.pdf,1904,2025-11-10T02:16:22Z,4784e3259e5be68e4f8b9db2367f98e6228a501b,,0,0,
WebGestor/Inventario/GuiaInterna/GuiaInterna_Nro_00029501.pdf,WebGestor/Inventario/GuiaInterna,GuiaInterna_Nro_00029501.pdf,.pdf,1943,2025-11-10T02:16:22Z,47ead972fe575a95ed5327c41f51ccf7a4dc9bb5,,0,0,
WebGestor/Inventario/GuiaInterna/GuiaInterna_Nro_00029502.pdf,WebGestor/Inventario/GuiaInterna,GuiaInterna_Nro_00029502.pdf,.pdf,1901,2025-11-10T02:16:22Z,bff620715b075dd3cd6da363914cba0303963f77,,0,0,
WebGestor/Inventario/GuiaInterna/GuiaInterna_Nro_00029503.pdf,WebGestor/Inventario/GuiaInterna,GuiaInterna_Nro_00029503.pdf,.pdf,1932,2025-11-10T02:16:22Z,d468385ce16d9e381ea89d7fc94c2cd6a1d8f158,,0,0,
WebGestor/Inventario/GuiaInterna/GuiaInterna_Nro_00029504.pdf,WebGestor/Inventario/GuiaInterna,GuiaInterna_Nro_00029504.pdf,.pdf,1924,2025-11-10T02:16:22Z,2a3ef3e5712d787deab3085e37727a66fd0dc9a1,,0,0,
WebGestor/Inventario/GuiaInterna/GuiaInterna_Nro_00029505.pdf,WebGestor/Inventario/GuiaInterna,GuiaInterna_Nro_00029505.pdf,.pdf,1892,2025-11-10T02:16:22Z,1eccbd0644dd937b41a00edce4a81ae5b77a9a9e,,0,0,
WebGestor/Inventario/GuiaInterna/GuiaInterna_Nro_00029506.pdf,WebGestor/Inventario/GuiaInterna,GuiaInterna_Nro_00029506.pdf,.pdf,2010,2025-11-10T02:16:22Z,18860c8ed787eb65ed604548e9441a39f62e05eb,,0,0,
WebGestor/Inventario/GuiaInterna/GuiaInterna_Nro_00029507.pdf,WebGestor/Inventario/GuiaInterna,GuiaInterna_Nro_00029507.pdf,.pdf,1887,2025-11-10T02:16:22Z,03c7b1c6f00122cacdf6993f66ca5fd3869bfa29,,0,0,
WebGestor/Inventario/GuiaInterna/GuiaInterna_Nro_00029512.pdf,WebGestor/Inventario/GuiaInterna,GuiaInterna_Nro_00029512.pdf,.pdf,1919,2025-11-10T02:16:22Z,6164634d63d9061b3b381f49e0664282f242bc82,,0,0,
WebGestor/Inventario/GuiaInterna/GuiaInterna_Nro_00029520.pdf,WebGestor/Inventario/GuiaInterna,GuiaInterna_Nro_00029520.pdf,.pdf,1912,2025-11-10T02:16:22Z,f704b2df5fdbb40f252168dd17a29453161fdb44,,0,0,
WebGestor/Inventario/GuiaInterna/GuiaInterna_Nro_00029528.pdf,WebGestor/Inventario/GuiaInterna,GuiaInterna_Nro_00029528.pdf,.pdf,1925,2025-11-10T02:16:22Z,48d79b8182ace0c0f0d1bb5d0a4e841151113b17,,0,0,
WebGestor/Inventario/GuiaInterna/GuiaInterna_Nro_00029547.pdf,WebGestor/Inventario/GuiaInterna,GuiaInterna_Nro_00029547.pdf,.pdf,1902,2025-11-10T02:16:22Z,5623fa382a04034e1019f03096bc19ac45ddfd60,,0,0,
WebGestor/Inventario/GuiaInterna/GuiaInterna_Nro_00029548.pdf,WebGestor/Inventario/GuiaInterna,GuiaInterna_Nro_00029548.pdf,.pdf,1901,2025-11-10T02:16:22Z,be1f240e9a960f3f191900f4e8431376c0b917b1,,0,0,
WebGestor/Inventario/GuiaInterna/GuiaInterna_Nro_00029549.pdf,WebGestor/Inventario/GuiaInterna,GuiaInterna_Nro_00029549.pdf,.pdf,1885,2025-11-10T02:16:22Z,9852bc04ba24dc8a93b72dff797cc586d96cbee7,,0,0,
WebGestor/Inventario/GuiaInterna/GuiaInterna_Nro_00029550.pdf,WebGestor/Inventario/GuiaInterna,GuiaInterna_Nro_00029550.pdf,.pdf,1923,2025-11-10T02:16:22Z,9f9396775f9da2ada1b9ef1a78b017048daa40dd,,0,0,
WebGestor/Inventario/GuiaInterna/GuiaInterna_Nro_00029551.pdf,WebGestor/Inventario/GuiaInterna,GuiaInterna_Nro_00029551.pdf,.pdf,1891,2025-11-10T02:16:22Z,c5237ecfaeca8410a42822a4d960d99e4d2d76ec,,0,0,
WebGestor/Inventario/GuiaInterna/GuiaInterna_Nro_00029552.pdf,WebGestor/Inventario/GuiaInterna,GuiaInterna_Nro_00029552.pdf,.pdf,1890,2025-11-10T02:16:22Z,da1a7de434c61c970179f7d51669ea76cc6348d4,,0,0,
WebGestor/Inventario/GuiaInterna/GuiaInterna_Nro_00029553.pdf,WebGestor/Inventario/GuiaInterna,GuiaInterna_Nro_00029553.pdf,.pdf,1905,2025-11-10T02:16:22Z,3ca6a22532f1244f45c888bd45b6c7c78462a240,,0,0,
WebGestor/Inventario/GuiaInterna/GuiaInterna_Nro_00029554.pdf,WebGestor/Inventario/GuiaInterna,GuiaInterna_Nro_00029554.pdf,.pdf,1887,2025-11-10T02:16:22Z,8e058eaed9505cb7d66df359a71bd9b2b5fbc185,,0,0,
WebGestor/Inventario/GuiaInterna/GuiaInterna_Nro_00029557.pdf,WebGestor/Inventario/GuiaInterna,GuiaInterna_Nro_00029557.pdf,.pdf,1907,2025-11-10T02:16:22Z,ad5dd620bb0a3a936768b70e907c29c5ccdad414,,0,0,
WebGestor/Inventario/GuiaInterna/GuiaInterna_Nro_00029559.pdf,WebGestor/Inventario/GuiaInterna,GuiaInterna_Nro_00029559.pdf,.pdf,1862,2025-11-10T02:16:22Z,c34784bc1cf299f3aace8dce0c8ab50aee630bfb,,0,0,
WebGestor/Inventario/GuiaInterna/GuiaInterna_Nro_00029561.pdf,WebGestor/Inventario/GuiaInterna,GuiaInterna_Nro_00029561.pdf,.pdf,1886,2025-11-10T02:16:22Z,6604cc9d8f4fa3d1dcc3f9db154a1f4ab809a55b,,0,0,
WebGestor/Inventario/GuiaInterna/GuiaInterna_Nro_00029562.pdf,WebGestor/Inventario/GuiaInterna,GuiaInterna_Nro_00029562.pdf,.pdf,1900,2025-11-10T02:16:22Z,c71b3a9b1e210a28be68a57cf4267d43c98740a6,,0,0,
WebGestor/Inventario/GuiaInterna/GuiaInterna_Nro_00029563.pdf,WebGestor/Inventario/GuiaInterna,GuiaInterna_Nro_00029563.pdf,.pdf,1904,2025-11-10T02:16:22Z,286f8255993f77d31a018daa003bd3c5b295cc75,,0,0,
WebGestor/Inventario/GuiaInterna/GuiaInterna_Nro_00029564.pdf,WebGestor/Inventario/GuiaInterna,GuiaInterna_Nro_00029564.pdf,.pdf,1926,2025-11-10T02:16:22Z,10ccd5ebd664e8864dc3b69532bfb17801aecf2d,,0,0,
WebGestor/Inventario/GuiaInterna/GuiaInterna_Nro_00029565.pdf,WebGestor/Inventario/GuiaInterna,GuiaInterna_Nro_00029565.pdf,.pdf,1879,2025-11-10T02:16:22Z,94bdffb268321f3ce6e69729be9874a5f3499319,,0,0,
WebGestor/Inventario/GuiaInterna/GuiaInterna_Nro_00029566.pdf,WebGestor/Inventario/GuiaInterna,GuiaInterna_Nro_00029566.pdf,.pdf,1916,2025-11-10T02:16:22Z,1c0e9b2908bfbf6e6fdeb10ebb0036981f1895f7,,0,0,
WebGestor/Inventario/GuiaInterna/GuiaInterna_Nro_00029572.pdf,WebGestor/Inventario/GuiaInterna,GuiaInterna_Nro_00029572.pdf,.pdf,2007,2025-11-10T02:16:22Z,8a40501674be89a21a86e8041806830c1443973a,,0,0,
WebGestor/Inventario/GuiaInterna/GuiaInterna_Nro_00029574.pdf,WebGestor/Inventario/GuiaInterna,GuiaInterna_Nro_00029574.pdf,.pdf,2083,2025-11-10T02:16:22Z,79857ee69ca6b2bacea0fcba0db3a1fa5a2078e5,,0,0,
WebGestor/Inventario/GuiaInterna/GuiaInterna_Nro_00029575.pdf,WebGestor/Inventario/GuiaInterna,GuiaInterna_Nro_00029575.pdf,.pdf,1890,2025-11-10T02:16:22Z,b799e13ed378996582d855914fbd4a818178ce3b,,0,0,
WebGestor/Inventario/GuiaInterna/GuiaInterna_Nro_00029576.pdf,WebGestor/Inventario/GuiaInterna,GuiaInterna_Nro_00029576.pdf,.pdf,1904,2025-11-10T02:16:22Z,c7e7c93dd2d1a51b55b6330261320670cc93daad,,0,0,
WebGestor/Inventario/GuiaInterna/GuiaInterna_Nro_00029577.pdf,WebGestor/Inventario/GuiaInterna,GuiaInterna_Nro_00029577.pdf,.pdf,1893,2025-11-10T02:16:22Z,5bdc4422f31252c1bfcb56d4cae5c6a6110cbd46,,0,0,
WebGestor/Inventario/GuiaInterna/GuiaInterna_Nro_00029581.pdf,WebGestor/Inventario/GuiaInterna,GuiaInterna_Nro_00029581.pdf,.pdf,1887,2025-11-10T02:16:22Z,1b3df6fe16bc259b5b6f786912d1f4ee2aee113e,,0,0,
WebGestor/Inventario/GuiaInterna/GuiaInterna_Nro_00029582.pdf,WebGestor/Inventario/GuiaInterna,GuiaInterna_Nro_00029582.pdf,.pdf,1911,2025-11-10T02:16:22Z,6d37461bb7d91b6d6678f600f52596df3a30bed8,,0,0,
WebGestor/Inventario/GuiaInterna/GuiaInterna_Nro_00029583.pdf,WebGestor/Inventario/GuiaInterna,GuiaInterna_Nro_00029583.pdf,.pdf,1888,2025-11-10T02:16:22Z,68575520131a1f5853dab1f327dc87765f443d6b,,0,0,
WebGestor/Inventario/GuiaInterna/GuiaInterna_Nro_00029584.pdf,WebGestor/Inventario/GuiaInterna,GuiaInterna_Nro_00029584.pdf,.pdf,1886,2025-11-10T02:16:22Z,210e7f4256532ea3b5fddc779ab6798b896a6090,,0,0,
WebGestor/Inventario/GuiaInterna/GuiaInterna_Nro_00029586.pdf,WebGestor/Inventario/GuiaInterna,GuiaInterna_Nro_00029586.pdf,.pdf,1945,2025-11-10T02:16:22Z,0bafb3c34b30c3d26b6db7a3a370c0a8238197da,,0,0,
WebGestor/Inventario/GuiaInterna/GuiaInterna_Nro_00029592.pdf,WebGestor/Inventario/GuiaInterna,GuiaInterna_Nro_00029592.pdf,.pdf,1901,2025-11-10T02:16:22Z,8802b929a99ff1b23f3c9d457795231c6a1cdbb8,,0,0,
WebGestor/Inventario/GuiaInterna/GuiaInterna_Nro_00029594.pdf,WebGestor/Inventario/GuiaInterna,GuiaInterna_Nro_00029594.pdf,.pdf,1905,2025-11-10T02:16:22Z,4470cea7cacf88a55f25b94d49cb436260df9e96,,0,0,
WebGestor/Inventario/GuiaInterna/GuiaInterna_Nro_00029595.pdf,WebGestor/Inventario/GuiaInterna,GuiaInterna_Nro_00029595.pdf,.pdf,1903,2025-11-10T02:16:22Z,08b93702f9a832f949753f4504a83ccbe89ac77a,,0,0,
WebGestor/Inventario/GuiaInterna/GuiaInterna_Nro_00029596.pdf,WebGestor/Inventario/GuiaInterna,GuiaInterna_Nro_00029596.pdf,.pdf,1894,2025-11-10T02:16:22Z,e14c230c035201294c6a7f1ba8356bcfa6fe247e,,0,0,
WebGestor/Inventario/GuiaInterna/GuiaInterna_Nro_00029597.pdf,WebGestor/Inventario/GuiaInterna,GuiaInterna_Nro_00029597.pdf,.pdf,1937,2025-11-10T02:16:22Z,c6a9c90d0091691e8644a50df317c8483da74690,,0,0,
WebGestor/Inventario/GuiaInterna/GuiaInterna_Nro_00029598.pdf,WebGestor/Inventario/GuiaInterna,GuiaInterna_Nro_00029598.pdf,.pdf,1884,2025-11-10T02:16:22Z,d03f00bb72ddb91370f914ce5c1821a3330f3fef,,0,0,
WebGestor/Inventario/GuiaInterna/GuiaInterna_Nro_00029600.pdf,WebGestor/Inventario/GuiaInterna,GuiaInterna_Nro_00029600.pdf,.pdf,1898,2025-11-10T02:16:22Z,de0ef0d50d4af516966eae2d3a9e2ed1c1b057ce,,0,0,
WebGestor/Inventario/GuiaInterna/GuiaInterna_Nro_00029601.pdf,WebGestor/Inventario/GuiaInterna,GuiaInterna_Nro_00029601.pdf,.pdf,1886,2025-11-10T02:16:22Z,6557fc31cfd91352377ebaa32ec1f61e7e6a5964,,0,0,
WebGestor/Inventario/GuiaInterna/GuiaInterna_Nro_00029603.pdf,WebGestor/Inventario/GuiaInterna,GuiaInterna_Nro_00029603.pdf,.pdf,1887,2025-11-10T02:16:22Z,23bcf53c5401e508d9d1f8017548fff7267db25b,,0,0,
WebGestor/Inventario/GuiaInterna/GuiaInterna_Nro_00029604.pdf,WebGestor/Inventario/GuiaInterna,GuiaInterna_Nro_00029604.pdf,.pdf,1915,2025-11-10T02:16:22Z,7ccbccbdcb7cbb944f2cbf1bb7953d3c391ea230,,0,0,
WebGestor/Inventario/GuiaInterna/GuiaInterna_Nro_00029605.pdf,WebGestor/Inventario/GuiaInterna,GuiaInterna_Nro_00029605.pdf,.pdf,2075,2025-11-10T02:16:22Z,74d0e44265ea8b67af011ad868ddabf1a0a08c80,,0,0,
WebGestor/Inventario/GuiaInterna/GuiaInterna_Nro_00029607.pdf,WebGestor/Inventario/GuiaInterna,GuiaInterna_Nro_00029607.pdf,.pdf,1880,2025-11-10T02:16:22Z,4d2a4b3434a4b616bdeb6efd29cc9e695b12d8c9,,0,0,
WebGestor/Inventario/GuiaInterna/GuiaInterna_Nro_00029610.pdf,WebGestor/Inventario/GuiaInterna,GuiaInterna_Nro_00029610.pdf,.pdf,1889,2025-11-10T02:16:22Z,30dc9172faf4985d620fbf2700b6b2d7fbce15a1,,0,0,
WebGestor/Inventario/GuiaInterna/GuiaInterna_Nro_00029611.pdf,WebGestor/Inventario/GuiaInterna,GuiaInterna_Nro_00029611.pdf,.pdf,1916,2025-11-10T02:16:22Z,08f3791f8bbfd2f3ab6b08530505d1b2a1acc6de,,0,0,
WebGestor/Inventario/GuiaInterna/GuiaInterna_Nro_00029612.pdf,WebGestor/Inventario/GuiaInterna,GuiaInterna_Nro_00029612.pdf,.pdf,1888,2025-11-10T02:16:22Z,5327d26f49fc1fc0ed1934012c1be70c6530da00,,0,0,
WebGestor/Inventario/GuiaInterna/GuiaInterna_Nro_00029614.pdf,WebGestor/Inventario/GuiaInterna,GuiaInterna_Nro_00029614.pdf,.pdf,1899,2025-11-10T02:16:22Z,9aaa7e4e2cf3f55acea4fb95b4123434d044ff6c,,0,0,
WebGestor/Inventario/GuiaInterna/GuiaInterna_Nro_00029618.pdf,WebGestor/Inventario/GuiaInterna,GuiaInterna_Nro_00029618.pdf,.pdf,1884,2025-11-10T02:16:22Z,e897fc2384425a4333c5efffc3a1f43ed822d793,,0,0,
WebGestor/Inventario/GuiaInterna/GuiaInterna_Nro_00029619.pdf,WebGestor/Inventario/GuiaInterna,GuiaInterna_Nro_00029619.pdf,.pdf,1966,2025-11-10T02:16:22Z,4f9083285f146486171bd608ab900f81df85e847,,0,0,
WebGestor/Inventario/GuiaInterna/GuiaInterna_Nro_00029621.pdf,WebGestor/Inventario/GuiaInterna,GuiaInterna_Nro_00029621.pdf,.pdf,1886,2025-11-10T02:16:22Z,8cb3c1af8f05502bdd4b8635d8f5dc4ab497b531,,0,0,
WebGestor/Inventario/GuiaInterna/GuiaInterna_Nro_00029622.pdf,WebGestor/Inventario/GuiaInterna,GuiaInterna_Nro_00029622.pdf,.pdf,1882,2025-11-10T02:16:22Z,1f0cb1bc12460ee370e4b6d829c12ddfb0806f3e,,0,0,
WebGestor/Inventario/GuiaInterna/GuiaInterna_Nro_00029623.pdf,WebGestor/Inventario/GuiaInterna,GuiaInterna_Nro_00029623.pdf,.pdf,1893,2025-11-10T02:16:22Z,49424965d7b4dd0ce577b0452972528a88ae2fae,,0,0,
WebGestor/Inventario/GuiaInterna/GuiaInterna_Nro_00029624.pdf,WebGestor/Inventario/GuiaInterna,GuiaInterna_Nro_00029624.pdf,.pdf,1945,2025-11-10T02:16:22Z,9412b183191f58730efaa37ef246dd1e25375d9a,,0,0,
WebGestor/Inventario/GuiaInterna/GuiaInterna_Nro_00029625.pdf,WebGestor/Inventario/GuiaInterna,GuiaInterna_Nro_00029625.pdf,.pdf,1946,2025-11-10T02:16:22Z,4393227cda79c25bdc5a917525038370388ea13d,,0,0,
WebGestor/Inventario/GuiaInterna/GuiaInterna_Nro_00029626.pdf,WebGestor/Inventario/GuiaInterna,GuiaInterna_Nro_00029626.pdf,.pdf,1876,2025-11-10T02:16:22Z,63603a93d0b05463d3c63b6b96beba9d6bcfbcc0,,0,0,
WebGestor/Inventario/GuiaInterna/GuiaInterna_Nro_00029627.pdf,WebGestor/Inventario/GuiaInterna,GuiaInterna_Nro_00029627.pdf,.pdf,1838,2025-11-10T02:16:22Z,5839b693e243aec7bbc940d68dd48164064eb42f,,0,0,
WebGestor/Inventario/GuiaInterna/GuiaInterna_Nro_00029628.pdf,WebGestor/Inventario/GuiaInterna,GuiaInterna_Nro_00029628.pdf,.pdf,1838,2025-11-10T02:16:22Z,ec8516313b3f86e27043753f2c1235693eb67201,,0,0,
WebGestor/Inventario/GuiaInterna/GuiaInterna_Nro_00029629.pdf,WebGestor/Inventario/GuiaInterna,GuiaInterna_Nro_00029629.pdf,.pdf,1839,2025-11-10T02:16:22Z,d5b2290d357e65b781d6c8e1e90b0f75c9bbec58,,0,0,
WebGestor/Inventario/GuiaInterna/GuiaInterna_Nro_00029630.pdf,WebGestor/Inventario/GuiaInterna,GuiaInterna_Nro_00029630.pdf,.pdf,1838,2025-11-10T02:16:22Z,666f920d0b1c16e63cce242cf2eee44eee19eb5b,,0,0,
WebGestor/Inventario/GuiaInterna/GuiaInterna_Nro_00029631.pdf,WebGestor/Inventario/GuiaInterna,GuiaInterna_Nro_00029631.pdf,.pdf,1838,2025-11-10T02:16:22Z,1573edc12d6bab24825a46970a5fa4699cb7f0d0,,0,0,
WebGestor/Inventario/GuiaInterna/GuiaInterna_Nro_00029637.pdf,WebGestor/Inventario/GuiaInterna,GuiaInterna_Nro_00029637.pdf,.pdf,2036,2025-11-10T02:16:22Z,41af60f8a69553048732f9845f1f9d6d1d4269dc,,0,0,
WebGestor/Inventario/GuiaInterna/GuiaInterna_Nro_00029638.pdf,WebGestor/Inventario/GuiaInterna,GuiaInterna_Nro_00029638.pdf,.pdf,1883,2025-11-10T02:16:22Z,f9092fc170e1f609449ed89cad52fe4b9b8f9f5e,,0,0,
WebGestor/Inventario/GuiaInterna/GuiaInterna_Nro_00029642.pdf,WebGestor/Inventario/GuiaInterna,GuiaInterna_Nro_00029642.pdf,.pdf,2165,2025-11-10T02:16:22Z,3c83323336ccbd314efba87903ae039dea6014a6,,0,0,
WebGestor/Inventario/GuiaInterna/GuiaInterna_Nro_00029652.pdf,WebGestor/Inventario/GuiaInterna,GuiaInterna_Nro_00029652.pdf,.pdf,1912,2025-11-10T02:16:22Z,3ec91cc1aa01a9f090870ed48ee08daed0fbce37,,0,0,
WebGestor/Inventario/GuiaInterna/GuiaInterna_Nro_00029653.pdf,WebGestor/Inventario/GuiaInterna,GuiaInterna_Nro_00029653.pdf,.pdf,1919,2025-11-10T02:16:22Z,42ae79aeae10b28056c686b385518cc5d8a061a6,,0,0,
WebGestor/Inventario/GuiaInterna/GuiaInterna_Nro_00029654.pdf,WebGestor/Inventario/GuiaInterna,GuiaInterna_Nro_00029654.pdf,.pdf,1934,2025-11-10T02:16:22Z,894f36d1d1f08517dfada669f6277ea2a21edf50,,0,0,
WebGestor/Inventario/GuiaInterna/GuiaInterna_Nro_00029655.pdf,WebGestor/Inventario/GuiaInterna,GuiaInterna_Nro_00029655.pdf,.pdf,1931,2025-11-10T02:16:22Z,fb6c5af1dd23e518b910fca5ac36a34d56fdd352,,0,0,
WebGestor/Inventario/GuiaInterna/GuiaInterna_Nro_00029656.pdf,WebGestor/Inventario/GuiaInterna,GuiaInterna_Nro_00029656.pdf,.pdf,1875,2025-11-10T02:16:22Z,3907ac7fbfa1c2136fd33d184c4cd026208cbed0,,0,0,
WebGestor/Inventario/GuiaInterna/GuiaInterna_Nro_00029657.pdf,WebGestor/Inventario/GuiaInterna,GuiaInterna_Nro_00029657.pdf,.pdf,1892,2025-11-10T02:16:22Z,2e5da6cf2fed411f7500730f6630b768f68bf446,,0,0,
WebGestor/Inventario/GuiaInterna/GuiaInterna_Nro_00029662.pdf,WebGestor/Inventario/GuiaInterna,GuiaInterna_Nro_00029662.pdf,.pdf,1909,2025-11-10T02:16:22Z,e200bc0490939e9838b9a20af648482ba2e00290,,0,0,
WebGestor/Inventario/GuiaInterna/GuiaInterna_Nro_00029663.pdf,WebGestor/Inventario/GuiaInterna,GuiaInterna_Nro_00029663.pdf,.pdf,1891,2025-11-10T02:16:22Z,9559ac82ae218a2c876b50726ff79efb6ce5cf6c,,0,0,
WebGestor/Inventario/GuiaInterna/GuiaInterna_Nro_00029668.pdf,WebGestor/Inventario/GuiaInterna,GuiaInterna_Nro_00029668.pdf,.pdf,2001,2025-11-10T02:16:22Z,cfb884c2e049e8fc18b62c7fb54ef470523a3709,,0,0,
WebGestor/Inventario/GuiaInterna/GuiaInterna_Nro_00029669.pdf,WebGestor/Inventario/GuiaInterna,GuiaInterna_Nro_00029669.pdf,.pdf,1999,2025-11-10T02:16:22Z,1d3723a63e8c7b4ce755b4c98d63342562fd2da3,,0,0,
WebGestor/Inventario/GuiaInterna/GuiaInterna_Nro_00029670.pdf,WebGestor/Inventario/GuiaInterna,GuiaInterna_Nro_00029670.pdf,.pdf,1927,2025-11-10T02:16:22Z,6623c85fa81a6a1596e929fffe8aa1ba502e4f1c,,0,0,
WebGestor/Inventario/GuiaInterna/GuiaInterna_Nro_00029675.pdf,WebGestor/Inventario/GuiaInterna,GuiaInterna_Nro_00029675.pdf,.pdf,1893,2025-11-10T02:16:22Z,43e86b44f7628309bfff8ee232271d9eebb2ca94,,0,0,
WebGestor/Inventario/GuiaInterna/GuiaInterna_Nro_00029676.pdf,WebGestor/Inventario/GuiaInterna,GuiaInterna_Nro_00029676.pdf,.pdf,2148,2025-11-10T02:16:22Z,5dc5595b0aab06f095b6dafe06225b3abf21f50a,,0,0,
WebGestor/Inventario/GuiaInterna/GuiaInterna_Nro_00029677.pdf,WebGestor/Inventario/GuiaInterna,GuiaInterna_Nro_00029677.pdf,.pdf,1949,2025-11-10T02:16:22Z,3c465df415cf9cbcea0e2f02d21c62b49bce5b8d,,0,0,
WebGestor/Inventario/GuiaInterna/GuiaInterna_Nro_00029678.pdf,WebGestor/Inventario/GuiaInterna,GuiaInterna_Nro_00029678.pdf,.pdf,1890,2025-11-10T02:16:22Z,204b0bbb7fa8b52b149011983e4e9e94aae6cb53,,0,0,
WebGestor/Inventario/GuiaInterna/GuiaInterna_Nro_00029679.pdf,WebGestor/Inventario/GuiaInterna,GuiaInterna_Nro_00029679.pdf,.pdf,1893,2025-11-10T02:16:22Z,85eaa6d44925e1b1393f1a331cd07d67f2d9a61c,,0,0,
WebGestor/Inventario/GuiaInterna/GuiaInterna_Nro_00029680.pdf,WebGestor/Inventario/GuiaInterna,GuiaInterna_Nro_00029680.pdf,.pdf,1942,2025-11-10T02:16:22Z,b9bcf232a82298d5278de7d9b6ddd23129bb50c2,,0,0,
WebGestor/Inventario/GuiaInterna/GuiaInterna_Nro_00029681.pdf,WebGestor/Inventario/GuiaInterna,GuiaInterna_Nro_00029681.pdf,.pdf,1995,2025-11-10T02:16:22Z,061b37f9f3f09e2af9c34d20642ddd9525580446,,0,0,
WebGestor/Inventario/GuiaInterna/GuiaInterna_Nro_00029684.pdf,WebGestor/Inventario/GuiaInterna,GuiaInterna_Nro_00029684.pdf,.pdf,1893,2025-11-10T02:16:22Z,d0684f764b97a95d3f2ac5e413766b6bdcf816cc,,0,0,
WebGestor/Inventario/GuiaInterna/GuiaInterna_Nro_00029687.pdf,WebGestor/Inventario/GuiaInterna,GuiaInterna_Nro_00029687.pdf,.pdf,1895,2025-11-10T02:16:22Z,6ea526cac877a3f4bf4a8bfa1f58d2b93350ec3a,,0,0,
WebGestor/Inventario/GuiaInterna/GuiaInterna_Nro_00029688.pdf,WebGestor/Inventario/GuiaInterna,GuiaInterna_Nro_00029688.pdf,.pdf,1906,2025-11-10T02:16:22Z,98dfabccaa62f3cc3cb866bc5411dffcba9e2814,,0,0,
WebGestor/Inventario/GuiaInterna/GuiaInterna_Nro_00029689.pdf,WebGestor/Inventario/GuiaInterna,GuiaInterna_Nro_00029689.pdf,.pdf,1889,2025-11-10T02:16:22Z,84d85f9170aec4d9ca28489791cc964e796b3950,,0,0,
WebGestor/Inventario/GuiaInterna/GuiaInterna_Nro_00029692.pdf,WebGestor/Inventario/GuiaInterna,GuiaInterna_Nro_00029692.pdf,.pdf,2001,2025-11-10T02:16:22Z,c15df1b8dd092aae4c62c03014da628113466fd9,,0,0,
WebGestor/Inventario/GuiaInterna/GuiaInterna_Nro_00029693.pdf,WebGestor/Inventario/GuiaInterna,GuiaInterna_Nro_00029693.pdf,.pdf,1882,2025-11-10T02:16:22Z,e14face050a1969b584d6f1289a72054e08373b8,,0,0,
WebGestor/Inventario/GuiaInterna/GuiaInterna_Nro_00029694.pdf,WebGestor/Inventario/GuiaInterna,GuiaInterna_Nro_00029694.pdf,.pdf,1909,2025-11-10T02:16:22Z,f5b2d29b579fbc71951d920aa4f942cbb6aefeb3,,0,0,
WebGestor/Inventario/GuiaInterna/GuiaInterna_Nro_00029695.pdf,WebGestor/Inventario/GuiaInterna,GuiaInterna_Nro_00029695.pdf,.pdf,2406,2025-11-10T02:16:22Z,82163fe439601e7d20aa44b64ac012ad643b4aca,,0,0,
WebGestor/Inventario/GuiaInterna/GuiaInterna_Nro_00029697.pdf,WebGestor/Inventario/GuiaInterna,GuiaInterna_Nro_00029697.pdf,.pdf,1878,2025-11-10T02:16:22Z,8957207fe791e0e624c14a46fa2b9f329cd1854e,,0,0,
WebGestor/Inventario/GuiaInterna/GuiaInterna_Nro_00029698.pdf,WebGestor/Inventario/GuiaInterna,GuiaInterna_Nro_00029698.pdf,.pdf,1895,2025-11-10T02:16:22Z,9d591bbb20bdb98e7ea14ad00da41618060e84ed,,0,0,
WebGestor/Inventario/GuiaInterna/GuiaInterna_Nro_00029699.pdf,WebGestor/Inventario/GuiaInterna,GuiaInterna_Nro_00029699.pdf,.pdf,1884,2025-11-10T02:16:22Z,40f094c96c49d6a63c77cd7b6ef97ac17311588d,,0,0,
WebGestor/Inventario/GuiaInterna/GuiaInterna_Nro_00029702.pdf,WebGestor/Inventario/GuiaInterna,GuiaInterna_Nro_00029702.pdf,.pdf,1897,2025-11-10T02:16:22Z,b3ec3d472fad176de12cebcdcdef081a0fbaf3a9,,0,0,
WebGestor/Inventario/GuiaInterna/GuiaInterna_Nro_00029704.pdf,WebGestor/Inventario/GuiaInterna,GuiaInterna_Nro_00029704.pdf,.pdf,1915,2025-11-10T02:16:22Z,c6a73f86895834205abbb25891d345a0042024d1,,0,0,
WebGestor/Inventario/GuiaInterna/GuiaInterna_Nro_00029705.pdf,WebGestor/Inventario/GuiaInterna,GuiaInterna_Nro_00029705.pdf,.pdf,1952,2025-11-10T02:16:22Z,db1ac1684630757fafac5ae855f9e812a5dec835,,0,0,
WebGestor/Inventario/GuiaInterna/GuiaInterna_Nro_00029706.pdf,WebGestor/Inventario/GuiaInterna,GuiaInterna_Nro_00029706.pdf,.pdf,1880,2025-11-10T02:16:22Z,ba51b542f0756c272405f9321c8b485f9ac99f39,,0,0,
WebGestor/Inventario/GuiaInterna/GuiaInterna_Nro_00029707.pdf,WebGestor/Inventario/GuiaInterna,GuiaInterna_Nro_00029707.pdf,.pdf,1933,2025-11-10T02:16:22Z,9b75338227220f4012a2af23cba5b5b6594fdd46,,0,0,
WebGestor/Inventario/GuiaInterna/GuiaInterna_Nro_00029713.pdf,WebGestor/Inventario/GuiaInterna,GuiaInterna_Nro_00029713.pdf,.pdf,1911,2025-11-10T02:16:22Z,3e9f75bc92aab974b0f6d3b5d30b40b40cf53a7a,,0,0,
WebGestor/Inventario/GuiaInterna/GuiaInterna_Nro_00029714.pdf,WebGestor/Inventario/GuiaInterna,GuiaInterna_Nro_00029714.pdf,.pdf,1887,2025-11-10T02:16:22Z,8f1797871180bfb1a0d9ec505712d7b1a90e34d0,,0,0,
WebGestor/Inventario/GuiaInterna/GuiaInterna_Nro_00029716.pdf,WebGestor/Inventario/GuiaInterna,GuiaInterna_Nro_00029716.pdf,.pdf,1884,2025-11-10T02:16:22Z,9385bf62bd5cb8b6c1c64018676e1531c1fe4436,,0,0,
WebGestor/Inventario/GuiaInterna/GuiaInterna_Nro_00029717.pdf,WebGestor/Inventario/GuiaInterna,GuiaInterna_Nro_00029717.pdf,.pdf,1888,2025-11-10T02:16:22Z,831a1f1374563381e186d11852b1ccfdcb517470,,0,0,
WebGestor/Inventario/GuiaInterna/GuiaInterna_Nro_00029718.pdf,WebGestor/Inventario/GuiaInterna,GuiaInterna_Nro_00029718.pdf,.pdf,1884,2025-11-10T02:16:22Z,7472fbfb51127ed6e06bed6a936590bba2ef682a,,0,0,
WebGestor/Inventario/GuiaInterna/GuiaInterna_Nro_00029719.pdf,WebGestor/Inventario/GuiaInterna,GuiaInterna_Nro_00029719.pdf,.pdf,2022,2025-11-10T02:16:22Z,dc3f754707113232863501a24dea812a2a07f739,,0,0,
WebGestor/Inventario/GuiaInterna/GuiaInterna_Nro_00029720.pdf,WebGestor/Inventario/GuiaInterna,GuiaInterna_Nro_00029720.pdf,.pdf,1908,2025-11-10T02:16:22Z,84e2727573e7a94b31690f42f8541f090d9b7310,,0,0,
WebGestor/Inventario/GuiaInterna/GuiaInterna_Nro_00029721.pdf,WebGestor/Inventario/GuiaInterna,GuiaInterna_Nro_00029721.pdf,.pdf,1903,2025-11-10T02:16:22Z,91e1ab4119fadcc40d2f2c9199be5597156448e4,,0,0,
WebGestor/Inventario/GuiaInterna/GuiaInterna_Nro_00029722.pdf,WebGestor/Inventario/GuiaInterna,GuiaInterna_Nro_00029722.pdf,.pdf,1947,2025-11-10T02:16:22Z,9f33888ae6dfb70ac0ec8355e96a289912162291,,0,0,
WebGestor/Inventario/GuiaInterna/GuiaInterna_Nro_00029728.pdf,WebGestor/Inventario/GuiaInterna,GuiaInterna_Nro_00029728.pdf,.pdf,1918,2025-11-10T02:16:22Z,063ac57b1b8d8d57dd1e13dd75dd567cb2e589d3,,0,0,
WebGestor/Inventario/GuiaInterna/GuiaInterna_Nro_00029729.pdf,WebGestor/Inventario/GuiaInterna,GuiaInterna_Nro_00029729.pdf,.pdf,1914,2025-11-10T02:16:22Z,475b4e1feec6a45f9e5f1fec39735a513646883c,,0,0,
WebGestor/Inventario/GuiaInterna/GuiaInterna_Nro_00029730.pdf,WebGestor/Inventario/GuiaInterna,GuiaInterna_Nro_00029730.pdf,.pdf,2017,2025-11-10T02:16:22Z,b25fef6298637114c0065a1eab3051bc89559066,,0,0,
WebGestor/Inventario/GuiaInterna/GuiaInterna_Nro_00029734.pdf,WebGestor/Inventario/GuiaInterna,GuiaInterna_Nro_00029734.pdf,.pdf,1936,2025-11-10T02:16:22Z,81f021388c35efef6c4cb36873a5ddefe5ecb419,,0,0,
WebGestor/Inventario/GuiaInterna/GuiaInterna_Nro_00029735.pdf,WebGestor/Inventario/GuiaInterna,GuiaInterna_Nro_00029735.pdf,.pdf,1916,2025-11-10T02:16:22Z,fa6fd4127f9c2c1a9d169c5d3c45d04239693938,,0,0,
WebGestor/Inventario/GuiaInterna/GuiaInterna_Nro_00029758.pdf,WebGestor/Inventario/GuiaInterna,GuiaInterna_Nro_00029758.pdf,.pdf,2098,2025-11-10T02:16:22Z,e9d8183f8f0fed36341eba461be83d4a11a5bf01,,0,0,
WebGestor/Inventario/GuiaInterna/GuiaInterna_Nro_00029759.pdf,WebGestor/Inventario/GuiaInterna,GuiaInterna_Nro_00029759.pdf,.pdf,1924,2025-11-10T02:16:22Z,98ed286096f8d8177420feb5af68f3467a45ad56,,0,0,
WebGestor/Inventario/GuiaInterna/GuiaInterna_Nro_00029760.pdf,WebGestor/Inventario/GuiaInterna,GuiaInterna_Nro_00029760.pdf,.pdf,2101,2025-11-10T02:16:22Z,dd90ce0436e6f0b8a832c1f5dd259c61c6760cbf,,0,0,
WebGestor/Inventario/GuiaInterna/GuiaInterna_Nro_00029761.pdf,WebGestor/Inventario/GuiaInterna,GuiaInterna_Nro_00029761.pdf,.pdf,1909,2025-11-10T02:16:22Z,220d13ecd3b640d938d629268cbcdbf28b5f87f5,,0,0,
WebGestor/Inventario/GuiaInterna/GuiaInterna_Nro_00029765.pdf,WebGestor/Inventario/GuiaInterna,GuiaInterna_Nro_00029765.pdf,.pdf,1890,2025-11-10T02:16:22Z,c91335d10f4c72807f1258c2d406faa60b1a9f27,,0,0,
WebGestor/Inventario/GuiaInterna/GuiaInterna_Nro_00029766.pdf,WebGestor/Inventario/GuiaInterna,GuiaInterna_Nro_00029766.pdf,.pdf,2011,2025-11-10T02:16:22Z,f49a7d7e7eadf6052fb0cd0b79f2c45b52f6a04b,,0,0,
WebGestor/Inventario/GuiaInterna/GuiaInterna_Nro_00029767.pdf,WebGestor/Inventario/GuiaInterna,GuiaInterna_Nro_00029767.pdf,.pdf,1970,2025-11-10T02:16:22Z,15dae13eefa169b7b69732cc2fd0bc542316c426,,0,0,
WebGestor/Inventario/GuiaInterna/GuiaInterna_Nro_00029770.pdf,WebGestor/Inventario/GuiaInterna,GuiaInterna_Nro_00029770.pdf,.pdf,1881,2025-11-10T02:16:22Z,a02e280cfbe77066a184b9c97b563f114cb76816,,0,0,
WebGestor/Inventario/GuiaInterna/GuiaInterna_Nro_00029771.pdf,WebGestor/Inventario/GuiaInterna,GuiaInterna_Nro_00029771.pdf,.pdf,1931,2025-11-10T02:16:22Z,217bb43de997bf31c5841d4f6462dd05a8cb2abe,,0,0,
WebGestor/Inventario/GuiaInterna/GuiaInterna_Nro_00029772.pdf,WebGestor/Inventario/GuiaInterna,GuiaInterna_Nro_00029772.pdf,.pdf,1887,2025-11-10T02:16:22Z,543ecf9cb0a1942ee8ca6236cc833bc951535deb,,0,0,
WebGestor/Inventario/GuiaInterna/GuiaInterna_Nro_00029774.pdf,WebGestor/Inventario/GuiaInterna,GuiaInterna_Nro_00029774.pdf,.pdf,1887,2025-11-10T02:16:22Z,da4b1344b03e95ca8f741bbdda226ed404cb4af4,,0,0,
WebGestor/Inventario/GuiaInterna/GuiaInterna_Nro_00029775.pdf,WebGestor/Inventario/GuiaInterna,GuiaInterna_Nro_00029775.pdf,.pdf,1965,2025-11-10T02:16:22Z,fe68e01b0e2ad0f52769fb4969c3cb46ae9e0823,,0,0,
WebGestor/Inventario/GuiaInterna/GuiaInterna_Nro_00029793.pdf,WebGestor/Inventario/GuiaInterna,GuiaInterna_Nro_00029793.pdf,.pdf,1920,2025-11-10T02:16:22Z,0c4b49f5c05441c892bb87308e8c4982782a7463,,0,0,
WebGestor/Inventario/GuiaInterna/GuiaInterna_Nro_00029794.pdf,WebGestor/Inventario/GuiaInterna,GuiaInterna_Nro_00029794.pdf,.pdf,1998,2025-11-10T02:16:22Z,22872efdfaf1b5d69075fc664e7c01aec34ace44,,0,0,
WebGestor/Inventario/GuiaInterna/GuiaInterna_Nro_00029795.pdf,WebGestor/Inventario/GuiaInterna,GuiaInterna_Nro_00029795.pdf,.pdf,1964,2025-11-10T02:16:22Z,799a74b5ba926207cef2468c37b82d285ab32ef9,,0,0,
WebGestor/Inventario/GuiaInterna/GuiaInterna_Nro_00029796.pdf,WebGestor/Inventario/GuiaInterna,GuiaInterna_Nro_00029796.pdf,.pdf,1925,2025-11-10T02:16:22Z,6b463bf9bffd4375d3f70a90f410878f65005308,,0,0,
WebGestor/Inventario/GuiaInterna/GuiaInterna_Nro_00029797.pdf,WebGestor/Inventario/GuiaInterna,GuiaInterna_Nro_00029797.pdf,.pdf,2155,2025-11-10T02:16:22Z,3a4cb7550f1bc0bd4479b29c2e47ca46eb29431a,,0,0,
WebGestor/Inventario/GuiaInterna/GuiaInterna_Nro_00029807.pdf,WebGestor/Inventario/GuiaInterna,GuiaInterna_Nro_00029807.pdf,.pdf,1886,2025-11-10T02:16:22Z,b1795a2775b5d96cb9533b00346749cbbd4f5e39,,0,0,
WebGestor/Inventario/GuiaInterna/GuiaInterna_Nro_00029808.pdf,WebGestor/Inventario/GuiaInterna,GuiaInterna_Nro_00029808.pdf,.pdf,1930,2025-11-10T02:16:22Z,c473f10376e54bb5c1ab31dc8188b111b9e942b5,,0,0,
WebGestor/Inventario/GuiaInterna/GuiaInterna_Nro_00029809.pdf,WebGestor/Inventario/GuiaInterna,GuiaInterna_Nro_00029809.pdf,.pdf,1884,2025-11-10T02:16:22Z,8afe061c5af1631f7d80b600e828e57d9f88e616,,0,0,
WebGestor/Inventario/GuiaInterna/GuiaInterna_Nro_00029811.pdf,WebGestor/Inventario/GuiaInterna,GuiaInterna_Nro_00029811.pdf,.pdf,2111,2025-11-10T02:16:22Z,a54ff83dc7db76c380e43734f69d8323452ac73b,,0,0,
WebGestor/Inventario/GuiaInterna/GuiaInterna_Nro_00029824.pdf,WebGestor/Inventario/GuiaInterna,GuiaInterna_Nro_00029824.pdf,.pdf,2060,2025-11-10T02:16:22Z,7f5a4f9bfd5f2a5fc415d05938a08a3711efcbbe,,0,0,
WebGestor/Inventario/GuiaInterna/GuiaInterna_Nro_00029830.pdf,WebGestor/Inventario/GuiaInterna,GuiaInterna_Nro_00029830.pdf,.pdf,2031,2025-11-10T02:16:22Z,3aba2c3c7789b655197fbef9617d66abd460c383,,0,0,
WebGestor/Inventario/GuiaInterna/GuiaInterna_Nro_00029850.pdf,WebGestor/Inventario/GuiaInterna,GuiaInterna_Nro_00029850.pdf,.pdf,2038,2025-11-10T02:16:22Z,f09b54ed14792993eaefc215ce218c3fa316d2f0,,0,0,
WebGestor/Inventario/GuiaInterna/GuiaInterna_Nro_00029851.pdf,WebGestor/Inventario/GuiaInterna,GuiaInterna_Nro_00029851.pdf,.pdf,1912,2025-11-10T02:16:22Z,b76599129efc6a1e84513e1d190e31028077e17d,,0,0,
WebGestor/Inventario/GuiaInterna/GuiaInterna_Nro_00029852.pdf,WebGestor/Inventario/GuiaInterna,GuiaInterna_Nro_00029852.pdf,.pdf,1871,2025-11-10T02:16:22Z,bb25e28a23e160bb63bf6cfa868791395e885437,,0,0,
WebGestor/Inventario/GuiaInterna/GuiaInterna_Nro_00029853.pdf,WebGestor/Inventario/GuiaInterna,GuiaInterna_Nro_00029853.pdf,.pdf,1872,2025-11-10T02:16:22Z,68b71abac45283fdc2512b4ae13137734576cf76,,0,0,
WebGestor/Inventario/GuiaInterna/GuiaInterna_Nro_00029854.pdf,WebGestor/Inventario/GuiaInterna,GuiaInterna_Nro_00029854.pdf,.pdf,1870,2025-11-10T02:16:22Z,716b920ac873dceddd81ff198d375e83a068be0d,,0,0,
WebGestor/Inventario/GuiaInterna/GuiaInterna_Nro_00029855.pdf,WebGestor/Inventario/GuiaInterna,GuiaInterna_Nro_00029855.pdf,.pdf,1922,2025-11-10T02:16:22Z,ef4ce457ced91c00a161f7f5527bc88514420b2a,,0,0,
WebGestor/Inventario/GuiaInterna/GuiaInterna_Nro_00029856.pdf,WebGestor/Inventario/GuiaInterna,GuiaInterna_Nro_00029856.pdf,.pdf,1872,2025-11-10T02:16:22Z,86c5f2097d0096bffb11d6ed4e9a1721f8c0808b,,0,0,
WebGestor/Inventario/GuiaInterna/GuiaInterna_Nro_00029857.pdf,WebGestor/Inventario/GuiaInterna,GuiaInterna_Nro_00029857.pdf,.pdf,1871,2025-11-10T02:16:22Z,6564d3e2469400cff35c2bd7221f7b5169839b62,,0,0,
WebGestor/Inventario/GuiaInterna/GuiaInterna_Nro_00029860.pdf,WebGestor/Inventario/GuiaInterna,GuiaInterna_Nro_00029860.pdf,.pdf,1952,2025-11-10T02:16:22Z,eca1c120a5e07debfb70c9b329ef908920299cab,,0,0,
WebGestor/Inventario/GuiaInterna/GuiaInterna_Nro_00029861.pdf,WebGestor/Inventario/GuiaInterna,GuiaInterna_Nro_00029861.pdf,.pdf,1868,2025-11-10T02:16:22Z,5254f3ddb19bfae3505f3016c1f270ea567b6aa8,,0,0,
WebGestor/Inventario/GuiaInterna/GuiaInterna_Nro_00029862.pdf,WebGestor/Inventario/GuiaInterna,GuiaInterna_Nro_00029862.pdf,.pdf,1926,2025-11-10T02:16:22Z,bca0fe72e1931622541651412cf9e86cdc5ee5b7,,0,0,
WebGestor/Inventario/GuiaInterna/GuiaInterna_Nro_00029863.pdf,WebGestor/Inventario/GuiaInterna,GuiaInterna_Nro_00029863.pdf,.pdf,1885,2025-11-10T02:16:22Z,f1fe972760ce35f80a961324bbf0c70188060072,,0,0,
WebGestor/Inventario/GuiaInterna/GuiaInterna_Nro_00029864.pdf,WebGestor/Inventario/GuiaInterna,GuiaInterna_Nro_00029864.pdf,.pdf,1954,2025-11-10T02:16:22Z,68f39168abd5546135b0096cda3b0cfe80ee106e,,0,0,
WebGestor/Inventario/GuiaInterna/GuiaInterna_Nro_00029865.pdf,WebGestor/Inventario/GuiaInterna,GuiaInterna_Nro_00029865.pdf,.pdf,1907,2025-11-10T02:16:22Z,50d414e1feeb4016c0284365303f128d49c43537,,0,0,
WebGestor/Inventario/GuiaInterna/GuiaInterna_Nro_00029866.pdf,WebGestor/Inventario/GuiaInterna,GuiaInterna_Nro_00029866.pdf,.pdf,1884,2025-11-10T02:16:22Z,c8a0899620c6a04f36ce74d3a8d96ddac91d002a,,0,0,
WebGestor/Inventario/GuiaInterna/GuiaInterna_Nro_00029868.pdf,WebGestor/Inventario/GuiaInterna,GuiaInterna_Nro_00029868.pdf,.pdf,1918,2025-11-10T02:16:22Z,30e18a972ccfe0cd2ed435ef0591a7f5f4bd5671,,0,0,
WebGestor/Inventario/GuiaInterna/GuiaInterna_Nro_00029871.pdf,WebGestor/Inventario/GuiaInterna,GuiaInterna_Nro_00029871.pdf,.pdf,1876,2025-11-10T02:16:22Z,1bc5273c8157c24439da460720b0f10dfefc3dfe,,0,0,
WebGestor/Inventario/GuiaInterna/GuiaInterna_Nro_00029872.pdf,WebGestor/Inventario/GuiaInterna,GuiaInterna_Nro_00029872.pdf,.pdf,1972,2025-11-10T02:16:22Z,19597da2d97fd8c505fe83de6af0bccd52e43f75,,0,0,
WebGestor/Inventario/GuiaInterna/GuiaInterna_Nro_00029876.pdf,WebGestor/Inventario/GuiaInterna,GuiaInterna_Nro_00029876.pdf,.pdf,1912,2025-11-10T02:16:22Z,5a5254c5a659f1d2e6da270d6f031fa73dc14670,,0,0,
WebGestor/Inventario/GuiaInterna/GuiaInterna_Nro_00029877.pdf,WebGestor/Inventario/GuiaInterna,GuiaInterna_Nro_00029877.pdf,.pdf,1886,2025-11-10T02:16:22Z,29f4cf6d1a32214f66773fd838f1867da0861c81,,0,0,
WebGestor/Inventario/GuiaInterna/GuiaInterna_Nro_00029878.pdf,WebGestor/Inventario/GuiaInterna,GuiaInterna_Nro_00029878.pdf,.pdf,1923,2025-11-10T02:16:22Z,876488fd19174ae5cd9a9207af0bb151835dd81f,,0,0,
WebGestor/Inventario/GuiaInterna/GuiaInterna_Nro_00029879.pdf,WebGestor/Inventario/GuiaInterna,GuiaInterna_Nro_00029879.pdf,.pdf,1950,2025-11-10T02:16:22Z,4f88b1de675aa9a0ec37eef053754cec0d1e96b4,,0,0,
WebGestor/Inventario/GuiaInterna/GuiaInterna_Nro_00029881.pdf,WebGestor/Inventario/GuiaInterna,GuiaInterna_Nro_00029881.pdf,.pdf,1894,2025-11-10T02:16:22Z,314aae071324385b61ea2a81f4649e7e469f9e9d,,0,0,
WebGestor/Inventario/GuiaInterna/GuiaInterna_Nro_00029882.pdf,WebGestor/Inventario/GuiaInterna,GuiaInterna_Nro_00029882.pdf,.pdf,1885,2025-11-10T02:16:22Z,96551a0856467d4e84985929150c94d75dc41b8a,,0,0,
WebGestor/Inventario/GuiaInterna/GuiaInterna_Nro_00029883.pdf,WebGestor/Inventario/GuiaInterna,GuiaInterna_Nro_00029883.pdf,.pdf,1937,2025-11-10T02:16:22Z,48d08caad6c09dc6bd5ef4bf256c92ec81500065,,0,0,
WebGestor/Inventario/GuiaInterna/GuiaInterna_Nro_00029885.pdf,WebGestor/Inventario/GuiaInterna,GuiaInterna_Nro_00029885.pdf,.pdf,1911,2025-11-10T02:16:22Z,87406562b8ecdc5e3b086e67c12cce832c1bec43,,0,0,
WebGestor/Inventario/GuiaInterna/GuiaInterna_Nro_00029886.pdf,WebGestor/Inventario/GuiaInterna,GuiaInterna_Nro_00029886.pdf,.pdf,1860,2025-11-10T02:16:22Z,01b698da5a7569f0dc905bc5dd15f40df29b8929,,0,0,
WebGestor/Inventario/GuiaInterna/GuiaInterna_Nro_00029887.pdf,WebGestor/Inventario/GuiaInterna,GuiaInterna_Nro_00029887.pdf,.pdf,1926,2025-11-10T02:16:22Z,c19e53101ff889c78dcf6929e81fce829585cecd,,0,0,
WebGestor/Inventario/GuiaInterna/GuiaInterna_Nro_00029888.pdf,WebGestor/Inventario/GuiaInterna,GuiaInterna_Nro_00029888.pdf,.pdf,1877,2025-11-10T02:16:22Z,23e0f2a3735bd5daece893134a207fbbd53f6ecb,,0,0,
WebGestor/Inventario/GuiaInterna/GuiaInterna_Nro_00029889.pdf,WebGestor/Inventario/GuiaInterna,GuiaInterna_Nro_00029889.pdf,.pdf,1917,2025-11-10T02:16:22Z,d3bb402753d89493928fe7f3702c7937b29d5e52,,0,0,
WebGestor/Inventario/GuiaInterna/GuiaInterna_Nro_00029891.pdf,WebGestor/Inventario/GuiaInterna,GuiaInterna_Nro_00029891.pdf,.pdf,1919,2025-11-10T02:16:22Z,225299292441ef9942876b2d1ccccd9bbddb9d05,,0,0,
WebGestor/Inventario/GuiaInterna/GuiaInterna_Nro_00029892.pdf,WebGestor/Inventario/GuiaInterna,GuiaInterna_Nro_00029892.pdf,.pdf,1939,2025-11-10T02:16:22Z,646d06df7084fb26f59622e44e55f8a2676abb2b,,0,0,
WebGestor/Inventario/GuiaInterna/GuiaInterna_Nro_00029899.pdf,WebGestor/Inventario/GuiaInterna,GuiaInterna_Nro_00029899.pdf,.pdf,1923,2025-11-10T02:16:22Z,2ceb5fd82ba687db7ffe8216e8f15027940ee07c,,0,0,
WebGestor/Inventario/GuiaInterna/GuiaInterna_Nro_00029900.pdf,WebGestor/Inventario/GuiaInterna,GuiaInterna_Nro_00029900.pdf,.pdf,1940,2025-11-10T02:16:22Z,1dcd12a148f882237a06370e1347c0531a8e2d24,,0,0,
WebGestor/Inventario/GuiaInterna/GuiaInterna_Nro_00029901.pdf,WebGestor/Inventario/GuiaInterna,GuiaInterna_Nro_00029901.pdf,.pdf,2041,2025-11-10T02:16:22Z,c549cc5880775235957dd7fa67108a8a11b8d606,,0,0,
WebGestor/Inventario/GuiaInterna/GuiaInterna_Nro_00029903.pdf,WebGestor/Inventario/GuiaInterna,GuiaInterna_Nro_00029903.pdf,.pdf,1884,2025-11-10T02:16:22Z,48d5c5df6523c00615b51569dd3d20aca4866fcb,,0,0,
WebGestor/Inventario/GuiaInterna/GuiaInterna_Nro_00029904.pdf,WebGestor/Inventario/GuiaInterna,GuiaInterna_Nro_00029904.pdf,.pdf,1888,2025-11-10T02:16:22Z,7119d3d59ac9fad1f06ef0faa7abfac32f02f4ea,,0,0,
WebGestor/Inventario/GuiaInterna/GuiaInterna_Nro_00029905.pdf,WebGestor/Inventario/GuiaInterna,GuiaInterna_Nro_00029905.pdf,.pdf,1886,2025-11-10T02:16:22Z,4d4db9042cc2eb378d715f56bc56e224a6cf1e57,,0,0,
WebGestor/Inventario/GuiaInterna/GuiaInterna_Nro_00029906.pdf,WebGestor/Inventario/GuiaInterna,GuiaInterna_Nro_00029906.pdf,.pdf,1876,2025-11-10T02:16:22Z,3804b6412b6366623186afb81915cd501474b6e0,,0,0,
WebGestor/Inventario/GuiaInterna/GuiaInterna_Nro_00029913.pdf,WebGestor/Inventario/GuiaInterna,GuiaInterna_Nro_00029913.pdf,.pdf,1922,2025-11-10T02:16:22Z,60dea0db59f598de9a34f1189bfaf8333698e40f,,0,0,
WebGestor/Inventario/GuiaInterna/GuiaInterna_Nro_00029914.pdf,WebGestor/Inventario/GuiaInterna,GuiaInterna_Nro_00029914.pdf,.pdf,1944,2025-11-10T02:16:22Z,667abbea4adef8ca1212a92b1b5cf7f19689cd75,,0,0,
WebGestor/Inventario/GuiaInterna/GuiaInterna_Nro_00029916.pdf,WebGestor/Inventario/GuiaInterna,GuiaInterna_Nro_00029916.pdf,.pdf,2028,2025-11-10T02:16:22Z,fdde06323b6e326f3a4d2aeb0e0b0934a7d09301,,0,0,
WebGestor/Inventario/GuiaInterna/GuiaInterna_Nro_00029917.pdf,WebGestor/Inventario/GuiaInterna,GuiaInterna_Nro_00029917.pdf,.pdf,1924,2025-11-10T02:16:22Z,a50e4b1fc61ec25347ae82f2bc54733b0b29e35c,,0,0,
WebGestor/Inventario/GuiaInterna/GuiaInterna_Nro_00029919.pdf,WebGestor/Inventario/GuiaInterna,GuiaInterna_Nro_00029919.pdf,.pdf,1921,2025-11-10T02:16:22Z,8d7c7965cc9f5f04ff55d117300cf87046033d06,,0,0,
WebGestor/Inventario/GuiaInterna/GuiaInterna_Nro_00029920.pdf,WebGestor/Inventario/GuiaInterna,GuiaInterna_Nro_00029920.pdf,.pdf,1880,2025-11-10T02:16:22Z,b5ea7c17e6674654aa02d9cca398df9b0a7ae632,,0,0,
WebGestor/Inventario/GuiaInterna/GuiaInterna_Nro_00029921.pdf,WebGestor/Inventario/GuiaInterna,GuiaInterna_Nro_00029921.pdf,.pdf,1887,2025-11-10T02:16:22Z,8ad96706ae95b49f503af625b8948b4a87833286,,0,0,
WebGestor/Inventario/GuiaInterna/GuiaInterna_Nro_00029922.pdf,WebGestor/Inventario/GuiaInterna,GuiaInterna_Nro_00029922.pdf,.pdf,1887,2025-11-10T02:16:22Z,c37c87a95a29d25e989139f1c782cf67c24c05c4,,0,0,
WebGestor/Inventario/GuiaInterna/GuiaInterna_Nro_00029923.pdf,WebGestor/Inventario/GuiaInterna,GuiaInterna_Nro_00029923.pdf,.pdf,1895,2025-11-10T02:16:22Z,aa99f0d2ac9dc8c264e29b10b2a8db95bbf7c2d0,,0,0,
WebGestor/Inventario/GuiaInterna/GuiaInterna_Nro_00029924.pdf,WebGestor/Inventario/GuiaInterna,GuiaInterna_Nro_00029924.pdf,.pdf,1888,2025-11-10T02:16:22Z,030bb54d1f5a2f9cf1b8e1c30b301e9cdd4d8621,,0,0,
WebGestor/Inventario/GuiaInterna/GuiaInterna_Nro_00029925.pdf,WebGestor/Inventario/GuiaInterna,GuiaInterna_Nro_00029925.pdf,.pdf,1896,2025-11-10T02:16:22Z,ab3b62b2b14a57cb137b52de78d7aba12a7ef593,,0,0,
WebGestor/Inventario/GuiaInterna/GuiaInterna_Nro_00029927.pdf,WebGestor/Inventario/GuiaInterna,GuiaInterna_Nro_00029927.pdf,.pdf,1855,2025-11-10T02:16:22Z,4e712d51848cc427c9349512fb780c2c34d51944,,0,0,
WebGestor/Inventario/GuiaInterna/GuiaInterna_Nro_00029928.pdf,WebGestor/Inventario/GuiaInterna,GuiaInterna_Nro_00029928.pdf,.pdf,1895,2025-11-10T02:16:22Z,e273faa67dcce45be99592b6d2328de8f1e2ac5b,,0,0,
WebGestor/Inventario/GuiaInterna/GuiaInterna_Nro_00029932.pdf,WebGestor/Inventario/GuiaInterna,GuiaInterna_Nro_00029932.pdf,.pdf,1928,2025-11-10T02:16:22Z,d277a7b7d36a45b47c4930886f41bf2055fceb46,,0,0,
WebGestor/Inventario/GuiaInterna/GuiaInterna_Nro_00029933.pdf,WebGestor/Inventario/GuiaInterna,GuiaInterna_Nro_00029933.pdf,.pdf,1884,2025-11-10T02:16:22Z,49fa21af565b6c12f60a5e05a86f3bbfe7e9bd70,,0,0,
WebGestor/Inventario/GuiaInterna/GuiaInterna_Nro_00029936.pdf,WebGestor/Inventario/GuiaInterna,GuiaInterna_Nro_00029936.pdf,.pdf,1903,2025-11-10T02:16:22Z,cee0a462dae061eacd1b8d1bba44c723645b6413,,0,0,
WebGestor/Inventario/GuiaInterna/GuiaInterna_Nro_00029937.pdf,WebGestor/Inventario/GuiaInterna,GuiaInterna_Nro_00029937.pdf,.pdf,1915,2025-11-10T02:16:22Z,4413e9972b9673374b4eb6f44d5ab2f3c13e8d13,,0,0,
WebGestor/Inventario/GuiaInterna/GuiaInterna_Nro_00029938.pdf,WebGestor/Inventario/GuiaInterna,GuiaInterna_Nro_00029938.pdf,.pdf,1895,2025-11-10T02:16:22Z,37b6351091528fa142cc2a804050c18dde0283e0,,0,0,
WebGestor/Inventario/GuiaInterna/GuiaInterna_Nro_00029939.pdf,WebGestor/Inventario/GuiaInterna,GuiaInterna_Nro_00029939.pdf,.pdf,1901,2025-11-10T02:16:22Z,8e1db9c49bd4e90842c5125fe425edbc6a0f37f5,,0,0,
WebGestor/Inventario/GuiaInterna/GuiaInterna_Nro_00029940.pdf,WebGestor/Inventario/GuiaInterna,GuiaInterna_Nro_00029940.pdf,.pdf,1889,2025-11-10T02:16:22Z,cb8551d20df3915a7b014d324dd967ad180b3778,,0,0,
WebGestor/Inventario/GuiaInterna/GuiaInterna_Nro_00029941.pdf,WebGestor/Inventario/GuiaInterna,GuiaInterna_Nro_00029941.pdf,.pdf,1887,2025-11-10T02:16:22Z,bbcbfbe45edcd4b172113e2067ec06c0beef3efc,,0,0,
WebGestor/Inventario/GuiaInterna/GuiaInterna_Nro_00029944.pdf,WebGestor/Inventario/GuiaInterna,GuiaInterna_Nro_00029944.pdf,.pdf,1918,2025-11-10T02:16:22Z,32d5bd0756db41f8596b133d0501afdc669223e1,,0,0,
WebGestor/Inventario/GuiaInterna/GuiaInterna_Nro_00029945.pdf,WebGestor/Inventario/GuiaInterna,GuiaInterna_Nro_00029945.pdf,.pdf,1958,2025-11-10T02:16:22Z,c3f3d433171c147363be0ec79d722567495c7760,,0,0,
WebGestor/Inventario/GuiaInterna/GuiaInterna_Nro_00029946.pdf,WebGestor/Inventario/GuiaInterna,GuiaInterna_Nro_00029946.pdf,.pdf,1947,2025-11-10T02:16:22Z,6343c40a9704318e58c3da35f62e2ad233bbeebd,,0,0,
WebGestor/Inventario/GuiaInterna/GuiaInterna_Nro_00029951.pdf,WebGestor/Inventario/GuiaInterna,GuiaInterna_Nro_00029951.pdf,.pdf,1882,2025-11-10T02:16:22Z,5bfc4997e710c25b8fb61fb5ae236a5480b1ef8d,,0,0,
WebGestor/Inventario/GuiaInterna/GuiaInterna_Nro_00029952.pdf,WebGestor/Inventario/GuiaInterna,GuiaInterna_Nro_00029952.pdf,.pdf,1887,2025-11-10T02:16:22Z,82d8ba24f17538c05e0ee816993e93b1f95f2baf,,0,0,
WebGestor/Inventario/GuiaInterna/GuiaInterna_Nro_00029953.pdf,WebGestor/Inventario/GuiaInterna,GuiaInterna_Nro_00029953.pdf,.pdf,1997,2025-11-10T02:16:22Z,94ab2a3ccff5e733e91bbea98616ec760563f3de,,0,0,
WebGestor/Inventario/GuiaInterna/GuiaInterna_Nro_00029954.pdf,WebGestor/Inventario/GuiaInterna,GuiaInterna_Nro_00029954.pdf,.pdf,1886,2025-11-10T02:16:22Z,3e7b386d3bd7c20acceecf60bebe75bdfa148e3a,,0,0,
WebGestor/Inventario/GuiaInterna/GuiaInterna_Nro_00029955.pdf,WebGestor/Inventario/GuiaInterna,GuiaInterna_Nro_00029955.pdf,.pdf,2135,2025-11-10T02:16:22Z,de98faad37ec420734d58fbb243348ba67ad4308,,0,0,
WebGestor/Inventario/GuiaInterna/GuiaInterna_Nro_00029957.pdf,WebGestor/Inventario/GuiaInterna,GuiaInterna_Nro_00029957.pdf,.pdf,1878,2025-11-10T02:16:22Z,3dd375d57d7633c9be690e8e84e7408f2ac00e36,,0,0,
WebGestor/Inventario/GuiaInterna/GuiaInterna_Nro_00029958.pdf,WebGestor/Inventario/GuiaInterna,GuiaInterna_Nro_00029958.pdf,.pdf,1917,2025-11-10T02:16:22Z,cd2eceaf018cbb8ef3247c00ad869dc3020632c2,,0,0,
WebGestor/Inventario/GuiaInterna/GuiaInterna_Nro_00029959.pdf,WebGestor/Inventario/GuiaInterna,GuiaInterna_Nro_00029959.pdf,.pdf,2107,2025-11-10T02:16:22Z,4578299700771331ab51c4aff142cdebdb896d64,,0,0,
WebGestor/Inventario/GuiaInterna/GuiaInterna_Nro_00029960.pdf,WebGestor/Inventario/GuiaInterna,GuiaInterna_Nro_00029960.pdf,.pdf,2028,2025-11-10T02:16:22Z,3109a7dda72e38c175cee2e63c347d2f394af068,,0,0,
WebGestor/Inventario/GuiaInterna/GuiaInterna_Nro_00029961.pdf,WebGestor/Inventario/GuiaInterna,GuiaInterna_Nro_00029961.pdf,.pdf,1914,2025-11-10T02:16:22Z,09abf663af20ad64cce1ba7ab3d784a9b9a4639a,,0,0,
WebGestor/Inventario/GuiaInterna/GuiaInterna_Nro_00029962.pdf,WebGestor/Inventario/GuiaInterna,GuiaInterna_Nro_00029962.pdf,.pdf,1987,2025-11-10T02:16:22Z,a77e53f1d3f8d42b8f446878093e7cdea63f0aec,,0,0,
WebGestor/Inventario/GuiaInterna/GuiaInterna_Nro_00029964.pdf,WebGestor/Inventario/GuiaInterna,GuiaInterna_Nro_00029964.pdf,.pdf,1916,2025-11-10T02:16:22Z,4c5f8d5061366ed521ebc66578afe318d65bdd62,,0,0,
WebGestor/Inventario/GuiaInterna/GuiaInterna_Nro_00029965.pdf,WebGestor/Inventario/GuiaInterna,GuiaInterna_Nro_00029965.pdf,.pdf,1919,2025-11-10T02:16:22Z,02807abccdbb5b7c20a2937843858ee1b3eadf8c,,0,0,
WebGestor/Inventario/GuiaInterna/GuiaInterna_Nro_00029969.pdf,WebGestor/Inventario/GuiaInterna,GuiaInterna_Nro_00029969.pdf,.pdf,1883,2025-11-10T02:16:22Z,e4479bfa961814e2cfb7378ee6cb2b72bf78a544,,0,0,
WebGestor/Inventario/GuiaInterna/GuiaInterna_Nro_00029971.pdf,WebGestor/Inventario/GuiaInterna,GuiaInterna_Nro_00029971.pdf,.pdf,1911,2025-11-10T02:16:22Z,4041367e6b2f091eb2f19f4d2994997997a4af69,,0,0,
WebGestor/Inventario/GuiaInterna/GuiaInterna_Nro_00029973.pdf,WebGestor/Inventario/GuiaInterna,GuiaInterna_Nro_00029973.pdf,.pdf,1896,2025-11-10T02:16:22Z,68047e58061a4a20d87c2c67d7c8c6b9ecfde87a,,0,0,
WebGestor/Inventario/GuiaInterna/GuiaInterna_Nro_00029978.pdf,WebGestor/Inventario/GuiaInterna,GuiaInterna_Nro_00029978.pdf,.pdf,2066,2025-11-10T02:16:22Z,2dc716d6db7fd99537ae18530d397984708fef1a,,0,0,
WebGestor/Inventario/GuiaInterna/GuiaInterna_Nro_00030008.pdf,WebGestor/Inventario/GuiaInterna,GuiaInterna_Nro_00030008.pdf,.pdf,1895,2025-11-10T02:16:22Z,8f1c0a1b8b24bf986935645d7da1018df0bf238c,,0,0,
WebGestor/Inventario/GuiaInterna/GuiaInterna_Nro_00030010.pdf,WebGestor/Inventario/GuiaInterna,GuiaInterna_Nro_00030010.pdf,.pdf,1892,2025-11-10T02:16:22Z,cf0c83db9890fc28e54660f7622903e60757c23d,,0,0,
WebGestor/Inventario/GuiaInterna/GuiaInterna_Nro_00030011.pdf,WebGestor/Inventario/GuiaInterna,GuiaInterna_Nro_00030011.pdf,.pdf,1999,2025-11-10T02:16:22Z,bc52cfe09d3322be4635e2f0a17b873e75992f3b,,0,0,
WebGestor/Inventario/GuiaInterna/GuiaInterna_Nro_00030019.pdf,WebGestor/Inventario/GuiaInterna,GuiaInterna_Nro_00030019.pdf,.pdf,2166,2025-11-10T02:16:22Z,b2bb822cf1704404355e7ab4bb35be72a499b4bf,,0,0,
WebGestor/Inventario/GuiaInterna/GuiaInterna_Nro_00030021.pdf,WebGestor/Inventario/GuiaInterna,GuiaInterna_Nro_00030021.pdf,.pdf,2018,2025-11-10T02:16:22Z,4e851c7c16c9853582c045573d092e1e895ffbea,,0,0,
WebGestor/Inventario/GuiaInterna/GuiaInterna_Nro_00030024.pdf,WebGestor/Inventario/GuiaInterna,GuiaInterna_Nro_00030024.pdf,.pdf,1943,2025-11-10T02:16:22Z,e6ae0599b7d62eb80d51be527df1b7d3a8aec5ef,,0,0,
WebGestor/Inventario/GuiaInterna/GuiaInterna_Nro_00030027.pdf,WebGestor/Inventario/GuiaInterna,GuiaInterna_Nro_00030027.pdf,.pdf,1893,2025-11-10T02:16:22Z,e126d72202b8dbb21a0723dbdf85e10ab2a18ed8,,0,0,
WebGestor/Inventario/GuiaInterna/GuiaInterna_Nro_00030028.pdf,WebGestor/Inventario/GuiaInterna,GuiaInterna_Nro_00030028.pdf,.pdf,1925,2025-11-10T02:16:22Z,9697af00347e624a523ab9e50cfc9d4cdf9ad9d6,,0,0,
WebGestor/Inventario/GuiaInterna/GuiaInterna_Nro_00030029.pdf,WebGestor/Inventario/GuiaInterna,GuiaInterna_Nro_00030029.pdf,.pdf,1961,2025-11-10T02:16:22Z,73a6bb9f85692ebb0da0dc8623621ff4a8dcc5d0,,0,0,
WebGestor/Inventario/GuiaInterna/GuiaInterna_Nro_00030030.pdf,WebGestor/Inventario/GuiaInterna,GuiaInterna_Nro_00030030.pdf,.pdf,1919,2025-11-10T02:16:22Z,fe15c75aeeb4aaf48edc4fc019ba366f3ae786cb,,0,0,
WebGestor/Inventario/GuiaInterna/GuiaInterna_Nro_00030031.pdf,WebGestor/Inventario/GuiaInterna,GuiaInterna_Nro_00030031.pdf,.pdf,1995,2025-11-10T02:16:22Z,1219a440c6a0f8a6a915ebeab38b91639235c935,,0,0,
WebGestor/Inventario/GuiaInterna/GuiaInterna_Nro_00030032.pdf,WebGestor/Inventario/GuiaInterna,GuiaInterna_Nro_00030032.pdf,.pdf,1929,2025-11-10T02:16:22Z,9e4f7c429e87a984bfae66d271442437ee1aa0cc,,0,0,
WebGestor/Inventario/GuiaInterna/GuiaInterna_Nro_00030033.pdf,WebGestor/Inventario/GuiaInterna,GuiaInterna_Nro_00030033.pdf,.pdf,1970,2025-11-10T02:16:22Z,2066f30bfe50f4e575f1afd91a09f9f6973222b7,,0,0,
WebGestor/Inventario/GuiaInterna/GuiaInterna_Nro_00030034.pdf,WebGestor/Inventario/GuiaInterna,GuiaInterna_Nro_00030034.pdf,.pdf,1999,2025-11-10T02:16:22Z,dc6351bc3bf26c8b25400aea408aa3db4eb8d313,,0,0,
WebGestor/Inventario/GuiaInterna/GuiaInterna_Nro_00030036.pdf,WebGestor/Inventario/GuiaInterna,GuiaInterna_Nro_00030036.pdf,.pdf,1959,2025-11-10T02:16:22Z,db43b01e427d97f9fbd12deba39d096d450c7403,,0,0,
WebGestor/Inventario/GuiaInterna/GuiaInterna_Nro_00030037.pdf,WebGestor/Inventario/GuiaInterna,GuiaInterna_Nro_00030037.pdf,.pdf,2030,2025-11-10T02:16:22Z,96c9891e7d921f5d1c2d1e6307bbef2d5b9b483c,,0,0,
WebGestor/Inventario/GuiaInterna/GuiaInterna_Nro_00030047.pdf,WebGestor/Inventario/GuiaInterna,GuiaInterna_Nro_00030047.pdf,.pdf,1998,2025-11-10T02:16:22Z,662edd6cc6e40bf11a41b07d48019ee3f5a5397b,,0,0,
WebGestor/Inventario/GuiaInterna/GuiaInterna_Nro_00030048.pdf,WebGestor/Inventario/GuiaInterna,GuiaInterna_Nro_00030048.pdf,.pdf,1896,2025-11-10T02:16:22Z,4485ac4944de3dbc065e5abf0556fbb76cf47291,,0,0,
WebGestor/Inventario/GuiaInterna/GuiaInterna_Nro_00030050.pdf,WebGestor/Inventario/GuiaInterna,GuiaInterna_Nro_00030050.pdf,.pdf,1912,2025-11-10T02:16:22Z,9e3a647e3138e477025ad6cf0ea423d6905fa5a4,,0,0,
WebGestor/Inventario/GuiaInterna/GuiaInterna_Nro_00030051.pdf,WebGestor/Inventario/GuiaInterna,GuiaInterna_Nro_00030051.pdf,.pdf,2022,2025-11-10T02:16:22Z,ea71879c57127953ad76988eafe3e7b21d200ab8,,0,0,
WebGestor/Inventario/GuiaInterna/GuiaInterna_Nro_00030053.pdf,WebGestor/Inventario/GuiaInterna,GuiaInterna_Nro_00030053.pdf,.pdf,2000,2025-11-10T02:16:22Z,b450064eb620960d5908777e601563acf17731d8,,0,0,
WebGestor/Inventario/GuiaInterna/GuiaInterna_Nro_00030056.pdf,WebGestor/Inventario/GuiaInterna,GuiaInterna_Nro_00030056.pdf,.pdf,1876,2025-11-10T02:16:22Z,d8490704be58b427c9937aa4cf8bf6e848d34b0c,,0,0,
WebGestor/Inventario/GuiaInterna/GuiaInterna_Nro_00030057.pdf,WebGestor/Inventario/GuiaInterna,GuiaInterna_Nro_00030057.pdf,.pdf,1887,2025-11-10T02:16:22Z,65d22d56a02fcdc6d3382aa5e8ed2deb26e864a4,,0,0,
WebGestor/Inventario/GuiaInterna/GuiaInterna_Nro_00030058.pdf,WebGestor/Inventario/GuiaInterna,GuiaInterna_Nro_00030058.pdf,.pdf,1918,2025-11-10T02:16:22Z,a4a564b6169e6ad0364d3a01558b47da199ec951,,0,0,
WebGestor/Inventario/GuiaInterna/GuiaInterna_Nro_00030059.pdf,WebGestor/Inventario/GuiaInterna,GuiaInterna_Nro_00030059.pdf,.pdf,1924,2025-11-10T02:16:22Z,2cb0c83c28a448eed6d8039d724724e846fb145f,,0,0,
WebGestor/Inventario/GuiaInterna/GuiaInterna_Nro_00030060.pdf,WebGestor/Inventario/GuiaInterna,GuiaInterna_Nro_00030060.pdf,.pdf,2021,2025-11-10T02:16:22Z,0066cc7d0981d2b46892e6a168b628556b3776b4,,0,0,
WebGestor/Inventario/GuiaInterna/GuiaInterna_Nro_00030061.pdf,WebGestor/Inventario/GuiaInterna,GuiaInterna_Nro_00030061.pdf,.pdf,1930,2025-11-10T02:16:22Z,c26fd5b205f00118df29782e1f51cde9ffc3849a,,0,0,
WebGestor/Inventario/GuiaInterna/GuiaInterna_Nro_00030063.pdf,WebGestor/Inventario/GuiaInterna,GuiaInterna_Nro_00030063.pdf,.pdf,1962,2025-11-10T02:16:22Z,80eeee95b44fade587c7caa7354dee59e7f2e4d9,,0,0,
WebGestor/Inventario/GuiaInterna/GuiaInterna_Nro_00030068.pdf,WebGestor/Inventario/GuiaInterna,GuiaInterna_Nro_00030068.pdf,.pdf,1919,2025-11-10T02:16:22Z,b3c8b19ba4e8e4dbe871d5d0b0da8636a5053182,,0,0,
WebGestor/Inventario/GuiaInterna/GuiaInterna_Nro_00030069.pdf,WebGestor/Inventario/GuiaInterna,GuiaInterna_Nro_00030069.pdf,.pdf,1929,2025-11-10T02:16:22Z,f1f9b36f848c1bffb1c8daab8750feeed5e74851,,0,0,
WebGestor/Inventario/GuiaInterna/GuiaInterna_Nro_00030070.pdf,WebGestor/Inventario/GuiaInterna,GuiaInterna_Nro_00030070.pdf,.pdf,1943,2025-11-10T02:16:22Z,9cbd226e992cbda577f6ba475f4ac25dc1ecd6ed,,0,0,
WebGestor/Inventario/GuiaInterna/GuiaInterna_Nro_00030071.pdf,WebGestor/Inventario/GuiaInterna,GuiaInterna_Nro_00030071.pdf,.pdf,2117,2025-11-10T02:16:22Z,9ea11c9f0cefb2489e58c87a1949bc55013fb944,,0,0,
WebGestor/Inventario/GuiaInterna/GuiaInterna_Nro_00030074.pdf,WebGestor/Inventario/GuiaInterna,GuiaInterna_Nro_00030074.pdf,.pdf,1891,2025-11-10T02:16:22Z,be9fbc3797639035cf4042d39eba7e702d887808,,0,0,
WebGestor/Inventario/GuiaInterna/GuiaInterna_Nro_00030075.pdf,WebGestor/Inventario/GuiaInterna,GuiaInterna_Nro_00030075.pdf,.pdf,1922,2025-11-10T02:16:22Z,f645784fc0db8cffd3c0b584dbc6709d7bdeb44f,,0,0,
WebGestor/Inventario/GuiaInterna/GuiaInterna_Nro_00030078.pdf,WebGestor/Inventario/GuiaInterna,GuiaInterna_Nro_00030078.pdf,.pdf,1985,2025-11-10T02:16:22Z,579677208b7b18974f2d5df149514e3c8e265d76,,0,0,
WebGestor/Inventario/GuiaInterna/GuiaInterna_Nro_00030079.pdf,WebGestor/Inventario/GuiaInterna,GuiaInterna_Nro_00030079.pdf,.pdf,1959,2025-11-10T02:16:22Z,a1dc673b867bf2b7e6fc8f571d1c160ddf049b11,,0,0,
WebGestor/Inventario/GuiaInterna/GuiaInterna_Nro_00030080.pdf,WebGestor/Inventario/GuiaInterna,GuiaInterna_Nro_00030080.pdf,.pdf,2024,2025-11-10T02:16:22Z,55643335f21f7124e696634057d0125d2d945b57,,0,0,
WebGestor/Inventario/GuiaInterna/GuiaInterna_Nro_00030081.pdf,WebGestor/Inventario/GuiaInterna,GuiaInterna_Nro_00030081.pdf,.pdf,1894,2025-11-10T02:16:22Z,59fa37f8933ace20922936ac33bd0d37694666c3,,0,0,
WebGestor/Inventario/GuiaInterna/GuiaInterna_Nro_00030082.pdf,WebGestor/Inventario/GuiaInterna,GuiaInterna_Nro_00030082.pdf,.pdf,1895,2025-11-10T02:16:22Z,6c365b30f816d19aeea91f2d79384bed88f13dfd,,0,0,
WebGestor/Inventario/GuiaInterna/GuiaInterna_Nro_00030084.pdf,WebGestor/Inventario/GuiaInterna,GuiaInterna_Nro_00030084.pdf,.pdf,1952,2025-11-10T02:16:22Z,5faf044961ced562e122073af47bc747d7aca69a,,0,0,
WebGestor/Inventario/GuiaInterna/GuiaInterna_Nro_00030127.pdf,WebGestor/Inventario/GuiaInterna,GuiaInterna_Nro_00030127.pdf,.pdf,1913,2025-11-10T02:16:22Z,9c8f668cd745828e4ba241a836e0ac923c2dfa76,,0,0,
WebGestor/Inventario/GuiaInterna/GuiaInterna_Nro_00030128.pdf,WebGestor/Inventario/GuiaInterna,GuiaInterna_Nro_00030128.pdf,.pdf,1894,2025-11-10T02:16:22Z,d87f5b6912f3667f54892793bccfdc5d13c7cb08,,0,0,
WebGestor/Inventario/GuiaInterna/GuiaInterna_Nro_00030149.pdf,WebGestor/Inventario/GuiaInterna,GuiaInterna_Nro_00030149.pdf,.pdf,1887,2025-11-10T02:16:22Z,95e0b49cd03fdf945c677d335a748d3df981f937,,0,0,
WebGestor/Inventario/GuiaInterna/GuiaInterna_Nro_00030150.pdf,WebGestor/Inventario/GuiaInterna,GuiaInterna_Nro_00030150.pdf,.pdf,1932,2025-11-10T02:16:22Z,88efcb748a372a3c322d1016d38c144598fa6b98,,0,0,
WebGestor/Inventario/GuiaInterna/GuiaInterna_Nro_00030151.pdf,WebGestor/Inventario/GuiaInterna,GuiaInterna_Nro_00030151.pdf,.pdf,1896,2025-11-10T02:16:22Z,2d7c567b0df28263e28c1cc72939adcaefdd7940,,0,0,
WebGestor/Inventario/GuiaInterna/GuiaInterna_Nro_00030152.pdf,WebGestor/Inventario/GuiaInterna,GuiaInterna_Nro_00030152.pdf,.pdf,1887,2025-11-10T02:16:22Z,fa7ee6358e475f5de1330d7bd8a2ec1ca503d4f2,,0,0,
WebGestor/Inventario/GuiaInterna/GuiaInterna_Nro_00030153.pdf,WebGestor/Inventario/GuiaInterna,GuiaInterna_Nro_00030153.pdf,.pdf,1887,2025-11-10T02:16:22Z,01f706baefbadecc1a9938b92698429178e7d5b7,,0,0,
WebGestor/Inventario/GuiaInterna/GuiaInterna_Nro_00030154.pdf,WebGestor/Inventario/GuiaInterna,GuiaInterna_Nro_00030154.pdf,.pdf,2074,2025-11-10T02:16:22Z,75404ba2b93a55042849922b2f0d60b9651fab2c,,0,0,
WebGestor/Inventario/GuiaInterna/GuiaInterna_Nro_00030155.pdf,WebGestor/Inventario/GuiaInterna,GuiaInterna_Nro_00030155.pdf,.pdf,1908,2025-11-10T02:16:22Z,958caff23704fd9ac433f0cf03c87c6c97c17ad9,,0,0,
WebGestor/Inventario/GuiaInterna/GuiaInterna_Nro_00030156.pdf,WebGestor/Inventario/GuiaInterna,GuiaInterna_Nro_00030156.pdf,.pdf,1908,2025-11-10T02:16:22Z,fabe04da6610e34dd42db13f69ff633afe95334c,,0,0,
WebGestor/Inventario/GuiaInterna/GuiaInterna_Nro_00030179.pdf,WebGestor/Inventario/GuiaInterna,GuiaInterna_Nro_00030179.pdf,.pdf,1917,2025-11-10T02:16:22Z,e3ad3553be378ab15ed742a6a37c5361fe1f701f,,0,0,
WebGestor/Inventario/GuiaInterna/GuiaInterna_Nro_00030180.pdf,WebGestor/Inventario/GuiaInterna,GuiaInterna_Nro_00030180.pdf,.pdf,1887,2025-11-10T02:16:22Z,9f9eddd627c61a3638242a1fee5ff7ea38b1afaa,,0,0,
WebGestor/Inventario/GuiaInterna/GuiaInterna_Nro_00030181.pdf,WebGestor/Inventario/GuiaInterna,GuiaInterna_Nro_00030181.pdf,.pdf,2015,2025-11-10T02:16:22Z,0ec7cdd4989c761bb278a99e473664d86bec5a32,,0,0,
WebGestor/Inventario/GuiaInterna/GuiaInterna_Nro_00030183.pdf,WebGestor/Inventario/GuiaInterna,GuiaInterna_Nro_00030183.pdf,.pdf,1898,2025-11-10T02:16:22Z,e00cb794c7aec4cc56c9696af49dd3c6f4485d9c,,0,0,
WebGestor/Inventario/GuiaInterna/GuiaInterna_Nro_00030185.pdf,WebGestor/Inventario/GuiaInterna,GuiaInterna_Nro_00030185.pdf,.pdf,1965,2025-11-10T02:16:22Z,c74527deceeb5cb1d18b8e7b68d546b6e8ba0404,,0,0,
WebGestor/Inventario/GuiaInterna/GuiaInterna_Nro_00030186.pdf,WebGestor/Inventario/GuiaInterna,GuiaInterna_Nro_00030186.pdf,.pdf,2164,2025-11-10T02:16:22Z,1cccd3d63e2cc36e4c3c772b69a89d4107d4883e,,0,0,
WebGestor/Inventario/GuiaInterna/GuiaInterna_Nro_00030191.pdf,WebGestor/Inventario/GuiaInterna,GuiaInterna_Nro_00030191.pdf,.pdf,1919,2025-11-10T02:16:22Z,c497417f63434f9c5adced8417b470b4968ecd3f,,0,0,
WebGestor/Inventario/GuiaInterna/GuiaInterna_Nro_00030193.pdf,WebGestor/Inventario/GuiaInterna,GuiaInterna_Nro_00030193.pdf,.pdf,1996,2025-11-10T02:16:22Z,b0672e0979ccc403d0c083e14311523e051c937e,,0,0,
WebGestor/Inventario/GuiaInterna/GuiaInterna_Nro_00030194.pdf,WebGestor/Inventario/GuiaInterna,GuiaInterna_Nro_00030194.pdf,.pdf,1941,2025-11-10T02:16:22Z,bbf4ee4b3e342588cb00b212d9eecadccb8420e6,,0,0,
WebGestor/Inventario/GuiaInterna/GuiaInterna_Nro_00030195.pdf,WebGestor/Inventario/GuiaInterna,GuiaInterna_Nro_00030195.pdf,.pdf,1917,2025-11-10T02:16:22Z,226edcc4a38a7f84de4e5f87bbdfd8a46fb8a048,,0,0,
WebGestor/Inventario/GuiaInterna/GuiaInterna_Nro_00030196.pdf,WebGestor/Inventario/GuiaInterna,GuiaInterna_Nro_00030196.pdf,.pdf,1924,2025-11-10T02:16:22Z,214ea09dc98ea157974ebde3e9a55f8dc2aeb46d,,0,0,
WebGestor/Inventario/GuiaInterna/GuiaInterna_Nro_00030198.pdf,WebGestor/Inventario/GuiaInterna,GuiaInterna_Nro_00030198.pdf,.pdf,1868,2025-11-10T02:16:22Z,08f86301d94a8eb0644d36cc6091a126e746a6a2,,0,0,
WebGestor/Inventario/GuiaInterna/GuiaInterna_Nro_00030199.pdf,WebGestor/Inventario/GuiaInterna,GuiaInterna_Nro_00030199.pdf,.pdf,1895,2025-11-10T02:16:22Z,b74c6495e8250254b54b10296ad0e802559bdcd0,,0,0,
WebGestor/Inventario/GuiaInterna/GuiaInterna_Nro_00030200.pdf,WebGestor/Inventario/GuiaInterna,GuiaInterna_Nro_00030200.pdf,.pdf,1894,2025-11-10T02:16:22Z,7b0d41f8e75222d5fc16b3b41f0ac18f7894eec9,,0,0,
WebGestor/Inventario/GuiaInterna/GuiaInterna_Nro_00030202.pdf,WebGestor/Inventario/GuiaInterna,GuiaInterna_Nro_00030202.pdf,.pdf,1886,2025-11-10T02:16:22Z,4cd8ebf927f903d5b19868da2d70d8e46d9a57b7,,0,0,
WebGestor/Inventario/GuiaInterna/GuiaInterna_Nro_00030205.pdf,WebGestor/Inventario/GuiaInterna,GuiaInterna_Nro_00030205.pdf,.pdf,1900,2025-11-10T02:16:22Z,581f6746d7bfdaddbf9029108407b5bda03b506f,,0,0,
WebGestor/Inventario/GuiaInterna/GuiaInterna_Nro_00030206.pdf,WebGestor/Inventario/GuiaInterna,GuiaInterna_Nro_00030206.pdf,.pdf,1879,2025-11-10T02:16:22Z,5a5112765b562e8b5ab11c6e96a2ad89b7890973,,0,0,
WebGestor/Inventario/GuiaInterna/GuiaInterna_Nro_00030209.pdf,WebGestor/Inventario/GuiaInterna,GuiaInterna_Nro_00030209.pdf,.pdf,1961,2025-11-10T02:16:22Z,3c0f4039cb9118f5c15f12fb38970f83ccb4bc88,,0,0,
WebGestor/Inventario/GuiaInterna/GuiaInterna_Nro_00030210.pdf,WebGestor/Inventario/GuiaInterna,GuiaInterna_Nro_00030210.pdf,.pdf,1902,2025-11-10T02:16:22Z,a1bca23a8165757695b580bd06189a7119a68e70,,0,0,
WebGestor/Inventario/GuiaInterna/GuiaInterna_Nro_00030213.pdf,WebGestor/Inventario/GuiaInterna,GuiaInterna_Nro_00030213.pdf,.pdf,1936,2025-11-10T02:16:22Z,8fa71522b9593bde08ebfb7c240f54201166d657,,0,0,
WebGestor/Inventario/GuiaInterna/GuiaInterna_Nro_00030220.pdf,WebGestor/Inventario/GuiaInterna,GuiaInterna_Nro_00030220.pdf,.pdf,1906,2025-11-10T02:16:22Z,4b6eeb1d0cd47ad01ddc55e0167e14fa90d3ac40,,0,0,
WebGestor/Inventario/GuiaInterna/GuiaInterna_Nro_00030221.pdf,WebGestor/Inventario/GuiaInterna,GuiaInterna_Nro_00030221.pdf,.pdf,1982,2025-11-10T02:16:22Z,1c27a24f26811cc6c9d69a608c317adf030c9996,,0,0,
WebGestor/Inventario/GuiaInterna/GuiaInterna_Nro_00030222.pdf,WebGestor/Inventario/GuiaInterna,GuiaInterna_Nro_00030222.pdf,.pdf,1895,2025-11-10T02:16:22Z,ddaa23953e2c8d1ea23d8c37c1ef62a5a26b6861,,0,0,
WebGestor/Inventario/GuiaInterna/GuiaInterna_Nro_00030223.pdf,WebGestor/Inventario/GuiaInterna,GuiaInterna_Nro_00030223.pdf,.pdf,1925,2025-11-10T02:16:22Z,3b6c7de2c311ea18db3832db9c7a24811a19a367,,0,0,
WebGestor/Inventario/GuiaInterna/GuiaInterna_Nro_00030224.pdf,WebGestor/Inventario/GuiaInterna,GuiaInterna_Nro_00030224.pdf,.pdf,1984,2025-11-10T02:16:22Z,ddb62943a639c87c3a45213768d36075678aa5f5,,0,0,
WebGestor/Inventario/GuiaInterna/GuiaInterna_Nro_00030226.pdf,WebGestor/Inventario/GuiaInterna,GuiaInterna_Nro_00030226.pdf,.pdf,1926,2025-11-10T02:16:22Z,ba23868847787365c1c0090c1aeb025bed85f0b5,,0,0,
WebGestor/Inventario/GuiaInterna/GuiaInterna_Nro_00030227.pdf,WebGestor/Inventario/GuiaInterna,GuiaInterna_Nro_00030227.pdf,.pdf,1949,2025-11-10T02:16:22Z,53e939bad04a1a67e5cd76ec38fb40c9c368623c,,0,0,
WebGestor/Inventario/GuiaInterna/GuiaInterna_Nro_00030228.pdf,WebGestor/Inventario/GuiaInterna,GuiaInterna_Nro_00030228.pdf,.pdf,1920,2025-11-10T02:16:22Z,1e17e38d7ed9553040c8cb87c65db4024bd0186b,,0,0,
WebGestor/Inventario/GuiaInterna/GuiaInterna_Nro_00030231.pdf,WebGestor/Inventario/GuiaInterna,GuiaInterna_Nro_00030231.pdf,.pdf,1943,2025-11-10T02:16:22Z,0dda5b190989a657b616ea85305d17396f8f6444,,0,0,
WebGestor/Inventario/GuiaInterna/GuiaInterna_Nro_00030232.pdf,WebGestor/Inventario/GuiaInterna,GuiaInterna_Nro_00030232.pdf,.pdf,1939,2025-11-10T02:16:22Z,e9ebae34b100f3ad5a30d52200997bf742815f68,,0,0,
WebGestor/Inventario/GuiaInterna/GuiaInterna_Nro_00030234.pdf,WebGestor/Inventario/GuiaInterna,GuiaInterna_Nro_00030234.pdf,.pdf,1881,2025-11-10T02:16:22Z,f6c30a3f7cd8c09751fe43763395c53c5602a46c,,0,0,
WebGestor/Inventario/GuiaInterna/GuiaInterna_Nro_00030235.pdf,WebGestor/Inventario/GuiaInterna,GuiaInterna_Nro_00030235.pdf,.pdf,2117,2025-11-10T02:16:22Z,315a5a72aeaba7e84ae40dd7c1d66a601a0c07b0,,0,0,
WebGestor/Inventario/GuiaInterna/GuiaInterna_Nro_00030239.pdf,WebGestor/Inventario/GuiaInterna,GuiaInterna_Nro_00030239.pdf,.pdf,1957,2025-11-10T02:16:22Z,bd5af164f7179653a47e3d2fe7a9e64ad28d7542,,0,0,
WebGestor/Inventario/GuiaInterna/GuiaInterna_Nro_00030240.pdf,WebGestor/Inventario/GuiaInterna,GuiaInterna_Nro_00030240.pdf,.pdf,1931,2025-11-10T02:16:22Z,46373291409c196fcba5a54b7f3e055c164a7852,,0,0,
WebGestor/Inventario/GuiaInterna/GuiaInterna_Nro_00030241.pdf,WebGestor/Inventario/GuiaInterna,GuiaInterna_Nro_00030241.pdf,.pdf,1893,2025-11-10T02:16:22Z,14ec0acc7adbee488434a5716173dd7b3df64f6e,,0,0,
WebGestor/Inventario/GuiaInterna/GuiaInterna_Nro_00030246.pdf,WebGestor/Inventario/GuiaInterna,GuiaInterna_Nro_00030246.pdf,.pdf,1919,2025-11-10T02:16:22Z,5d2533cec47e1652aa76083767fd60109c301247,,0,0,
WebGestor/Inventario/GuiaInterna/GuiaInterna_Nro_00030248.pdf,WebGestor/Inventario/GuiaInterna,GuiaInterna_Nro_00030248.pdf,.pdf,1919,2025-11-10T02:16:22Z,36e40d46f8f9508d010b9180886b2c115351b661,,0,0,
WebGestor/Inventario/GuiaInterna/GuiaInterna_Nro_00030249.pdf,WebGestor/Inventario/GuiaInterna,GuiaInterna_Nro_00030249.pdf,.pdf,1914,2025-11-10T02:16:22Z,7e1e657cc6fcb1bbbbc82bb4e01e692e02c7ae06,,0,0,
WebGestor/Inventario/GuiaInterna/GuiaInterna_Nro_00030250.pdf,WebGestor/Inventario/GuiaInterna,GuiaInterna_Nro_00030250.pdf,.pdf,1912,2025-11-10T02:16:22Z,611eeb1c257fdfce57e5498db5d6caa92b375108,,0,0,
WebGestor/Inventario/GuiaInterna/GuiaInterna_Nro_00030251.pdf,WebGestor/Inventario/GuiaInterna,GuiaInterna_Nro_00030251.pdf,.pdf,2006,2025-11-10T02:16:22Z,d36dd1be2eee89a65b1c6c179167232b1a4e4f9e,,0,0,
WebGestor/Inventario/GuiaInterna/GuiaInterna_Nro_00030252.pdf,WebGestor/Inventario/GuiaInterna,GuiaInterna_Nro_00030252.pdf,.pdf,1971,2025-11-10T02:16:22Z,01cc4cfcc771d27d9c56d5c8b7e98271d26109f4,,0,0,
WebGestor/Inventario/GuiaInterna/GuiaInterna_Nro_00030253.pdf,WebGestor/Inventario/GuiaInterna,GuiaInterna_Nro_00030253.pdf,.pdf,1895,2025-11-10T02:16:22Z,df91a2a41174f4d0587a341d28105adbe799e7a7,,0,0,
WebGestor/Inventario/GuiaInterna/GuiaInterna_Nro_00030255.pdf,WebGestor/Inventario/GuiaInterna,GuiaInterna_Nro_00030255.pdf,.pdf,1920,2025-11-10T02:16:22Z,fba775ecf282c84533e492c2b7a756380f928b24,,0,0,
WebGestor/Inventario/GuiaInterna/GuiaInterna_Nro_00030262.pdf,WebGestor/Inventario/GuiaInterna,GuiaInterna_Nro_00030262.pdf,.pdf,1931,2025-11-10T02:16:22Z,75ac2d3be463760ac38355d3ec072ec06c94c564,,0,0,
WebGestor/Inventario/GuiaInterna/GuiaInterna_Nro_00030263.pdf,WebGestor/Inventario/GuiaInterna,GuiaInterna_Nro_00030263.pdf,.pdf,2012,2025-11-10T02:16:22Z,0b46e025b09cfd98d9cd7b493f34060b8592eb12,,0,0,
WebGestor/Inventario/GuiaInterna/GuiaInterna_Nro_00030264.pdf,WebGestor/Inventario/GuiaInterna,GuiaInterna_Nro_00030264.pdf,.pdf,1934,2025-11-10T02:16:22Z,253fbbd51d160717eca298c13b592ea0af4bd16c,,0,0,
WebGestor/Inventario/GuiaInterna/GuiaInterna_Nro_00030265.pdf,WebGestor/Inventario/GuiaInterna,GuiaInterna_Nro_00030265.pdf,.pdf,1975,2025-11-10T02:16:22Z,dfa8b027eb283867a1d968bf0f2751c3c0a4bf05,,0,0,
WebGestor/Inventario/GuiaInterna/GuiaInterna_Nro_00030266.pdf,WebGestor/Inventario/GuiaInterna,GuiaInterna_Nro_00030266.pdf,.pdf,1932,2025-11-10T02:16:22Z,59b168ac96f23e7640c9c46020bcb6a93277132b,,0,0,
WebGestor/Inventario/GuiaInterna/GuiaInterna_Nro_00030267.pdf,WebGestor/Inventario/GuiaInterna,GuiaInterna_Nro_00030267.pdf,.pdf,2002,2025-11-10T02:16:22Z,1f14e37b986d01225b84de4a4adc2e4869b11da2,,0,0,
WebGestor/Inventario/GuiaInterna/GuiaInterna_Nro_00030268.pdf,WebGestor/Inventario/GuiaInterna,GuiaInterna_Nro_00030268.pdf,.pdf,1995,2025-11-10T02:16:22Z,4150fcc56575352c4d2e0aadeddee41da273d4d5,,0,0,
WebGestor/Inventario/GuiaInterna/GuiaInterna_Nro_00030273.pdf,WebGestor/Inventario/GuiaInterna,GuiaInterna_Nro_00030273.pdf,.pdf,2214,2025-11-10T02:16:22Z,05233ab9c7a6c9ab8000286736803289ed7bbc93,,0,0,
WebGestor/Inventario/GuiaInterna/GuiaInterna_Nro_00030275.pdf,WebGestor/Inventario/GuiaInterna,GuiaInterna_Nro_00030275.pdf,.pdf,1906,2025-11-10T02:16:22Z,6483506870d3bc83b78b562015d11390db337d26,,0,0,
WebGestor/Inventario/GuiaInterna/GuiaInterna_Nro_00030276.pdf,WebGestor/Inventario/GuiaInterna,GuiaInterna_Nro_00030276.pdf,.pdf,1942,2025-11-10T02:16:22Z,88ce1e145ab3c919d716f2db4c5bd3e0f1e4416d,,0,0,
WebGestor/Inventario/GuiaInterna/GuiaInterna_Nro_00030277.pdf,WebGestor/Inventario/GuiaInterna,GuiaInterna_Nro_00030277.pdf,.pdf,1959,2025-11-10T02:16:22Z,f4a7a1fdaab64a77eb4e23be6f89c90fbaeac4de,,0,0,
WebGestor/Inventario/GuiaInterna/GuiaInterna_Nro_00030278.pdf,WebGestor/Inventario/GuiaInterna,GuiaInterna_Nro_00030278.pdf,.pdf,1953,2025-11-10T02:16:22Z,b6b6c0bd10070388a26eafbb8bea57c4e950da74,,0,0,
WebGestor/Inventario/GuiaInterna/GuiaInterna_Nro_00030279.pdf,WebGestor/Inventario/GuiaInterna,GuiaInterna_Nro_00030279.pdf,.pdf,1905,2025-11-10T02:16:22Z,078a544f8d07d92274c3f29840f76f9b3c44ad37,,0,0,
WebGestor/Inventario/GuiaInterna/GuiaInterna_Nro_00030280.pdf,WebGestor/Inventario/GuiaInterna,GuiaInterna_Nro_00030280.pdf,.pdf,1937,2025-11-10T02:16:22Z,98f4f1d68c07534ed4efe6c42de72736bdca1046,,0,0,
WebGestor/Inventario/GuiaInterna/GuiaInterna_Nro_00030281.pdf,WebGestor/Inventario/GuiaInterna,GuiaInterna_Nro_00030281.pdf,.pdf,1894,2025-11-10T02:16:22Z,088795ab55ba4088d608d51303c3fa75964f0253,,0,0,
WebGestor/Inventario/GuiaInterna/GuiaInterna_Nro_00030282.pdf,WebGestor/Inventario/GuiaInterna,GuiaInterna_Nro_00030282.pdf,.pdf,1918,2025-11-10T02:16:22Z,0109b0d18ddc02d7823edf5222a6f99e6a434fc2,,0,0,
WebGestor/Inventario/GuiaInterna/GuiaInterna_Nro_00030289.pdf,WebGestor/Inventario/GuiaInterna,GuiaInterna_Nro_00030289.pdf,.pdf,1896,2025-11-10T02:16:22Z,f7bb2bf99d907b1dc25c1e05f2ec9cc561ce358e,,0,0,
WebGestor/Inventario/GuiaInterna/GuiaInterna_Nro_00031094.pdf,WebGestor/Inventario/GuiaInterna,GuiaInterna_Nro_00031094.pdf,.pdf,1903,2025-11-10T02:16:22Z,b06077ed04a3fb164c7f75f2be6351c2e1dd053c,,0,0,
WebGestor/Inventario/GuiaInterna/GuiaInterna_Nro_00031500.pdf,WebGestor/Inventario/GuiaInterna,GuiaInterna_Nro_00031500.pdf,.pdf,1956,2025-11-10T02:16:22Z,5c4c726b70543e7a80cc1fdeac3e111ef1048814,,0,0,
WebGestor/Inventario/GuiaInterna/GuiaInterna_Nro_00031501.pdf,WebGestor/Inventario/GuiaInterna,GuiaInterna_Nro_00031501.pdf,.pdf,1928,2025-11-10T02:16:22Z,bf045ccb019050789378ff4bd3a935a8f12d4748,,0,0,
WebGestor/Inventario/GuiaInterna/GuiaInterna_Nro_00031502.pdf,WebGestor/Inventario/GuiaInterna,GuiaInterna_Nro_00031502.pdf,.pdf,1933,2025-11-10T02:16:22Z,687737faf6779078a767f5f495046253445389b9,,0,0,
WebGestor/Inventario/GuiaInterna/GuiaInterna_Nro_00031503.pdf,WebGestor/Inventario/GuiaInterna,GuiaInterna_Nro_00031503.pdf,.pdf,1929,2025-11-10T02:16:22Z,95a7a8a66dffb6946a632eb898a6f6cb89a2d575,,0,0,
WebGestor/Inventario/GuiaInterna/GuiaInterna_Nro_00031504.pdf,WebGestor/Inventario/GuiaInterna,GuiaInterna_Nro_00031504.pdf,.pdf,1908,2025-11-10T02:16:22Z,45bdb01298e882d3ebb9be6a2103851a1a255a60,,0,0,
WebGestor/Inventario/GuiaInterna/GuiaInterna_Nro_00031505.pdf,WebGestor/Inventario/GuiaInterna,GuiaInterna_Nro_00031505.pdf,.pdf,1916,2025-11-10T02:16:22Z,cd79b3279ca8b4723dd037c95f1621b761d287bd,,0,0,
WebGestor/Inventario/GuiaInterna/GuiaInterna_Nro_00031516.pdf,WebGestor/Inventario/GuiaInterna,GuiaInterna_Nro_00031516.pdf,.pdf,2021,2025-11-10T02:16:22Z,561cde11acb3cd608eefc97bb2c76f7436cc7ad8,,0,0,
WebGestor/Inventario/GuiaInterna/GuiaInterna_Nro_00031517.pdf,WebGestor/Inventario/GuiaInterna,GuiaInterna_Nro_00031517.pdf,.pdf,2126,2025-11-10T02:16:22Z,4560f1a7eeb4031eccf3c34a64f79ce6121c3835,,0,0,
WebGestor/Inventario/GuiaInterna/GuiaInterna_Nro_00031520.pdf,WebGestor/Inventario/GuiaInterna,GuiaInterna_Nro_00031520.pdf,.pdf,2284,2025-11-10T02:16:22Z,e3b7072fbddc94b4122e0c1c31741a2d30cce875,,0,0,
WebGestor/Inventario/GuiaInterna/GuiaInterna_Nro_00031521.pdf,WebGestor/Inventario/GuiaInterna,GuiaInterna_Nro_00031521.pdf,.pdf,1899,2025-11-10T02:16:22Z,8cffbd3e863ce757a4c40e3b39d80039e2c58ed7,,0,0,
WebGestor/Inventario/GuiaInterna/GuiaInterna_Nro_00031522.pdf,WebGestor/Inventario/GuiaInterna,GuiaInterna_Nro_00031522.pdf,.pdf,1890,2025-11-10T02:16:22Z,9d55e538dd9cc1f6b82340d93670012adfdac3e8,,0,0,
WebGestor/Inventario/GuiaInterna/GuiaInterna_Nro_00031524.pdf,WebGestor/Inventario/GuiaInterna,GuiaInterna_Nro_00031524.pdf,.pdf,1915,2025-11-10T02:16:22Z,8fc00be3e54fe917b2a435c9ed09afea06721e8c,,0,0,
WebGestor/Inventario/GuiaInterna/GuiaInterna_Nro_00031526.pdf,WebGestor/Inventario/GuiaInterna,GuiaInterna_Nro_00031526.pdf,.pdf,1894,2025-11-10T02:16:22Z,e0677d0bb5e43b86f9e7239826bcb97dd5c0865e,,0,0,
WebGestor/Inventario/GuiaInterna/GuiaInterna_Nro_00031527.pdf,WebGestor/Inventario/GuiaInterna,GuiaInterna_Nro_00031527.pdf,.pdf,1913,2025-11-10T02:16:22Z,3b1c3d3a83b0b4bd63bf3fac4721b92e30750812,,0,0,
WebGestor/Inventario/GuiaInterna/GuiaInterna_Nro_00031528.pdf,WebGestor/Inventario/GuiaInterna,GuiaInterna_Nro_00031528.pdf,.pdf,1919,2025-11-10T02:16:22Z,aa7c23eea26fbc61d0230ba84970bf7220622b08,,0,0,
WebGestor/Inventario/GuiaInterna/GuiaInterna_Nro_00031530.pdf,WebGestor/Inventario/GuiaInterna,GuiaInterna_Nro_00031530.pdf,.pdf,1939,2025-11-10T02:16:22Z,fde0628d09e1eefc3ba2b855fa0aa439310b1924,,0,0,
WebGestor/Inventario/GuiaInterna/GuiaInterna_Nro_00031531.pdf,WebGestor/Inventario/GuiaInterna,GuiaInterna_Nro_00031531.pdf,.pdf,1898,2025-11-10T02:16:22Z,b209a2ced1b5071bfc9d6d5bbc672a0125620cf9,,0,0,
WebGestor/Inventario/GuiaInterna/GuiaInterna_Nro_00031532.pdf,WebGestor/Inventario/GuiaInterna,GuiaInterna_Nro_00031532.pdf,.pdf,1887,2025-11-10T02:16:22Z,d04aa6ebc765cd90d43a6b6459eb68372de3ad9e,,0,0,
WebGestor/Inventario/GuiaInterna/GuiaInterna_Nro_00031533.pdf,WebGestor/Inventario/GuiaInterna,GuiaInterna_Nro_00031533.pdf,.pdf,1901,2025-11-10T02:16:22Z,cac8f3bc06f190d6779e65be3251792f6988453a,,0,0,
WebGestor/Inventario/GuiaInterna/GuiaInterna_Nro_00031534.pdf,WebGestor/Inventario/GuiaInterna,GuiaInterna_Nro_00031534.pdf,.pdf,1965,2025-11-10T02:16:22Z,a67bca4b4f82335dc5169b532e1f265692fa7ae2,,0,0,
WebGestor/Inventario/GuiaInterna/GuiaInterna_Nro_00031541.pdf,WebGestor/Inventario/GuiaInterna,GuiaInterna_Nro_00031541.pdf,.pdf,1887,2025-11-10T02:16:22Z,8b7e79a51da3c4db6372c79b50e70f991d5028ce,,0,0,
WebGestor/Inventario/GuiaInterna/GuiaInterna_Nro_00031542.pdf,WebGestor/Inventario/GuiaInterna,GuiaInterna_Nro_00031542.pdf,.pdf,1900,2025-11-10T02:16:22Z,a6710d9ef1f5fc11b395d97d0dac3fe2f0aeeec3,,0,0,
WebGestor/Inventario/GuiaInterna/GuiaInterna_Nro_00031543.pdf,WebGestor/Inventario/GuiaInterna,GuiaInterna_Nro_00031543.pdf,.pdf,1877,2025-11-10T02:16:22Z,5c4c8db77e7886afe2d8d6b62822ad46b438c90c,,0,0,
WebGestor/Inventario/GuiaInterna/GuiaInterna_Nro_00031544.pdf,WebGestor/Inventario/GuiaInterna,GuiaInterna_Nro_00031544.pdf,.pdf,1900,2025-11-10T02:16:22Z,6b5bfeb3ee607b20c1299434ab46815c60354d71,,0,0,
WebGestor/Inventario/GuiaInterna/GuiaInterna_Nro_00031546.pdf,WebGestor/Inventario/GuiaInterna,GuiaInterna_Nro_00031546.pdf,.pdf,1886,2025-11-10T02:16:22Z,2adb9a785626c55ef54873bb1f375413778a43ca,,0,0,
WebGestor/Inventario/GuiaInterna/GuiaInterna_Nro_00031547.pdf,WebGestor/Inventario/GuiaInterna,GuiaInterna_Nro_00031547.pdf,.pdf,1890,2025-11-10T02:16:22Z,cfcda62f8bf209768d2ec20c1ff1bea830315b9b,,0,0,
WebGestor/Inventario/GuiaInterna/GuiaInterna_Nro_00031554.pdf,WebGestor/Inventario/GuiaInterna,GuiaInterna_Nro_00031554.pdf,.pdf,1931,2025-11-10T02:16:22Z,3e918e6bff212f3c44a8c8879ef1a44564b51101,,0,0,
WebGestor/Inventario/GuiaInterna/GuiaInterna_Nro_00031557.pdf,WebGestor/Inventario/GuiaInterna,GuiaInterna_Nro_00031557.pdf,.pdf,1995,2025-11-10T02:16:22Z,1386a934d742f911fc35982f2dbd0b978462a0ba,,0,0,
WebGestor/Inventario/GuiaInterna/GuiaInterna_Nro_00031560.pdf,WebGestor/Inventario/GuiaInterna,GuiaInterna_Nro_00031560.pdf,.pdf,1875,2025-11-10T02:16:22Z,a51352712fb5c26e8ec3270fd7768c7deaaf5b5d,,0,0,
WebGestor/Inventario/GuiaInterna/GuiaInterna_Nro_00031561.pdf,WebGestor/Inventario/GuiaInterna,GuiaInterna_Nro_00031561.pdf,.pdf,1898,2025-11-10T02:16:22Z,8344ae11f646a4281a5f009e882e16bb598f848a,,0,0,
WebGestor/Inventario/GuiaInterna/GuiaInterna_Nro_00031562.pdf,WebGestor/Inventario/GuiaInterna,GuiaInterna_Nro_00031562.pdf,.pdf,1887,2025-11-10T02:16:22Z,0cf1e7051adc01bcb672be656d792611071acc55,,0,0,
WebGestor/Inventario/GuiaInterna/GuiaInterna_Nro_00031564.pdf,WebGestor/Inventario/GuiaInterna,GuiaInterna_Nro_00031564.pdf,.pdf,2304,2025-11-10T02:16:22Z,8738b8deac89faaf95c608b45c009f3c788ff1c5,,0,0,
WebGestor/Inventario/GuiaInterna/GuiaInterna_Nro_00031565.pdf,WebGestor/Inventario/GuiaInterna,GuiaInterna_Nro_00031565.pdf,.pdf,1912,2025-11-10T02:16:22Z,dca0a31f865ca34fe12618be7c6e1b81d25ff795,,0,0,
WebGestor/Inventario/GuiaInterna/GuiaInterna_Nro_00031566.pdf,WebGestor/Inventario/GuiaInterna,GuiaInterna_Nro_00031566.pdf,.pdf,1899,2025-11-10T02:16:22Z,a0efe7aa9d2e645402a622ba57e9f81ac28a1203,,0,0,
WebGestor/Inventario/GuiaInterna/GuiaInterna_Nro_00031567.pdf,WebGestor/Inventario/GuiaInterna,GuiaInterna_Nro_00031567.pdf,.pdf,1931,2025-11-10T02:16:22Z,714d573e86fd581c684cc858d424a43b759db455,,0,0,
WebGestor/Inventario/GuiaInterna/GuiaInterna_Nro_00031570.pdf,WebGestor/Inventario/GuiaInterna,GuiaInterna_Nro_00031570.pdf,.pdf,1953,2025-11-10T02:16:22Z,0ff68232b0bbb7b7fff02cea1dbe8cadca9870ec,,0,0,
WebGestor/Inventario/GuiaInterna/GuiaInterna_Nro_00031573.pdf,WebGestor/Inventario/GuiaInterna,GuiaInterna_Nro_00031573.pdf,.pdf,1905,2025-11-10T02:16:22Z,3e14a60c12d172f486e03442b5c996822ef7f6ac,,0,0,
WebGestor/Inventario/GuiaInterna/GuiaInterna_Nro_00031575.pdf,WebGestor/Inventario/GuiaInterna,GuiaInterna_Nro_00031575.pdf,.pdf,1896,2025-11-10T02:16:22Z,e3e4701de0640223cb6624a5194a6b439e008637,,0,0,
WebGestor/Inventario/GuiaInterna/GuiaInterna_Nro_00031576.pdf,WebGestor/Inventario/GuiaInterna,GuiaInterna_Nro_00031576.pdf,.pdf,1962,2025-11-10T02:16:22Z,9bd0597db4a0f115a2890ba37d2903aa2d945e69,,0,0,
WebGestor/Inventario/GuiaInterna/GuiaInterna_Nro_00031579.pdf,WebGestor/Inventario/GuiaInterna,GuiaInterna_Nro_00031579.pdf,.pdf,1925,2025-11-10T02:16:22Z,93e90ea6ac937da21a2f36e11fa5cd28eb33230f,,0,0,
WebGestor/Inventario/GuiaInterna/GuiaInterna_Nro_00031582.pdf,WebGestor/Inventario/GuiaInterna,GuiaInterna_Nro_00031582.pdf,.pdf,1895,2025-11-10T02:16:22Z,c2c67d9da8a5d66c8de8e9c19463a51b6b3ead9d,,0,0,
WebGestor/Inventario/GuiaInterna/GuiaInterna_Nro_00031598.pdf,WebGestor/Inventario/GuiaInterna,GuiaInterna_Nro_00031598.pdf,.pdf,2001,2025-11-10T02:16:22Z,13b4d2ef36468263e82019c6ad38d1aa894a7306,,0,0,
WebGestor/Inventario/GuiaInterna/GuiaInterna_Nro_00031606.pdf,WebGestor/Inventario/GuiaInterna,GuiaInterna_Nro_00031606.pdf,.pdf,1894,2025-11-10T02:16:22Z,20dc9fc8962fed10754a09994f869a4b7fede6eb,,0,0,
WebGestor/Inventario/GuiaInterna/GuiaInterna_Nro_00031607.pdf,WebGestor/Inventario/GuiaInterna,GuiaInterna_Nro_00031607.pdf,.pdf,1979,2025-11-10T02:16:22Z,e78824475b1378af42a457e3a02b762dba589161,,0,0,
WebGestor/Inventario/GuiaInterna/GuiaInterna_Nro_00031608.pdf,WebGestor/Inventario/GuiaInterna,GuiaInterna_Nro_00031608.pdf,.pdf,1895,2025-11-10T02:16:22Z,6ccc6a900460338d5192ffd18f8ffe504b1894eb,,0,0,
WebGestor/Inventario/GuiaInterna/GuiaInterna_Nro_00031610.pdf,WebGestor/Inventario/GuiaInterna,GuiaInterna_Nro_00031610.pdf,.pdf,1901,2025-11-10T02:16:22Z,34c149dc7b5f517f618e37373cbede2ed6e5c543,,0,0,
WebGestor/Inventario/GuiaInterna/GuiaInterna_Nro_00031611.pdf,WebGestor/Inventario/GuiaInterna,GuiaInterna_Nro_00031611.pdf,.pdf,1960,2025-11-10T02:16:22Z,80b979f38bc336989396362837dbb8c3f9402f8c,,0,0,
WebGestor/Inventario/GuiaInterna/GuiaInterna_Nro_00031612.pdf,WebGestor/Inventario/GuiaInterna,GuiaInterna_Nro_00031612.pdf,.pdf,1976,2025-11-10T02:16:22Z,1903e405e057d080ca4782bf14e7faaa319377a9,,0,0,
WebGestor/Inventario/GuiaInterna/GuiaInterna_Nro_00031617.pdf,WebGestor/Inventario/GuiaInterna,GuiaInterna_Nro_00031617.pdf,.pdf,1889,2025-11-10T02:16:22Z,f00829fa89d4fbaaaeae5e2ecbda2afe75ff5ae8,,0,0,
WebGestor/Inventario/GuiaInterna/GuiaInterna_Nro_00031618.pdf,WebGestor/Inventario/GuiaInterna,GuiaInterna_Nro_00031618.pdf,.pdf,1898,2025-11-10T02:16:22Z,bf84aa4a2fc938539f54970689c9e075c8461c4a,,0,0,
WebGestor/Inventario/GuiaInterna/GuiaInterna_Nro_00031619.pdf,WebGestor/Inventario/GuiaInterna,GuiaInterna_Nro_00031619.pdf,.pdf,1890,2025-11-10T02:16:22Z,0bcc12e66639d44e31e8a368543005e3527521de,,0,0,
WebGestor/Inventario/GuiaInterna/GuiaInterna_Nro_00031620.pdf,WebGestor/Inventario/GuiaInterna,GuiaInterna_Nro_00031620.pdf,.pdf,1876,2025-11-10T02:16:22Z,9888e7f2e17b6efafb64f497653047cd7f6e4b9d,,0,0,
WebGestor/Inventario/GuiaInterna/GuiaInterna_Nro_00031621.pdf,WebGestor/Inventario/GuiaInterna,GuiaInterna_Nro_00031621.pdf,.pdf,1888,2025-11-10T02:16:22Z,cef58d218d97d29596d37ae3fbce0e9e2ddb72b6,,0,0,
WebGestor/Inventario/GuiaInterna/GuiaInterna_Nro_00031624.pdf,WebGestor/Inventario/GuiaInterna,GuiaInterna_Nro_00031624.pdf,.pdf,1881,2025-11-10T02:16:22Z,97447c341ce9a7b0d1dfe2d224fab2494fbe02c6,,0,0,
WebGestor/Inventario/GuiaInterna/GuiaInterna_Nro_00031625.pdf,WebGestor/Inventario/GuiaInterna,GuiaInterna_Nro_00031625.pdf,.pdf,1878,2025-11-10T02:16:22Z,662a15b0febbeeabec09192f1c695f946bd5d89b,,0,0,
WebGestor/Inventario/GuiaInterna/GuiaInterna_Nro_00031626.pdf,WebGestor/Inventario/GuiaInterna,GuiaInterna_Nro_00031626.pdf,.pdf,1880,2025-11-10T02:16:22Z,4d1d4ca592109dc286584293c24f0d0df81d923c,,0,0,
WebGestor/Inventario/GuiaInterna/GuiaInterna_Nro_00031627.pdf,WebGestor/Inventario/GuiaInterna,GuiaInterna_Nro_00031627.pdf,.pdf,1884,2025-11-10T02:16:22Z,aa55fbd70e8a58be1db2b74c615d968117a4eb9c,,0,0,
WebGestor/Inventario/GuiaInterna/GuiaInterna_Nro_00031629.pdf,WebGestor/Inventario/GuiaInterna,GuiaInterna_Nro_00031629.pdf,.pdf,1907,2025-11-10T02:16:22Z,14637632a0c9027e763263d3c981b5c8ecbdc96a,,0,0,
WebGestor/Inventario/GuiaInterna/GuiaInterna_Nro_00031632.pdf,WebGestor/Inventario/GuiaInterna,GuiaInterna_Nro_00031632.pdf,.pdf,1893,2025-11-10T02:16:22Z,5e074c6c0f6e7f777dfa1ba3558c2a71243d9343,,0,0,
WebGestor/Inventario/GuiaInterna/GuiaInterna_Nro_00031634.pdf,WebGestor/Inventario/GuiaInterna,GuiaInterna_Nro_00031634.pdf,.pdf,1897,2025-11-10T02:16:22Z,ab24f8cabad9a10600cdc25a6e8909e1fb672645,,0,0,
WebGestor/Inventario/GuiaInterna/GuiaInterna_Nro_00031635.pdf,WebGestor/Inventario/GuiaInterna,GuiaInterna_Nro_00031635.pdf,.pdf,1933,2025-11-10T02:16:22Z,144322eda691e6ef14bab76d8648ff7d418c4327,,0,0,
WebGestor/Inventario/GuiaInterna/GuiaInterna_Nro_00031640.pdf,WebGestor/Inventario/GuiaInterna,GuiaInterna_Nro_00031640.pdf,.pdf,1883,2025-11-10T02:16:22Z,e70d608fe6eb1a009078d1bdcaa8de8de3d2c977,,0,0,
WebGestor/Inventario/GuiaInterna/GuiaInterna_Nro_00031641.pdf,WebGestor/Inventario/GuiaInterna,GuiaInterna_Nro_00031641.pdf,.pdf,1889,2025-11-10T02:16:22Z,30a6a60e02f83f90a3f3a52e33dee1a3504fd16c,,0,0,
WebGestor/Inventario/GuiaInterna/GuiaInterna_Nro_00031642.pdf,WebGestor/Inventario/GuiaInterna,GuiaInterna_Nro_00031642.pdf,.pdf,1895,2025-11-10T02:16:22Z,f93136940bb214f554f775fb273a97555a330f65,,0,0,
WebGestor/Inventario/GuiaInterna/GuiaInterna_Nro_00031643.pdf,WebGestor/Inventario/GuiaInterna,GuiaInterna_Nro_00031643.pdf,.pdf,1891,2025-11-10T02:16:22Z,ed12f5286ebfad660221af78f1b88ef355c716a7,,0,0,
WebGestor/Inventario/GuiaInterna/GuiaInterna_Nro_00031644.pdf,WebGestor/Inventario/GuiaInterna,GuiaInterna_Nro_00031644.pdf,.pdf,1880,2025-11-10T02:16:22Z,b74b88093861226cf1e7119b7fc599c4c94d806d,,0,0,
WebGestor/Inventario/GuiaInterna/GuiaInterna_Nro_00031645.pdf,WebGestor/Inventario/GuiaInterna,GuiaInterna_Nro_00031645.pdf,.pdf,1889,2025-11-10T02:16:22Z,babbca06758469e19aed7856c5cb4b9207b69ce8,,0,0,
WebGestor/Inventario/GuiaInterna/GuiaInterna_Nro_00031646.pdf,WebGestor/Inventario/GuiaInterna,GuiaInterna_Nro_00031646.pdf,.pdf,1882,2025-11-10T02:16:22Z,1e5853bcb924af02a4427d84ee348d118df983b0,,0,0,
WebGestor/Inventario/GuiaInterna/GuiaInterna_Nro_00031647.pdf,WebGestor/Inventario/GuiaInterna,GuiaInterna_Nro_00031647.pdf,.pdf,1882,2025-11-10T02:16:22Z,899f0aa9fb7ede8018c5942168371c5f389c5048,,0,0,
WebGestor/Inventario/GuiaInterna/GuiaInterna_Nro_00031648.pdf,WebGestor/Inventario/GuiaInterna,GuiaInterna_Nro_00031648.pdf,.pdf,1886,2025-11-10T02:16:22Z,082a4141f5eee1d090b27748d1587a36364279af,,0,0,
WebGestor/Inventario/GuiaInterna/GuiaInterna_Nro_00031649.pdf,WebGestor/Inventario/GuiaInterna,GuiaInterna_Nro_00031649.pdf,.pdf,1914,2025-11-10T02:16:22Z,1db174e3886024f19aa342ba43e4b6282d29de78,,0,0,
WebGestor/Inventario/GuiaInterna/GuiaInterna_Nro_00031650.pdf,WebGestor/Inventario/GuiaInterna,GuiaInterna_Nro_00031650.pdf,.pdf,1900,2025-11-10T02:16:22Z,606eac401731c0c547cdcc1ca0162b5140259b12,,0,0,
WebGestor/Inventario/GuiaInterna/GuiaInterna_Nro_00031651.pdf,WebGestor/Inventario/GuiaInterna,GuiaInterna_Nro_00031651.pdf,.pdf,1913,2025-11-10T02:16:22Z,6ef939cf8d129c443f0f28ee1b09cd255f65c31a,,0,0,
WebGestor/Inventario/GuiaInterna/GuiaInterna_Nro_00031655.pdf,WebGestor/Inventario/GuiaInterna,GuiaInterna_Nro_00031655.pdf,.pdf,1926,2025-11-10T02:16:22Z,d16b4e97a7765d1de952631875e832170b929fc7,,0,0,
WebGestor/Inventario/GuiaInterna/GuiaInterna_Nro_00031657.pdf,WebGestor/Inventario/GuiaInterna,GuiaInterna_Nro_00031657.pdf,.pdf,1885,2025-11-10T02:16:22Z,eb72e909ee3bba7cbe3a50836c58968e67fc8ab1,,0,0,
WebGestor/Inventario/GuiaInterna/GuiaInterna_Nro_00031658.pdf,WebGestor/Inventario/GuiaInterna,GuiaInterna_Nro_00031658.pdf,.pdf,1892,2025-11-10T02:16:22Z,edaae7d402e2ad829bc69a5d79d38ee48343438e,,0,0,
WebGestor/Inventario/GuiaInterna/GuiaInterna_Nro_00031659.pdf,WebGestor/Inventario/GuiaInterna,GuiaInterna_Nro_00031659.pdf,.pdf,1899,2025-11-10T02:16:22Z,ce90d0b2262765a426f7e488b8bd53561b541afd,,0,0,
WebGestor/Inventario/GuiaInterna/GuiaInterna_Nro_00031660.pdf,WebGestor/Inventario/GuiaInterna,GuiaInterna_Nro_00031660.pdf,.pdf,1887,2025-11-10T02:16:22Z,15c7f646ded0734685e2326ee1b4703109a8ac8b,,0,0,
WebGestor/Inventario/GuiaInterna/GuiaInterna_Nro_00031661.pdf,WebGestor/Inventario/GuiaInterna,GuiaInterna_Nro_00031661.pdf,.pdf,1879,2025-11-10T02:16:22Z,b6039bfb997c70835684ca9808a78c474ceba438,,0,0,
WebGestor/Inventario/GuiaInterna/GuiaInterna_Nro_00031662.pdf,WebGestor/Inventario/GuiaInterna,GuiaInterna_Nro_00031662.pdf,.pdf,1882,2025-11-10T02:16:22Z,b1b997d66f18bee42518124aa7ecc6fc199b4c6e,,0,0,
WebGestor/Inventario/GuiaInterna/GuiaInterna_Nro_00031663.pdf,WebGestor/Inventario/GuiaInterna,GuiaInterna_Nro_00031663.pdf,.pdf,1896,2025-11-10T02:16:22Z,520f2fb779d895c7276e30fbb90c57f167a2d38f,,0,0,
WebGestor/Inventario/GuiaInterna/GuiaInterna_Nro_00031664.pdf,WebGestor/Inventario/GuiaInterna,GuiaInterna_Nro_00031664.pdf,.pdf,1882,2025-11-10T02:16:22Z,755fe9201d7c132e009a6dd7a5cc80ecfab4cc83,,0,0,
WebGestor/Inventario/GuiaInterna/GuiaInterna_Nro_00031665.pdf,WebGestor/Inventario/GuiaInterna,GuiaInterna_Nro_00031665.pdf,.pdf,1890,2025-11-10T02:16:22Z,b5f2911119e78d3cae01dcbf0fcb7a23bd0d9c3a,,0,0,
WebGestor/Inventario/GuiaInterna/GuiaInterna_Nro_00031666.pdf,WebGestor/Inventario/GuiaInterna,GuiaInterna_Nro_00031666.pdf,.pdf,1952,2025-11-10T02:16:22Z,e60ffb75be832e7745b1612ddd78b195f30fd12e,,0,0,
WebGestor/Inventario/GuiaInterna/GuiaInterna_Nro_00031667.pdf,WebGestor/Inventario/GuiaInterna,GuiaInterna_Nro_00031667.pdf,.pdf,1894,2025-11-10T02:16:22Z,06bd980f83ddf1a3f15d1480f9f5efd0941c2d05,,0,0,
WebGestor/Inventario/GuiaInterna/GuiaInterna_Nro_00031668.pdf,WebGestor/Inventario/GuiaInterna,GuiaInterna_Nro_00031668.pdf,.pdf,1924,2025-11-10T02:16:22Z,5022c430396a22e70e38122075a81e2fa45bde28,,0,0,
WebGestor/Inventario/GuiaInterna/GuiaInterna_Nro_00031669.pdf,WebGestor/Inventario/GuiaInterna,GuiaInterna_Nro_00031669.pdf,.pdf,2091,2025-11-10T02:16:22Z,9c729bb0742b4f6885f5779323825b0ebef615df,,0,0,
WebGestor/Inventario/GuiaInterna/GuiaInterna_Nro_00031674.pdf,WebGestor/Inventario/GuiaInterna,GuiaInterna_Nro_00031674.pdf,.pdf,1893,2025-11-10T02:16:22Z,a94229a35b87f96cd4a743915ea4c06dc654d15a,,0,0,
WebGestor/Inventario/GuiaInterna/GuiaInterna_Nro_00031675.pdf,WebGestor/Inventario/GuiaInterna,GuiaInterna_Nro_00031675.pdf,.pdf,1947,2025-11-10T02:16:22Z,185d6cda1256c941f481898a756b5fa22751f267,,0,0,
WebGestor/Inventario/GuiaInterna/GuiaInterna_Nro_00031676.pdf,WebGestor/Inventario/GuiaInterna,GuiaInterna_Nro_00031676.pdf,.pdf,1976,2025-11-10T02:16:22Z,dce8bb8cc556e084d8b0e2de1c20969227e00c41,,0,0,
WebGestor/Inventario/GuiaInterna/GuiaInterna_Nro_00031677.pdf,WebGestor/Inventario/GuiaInterna,GuiaInterna_Nro_00031677.pdf,.pdf,1901,2025-11-10T02:16:22Z,a9c968c967f5ef978be4f23f1fab91a94f8a48b3,,0,0,
WebGestor/Inventario/GuiaInterna/GuiaInterna_Nro_00031679.pdf,WebGestor/Inventario/GuiaInterna,GuiaInterna_Nro_00031679.pdf,.pdf,1982,2025-11-10T02:16:22Z,e18bdb7938edf03bd0e2c9c3cfd719b29efa1b72,,0,0,
WebGestor/Inventario/GuiaInterna/GuiaInterna_Nro_00031681.pdf,WebGestor/Inventario/GuiaInterna,GuiaInterna_Nro_00031681.pdf,.pdf,1896,2025-11-10T02:16:22Z,cebe12f1253e380b818f807eb80f0fd9c02d5f75,,0,0,
WebGestor/Inventario/GuiaInterna/GuiaInterna_Nro_00031682.pdf,WebGestor/Inventario/GuiaInterna,GuiaInterna_Nro_00031682.pdf,.pdf,2092,2025-11-10T02:16:22Z,d0a39df2b14d92abf999b986a47d3ad87d62acae,,0,0,
WebGestor/Inventario/GuiaInterna/GuiaInterna_Nro_00031684.pdf,WebGestor/Inventario/GuiaInterna,GuiaInterna_Nro_00031684.pdf,.pdf,1940,2025-11-10T02:16:22Z,35f6f87e03ecf469fcdc225bf0f987fb91d8da4d,,0,0,
WebGestor/Inventario/GuiaInterna/GuiaInterna_Nro_00031686.pdf,WebGestor/Inventario/GuiaInterna,GuiaInterna_Nro_00031686.pdf,.pdf,1893,2025-11-10T02:16:22Z,19fd8970d2770dbda509cfaa8ec94e271a5526dc,,0,0,
WebGestor/Inventario/GuiaInterna/GuiaInterna_Nro_00031689.pdf,WebGestor/Inventario/GuiaInterna,GuiaInterna_Nro_00031689.pdf,.pdf,1932,2025-11-10T02:16:22Z,c020ba11db3d2b7ee40fe39f2828dee1708e06ac,,0,0,
WebGestor/Inventario/GuiaInterna/GuiaInterna_Nro_00031691.pdf,WebGestor/Inventario/GuiaInterna,GuiaInterna_Nro_00031691.pdf,.pdf,1914,2025-11-10T02:16:22Z,dc1a190c9ffeb57cf4f8ff7b13275a39857730ce,,0,0,
WebGestor/Inventario/GuiaInterna/GuiaInterna_Nro_00031692.pdf,WebGestor/Inventario/GuiaInterna,GuiaInterna_Nro_00031692.pdf,.pdf,1934,2025-11-10T02:16:22Z,5c98b92e07765f622afabaa5f2fcba0c56d32185,,0,0,
WebGestor/Inventario/GuiaInterna/GuiaInterna_Nro_00031694.pdf,WebGestor/Inventario/GuiaInterna,GuiaInterna_Nro_00031694.pdf,.pdf,1922,2025-11-10T02:16:22Z,855bcb401e35446511659339d6482be349e5ee20,,0,0,
WebGestor/Inventario/GuiaInterna/GuiaInterna_Nro_00031695.pdf,WebGestor/Inventario/GuiaInterna,GuiaInterna_Nro_00031695.pdf,.pdf,1905,2025-11-10T02:16:22Z,e4d2ffd10e4987c472493f5491d7ccecbe7d1dc1,,0,0,
WebGestor/Inventario/GuiaInterna/GuiaInterna_Nro_00031696.pdf,WebGestor/Inventario/GuiaInterna,GuiaInterna_Nro_00031696.pdf,.pdf,1893,2025-11-10T02:16:22Z,ea000966a2d8303b4ffc279651849d0935e74e07,,0,0,
WebGestor/Inventario/GuiaInterna/GuiaInterna_Nro_00031697.pdf,WebGestor/Inventario/GuiaInterna,GuiaInterna_Nro_00031697.pdf,.pdf,1962,2025-11-10T02:16:22Z,7f687e5d8838c9b4c6a6f6cddd50d3075d2ed677,,0,0,
WebGestor/Inventario/GuiaInterna/GuiaInterna_Nro_00031698.pdf,WebGestor/Inventario/GuiaInterna,GuiaInterna_Nro_00031698.pdf,.pdf,1947,2025-11-10T02:16:22Z,7697f23bc7826ef42d741a0ade32e48b2630fb98,,0,0,
WebGestor/Inventario/GuiaInterna/GuiaInterna_Nro_00031701.pdf,WebGestor/Inventario/GuiaInterna,GuiaInterna_Nro_00031701.pdf,.pdf,2003,2025-11-10T02:16:22Z,5631c1201d3bced103d05cf6ae4a3e71fe9f8146,,0,0,
WebGestor/Inventario/GuiaInterna/GuiaInterna_Nro_00031702.pdf,WebGestor/Inventario/GuiaInterna,GuiaInterna_Nro_00031702.pdf,.pdf,1984,2025-11-10T02:16:22Z,609446ec0da9001266083da312e483b8e5c8b0db,,0,0,
WebGestor/Inventario/GuiaInterna/GuiaInterna_Nro_00031706.pdf,WebGestor/Inventario/GuiaInterna,GuiaInterna_Nro_00031706.pdf,.pdf,1952,2025-11-10T02:16:22Z,e04b6b1d5e18af228b70a120cc0b4c95554ea235,,0,0,
WebGestor/Inventario/GuiaInterna/GuiaInterna_Nro_00031711.pdf,WebGestor/Inventario/GuiaInterna,GuiaInterna_Nro_00031711.pdf,.pdf,1997,2025-11-10T02:16:22Z,0ee419096a1bf6676cffdaff1c3e4589625848cc,,0,0,
WebGestor/Inventario/GuiaInterna/GuiaInterna_Nro_00031722.pdf,WebGestor/Inventario/GuiaInterna,GuiaInterna_Nro_00031722.pdf,.pdf,1931,2025-11-10T02:16:22Z,4628cefcdd8c66e92d68f77034519c8dbfa129a8,,0,0,
WebGestor/Inventario/GuiaInterna/GuiaInterna_Nro_00031723.pdf,WebGestor/Inventario/GuiaInterna,GuiaInterna_Nro_00031723.pdf,.pdf,2016,2025-11-10T02:16:22Z,c3af5b5f4c4ed4d710507aba41bf8b66f19132a7,,0,0,
WebGestor/Inventario/GuiaInterna/GuiaInterna_Nro_00031725.pdf,WebGestor/Inventario/GuiaInterna,GuiaInterna_Nro_00031725.pdf,.pdf,1942,2025-11-10T02:16:22Z,674018b8e6a101ca68bac8256a967d22d4503288,,0,0,
WebGestor/Inventario/GuiaInterna/GuiaInterna_Nro_00031726.pdf,WebGestor/Inventario/GuiaInterna,GuiaInterna_Nro_00031726.pdf,.pdf,1936,2025-11-10T02:16:22Z,a6716cfa275dc924b1baf8d67d52b079cf5780d4,,0,0,
WebGestor/Inventario/GuiaInterna/GuiaInterna_Nro_00031733.pdf,WebGestor/Inventario/GuiaInterna,GuiaInterna_Nro_00031733.pdf,.pdf,2014,2025-11-10T02:16:22Z,650ad1f4df7f79535e0583b1247edcd1f735012c,,0,0,
WebGestor/Inventario/GuiaInterna/GuiaInterna_Nro_00031734.pdf,WebGestor/Inventario/GuiaInterna,GuiaInterna_Nro_00031734.pdf,.pdf,1929,2025-11-10T02:16:22Z,38655df01011d81e46f3f1a9a03b8472f6aa0420,,0,0,
WebGestor/Inventario/GuiaInterna/GuiaInterna_Nro_00031736.pdf,WebGestor/Inventario/GuiaInterna,GuiaInterna_Nro_00031736.pdf,.pdf,1881,2025-11-10T02:16:22Z,b335608f6336417cff4c45c6174e17fae992885a,,0,0,
WebGestor/Inventario/GuiaInterna/GuiaInterna_Nro_00031741.pdf,WebGestor/Inventario/GuiaInterna,GuiaInterna_Nro_00031741.pdf,.pdf,1911,2025-11-10T02:16:22Z,833a22bc60555345a0a120c2528690d6033971a3,,0,0,
WebGestor/Inventario/GuiaInterna/GuiaInterna_Nro_00031744.pdf,WebGestor/Inventario/GuiaInterna,GuiaInterna_Nro_00031744.pdf,.pdf,1921,2025-11-10T02:16:22Z,a45a9a23dfb5a9b6eab9121ffb889b5df33e722e,,0,0,
WebGestor/Inventario/GuiaInterna/GuiaInterna_Nro_00031745.pdf,WebGestor/Inventario/GuiaInterna,GuiaInterna_Nro_00031745.pdf,.pdf,1964,2025-11-10T02:16:22Z,e13c014284c6586670e4b513f6f562294b276ea1,,0,0,
WebGestor/Inventario/GuiaInterna/GuiaInterna_Nro_00031747.pdf,WebGestor/Inventario/GuiaInterna,GuiaInterna_Nro_00031747.pdf,.pdf,1996,2025-11-10T02:16:22Z,b2d2c7594cd98716c4fe22b7868bb0e522989280,,0,0,
WebGestor/Inventario/GuiaInterna/GuiaInterna_Nro_00031748.pdf,WebGestor/Inventario/GuiaInterna,GuiaInterna_Nro_00031748.pdf,.pdf,1884,2025-11-10T02:16:22Z,0dec1af8cb7742e0a3e0e94cb69c2eec63dbe59f,,0,0,
WebGestor/Inventario/GuiaInterna/GuiaInterna_Nro_00031749.pdf,WebGestor/Inventario/GuiaInterna,GuiaInterna_Nro_00031749.pdf,.pdf,1906,2025-11-10T02:16:22Z,200decbdbec273537e881af9ab1dfcae0994705d,,0,0,
WebGestor/Inventario/GuiaInterna/GuiaInterna_Nro_00031752.pdf,WebGestor/Inventario/GuiaInterna,GuiaInterna_Nro_00031752.pdf,.pdf,1899,2025-11-10T02:16:22Z,c25c7d0cf09873f43f8bfd2fc170e133950139bc,,0,0,
WebGestor/Inventario/GuiaInterna/GuiaInterna_Nro_00031753.pdf,WebGestor/Inventario/GuiaInterna,GuiaInterna_Nro_00031753.pdf,.pdf,1931,2025-11-10T02:16:22Z,aa262b5b81da7ac1e46dd7dc68f0ae7ac3e16be6,,0,0,
WebGestor/Inventario/GuiaInterna/GuiaInterna_Nro_00031756.pdf,WebGestor/Inventario/GuiaInterna,GuiaInterna_Nro_00031756.pdf,.pdf,2402,2025-11-10T02:16:22Z,9e4f5fcc6e672dfa3c2bee352b297e6df2ea6a83,,0,0,
WebGestor/Inventario/GuiaInterna/GuiaInterna_Nro_00031760.pdf,WebGestor/Inventario/GuiaInterna,GuiaInterna_Nro_00031760.pdf,.pdf,1893,2025-11-10T02:16:22Z,5509cd921f79e175321e70151d991fb565cd5489,,0,0,
WebGestor/Inventario/GuiaInterna/GuiaInterna_Nro_00031766.pdf,WebGestor/Inventario/GuiaInterna,GuiaInterna_Nro_00031766.pdf,.pdf,2695,2025-11-10T02:16:22Z,f6c98014a4d2d049975a4bfcea86f937c33cdccb,,0,0,
WebGestor/Inventario/GuiaInterna/GuiaInterna_Nro_00031767.pdf,WebGestor/Inventario/GuiaInterna,GuiaInterna_Nro_00031767.pdf,.pdf,1907,2025-11-10T02:16:22Z,a4a7ff0a2de90924bc2a45ec415fd1a3dbd700ea,,0,0,
WebGestor/Inventario/GuiaInterna/GuiaInterna_Nro_00031770.pdf,WebGestor/Inventario/GuiaInterna,GuiaInterna_Nro_00031770.pdf,.pdf,1890,2025-11-10T02:16:22Z,fb55ecfd75d4351cac99c88b52dcf978f4235b26,,0,0,
WebGestor/Inventario/GuiaInterna/GuiaInterna_Nro_00031773.pdf,WebGestor/Inventario/GuiaInterna,GuiaInterna_Nro_00031773.pdf,.pdf,2030,2025-11-10T02:16:22Z,9bc53eb7376fa7e6bc5a7e4b852810e4fed8a384,,0,0,
WebGestor/Inventario/GuiaInterna/GuiaInterna_Nro_00031789.pdf,WebGestor/Inventario/GuiaInterna,GuiaInterna_Nro_00031789.pdf,.pdf,1973,2025-11-10T02:16:22Z,5f778575f0f773553c7478dac60db751cc88cc91,,0,0,
WebGestor/Inventario/GuiaInterna/GuiaInterna_Nro_00031790.pdf,WebGestor/Inventario/GuiaInterna,GuiaInterna_Nro_00031790.pdf,.pdf,2075,2025-11-10T02:16:22Z,59395ae3791375ba8e0e39e6cb1e40b2338371d8,,0,0,
WebGestor/Inventario/GuiaInterna/GuiaInterna_Nro_00031791.pdf,WebGestor/Inventario/GuiaInterna,GuiaInterna_Nro_00031791.pdf,.pdf,2067,2025-11-10T02:16:22Z,b57b1e70d2ceb2111240eaf3bd17eb503e85ec33,,0,0,
WebGestor/Inventario/GuiaInterna/GuiaInterna_Nro_00031792.pdf,WebGestor/Inventario/GuiaInterna,GuiaInterna_Nro_00031792.pdf,.pdf,1980,2025-11-10T02:16:22Z,b188d57d52533f9a17d4009f53bdd9d6f36d5503,,0,0,
WebGestor/Inventario/GuiaInterna/GuiaInterna_Nro_00031793.pdf,WebGestor/Inventario/GuiaInterna,GuiaInterna_Nro_00031793.pdf,.pdf,1935,2025-11-10T02:16:22Z,69b50b40fb2f57ea3362b72748818264fc73f00a,,0,0,
WebGestor/Inventario/GuiaInterna/GuiaInterna_Nro_00031816.pdf,WebGestor/Inventario/GuiaInterna,GuiaInterna_Nro_00031816.pdf,.pdf,1909,2025-11-10T02:16:22Z,a4d8606171331020b5fa01d04decc1df703b1a9f,,0,0,
WebGestor/Inventario/GuiaInterna/GuiaInterna_Nro_00031822.pdf,WebGestor/Inventario/GuiaInterna,GuiaInterna_Nro_00031822.pdf,.pdf,1954,2025-11-10T02:16:22Z,1101bb7892d990d3294142243a3f1a7dd0c2e96c,,0,0,
WebGestor/Inventario/GuiaInterna/GuiaInterna_Nro_00031823.pdf,WebGestor/Inventario/GuiaInterna,GuiaInterna_Nro_00031823.pdf,.pdf,1912,2025-11-10T02:16:22Z,d64fefbac66ace3bcbb50560ed41504267ccbc87,,0,0,
WebGestor/Inventario/GuiaInterna/GuiaInterna_Nro_00031824.pdf,WebGestor/Inventario/GuiaInterna,GuiaInterna_Nro_00031824.pdf,.pdf,1984,2025-11-10T02:16:22Z,243afe848ddc6020c441296f43e2c502a17379fa,,0,0,
WebGestor/Inventario/GuiaInterna/GuiaInterna_Nro_00031826.pdf,WebGestor/Inventario/GuiaInterna,GuiaInterna_Nro_00031826.pdf,.pdf,1899,2025-11-10T02:16:22Z,f29ee28788ca89af18388addb4c964ee698f457d,,0,0,
WebGestor/Inventario/GuiaInterna/GuiaInterna_Nro_00031829.pdf,WebGestor/Inventario/GuiaInterna,GuiaInterna_Nro_00031829.pdf,.pdf,2028,2025-11-10T02:16:22Z,81f9c72ab3bfe04267fb84e3858d4cf304ab204d,,0,0,
WebGestor/Inventario/GuiaInterna/GuiaInterna_Nro_00031830.pdf,WebGestor/Inventario/GuiaInterna,GuiaInterna_Nro_00031830.pdf,.pdf,1991,2025-11-10T02:16:22Z,60df120dc990f76d24da93425a2fbc515394dbcc,,0,0,
WebGestor/Inventario/GuiaInterna/GuiaInterna_Nro_00031832.pdf,WebGestor/Inventario/GuiaInterna,GuiaInterna_Nro_00031832.pdf,.pdf,1895,2025-11-10T02:16:22Z,43a2d8fc6d53acb9d074b4077dc2faef8eeea482,,0,0,
WebGestor/Inventario/GuiaInterna/GuiaInterna_Nro_00031833.pdf,WebGestor/Inventario/GuiaInterna,GuiaInterna_Nro_00031833.pdf,.pdf,1891,2025-11-10T02:16:22Z,a149083ab663540584b6ebaae7539a8439f2b612,,0,0,
WebGestor/Inventario/GuiaInterna/GuiaInterna_Nro_00031836.pdf,WebGestor/Inventario/GuiaInterna,GuiaInterna_Nro_00031836.pdf,.pdf,1954,2025-11-10T02:16:22Z,7a2289dffd78770f38f641d71a221a5ba27be154,,0,0,
WebGestor/Inventario/GuiaInterna/GuiaInterna_Nro_00031838.pdf,WebGestor/Inventario/GuiaInterna,GuiaInterna_Nro_00031838.pdf,.pdf,2109,2025-11-10T02:16:22Z,e5f417914082d933efe90241785728672b0c2d6a,,0,0,
WebGestor/Inventario/GuiaInterna/GuiaInterna_Nro_00031839.pdf,WebGestor/Inventario/GuiaInterna,GuiaInterna_Nro_00031839.pdf,.pdf,2041,2025-11-10T02:16:22Z,2f76e53477e969e809cdc31fb2a6e33fecf65bae,,0,0,
WebGestor/Inventario/GuiaInterna/GuiaInterna_Nro_00031840.pdf,WebGestor/Inventario/GuiaInterna,GuiaInterna_Nro_00031840.pdf,.pdf,1893,2025-11-10T02:16:22Z,77f42348159f70b218c286b88ebcd3f3757d8ca1,,0,0,
WebGestor/Inventario/GuiaInterna/GuiaInterna_Nro_00031841.pdf,WebGestor/Inventario/GuiaInterna,GuiaInterna_Nro_00031841.pdf,.pdf,1922,2025-11-10T02:16:22Z,6105e6f2e21c1626653d5b56c0ff543d53758766,,0,0,
WebGestor/Inventario/GuiaInterna/GuiaInterna_Nro_00031843.pdf,WebGestor/Inventario/GuiaInterna,GuiaInterna_Nro_00031843.pdf,.pdf,1911,2025-11-10T02:16:22Z,db78ab8246185123b766d8644f1dab7a25deab93,,0,0,
WebGestor/Inventario/GuiaInterna/GuiaInterna_Nro_00031844.pdf,WebGestor/Inventario/GuiaInterna,GuiaInterna_Nro_00031844.pdf,.pdf,1997,2025-11-10T02:16:22Z,ba7a52fa8200ad73b8c15d1b334161d76326c35f,,0,0,
WebGestor/Inventario/GuiaInterna/GuiaInterna_Nro_00031846.pdf,WebGestor/Inventario/GuiaInterna,GuiaInterna_Nro_00031846.pdf,.pdf,1928,2025-11-10T02:16:22Z,a04123c9063c769db252e3abe9eeb3a468c5c3f1,,0,0,
WebGestor/Inventario/GuiaInterna/GuiaInterna_Nro_00031847.pdf,WebGestor/Inventario/GuiaInterna,GuiaInterna_Nro_00031847.pdf,.pdf,1891,2025-11-10T02:16:22Z,26e05482255eb44c9ebbb10e1c615a62f4459efd,,0,0,
WebGestor/Inventario/GuiaInterna/GuiaInterna_Nro_00031848.pdf,WebGestor/Inventario/GuiaInterna,GuiaInterna_Nro_00031848.pdf,.pdf,2291,2025-11-10T02:16:22Z,1181e2bbfcbb3977f838d6727603cadf8a3db402,,0,0,
WebGestor/Inventario/GuiaInterna/GuiaInterna_Nro_00031849.pdf,WebGestor/Inventario/GuiaInterna,GuiaInterna_Nro_00031849.pdf,.pdf,1890,2025-11-10T02:16:22Z,3522f4677cad102f225eb4d058384304fedcf4e2,,0,0,
WebGestor/Inventario/GuiaInterna/GuiaInterna_Nro_00031857.pdf,WebGestor/Inventario/GuiaInterna,GuiaInterna_Nro_00031857.pdf,.pdf,2067,2025-11-10T02:16:22Z,be80f1d600c7cb743c158b0763469360001be602,,0,0,
WebGestor/Inventario/GuiaInterna/GuiaInterna_Nro_00031858.pdf,WebGestor/Inventario/GuiaInterna,GuiaInterna_Nro_00031858.pdf,.pdf,1882,2025-11-10T02:16:22Z,59607fcaaa85d852c9d03177106c260eb3fd3557,,0,0,
WebGestor/Inventario/GuiaInterna/GuiaInterna_Nro_00031859.pdf,WebGestor/Inventario/GuiaInterna,GuiaInterna_Nro_00031859.pdf,.pdf,1890,2025-11-10T02:16:22Z,e16f7a480f3c30d5280096971886b69845678e85,,0,0,
WebGestor/Inventario/GuiaInterna/GuiaInterna_Nro_00031860.pdf,WebGestor/Inventario/GuiaInterna,GuiaInterna_Nro_00031860.pdf,.pdf,2042,2025-11-10T02:16:22Z,88278f2ef1ca3841c99ee64ffbfa0c0dad6feaab,,0,0,
WebGestor/Inventario/GuiaInterna/GuiaInterna_Nro_00031863.pdf,WebGestor/Inventario/GuiaInterna,GuiaInterna_Nro_00031863.pdf,.pdf,1910,2025-11-10T02:16:22Z,be07a7aaef37a9c759a3c0b72829a0112b545f70,,0,0,
WebGestor/Inventario/GuiaInterna/GuiaInterna_Nro_00031864.pdf,WebGestor/Inventario/GuiaInterna,GuiaInterna_Nro_00031864.pdf,.pdf,1962,2025-11-10T02:16:22Z,970f20a90e6640781dadc7f772f22e7d6ec574d0,,0,0,
WebGestor/Inventario/GuiaInterna/GuiaInterna_Nro_00031865.pdf,WebGestor/Inventario/GuiaInterna,GuiaInterna_Nro_00031865.pdf,.pdf,1890,2025-11-10T02:16:22Z,af260809b05419b08f84665364e83d45ef918234,,0,0,
WebGestor/Inventario/GuiaInterna/GuiaInterna_Nro_00031866.pdf,WebGestor/Inventario/GuiaInterna,GuiaInterna_Nro_00031866.pdf,.pdf,1910,2025-11-10T02:16:22Z,74cacb8d768749afe7e9e1e8f5f46e2329e8a7a0,,0,0,
WebGestor/Inventario/GuiaInterna/GuiaInterna_Nro_00031867.pdf,WebGestor/Inventario/GuiaInterna,GuiaInterna_Nro_00031867.pdf,.pdf,1892,2025-11-10T02:16:22Z,1c13e16bcb7a45f27bac3fee8499a2f9fe036682,,0,0,
WebGestor/Inventario/GuiaInterna/GuiaInterna_Nro_00031869.pdf,WebGestor/Inventario/GuiaInterna,GuiaInterna_Nro_00031869.pdf,.pdf,1885,2025-11-10T02:16:22Z,e8b96d5d38ac2a401363755412138afb256cb5c6,,0,0,
WebGestor/Inventario/GuiaInterna/GuiaInterna_Nro_00031870.pdf,WebGestor/Inventario/GuiaInterna,GuiaInterna_Nro_00031870.pdf,.pdf,1897,2025-11-10T02:16:22Z,f2dd4f945352f7d75afafd51bf2519e5d40df10e,,0,0,
WebGestor/Inventario/GuiaInterna/GuiaInterna_Nro_00031878.pdf,WebGestor/Inventario/GuiaInterna,GuiaInterna_Nro_00031878.pdf,.pdf,1914,2025-11-10T02:16:22Z,5f6fe1c9ffd9fedea54969d8c22644e82e3f4e33,,0,0,
WebGestor/Inventario/GuiaInterna/GuiaInterna_Nro_00031881.pdf,WebGestor/Inventario/GuiaInterna,GuiaInterna_Nro_00031881.pdf,.pdf,1951,2025-11-10T02:16:22Z,7c33c2bdf66e6d3ee5a60d190169eef729bb4e32,,0,0,
WebGestor/Inventario/GuiaInterna/GuiaInterna_Nro_00031882.pdf,WebGestor/Inventario/GuiaInterna,GuiaInterna_Nro_00031882.pdf,.pdf,1885,2025-11-10T02:16:22Z,52891b96adf8f4dcb455020c2a42941c334976be,,0,0,
WebGestor/Inventario/GuiaInterna/GuiaInterna_Nro_00031883.pdf,WebGestor/Inventario/GuiaInterna,GuiaInterna_Nro_00031883.pdf,.pdf,1889,2025-11-10T02:16:22Z,800a3a2d8550adb025e59e6b173911c9acd5aa60,,0,0,
WebGestor/Inventario/GuiaInterna/GuiaInterna_Nro_00031885.pdf,WebGestor/Inventario/GuiaInterna,GuiaInterna_Nro_00031885.pdf,.pdf,1891,2025-11-10T02:16:22Z,20a23e2eff9521e6d4d28aeec37266a799dfb870,,0,0,
WebGestor/Inventario/GuiaInterna/GuiaInterna_Nro_00031887.pdf,WebGestor/Inventario/GuiaInterna,GuiaInterna_Nro_00031887.pdf,.pdf,1902,2025-11-10T02:16:22Z,6f86ca6385a1b6d6971f30c29ef44091618286d0,,0,0,
WebGestor/Inventario/GuiaInterna/GuiaInterna_Nro_00031888.pdf,WebGestor/Inventario/GuiaInterna,GuiaInterna_Nro_00031888.pdf,.pdf,1883,2025-11-10T02:16:22Z,2c478002abaf7891d9b4e9782e32e0337a04430e,,0,0,
WebGestor/Inventario/GuiaInterna/GuiaInterna_Nro_00031890.pdf,WebGestor/Inventario/GuiaInterna,GuiaInterna_Nro_00031890.pdf,.pdf,1879,2025-11-10T02:16:22Z,26bcde96c9184dadcbd91e0a044d7289e2daf924,,0,0,
WebGestor/Inventario/GuiaInterna/GuiaInterna_Nro_00031891.pdf,WebGestor/Inventario/GuiaInterna,GuiaInterna_Nro_00031891.pdf,.pdf,1878,2025-11-10T02:16:22Z,500fc81264c6d521512f6a342eefa908359f2ce5,,0,0,
WebGestor/Inventario/GuiaInterna/GuiaInterna_Nro_00031892.pdf,WebGestor/Inventario/GuiaInterna,GuiaInterna_Nro_00031892.pdf,.pdf,1967,2025-11-10T02:16:22Z,a31cf6d0fe4dbacf14c3457f1bda2eb4aad44b09,,0,0,
WebGestor/Inventario/GuiaInterna/GuiaInterna_Nro_00031893.pdf,WebGestor/Inventario/GuiaInterna,GuiaInterna_Nro_00031893.pdf,.pdf,1965,2025-11-10T02:16:22Z,5352f456e51d8700a2febc0efbc8df18ac842ef2,,0,0,
WebGestor/Inventario/GuiaInterna/GuiaInterna_Nro_00031894.pdf,WebGestor/Inventario/GuiaInterna,GuiaInterna_Nro_00031894.pdf,.pdf,1948,2025-11-10T02:16:22Z,f067afcf78ede169a09711dbfe852be23e01da03,,0,0,
WebGestor/Inventario/GuiaInterna/GuiaInterna_Nro_00031895.pdf,WebGestor/Inventario/GuiaInterna,GuiaInterna_Nro_00031895.pdf,.pdf,1966,2025-11-10T02:16:22Z,8b0fd38eca756724a84b1a03dbb019b60b715dca,,0,0,
WebGestor/Inventario/GuiaInterna/GuiaInterna_Nro_00031896.pdf,WebGestor/Inventario/GuiaInterna,GuiaInterna_Nro_00031896.pdf,.pdf,1897,2025-11-10T02:16:22Z,043086aa99e21e0131e6ee611ef9c677f0030f9f,,0,0,
WebGestor/Inventario/GuiaInterna/GuiaInterna_Nro_00031897.pdf,WebGestor/Inventario/GuiaInterna,GuiaInterna_Nro_00031897.pdf,.pdf,1909,2025-11-10T02:16:22Z,33116502eba80916ffdeb466da0d3b47e513a4c7,,0,0,
WebGestor/Inventario/GuiaInterna/GuiaInterna_Nro_00031898.pdf,WebGestor/Inventario/GuiaInterna,GuiaInterna_Nro_00031898.pdf,.pdf,1883,2025-11-10T02:16:22Z,99fe770454aecf461c9427fdfe783f9162e97473,,0,0,
WebGestor/Inventario/GuiaInterna/GuiaInterna_Nro_00031899.pdf,WebGestor/Inventario/GuiaInterna,GuiaInterna_Nro_00031899.pdf,.pdf,1895,2025-11-10T02:16:22Z,0d272a9702374f35a24b36be5fde91107933f9dd,,0,0,
WebGestor/Inventario/GuiaInterna/GuiaInterna_Nro_00031900.pdf,WebGestor/Inventario/GuiaInterna,GuiaInterna_Nro_00031900.pdf,.pdf,1886,2025-11-10T02:16:22Z,88fad188c2d2201fb0d5dd41072257f663b77dd1,,0,0,
WebGestor/Inventario/GuiaInterna/GuiaInterna_Nro_00031901.pdf,WebGestor/Inventario/GuiaInterna,GuiaInterna_Nro_00031901.pdf,.pdf,1881,2025-11-10T02:16:22Z,151d142da956cfef058d05b731082558301ca4d2,,0,0,
WebGestor/Inventario/GuiaInterna/GuiaInterna_Nro_00031902.pdf,WebGestor/Inventario/GuiaInterna,GuiaInterna_Nro_00031902.pdf,.pdf,1960,2025-11-10T02:16:22Z,593279d1c343c51a4d7ee345f5aa0fa7c6e6a8fb,,0,0,
WebGestor/Inventario/GuiaInterna/GuiaInterna_Nro_00031903.pdf,WebGestor/Inventario/GuiaInterna,GuiaInterna_Nro_00031903.pdf,.pdf,2041,2025-11-10T02:16:22Z,22071f81d3c2a76bec0441f2e10c70e6ea7e9bc4,,0,0,
WebGestor/Inventario/GuiaInterna/GuiaInterna_Nro_00031904.pdf,WebGestor/Inventario/GuiaInterna,GuiaInterna_Nro_00031904.pdf,.pdf,2001,2025-11-10T02:16:22Z,7df7ee80923243878680698ded5d85b65b1e8c62,,0,0,
WebGestor/Inventario/GuiaInterna/GuiaInterna_Nro_00031905.pdf,WebGestor/Inventario/GuiaInterna,GuiaInterna_Nro_00031905.pdf,.pdf,1949,2025-11-10T02:16:22Z,14ac43525f49699a3352340d8624258ff6bded2c,,0,0,
WebGestor/Inventario/GuiaInterna/GuiaInterna_Nro_00031906.pdf,WebGestor/Inventario/GuiaInterna,GuiaInterna_Nro_00031906.pdf,.pdf,1892,2025-11-10T02:16:22Z,3451216631c0f64dccd19c5db5afbe0f987ce05e,,0,0,
WebGestor/Inventario/GuiaInterna/GuiaInterna_Nro_00031907.pdf,WebGestor/Inventario/GuiaInterna,GuiaInterna_Nro_00031907.pdf,.pdf,1890,2025-11-10T02:16:22Z,9af2dcac97ce24880c5733dc45f6238213304f27,,0,0,
WebGestor/Inventario/GuiaInterna/GuiaInterna_Nro_00031908.pdf,WebGestor/Inventario/GuiaInterna,GuiaInterna_Nro_00031908.pdf,.pdf,1884,2025-11-10T02:16:22Z,c093a077d53fdf486a1f6af01544b4c62e267558,,0,0,
WebGestor/Inventario/GuiaInterna/GuiaInterna_Nro_00031909.pdf,WebGestor/Inventario/GuiaInterna,GuiaInterna_Nro_00031909.pdf,.pdf,1962,2025-11-10T02:16:22Z,7d64fdf1b45b01fb4b4f138871929029ec813f40,,0,0,
WebGestor/Inventario/GuiaInterna/GuiaInterna_Nro_00031910.pdf,WebGestor/Inventario/GuiaInterna,GuiaInterna_Nro_00031910.pdf,.pdf,1889,2025-11-10T02:16:22Z,6a0c0cc245f53b7a330f0413641aefee255c1eaa,,0,0,
WebGestor/Inventario/GuiaInterna/GuiaInterna_Nro_00031911.pdf,WebGestor/Inventario/GuiaInterna,GuiaInterna_Nro_00031911.pdf,.pdf,1887,2025-11-10T02:16:22Z,803e6056964d63e7cdbe7623c13f9762f9030e4e,,0,0,
WebGestor/Inventario/GuiaInterna/GuiaInterna_Nro_00031912.pdf,WebGestor/Inventario/GuiaInterna,GuiaInterna_Nro_00031912.pdf,.pdf,1901,2025-11-10T02:16:22Z,412d07f06cc484cbf30546fee1090a4524ac004f,,0,0,
WebGestor/Inventario/GuiaInterna/GuiaInterna_Nro_00031913.pdf,WebGestor/Inventario/GuiaInterna,GuiaInterna_Nro_00031913.pdf,.pdf,1910,2025-11-10T02:16:22Z,40e33d473c8db9fb244a94984d9416bc22b56a6c,,0,0,
WebGestor/Inventario/GuiaInterna/GuiaInterna_Nro_00031914.pdf,WebGestor/Inventario/GuiaInterna,GuiaInterna_Nro_00031914.pdf,.pdf,1899,2025-11-10T02:16:22Z,318e14fd7e5ce09b55cc8c539b812fdd3cf9ea3a,,0,0,
WebGestor/Inventario/GuiaInterna/GuiaInterna_Nro_00031915.pdf,WebGestor/Inventario/GuiaInterna,GuiaInterna_Nro_00031915.pdf,.pdf,1885,2025-11-10T02:16:22Z,3aad575179883f9e0bf1eee1b466bb65e49b33d0,,0,0,
WebGestor/Inventario/GuiaInterna/GuiaInterna_Nro_00031916.pdf,WebGestor/Inventario/GuiaInterna,GuiaInterna_Nro_00031916.pdf,.pdf,1892,2025-11-10T02:16:22Z,26728ff0f61d5119eaa5b21025d0c73158a9f8c2,,0,0,
WebGestor/Inventario/GuiaInterna/GuiaInterna_Nro_00031917.pdf,WebGestor/Inventario/GuiaInterna,GuiaInterna_Nro_00031917.pdf,.pdf,1903,2025-11-10T02:16:22Z,debf7c16394f08c97209ef7effb0a397ca2a1404,,0,0,
WebGestor/Inventario/GuiaInterna/GuiaInterna_Nro_00031918.pdf,WebGestor/Inventario/GuiaInterna,GuiaInterna_Nro_00031918.pdf,.pdf,1893,2025-11-10T02:16:22Z,bd4d17990476f3fc30f1c9b0ef441fcfbdd02a0e,,0,0,
WebGestor/Inventario/GuiaInterna/GuiaInterna_Nro_00031919.pdf,WebGestor/Inventario/GuiaInterna,GuiaInterna_Nro_00031919.pdf,.pdf,1903,2025-11-10T02:16:22Z,61ef4b023b69023688f98bca10ff86a4ff98e5b9,,0,0,
WebGestor/Inventario/GuiaInterna/GuiaInterna_Nro_00031922.pdf,WebGestor/Inventario/GuiaInterna,GuiaInterna_Nro_00031922.pdf,.pdf,1899,2025-11-10T02:16:22Z,d4793d0896f11b0d8844c14bb4eba0748b2baadc,,0,0,
WebGestor/Inventario/GuiaInterna/GuiaInterna_Nro_00031925.pdf,WebGestor/Inventario/GuiaInterna,GuiaInterna_Nro_00031925.pdf,.pdf,1930,2025-11-10T02:16:22Z,5c83a7332e424ba9f2d8d7fb0ce3755a93a7b18b,,0,0,
WebGestor/Inventario/GuiaInterna/GuiaInterna_Nro_00031930.pdf,WebGestor/Inventario/GuiaInterna,GuiaInterna_Nro_00031930.pdf,.pdf,1952,2025-11-10T02:16:22Z,df7972b78bea810533e7190b1b49a14ca773f8e5,,0,0,
WebGestor/Inventario/GuiaInterna/GuiaInterna_Nro_00031931.pdf,WebGestor/Inventario/GuiaInterna,GuiaInterna_Nro_00031931.pdf,.pdf,1887,2025-11-10T02:16:22Z,7ca02e4453872fdd9371a92d72d24b42c46ab021,,0,0,
WebGestor/Inventario/GuiaInterna/GuiaInterna_Nro_00031932.pdf,WebGestor/Inventario/GuiaInterna,GuiaInterna_Nro_00031932.pdf,.pdf,1895,2025-11-10T02:16:22Z,3c4664cf3e4ba5f96918f0d8b1ee594832ffb4f0,,0,0,
WebGestor/Inventario/GuiaInterna/GuiaInterna_Nro_00031933.pdf,WebGestor/Inventario/GuiaInterna,GuiaInterna_Nro_00031933.pdf,.pdf,1894,2025-11-10T02:16:22Z,af425ecb39cc4b50dd8b15ad7905f9b91c724f85,,0,0,
WebGestor/Inventario/GuiaInterna/GuiaInterna_Nro_00031934.pdf,WebGestor/Inventario/GuiaInterna,GuiaInterna_Nro_00031934.pdf,.pdf,1901,2025-11-10T02:16:22Z,1669a3cc4d1cf020eb08f4fd3111313dddfce681,,0,0,
WebGestor/Inventario/GuiaInterna/GuiaInterna_Nro_00031935.pdf,WebGestor/Inventario/GuiaInterna,GuiaInterna_Nro_00031935.pdf,.pdf,1890,2025-11-10T02:16:22Z,9ad0d739959087db562a9c13c6779a51c91f9f46,,0,0,
WebGestor/Inventario/GuiaInterna/GuiaInterna_Nro_00031941.pdf,WebGestor/Inventario/GuiaInterna,GuiaInterna_Nro_00031941.pdf,.pdf,1894,2025-11-10T02:16:22Z,a14ab758a2a88a35af9d9d0cdb02eb2907b7a27e,,0,0,
WebGestor/Inventario/GuiaInterna/GuiaInterna_Nro_00031943.pdf,WebGestor/Inventario/GuiaInterna,GuiaInterna_Nro_00031943.pdf,.pdf,1914,2025-11-10T02:16:22Z,7f4650f5cb43703877fbb45f3514c1bcd98d5fe6,,0,0,
WebGestor/Inventario/GuiaInterna/GuiaInterna_Nro_00031944.pdf,WebGestor/Inventario/GuiaInterna,GuiaInterna_Nro_00031944.pdf,.pdf,2020,2025-11-10T02:16:22Z,c4849feff291ca565ebbbb4e58274025b3396ddd,,0,0,
WebGestor/Inventario/GuiaInterna/GuiaInterna_Nro_00031945.pdf,WebGestor/Inventario/GuiaInterna,GuiaInterna_Nro_00031945.pdf,.pdf,1904,2025-11-10T02:16:22Z,10fdbc7eefb6262c1045009cf3016df3943d9b45,,0,0,
WebGestor/Inventario/GuiaInterna/GuiaInterna_Nro_00031946.pdf,WebGestor/Inventario/GuiaInterna,GuiaInterna_Nro_00031946.pdf,.pdf,1923,2025-11-10T02:16:22Z,d13cbdd3bb68ee47fe0fdd4ee1a6136ccf80f872,,0,0,
WebGestor/Inventario/GuiaInterna/GuiaInterna_Nro_00031947.pdf,WebGestor/Inventario/GuiaInterna,GuiaInterna_Nro_00031947.pdf,.pdf,1937,2025-11-10T02:16:22Z,0955316cb2631e1f3ebf656b4f9f4d4c2b1a332b,,0,0,
WebGestor/Inventario/GuiaInterna/GuiaInterna_Nro_00031948.pdf,WebGestor/Inventario/GuiaInterna,GuiaInterna_Nro_00031948.pdf,.pdf,1965,2025-11-10T02:16:22Z,587e9ad52730f5f9549d0bf066a58fe485bab3d2,,0,0,
WebGestor/Inventario/GuiaInterna/GuiaInterna_Nro_00031955.pdf,WebGestor/Inventario/GuiaInterna,GuiaInterna_Nro_00031955.pdf,.pdf,1976,2025-11-10T02:16:22Z,c84a1a3aa63430e524dd750cf86ecc46c6320e98,,0,0,
WebGestor/Inventario/GuiaInterna/GuiaInterna_Nro_00031956.pdf,WebGestor/Inventario/GuiaInterna,GuiaInterna_Nro_00031956.pdf,.pdf,2192,2025-11-10T02:16:22Z,40c3e88560d0d943e11d2c49c8ac3e3ecc8e1fa1,,0,0,
WebGestor/Inventario/GuiaInterna/GuiaInterna_Nro_00031957.pdf,WebGestor/Inventario/GuiaInterna,GuiaInterna_Nro_00031957.pdf,.pdf,1962,2025-11-10T02:16:22Z,2c8d92de5384874e29ba08c6c60cb3390b459fe8,,0,0,
WebGestor/Inventario/GuiaInterna/GuiaInterna_Nro_00031958.pdf,WebGestor/Inventario/GuiaInterna,GuiaInterna_Nro_00031958.pdf,.pdf,1979,2025-11-10T02:16:22Z,855b44887e4da7f5b87b86b34310c7e435b1c415,,0,0,
WebGestor/Inventario/GuiaInterna/GuiaInterna_Nro_00031959.pdf,WebGestor/Inventario/GuiaInterna,GuiaInterna_Nro_00031959.pdf,.pdf,1904,2025-11-10T02:16:22Z,8f3b644e41f6d3aced0c3d2ca790438877726243,,0,0,
WebGestor/Inventario/GuiaInterna/GuiaInterna_Nro_00031960.pdf,WebGestor/Inventario/GuiaInterna,GuiaInterna_Nro_00031960.pdf,.pdf,1965,2025-11-10T02:16:22Z,0a87d4aa72495fadbe7e0ae48ded07b34aac5df3,,0,0,
WebGestor/Inventario/GuiaInterna/GuiaInterna_Nro_00031961.pdf,WebGestor/Inventario/GuiaInterna,GuiaInterna_Nro_00031961.pdf,.pdf,1911,2025-11-10T02:16:22Z,760b13ef6f4ebd5d3dad5b2feafab3ec8150959b,,0,0,
WebGestor/Inventario/GuiaInterna/GuiaInterna_Nro_00031962.pdf,WebGestor/Inventario/GuiaInterna,GuiaInterna_Nro_00031962.pdf,.pdf,2155,2025-11-10T02:16:22Z,dee4ec7c1ea61dac64ab82e744018daa936cb36d,,0,0,
WebGestor/Inventario/GuiaInterna/GuiaInterna_Nro_00031968.pdf,WebGestor/Inventario/GuiaInterna,GuiaInterna_Nro_00031968.pdf,.pdf,1889,2025-11-10T02:16:22Z,43c3ad2116b9aac86015af75ab62e3cce1e3ddc8,,0,0,
WebGestor/Inventario/GuiaInterna/GuiaInterna_Nro_00031969.pdf,WebGestor/Inventario/GuiaInterna,GuiaInterna_Nro_00031969.pdf,.pdf,1986,2025-11-10T02:16:22Z,b0d848ee767a8b2f8ae5830728e7eb3d1ab86c6b,,0,0,
WebGestor/Inventario/GuiaInterna/GuiaInterna_Nro_00031970.pdf,WebGestor/Inventario/GuiaInterna,GuiaInterna_Nro_00031970.pdf,.pdf,1907,2025-11-10T02:16:22Z,c43f2c0b5927a21317fb940d7812d6a86dd28eed,,0,0,
WebGestor/Inventario/GuiaInterna/GuiaInterna_Nro_00031971.pdf,WebGestor/Inventario/GuiaInterna,GuiaInterna_Nro_00031971.pdf,.pdf,1897,2025-11-10T02:16:22Z,0c2eb305de2cb2e098fc95f81ddb77296026e62e,,0,0,
WebGestor/Inventario/GuiaInterna/GuiaInterna_Nro_00031972.pdf,WebGestor/Inventario/GuiaInterna,GuiaInterna_Nro_00031972.pdf,.pdf,2036,2025-11-10T02:16:22Z,a0f2d0fab694e196f2558ea02c9daa85e2faf493,,0,0,
WebGestor/Inventario/GuiaInterna/GuiaInterna_Nro_00031973.pdf,WebGestor/Inventario/GuiaInterna,GuiaInterna_Nro_00031973.pdf,.pdf,1925,2025-11-10T02:16:22Z,d70f013122418febad6b665fd878c343bb6c4d6c,,0,0,
WebGestor/Inventario/GuiaInterna/GuiaInterna_Nro_00031974.pdf,WebGestor/Inventario/GuiaInterna,GuiaInterna_Nro_00031974.pdf,.pdf,2817,2025-11-10T02:16:22Z,8c0080dfc320aca71dda42a4c304868963ebe5a8,,0,0,
WebGestor/Inventario/GuiaInterna/GuiaInterna_Nro_00031980.pdf,WebGestor/Inventario/GuiaInterna,GuiaInterna_Nro_00031980.pdf,.pdf,1893,2025-11-10T02:16:22Z,61b4c21e44bc2117927ec9834923462627b80c65,,0,0,
WebGestor/Inventario/GuiaInterna/GuiaInterna_Nro_00031981.pdf,WebGestor/Inventario/GuiaInterna,GuiaInterna_Nro_00031981.pdf,.pdf,1895,2025-11-10T02:16:22Z,8d5fee754fa9e5d3bb9f21c5895c2c0fbe2da6bc,,0,0,
WebGestor/Inventario/GuiaInterna/GuiaInterna_Nro_00031989.pdf,WebGestor/Inventario/GuiaInterna,GuiaInterna_Nro_00031989.pdf,.pdf,1945,2025-11-10T02:16:22Z,dd673cf27a1cb58a71b53f7d6e7ece42d27deee8,,0,0,
WebGestor/Inventario/GuiaInterna/GuiaInterna_Nro_00031990.pdf,WebGestor/Inventario/GuiaInterna,GuiaInterna_Nro_00031990.pdf,.pdf,2015,2025-11-10T02:16:22Z,113e96cc4d6745712eb3c50627998a239dab5bec,,0,0,
WebGestor/Inventario/GuiaInterna/GuiaInterna_Nro_00031991.pdf,WebGestor/Inventario/GuiaInterna,GuiaInterna_Nro_00031991.pdf,.pdf,1955,2025-11-10T02:16:22Z,45ab06e189343b0ef79d8b51c80e336b36681af2,,0,0,
WebGestor/Inventario/GuiaInterna/GuiaInterna_Nro_00031995.pdf,WebGestor/Inventario/GuiaInterna,GuiaInterna_Nro_00031995.pdf,.pdf,1886,2025-11-10T02:16:22Z,3d64e9b44702d5fa95c6953060795ff5c12e66e1,,0,0,
WebGestor/Inventario/GuiaInterna/GuiaInterna_Nro_00031996.pdf,WebGestor/Inventario/GuiaInterna,GuiaInterna_Nro_00031996.pdf,.pdf,1886,2025-11-10T02:16:22Z,73260a450d5f2c676a94e3859f0133299c183483,,0,0,
WebGestor/Inventario/GuiaInterna/GuiaInterna_Nro_00031997.pdf,WebGestor/Inventario/GuiaInterna,GuiaInterna_Nro_00031997.pdf,.pdf,1926,2025-11-10T02:16:22Z,b7a30bd28c5626101a7e451b8505b03d209e873b,,0,0,
WebGestor/Inventario/GuiaInterna/GuiaInterna_Nro_00032000.pdf,WebGestor/Inventario/GuiaInterna,GuiaInterna_Nro_00032000.pdf,.pdf,1891,2025-11-10T02:16:22Z,3fcd61607588a7778f63520a05e298149cd68192,,0,0,
WebGestor/Inventario/GuiaInterna/GuiaInterna_Nro_00032003.pdf,WebGestor/Inventario/GuiaInterna,GuiaInterna_Nro_00032003.pdf,.pdf,2041,2025-11-10T02:16:22Z,e6e90cfe025209d0047b81e1b4fa70d97d9fe8fb,,0,0,
WebGestor/Inventario/GuiaInterna/GuiaInterna_Nro_00032005.pdf,WebGestor/Inventario/GuiaInterna,GuiaInterna_Nro_00032005.pdf,.pdf,1902,2025-11-10T02:16:22Z,dc2cc93c6d18a048526a0bbfdd2c00396662179f,,0,0,
WebGestor/Inventario/GuiaInterna/GuiaInterna_Nro_00032007.pdf,WebGestor/Inventario/GuiaInterna,GuiaInterna_Nro_00032007.pdf,.pdf,1885,2025-11-10T02:16:22Z,cc925525508a32001d38bd715aa50af39a8abb4d,,0,0,
WebGestor/Inventario/GuiaInterna/GuiaInterna_Nro_00032011.pdf,WebGestor/Inventario/GuiaInterna,GuiaInterna_Nro_00032011.pdf,.pdf,1961,2025-11-10T02:16:22Z,4ce430356141b2653c3548725662b54d2724e4ff,,0,0,
WebGestor/Inventario/GuiaInterna/GuiaInterna_Nro_00032013.pdf,WebGestor/Inventario/GuiaInterna,GuiaInterna_Nro_00032013.pdf,.pdf,1895,2025-11-10T02:16:22Z,50a1dd88d4a11efe4a748bb72c642fead482fc42,,0,0,
WebGestor/Inventario/GuiaInterna/GuiaInterna_Nro_00032014.pdf,WebGestor/Inventario/GuiaInterna,GuiaInterna_Nro_00032014.pdf,.pdf,2033,2025-11-10T02:16:22Z,a345b119b64cbdba9de508bbf31adf4eaaf3d358,,0,0,
WebGestor/Inventario/GuiaInterna/GuiaInterna_Nro_00032021.pdf,WebGestor/Inventario/GuiaInterna,GuiaInterna_Nro_00032021.pdf,.pdf,1929,2025-11-10T02:16:22Z,1ee970d49c8ab3e2b51b07c192e6995cdea5c4bf,,0,0,
WebGestor/Inventario/GuiaInterna/GuiaInterna_Nro_00032028.pdf,WebGestor/Inventario/GuiaInterna,GuiaInterna_Nro_00032028.pdf,.pdf,2012,2025-11-10T02:16:22Z,824b90084f20e4e48a00de9e9532868dfcdaf7e7,,0,0,
WebGestor/Inventario/GuiaInterna/GuiaInterna_Nro_00032029.pdf,WebGestor/Inventario/GuiaInterna,GuiaInterna_Nro_00032029.pdf,.pdf,2009,2025-11-10T02:16:22Z,a76228bdbc423f553fa7f790e6dbbf75737c827b,,0,0,
WebGestor/Inventario/GuiaInterna/GuiaInterna_Nro_00032030.pdf,WebGestor/Inventario/GuiaInterna,GuiaInterna_Nro_00032030.pdf,.pdf,1938,2025-11-10T02:16:22Z,ffe12c6a5862d488b1d6d55c26b8ab67ef8f4f70,,0,0,
WebGestor/Inventario/GuiaInterna/GuiaInterna_Nro_00032033.pdf,WebGestor/Inventario/GuiaInterna,GuiaInterna_Nro_00032033.pdf,.pdf,1933,2025-11-10T02:16:22Z,220ed551900612fe7be8972585e34eadb4390576,,0,0,
WebGestor/Inventario/GuiaInterna/GuiaInterna_Nro_00032034.pdf,WebGestor/Inventario/GuiaInterna,GuiaInterna_Nro_00032034.pdf,.pdf,1912,2025-11-10T02:16:22Z,d1304e5fc5190c28bef67802ebc6d956859b54ac,,0,0,
WebGestor/Inventario/GuiaInterna/GuiaInterna_Nro_00032035.pdf,WebGestor/Inventario/GuiaInterna,GuiaInterna_Nro_00032035.pdf,.pdf,1965,2025-11-10T02:16:22Z,b2637381eaabeaca71e30f92b787aaf89c526b4c,,0,0,
WebGestor/Inventario/GuiaInterna/GuiaInterna_Nro_00032036.pdf,WebGestor/Inventario/GuiaInterna,GuiaInterna_Nro_00032036.pdf,.pdf,1990,2025-11-10T02:16:22Z,3c835f83392c07d2da92e1dcd7c149ea22db2360,,0,0,
WebGestor/Inventario/GuiaInterna/GuiaInterna_Nro_00032040.pdf,WebGestor/Inventario/GuiaInterna,GuiaInterna_Nro_00032040.pdf,.pdf,1967,2025-11-10T02:16:22Z,11e82c3e88399aefeed12303aad28562745a0c27,,0,0,
WebGestor/Inventario/GuiaInterna/GuiaInterna_Nro_00032042.pdf,WebGestor/Inventario/GuiaInterna,GuiaInterna_Nro_00032042.pdf,.pdf,1894,2025-11-10T02:16:22Z,5d4cea15b5310a14358c9abd32c91d8509e82d3e,,0,0,
WebGestor/Inventario/GuiaInterna/GuiaInterna_Nro_00032043.pdf,WebGestor/Inventario/GuiaInterna,GuiaInterna_Nro_00032043.pdf,.pdf,1969,2025-11-10T02:16:22Z,48cdee96d11fe05da7ab8f601a32b1a2de357c82,,0,0,
WebGestor/Inventario/GuiaInterna/GuiaInterna_Nro_00032044.pdf,WebGestor/Inventario/GuiaInterna,GuiaInterna_Nro_00032044.pdf,.pdf,1887,2025-11-10T02:16:22Z,e39db5daa2fae5fbda437982d5447e68196a49fa,,0,0,
WebGestor/Inventario/GuiaInterna/GuiaInterna_Nro_00032045.pdf,WebGestor/Inventario/GuiaInterna,GuiaInterna_Nro_00032045.pdf,.pdf,1882,2025-11-10T02:16:22Z,accb172fc1fd4fd5587d34e7fb54ce3993b60d33,,0,0,
WebGestor/Inventario/GuiaInterna/GuiaInterna_Nro_00032046.pdf,WebGestor/Inventario/GuiaInterna,GuiaInterna_Nro_00032046.pdf,.pdf,1989,2025-11-10T02:16:22Z,6535fd2f65326c469a8768fbf9480d2b7d3bcbf7,,0,0,
WebGestor/Inventario/GuiaInterna/GuiaInterna_Nro_00032048.pdf,WebGestor/Inventario/GuiaInterna,GuiaInterna_Nro_00032048.pdf,.pdf,2013,2025-11-10T02:16:22Z,d61cf36add4e97b371edf8479c3187daba6b6c71,,0,0,
WebGestor/Inventario/GuiaInterna/GuiaInterna_Nro_00032053.pdf,WebGestor/Inventario/GuiaInterna,GuiaInterna_Nro_00032053.pdf,.pdf,2048,2025-11-10T02:16:22Z,dcbe4b88d1bdc120f96ec3249285dd50f9663749,,0,0,
WebGestor/Inventario/GuiaInterna/GuiaInterna_Nro_00032056.pdf,WebGestor/Inventario/GuiaInterna,GuiaInterna_Nro_00032056.pdf,.pdf,2093,2025-11-10T02:16:22Z,3a9ee0ab730311f5fe13d3a7877a8704fb6111a6,,0,0,
WebGestor/Inventario/GuiaInterna/GuiaInterna_Nro_00032057.pdf,WebGestor/Inventario/GuiaInterna,GuiaInterna_Nro_00032057.pdf,.pdf,2049,2025-11-10T02:16:22Z,6c8bf86968b6ee3953e204b7c5374458afb02002,,0,0,
WebGestor/Inventario/GuiaInterna/GuiaInterna_Nro_00032087.pdf,WebGestor/Inventario/GuiaInterna,GuiaInterna_Nro_00032087.pdf,.pdf,1895,2025-11-10T02:16:22Z,06a27018782b9419564d41ee74ff7779de7a6a7f,,0,0,
WebGestor/Inventario/GuiaInterna/GuiaInterna_Nro_00032088.pdf,WebGestor/Inventario/GuiaInterna,GuiaInterna_Nro_00032088.pdf,.pdf,1905,2025-11-10T02:16:22Z,21d977566a778f73eacc8506e488ef4046ab0524,,0,0,
WebGestor/Inventario/GuiaInterna/GuiaInterna_Nro_00032089.pdf,WebGestor/Inventario/GuiaInterna,GuiaInterna_Nro_00032089.pdf,.pdf,1896,2025-11-10T02:16:22Z,a0494b003f6a8247732a682a9312a5ca1e21b212,,0,0,
WebGestor/Inventario/GuiaInterna/GuiaInterna_Nro_00032090.pdf,WebGestor/Inventario/GuiaInterna,GuiaInterna_Nro_00032090.pdf,.pdf,1887,2025-11-10T02:16:22Z,2dc02757859695edf2ba6eccca5ea8cd01fc51ed,,0,0,
WebGestor/Inventario/GuiaInterna/GuiaInterna_Nro_00032091.pdf,WebGestor/Inventario/GuiaInterna,GuiaInterna_Nro_00032091.pdf,.pdf,1884,2025-11-10T02:16:22Z,7704fb066aac7f6693519b665aec311b3a620a7a,,0,0,
WebGestor/Inventario/GuiaInterna/GuiaInterna_Nro_00032092.pdf,WebGestor/Inventario/GuiaInterna,GuiaInterna_Nro_00032092.pdf,.pdf,1890,2025-11-10T02:16:22Z,429dad4fa037b47de9a5283068b31113d4b895cd,,0,0,
WebGestor/Inventario/GuiaInterna/GuiaInterna_Nro_00032093.pdf,WebGestor/Inventario/GuiaInterna,GuiaInterna_Nro_00032093.pdf,.pdf,1872,2025-11-10T02:16:22Z,95f918c738ce0e9dee728ebe589f6b2e2ed81457,,0,0,
WebGestor/Inventario/GuiaInterna/GuiaInterna_Nro_00032094.pdf,WebGestor/Inventario/GuiaInterna,GuiaInterna_Nro_00032094.pdf,.pdf,1890,2025-11-10T02:16:22Z,fd7efa8f627f909ca8583806324bf340d1031306,,0,0,
WebGestor/Inventario/GuiaInterna/GuiaInterna_Nro_00032095.pdf,WebGestor/Inventario/GuiaInterna,GuiaInterna_Nro_00032095.pdf,.pdf,1904,2025-11-10T02:16:22Z,d9862e7f871e3f3bd148c518017c9f4f1c25714d,,0,0,
WebGestor/Inventario/GuiaInterna/GuiaInterna_Nro_00032096.pdf,WebGestor/Inventario/GuiaInterna,GuiaInterna_Nro_00032096.pdf,.pdf,1890,2025-11-10T02:16:22Z,f792a4def72f34983f4927e3f53054b8aff0400a,,0,0,
WebGestor/Inventario/GuiaInterna/GuiaInterna_Nro_00032097.pdf,WebGestor/Inventario/GuiaInterna,GuiaInterna_Nro_00032097.pdf,.pdf,1879,2025-11-10T02:16:22Z,72a9fcd9457b25ad6f00a2a2967d4f8cb2c5cda3,,0,0,
WebGestor/Inventario/GuiaInterna/GuiaInterna_Nro_00032098.pdf,WebGestor/Inventario/GuiaInterna,GuiaInterna_Nro_00032098.pdf,.pdf,1897,2025-11-10T02:16:22Z,0a5bbf99618be1bf7b6f3f4dbe012a0aa665a9db,,0,0,
WebGestor/Inventario/GuiaInterna/GuiaInterna_Nro_00032099.pdf,WebGestor/Inventario/GuiaInterna,GuiaInterna_Nro_00032099.pdf,.pdf,1911,2025-11-10T02:16:22Z,ef850d369e8e1e2b278c0183126a0b9a1751291d,,0,0,
WebGestor/Inventario/GuiaInterna/GuiaInterna_Nro_00032100.pdf,WebGestor/Inventario/GuiaInterna,GuiaInterna_Nro_00032100.pdf,.pdf,1883,2025-11-10T02:16:22Z,f2cd99c0cb877dc5c2dcb65341d0c698abed8c81,,0,0,
WebGestor/Inventario/GuiaInterna/GuiaInterna_Nro_00032101.pdf,WebGestor/Inventario/GuiaInterna,GuiaInterna_Nro_00032101.pdf,.pdf,1891,2025-11-10T02:16:22Z,3e125e9b17c33407abd81cd11664e2c4dc496e5a,,0,0,
WebGestor/Inventario/GuiaInterna/GuiaInterna_Nro_00032102.pdf,WebGestor/Inventario/GuiaInterna,GuiaInterna_Nro_00032102.pdf,.pdf,1889,2025-11-10T02:16:22Z,d528966c71c99b91a430e4aca3a467f1d1c7ebaa,,0,0,
WebGestor/Inventario/GuiaInterna/GuiaInterna_Nro_00032103.pdf,WebGestor/Inventario/GuiaInterna,GuiaInterna_Nro_00032103.pdf,.pdf,1885,2025-11-10T02:16:22Z,02dd70a8cf03176cbc1b1b26015df13318199c68,,0,0,
WebGestor/Inventario/GuiaInterna/GuiaInterna_Nro_00032104.pdf,WebGestor/Inventario/GuiaInterna,GuiaInterna_Nro_00032104.pdf,.pdf,1889,2025-11-10T02:16:22Z,198fb64f0d1b8ae40c851e60503190a86d67d73a,,0,0,
WebGestor/Inventario/GuiaInterna/GuiaInterna_Nro_00032105.pdf,WebGestor/Inventario/GuiaInterna,GuiaInterna_Nro_00032105.pdf,.pdf,1891,2025-11-10T02:16:22Z,2ee35b795c532748b3088cbe417f978f1e01a4ad,,0,0,
WebGestor/Inventario/GuiaInterna/GuiaInterna_Nro_00032106.pdf,WebGestor/Inventario/GuiaInterna,GuiaInterna_Nro_00032106.pdf,.pdf,1940,2025-11-10T02:16:22Z,216762551cf1f5bcdc2aafda22f500908dac57cf,,0,0,
WebGestor/Inventario/GuiaInterna/GuiaInterna_Nro_00032107.pdf,WebGestor/Inventario/GuiaInterna,GuiaInterna_Nro_00032107.pdf,.pdf,1889,2025-11-10T02:16:22Z,9c959cdaab92df4ee7b0086c37d05b7586239370,,0,0,
WebGestor/Inventario/GuiaInterna/GuiaInterna_Nro_00032108.pdf,WebGestor/Inventario/GuiaInterna,GuiaInterna_Nro_00032108.pdf,.pdf,1895,2025-11-10T02:16:22Z,a98752beb5f4223fda2dd4636ad86eb778a2c3c0,,0,0,
WebGestor/Inventario/GuiaInterna/GuiaInterna_Nro_00032109.pdf,WebGestor/Inventario/GuiaInterna,GuiaInterna_Nro_00032109.pdf,.pdf,1890,2025-11-10T02:16:22Z,a72b100ba10177defa7c3328593a2279375e84fd,,0,0,
WebGestor/Inventario/GuiaInterna/GuiaInterna_Nro_00032111.pdf,WebGestor/Inventario/GuiaInterna,GuiaInterna_Nro_00032111.pdf,.pdf,1938,2025-11-10T02:16:22Z,747499091493a2a56b9c195e23ae747be8556220,,0,0,
WebGestor/Inventario/GuiaInterna/GuiaInterna_Nro_00032112.pdf,WebGestor/Inventario/GuiaInterna,GuiaInterna_Nro_00032112.pdf,.pdf,1888,2025-11-10T02:16:22Z,4c112b8c9c759ea414a92f201ecd2083d882f1b4,,0,0,
WebGestor/Inventario/GuiaInterna/GuiaInterna_Nro_00032113.pdf,WebGestor/Inventario/GuiaInterna,GuiaInterna_Nro_00032113.pdf,.pdf,1925,2025-11-10T02:16:22Z,fec3cd2dece6bde4b6fec2054b008a63a8c7952e,,0,0,
WebGestor/Inventario/GuiaInterna/GuiaInterna_Nro_00032136.pdf,WebGestor/Inventario/GuiaInterna,GuiaInterna_Nro_00032136.pdf,.pdf,1886,2025-11-10T02:16:22Z,c6f7adb31fe54492e1adfb6d5a7c5787d6be0248,,0,0,
WebGestor/Inventario/GuiaInterna/GuiaInterna_Nro_00032139.pdf,WebGestor/Inventario/GuiaInterna,GuiaInterna_Nro_00032139.pdf,.pdf,1963,2025-11-10T02:16:22Z,bf3465773a12c9dcb6be3f033e36eda82149c2f5,,0,0,
WebGestor/Inventario/GuiaInterna/GuiaInterna_Nro_00032140.pdf,WebGestor/Inventario/GuiaInterna,GuiaInterna_Nro_00032140.pdf,.pdf,1939,2025-11-10T02:16:22Z,10521b6b7521ad978f0918214c145b265017d83b,,0,0,
WebGestor/Inventario/GuiaInterna/GuiaInterna_Nro_00032149.pdf,WebGestor/Inventario/GuiaInterna,GuiaInterna_Nro_00032149.pdf,.pdf,2024,2025-11-10T02:16:22Z,b19d592d75790f531dddf8f3a543b0cce1a77130,,0,0,
WebGestor/Inventario/GuiaInterna/GuiaInterna_Nro_00032150.pdf,WebGestor/Inventario/GuiaInterna,GuiaInterna_Nro_00032150.pdf,.pdf,1998,2025-11-10T02:16:22Z,da58e3418274b86459c20486565e2e3b1d0917cb,,0,0,
WebGestor/Inventario/GuiaInterna/GuiaInterna_Nro_00032151.pdf,WebGestor/Inventario/GuiaInterna,GuiaInterna_Nro_00032151.pdf,.pdf,2000,2025-11-10T02:16:22Z,1f254bc178ad635a962a4410029be57c1d550add,,0,0,
WebGestor/Inventario/GuiaInterna/GuiaInterna_Nro_00032152.pdf,WebGestor/Inventario/GuiaInterna,GuiaInterna_Nro_00032152.pdf,.pdf,2041,2025-11-10T02:16:22Z,55e1af92dc3545dc48b563395622b1857163fa32,,0,0,
WebGestor/Inventario/GuiaInterna/GuiaInterna_Nro_00032153.pdf,WebGestor/Inventario/GuiaInterna,GuiaInterna_Nro_00032153.pdf,.pdf,1900,2025-11-10T02:16:22Z,e124cea2fa232b9286ae4010f04ddf7150267dba,,0,0,
WebGestor/Inventario/GuiaInterna/GuiaInterna_Nro_00032154.pdf,WebGestor/Inventario/GuiaInterna,GuiaInterna_Nro_00032154.pdf,.pdf,1909,2025-11-10T02:16:22Z,aa164bdd424e61e7441272cc738fbaa844661697,,0,0,
WebGestor/Inventario/GuiaInterna/GuiaInterna_Nro_00032155.pdf,WebGestor/Inventario/GuiaInterna,GuiaInterna_Nro_00032155.pdf,.pdf,1892,2025-11-10T02:16:22Z,23434b48572ac6cb9736e1b9745b0465a8d47f2c,,0,0,
WebGestor/Inventario/GuiaInterna/GuiaInterna_Nro_00032187.pdf,WebGestor/Inventario/GuiaInterna,GuiaInterna_Nro_00032187.pdf,.pdf,1931,2025-11-10T02:16:22Z,6fbe3b83b04a64db08aaddb137ab91e356e44a2e,,0,0,
WebGestor/Inventario/GuiaInterna/GuiaInterna_Nro_00032194.pdf,WebGestor/Inventario/GuiaInterna,GuiaInterna_Nro_00032194.pdf,.pdf,1880,2025-11-10T02:16:22Z,8e85db9dfeb43bd227029aa7b0bbfe8065faa38a,,0,0,
WebGestor/Inventario/GuiaInterna/GuiaInterna_Nro_00032195.pdf,WebGestor/Inventario/GuiaInterna,GuiaInterna_Nro_00032195.pdf,.pdf,1876,2025-11-10T02:16:22Z,aba584b4b5faa9cde774bc4c61aa2706d489311c,,0,0,
WebGestor/Inventario/GuiaInterna/GuiaInterna_Nro_00032196.pdf,WebGestor/Inventario/GuiaInterna,GuiaInterna_Nro_00032196.pdf,.pdf,1984,2025-11-10T02:16:22Z,2944ab72254244e46a0bb7414ee8157b038c83a3,,0,0,
WebGestor/Inventario/GuiaInterna/GuiaInterna_Nro_00032203.pdf,WebGestor/Inventario/GuiaInterna,GuiaInterna_Nro_00032203.pdf,.pdf,1964,2025-11-10T02:16:22Z,1f97e66182a57701d9ad0a8ee1a5ebeff89bbdfe,,0,0,
WebGestor/Inventario/GuiaInterna/GuiaInterna_Nro_00032204.pdf,WebGestor/Inventario/GuiaInterna,GuiaInterna_Nro_00032204.pdf,.pdf,1960,2025-11-10T02:16:22Z,d5b82328aae42ac8ac96044e8da4415ff92a0b50,,0,0,
WebGestor/Inventario/GuiaInterna/GuiaInterna_Nro_00032208.pdf,WebGestor/Inventario/GuiaInterna,GuiaInterna_Nro_00032208.pdf,.pdf,2141,2025-11-10T02:16:22Z,3514b32ae2e10d06aa67fa6c680d578928eba877,,0,0,
WebGestor/Inventario/GuiaInterna/GuiaInterna_Nro_00032209.pdf,WebGestor/Inventario/GuiaInterna,GuiaInterna_Nro_00032209.pdf,.pdf,1991,2025-11-10T02:16:22Z,14cda790a7715c6cc92b9d44840f4a020320daf9,,0,0,
WebGestor/Inventario/GuiaInterna/GuiaInterna_Nro_00032210.pdf,WebGestor/Inventario/GuiaInterna,GuiaInterna_Nro_00032210.pdf,.pdf,1991,2025-11-10T02:16:22Z,0661cb2e1dbe83b09607465e7af9803ef06bf8c4,,0,0,
WebGestor/Inventario/GuiaInterna/GuiaInterna_Nro_00032211.pdf,WebGestor/Inventario/GuiaInterna,GuiaInterna_Nro_00032211.pdf,.pdf,1920,2025-11-10T02:16:22Z,6c8b2a38f5662e792da9754f3f3915114d15623b,,0,0,
WebGestor/Inventario/GuiaInterna/GuiaInterna_Nro_00032212.pdf,WebGestor/Inventario/GuiaInterna,GuiaInterna_Nro_00032212.pdf,.pdf,1965,2025-11-10T02:16:22Z,8b2eb8e7a1be047c0250d3e19ef112c6237bb1bd,,0,0,
WebGestor/Inventario/GuiaInterna/GuiaInterna_Nro_00032213.pdf,WebGestor/Inventario/GuiaInterna,GuiaInterna_Nro_00032213.pdf,.pdf,1893,2025-11-10T02:16:22Z,0bd7b12aa91baed8bba73abe62399d4c685c9472,,0,0,
WebGestor/Inventario/GuiaInterna/GuiaInterna_Nro_00032214.pdf,WebGestor/Inventario/GuiaInterna,GuiaInterna_Nro_00032214.pdf,.pdf,1877,2025-11-10T02:16:22Z,44bfb7d1014268fd9a2bcceae5c3342ef856eeb0,,0,0,
WebGestor/Inventario/GuiaInterna/GuiaInterna_Nro_00032215.pdf,WebGestor/Inventario/GuiaInterna,GuiaInterna_Nro_00032215.pdf,.pdf,1971,2025-11-10T02:16:22Z,1eba2cdfbe9b29a7d6f90dd2da54b4f680b31ea2,,0,0,
WebGestor/Inventario/GuiaInterna/GuiaInterna_Nro_00032221.pdf,WebGestor/Inventario/GuiaInterna,GuiaInterna_Nro_00032221.pdf,.pdf,1975,2025-11-10T02:16:22Z,e1e7552710115f4413812af6dde2258cc94bbcd7,,0,0,
WebGestor/Inventario/GuiaInterna/GuiaInterna_Nro_00032222.pdf,WebGestor/Inventario/GuiaInterna,GuiaInterna_Nro_00032222.pdf,.pdf,1923,2025-11-10T02:16:22Z,9670bf2c92d4244dc76cb9337f3e2ee5d2464e4c,,0,0,
WebGestor/Inventario/GuiaInterna/GuiaInterna_Nro_00032223.pdf,WebGestor/Inventario/GuiaInterna,GuiaInterna_Nro_00032223.pdf,.pdf,1912,2025-11-10T02:16:22Z,432df5069201d916fe44c8028c10d5fc35cd0af2,,0,0,
WebGestor/Inventario/GuiaInterna/GuiaInterna_Nro_00032224.pdf,WebGestor/Inventario/GuiaInterna,GuiaInterna_Nro_00032224.pdf,.pdf,1904,2025-11-10T02:16:22Z,de4e4959a994e76cbcb46bddbb5bdd6a7c60eb07,,0,0,
WebGestor/Inventario/GuiaInterna/GuiaInterna_Nro_00032225.pdf,WebGestor/Inventario/GuiaInterna,GuiaInterna_Nro_00032225.pdf,.pdf,1943,2025-11-10T02:16:22Z,4bf1b0db179ecdbd576325cd152339afc7c7abee,,0,0,
WebGestor/Inventario/GuiaInterna/GuiaInterna_Nro_00032226.pdf,WebGestor/Inventario/GuiaInterna,GuiaInterna_Nro_00032226.pdf,.pdf,2014,2025-11-10T02:16:22Z,e4198f1c21d2d48362466fe71022116f4d3dd2b9,,0,0,
WebGestor/Inventario/GuiaInterna/GuiaInterna_Nro_00032227.pdf,WebGestor/Inventario/GuiaInterna,GuiaInterna_Nro_00032227.pdf,.pdf,1909,2025-11-10T02:16:22Z,5b0f5a865d6a34fa1d6324db442879e819dfb4e1,,0,0,
WebGestor/Inventario/GuiaInterna/GuiaInterna_Nro_00032228.pdf,WebGestor/Inventario/GuiaInterna,GuiaInterna_Nro_00032228.pdf,.pdf,1916,2025-11-10T02:16:22Z,09bedfecee9935bb90bfea6ed459c72cf490b8a2,,0,0,
WebGestor/Inventario/GuiaInterna/GuiaInterna_Nro_00032229.pdf,WebGestor/Inventario/GuiaInterna,GuiaInterna_Nro_00032229.pdf,.pdf,1907,2025-11-10T02:16:22Z,a7433f5a4bf72cb2384e1334743800ade70d2628,,0,0,
WebGestor/Inventario/GuiaInterna/GuiaInterna_Nro_00032231.pdf,WebGestor/Inventario/GuiaInterna,GuiaInterna_Nro_00032231.pdf,.pdf,1897,2025-11-10T02:16:22Z,a016791d628db4b13905a2cb8268c87f69f2eea6,,0,0,
WebGestor/Inventario/GuiaInterna/GuiaInterna_Nro_00032232.pdf,WebGestor/Inventario/GuiaInterna,GuiaInterna_Nro_00032232.pdf,.pdf,1884,2025-11-10T02:16:22Z,b24c54457c3ef48e28d988059491e6179f38009c,,0,0,
WebGestor/Inventario/GuiaInterna/GuiaInterna_Nro_00032233.pdf,WebGestor/Inventario/GuiaInterna,GuiaInterna_Nro_00032233.pdf,.pdf,1928,2025-11-10T02:16:22Z,6c4859b09b4e5564e4f6ec1cf3be00a779d73830,,0,0,
WebGestor/Inventario/GuiaInterna/GuiaInterna_Nro_00032235.pdf,WebGestor/Inventario/GuiaInterna,GuiaInterna_Nro_00032235.pdf,.pdf,2224,2025-11-10T02:16:22Z,55e952eb218b45e61b196d61914ad40f2dd71dd9,,0,0,
WebGestor/Inventario/GuiaInterna/GuiaInterna_Nro_00032237.pdf,WebGestor/Inventario/GuiaInterna,GuiaInterna_Nro_00032237.pdf,.pdf,2138,2025-11-10T02:16:22Z,78d0fe7afc4ab6f4fd7decfd3399ff7e8e128b08,,0,0,
WebGestor/Inventario/GuiaInterna/GuiaInterna_Nro_00032238.pdf,WebGestor/Inventario/GuiaInterna,GuiaInterna_Nro_00032238.pdf,.pdf,1982,2025-11-10T02:16:22Z,ce1e1956653b32e7062369433be7d8b190fa4276,,0,0,
WebGestor/Inventario/GuiaInterna/GuiaInterna_Nro_00032240.pdf,WebGestor/Inventario/GuiaInterna,GuiaInterna_Nro_00032240.pdf,.pdf,2021,2025-11-10T02:16:22Z,385167bd92055907d73cd2583d7c248f6c7d28fd,,0,0,
WebGestor/Inventario/GuiaInterna/GuiaInterna_Nro_00032241.pdf,WebGestor/Inventario/GuiaInterna,GuiaInterna_Nro_00032241.pdf,.pdf,2043,2025-11-10T02:16:22Z,ec85ca05cf82b90332b69679d2c13e1406fa5b6b,,0,0,
WebGestor/Inventario/GuiaInterna/GuiaInterna_Nro_00032242.pdf,WebGestor/Inventario/GuiaInterna,GuiaInterna_Nro_00032242.pdf,.pdf,1900,2025-11-10T02:16:22Z,37a50fba33937ede7b26dda18e4beddd0ef2182d,,0,0,
WebGestor/Inventario/GuiaInterna/GuiaInterna_Nro_00032243.pdf,WebGestor/Inventario/GuiaInterna,GuiaInterna_Nro_00032243.pdf,.pdf,2071,2025-11-10T02:16:22Z,280f8f110037b0e6e3e530be4d90c27b96f563a5,,0,0,
WebGestor/Inventario/GuiaInterna/GuiaInterna_Nro_00032244.pdf,WebGestor/Inventario/GuiaInterna,GuiaInterna_Nro_00032244.pdf,.pdf,1914,2025-11-10T02:16:22Z,d41f5a691a41373cf2f68d151142229b02dac487,,0,0,
WebGestor/Inventario/GuiaInterna/GuiaInterna_Nro_00032245.pdf,WebGestor/Inventario/GuiaInterna,GuiaInterna_Nro_00032245.pdf,.pdf,1892,2025-11-10T02:16:22Z,c92c91477ecf6079f872638d75c45d3dd63c1698,,0,0,
WebGestor/Inventario/GuiaInterna/GuiaInterna_Nro_00032246.pdf,WebGestor/Inventario/GuiaInterna,GuiaInterna_Nro_00032246.pdf,.pdf,1941,2025-11-10T02:16:22Z,3f12d3602afa80d3992a3b2a606e56b415115ef8,,0,0,
WebGestor/Inventario/GuiaInterna/GuiaInterna_Nro_00032247.pdf,WebGestor/Inventario/GuiaInterna,GuiaInterna_Nro_00032247.pdf,.pdf,1881,2025-11-10T02:16:22Z,304891295e403f8ede396b432042785628c0ae0d,,0,0,
WebGestor/Inventario/GuiaInterna/GuiaInterna_Nro_00032248.pdf,WebGestor/Inventario/GuiaInterna,GuiaInterna_Nro_00032248.pdf,.pdf,1882,2025-11-10T02:16:22Z,eed8dccca4d021b9f36845293ab63fd00e456f69,,0,0,
WebGestor/Inventario/GuiaInterna/GuiaInterna_Nro_00032249.pdf,WebGestor/Inventario/GuiaInterna,GuiaInterna_Nro_00032249.pdf,.pdf,1880,2025-11-10T02:16:22Z,7297116c9b672296b8177300980bc8f9d66f7f03,,0,0,
WebGestor/Inventario/GuiaInterna/GuiaInterna_Nro_00032250.pdf,WebGestor/Inventario/GuiaInterna,GuiaInterna_Nro_00032250.pdf,.pdf,1889,2025-11-10T02:16:22Z,0bdd4c1f2bfd6777be73be9e8a06b07a791ddf39,,0,0,
WebGestor/Inventario/GuiaInterna/GuiaInterna_Nro_00032251.pdf,WebGestor/Inventario/GuiaInterna,GuiaInterna_Nro_00032251.pdf,.pdf,1963,2025-11-10T02:16:22Z,b17ace1319002e077ef34d0dc41bec3ec3b9d205,,0,0,
WebGestor/Inventario/GuiaInterna/GuiaInterna_Nro_00032252.pdf,WebGestor/Inventario/GuiaInterna,GuiaInterna_Nro_00032252.pdf,.pdf,2178,2025-11-10T02:16:22Z,ab8a1e1b467f0a538fe21e856ce262ece3554630,,0,0,
WebGestor/Inventario/GuiaInterna/GuiaInterna_Nro_00032253.pdf,WebGestor/Inventario/GuiaInterna,GuiaInterna_Nro_00032253.pdf,.pdf,2013,2025-11-10T02:16:22Z,998145a3ac56640f7dd1413ea6c80798552b9af4,,0,0,
WebGestor/Inventario/GuiaInterna/GuiaInterna_Nro_00032254.pdf,WebGestor/Inventario/GuiaInterna,GuiaInterna_Nro_00032254.pdf,.pdf,1966,2025-11-10T02:16:22Z,60fa02ae29dd84c1b8fd0f24250a187a79761a3c,,0,0,
WebGestor/Inventario/GuiaInterna/GuiaInterna_Nro_00032268.pdf,WebGestor/Inventario/GuiaInterna,GuiaInterna_Nro_00032268.pdf,.pdf,1888,2025-11-10T02:16:22Z,ea3a87f4b6cb6f44deeab2f8d0ad3df04d2f43df,,0,0,
WebGestor/Inventario/GuiaInterna/GuiaInterna_Nro_00032269.pdf,WebGestor/Inventario/GuiaInterna,GuiaInterna_Nro_00032269.pdf,.pdf,1874,2025-11-10T02:16:22Z,e395597a4e546e9ef5ea2e3f13978f0b44429e6b,,0,0,
WebGestor/Inventario/GuiaInterna/GuiaInterna_Nro_00032270.pdf,WebGestor/Inventario/GuiaInterna,GuiaInterna_Nro_00032270.pdf,.pdf,1916,2025-11-10T02:16:22Z,47535045a1edf2e5ceaa762d3670bb4191ce5e11,,0,0,
WebGestor/Inventario/GuiaInterna/GuiaInterna_Nro_00032271.pdf,WebGestor/Inventario/GuiaInterna,GuiaInterna_Nro_00032271.pdf,.pdf,1937,2025-11-10T02:16:22Z,5c6a4c58da0d609af9d66dcb59583fd41e0c7055,,0,0,
WebGestor/Inventario/GuiaInterna/GuiaInterna_Nro_00032272.pdf,WebGestor/Inventario/GuiaInterna,GuiaInterna_Nro_00032272.pdf,.pdf,1984,2025-11-10T02:16:22Z,24a69fcfb184e781faee23e2c297282132b1589f,,0,0,
WebGestor/Inventario/GuiaInterna/GuiaInterna_Nro_00032290.pdf,WebGestor/Inventario/GuiaInterna,GuiaInterna_Nro_00032290.pdf,.pdf,1875,2025-11-10T02:16:22Z,54e1a45e87c552eeb9e9d071c1ecabd54a52eb69,,0,0,
WebGestor/Inventario/GuiaInterna/GuiaInterna_Nro_00032295.pdf,WebGestor/Inventario/GuiaInterna,GuiaInterna_Nro_00032295.pdf,.pdf,1925,2025-11-10T02:16:22Z,2077e1f141a27ef11880c9aa9e03995e35906a6f,,0,0,
WebGestor/Inventario/GuiaInterna/GuiaInterna_Nro_00032296.pdf,WebGestor/Inventario/GuiaInterna,GuiaInterna_Nro_00032296.pdf,.pdf,1912,2025-11-10T02:16:22Z,5fc814168b5d3dd6eb9972b76a46f605c9785f03,,0,0,
WebGestor/Inventario/GuiaInterna/GuiaInterna_Nro_00032299.pdf,WebGestor/Inventario/GuiaInterna,GuiaInterna_Nro_00032299.pdf,.pdf,1941,2025-11-10T02:16:22Z,e71fbf02e6c195d99304edbcbf2b4c68b4582c0e,,0,0,
WebGestor/Inventario/GuiaInterna/GuiaInterna_Nro_00032300.pdf,WebGestor/Inventario/GuiaInterna,GuiaInterna_Nro_00032300.pdf,.pdf,1891,2025-11-10T02:16:22Z,065f3222de545535f7fff50f6b878a26a4f6462b,,0,0,
WebGestor/Inventario/GuiaInterna/GuiaInterna_Nro_00032301.pdf,WebGestor/Inventario/GuiaInterna,GuiaInterna_Nro_00032301.pdf,.pdf,1939,2025-11-10T02:16:22Z,4bebccbe17cbfbeec8b19898967f29d8aafb303b,,0,0,
WebGestor/Inventario/GuiaInterna/GuiaInterna_Nro_00032302.pdf,WebGestor/Inventario/GuiaInterna,GuiaInterna_Nro_00032302.pdf,.pdf,1938,2025-11-10T02:16:22Z,80611c15eeddbe4a5cb8c78994441327e085d5cf,,0,0,
WebGestor/Inventario/GuiaInterna/GuiaInterna_Nro_00032303.pdf,WebGestor/Inventario/GuiaInterna,GuiaInterna_Nro_00032303.pdf,.pdf,1923,2025-11-10T02:16:22Z,883b3c7f6bb74aa5dfcce4d8d340596c104ff178,,0,0,
WebGestor/Inventario/GuiaInterna/GuiaInterna_Nro_00032306.pdf,WebGestor/Inventario/GuiaInterna,GuiaInterna_Nro_00032306.pdf,.pdf,1912,2025-11-10T02:16:22Z,7f5d1536e3dd531ca9a770e386323776e2c1ffb2,,0,0,
WebGestor/Inventario/GuiaInterna/GuiaInterna_Nro_00032307.pdf,WebGestor/Inventario/GuiaInterna,GuiaInterna_Nro_00032307.pdf,.pdf,1963,2025-11-10T02:16:22Z,e56b1f81e4d84ed29d57246f5867df0b0f055c71,,0,0,
WebGestor/Inventario/GuiaInterna/GuiaInterna_Nro_00032308.pdf,WebGestor/Inventario/GuiaInterna,GuiaInterna_Nro_00032308.pdf,.pdf,1971,2025-11-10T02:16:22Z,b1157383b571a9bac20166245c0083d0f93de3cb,,0,0,
WebGestor/Inventario/GuiaInterna/GuiaInterna_Nro_00032324.pdf,WebGestor/Inventario/GuiaInterna,GuiaInterna_Nro_00032324.pdf,.pdf,2008,2025-11-10T02:16:22Z,bfc9bc625eedf7403691ef4cdafc3320920b7a66,,0,0,
WebGestor/Inventario/GuiaInterna/GuiaInterna_Nro_00032325.pdf,WebGestor/Inventario/GuiaInterna,GuiaInterna_Nro_00032325.pdf,.pdf,1882,2025-11-10T02:16:22Z,23d5f22942b63557649e53cd29f233a12d4ede66,,0,0,
WebGestor/Inventario/GuiaInterna/GuiaInterna_Nro_00032326.pdf,WebGestor/Inventario/GuiaInterna,GuiaInterna_Nro_00032326.pdf,.pdf,1882,2025-11-10T02:16:22Z,2f2b9f669e1766070fa51d30e97558d1e1456a0a,,0,0,
WebGestor/Inventario/GuiaInterna/GuiaInterna_Nro_00032329.pdf,WebGestor/Inventario/GuiaInterna,GuiaInterna_Nro_00032329.pdf,.pdf,1932,2025-11-10T02:16:22Z,2bd59c180b550296977a4a2d74866fe0fa267dc2,,0,0,
WebGestor/Inventario/GuiaInterna/GuiaInterna_Nro_00032337.pdf,WebGestor/Inventario/GuiaInterna,GuiaInterna_Nro_00032337.pdf,.pdf,1921,2025-11-10T02:16:22Z,f426213b8a33db50df40131ab3aabac115a1c19a,,0,0,
WebGestor/Inventario/GuiaInterna/GuiaInterna_Nro_00032338.pdf,WebGestor/Inventario/GuiaInterna,GuiaInterna_Nro_00032338.pdf,.pdf,1890,2025-11-10T02:16:22Z,1e76e5b5715c13bfbc4e63b62cd05487715d6084,,0,0,
WebGestor/Inventario/GuiaInterna/GuiaInterna_Nro_00032340.pdf,WebGestor/Inventario/GuiaInterna,GuiaInterna_Nro_00032340.pdf,.pdf,2178,2025-11-10T02:16:22Z,e074112560c34855541a2b2624bc72495b7e82d1,,0,0,
WebGestor/Inventario/GuiaInterna/GuiaInterna_Nro_00032341.pdf,WebGestor/Inventario/GuiaInterna,GuiaInterna_Nro_00032341.pdf,.pdf,1938,2025-11-10T02:16:22Z,e178862d6db13e53df8b7ca864f6e61fc4af1481,,0,0,
WebGestor/Inventario/GuiaInterna/GuiaInterna_Nro_00032342.pdf,WebGestor/Inventario/GuiaInterna,GuiaInterna_Nro_00032342.pdf,.pdf,1965,2025-11-10T02:16:22Z,7c656bdafe00746af0d5580592c5752887810611,,0,0,
WebGestor/Inventario/GuiaInterna/GuiaInterna_Nro_00032344.pdf,WebGestor/Inventario/GuiaInterna,GuiaInterna_Nro_00032344.pdf,.pdf,1919,2025-11-10T02:16:22Z,f4ae5ecc2de7c896c340eb04ae7d1f3d2f899f1a,,0,0,
WebGestor/Inventario/GuiaInterna/GuiaInterna_Nro_00032345.pdf,WebGestor/Inventario/GuiaInterna,GuiaInterna_Nro_00032345.pdf,.pdf,1896,2025-11-10T02:16:22Z,01817f7c5cb7bcaa29e02a5802a8b9cfac02a942,,0,0,
WebGestor/Inventario/GuiaInterna/GuiaInterna_Nro_00032346.pdf,WebGestor/Inventario/GuiaInterna,GuiaInterna_Nro_00032346.pdf,.pdf,1927,2025-11-10T02:16:22Z,6429b1de867643f5bb928cf04d2aa93ffe599cfc,,0,0,
WebGestor/Inventario/GuiaInterna/GuiaInterna_Nro_00032347.pdf,WebGestor/Inventario/GuiaInterna,GuiaInterna_Nro_00032347.pdf,.pdf,2010,2025-11-10T02:16:22Z,2f95251dcf0efae04af86bd9933c9401144f678e,,0,0,
WebGestor/Inventario/GuiaInterna/GuiaInterna_Nro_00032348.pdf,WebGestor/Inventario/GuiaInterna,GuiaInterna_Nro_00032348.pdf,.pdf,2069,2025-11-10T02:16:22Z,3754b71370726ace07a5f88907396d0fd83f8a5a,,0,0,
WebGestor/Inventario/GuiaInterna/GuiaInterna_Nro_00032349.pdf,WebGestor/Inventario/GuiaInterna,GuiaInterna_Nro_00032349.pdf,.pdf,1901,2025-11-10T02:16:22Z,7296eedbb847a2efb5f5d7c203934ca59890bfc6,,0,0,
WebGestor/Inventario/GuiaInterna/GuiaInterna_Nro_00032350.pdf,WebGestor/Inventario/GuiaInterna,GuiaInterna_Nro_00032350.pdf,.pdf,1895,2025-11-10T02:16:22Z,5dec979a5f17f20321d6a330a9b3cc2904a5db15,,0,0,
WebGestor/Inventario/GuiaInterna/GuiaInterna_Nro_00032351.pdf,WebGestor/Inventario/GuiaInterna,GuiaInterna_Nro_00032351.pdf,.pdf,1923,2025-11-10T02:16:22Z,5146a6aefef4aba502b70f2a2264888ffa21944b,,0,0,
WebGestor/Inventario/GuiaInterna/GuiaInterna_Nro_00032352.pdf,WebGestor/Inventario/GuiaInterna,GuiaInterna_Nro_00032352.pdf,.pdf,1890,2025-11-10T02:16:22Z,3d03570fc99a74dde18385cbe97a9fa6befe9ed8,,0,0,
WebGestor/Inventario/GuiaInterna/GuiaInterna_Nro_00032353.pdf,WebGestor/Inventario/GuiaInterna,GuiaInterna_Nro_00032353.pdf,.pdf,1894,2025-11-10T02:16:22Z,24ce24fc75e06045f5b27d96a89388c5c34c30cf,,0,0,
WebGestor/Inventario/GuiaInterna/GuiaInterna_Nro_00032354.pdf,WebGestor/Inventario/GuiaInterna,GuiaInterna_Nro_00032354.pdf,.pdf,1967,2025-11-10T02:16:22Z,016e07aab17ed46fe58484fe98b0b64cb17251fc,,0,0,
WebGestor/Inventario/GuiaInterna/GuiaInterna_Nro_00032355.pdf,WebGestor/Inventario/GuiaInterna,GuiaInterna_Nro_00032355.pdf,.pdf,1973,2025-11-10T02:16:22Z,b25909411ee50ce6201cefa5e646befe53a13f7d,,0,0,
WebGestor/Inventario/GuiaInterna/GuiaInterna_Nro_00032356.pdf,WebGestor/Inventario/GuiaInterna,GuiaInterna_Nro_00032356.pdf,.pdf,1892,2025-11-10T02:16:22Z,9da0b6633d922c4992b817f7051c9f2ab2101d25,,0,0,
WebGestor/Inventario/GuiaInterna/GuiaInterna_Nro_00032357.pdf,WebGestor/Inventario/GuiaInterna,GuiaInterna_Nro_00032357.pdf,.pdf,1935,2025-11-10T02:16:22Z,e12ca6a9a36611ee8792d75784ca0449d60022ff,,0,0,
WebGestor/Inventario/GuiaInterna/GuiaInterna_Nro_00032358.pdf,WebGestor/Inventario/GuiaInterna,GuiaInterna_Nro_00032358.pdf,.pdf,1969,2025-11-10T02:16:22Z,37972da53599910c753e1f0093113957bbd1e15f,,0,0,
WebGestor/Inventario/GuiaInterna/GuiaInterna_Nro_00032359.pdf,WebGestor/Inventario/GuiaInterna,GuiaInterna_Nro_00032359.pdf,.pdf,1946,2025-11-10T02:16:22Z,0f19c5b6ab5a55a0517dbac253c063c0b3eb1854,,0,0,
WebGestor/Inventario/GuiaInterna/GuiaInterna_Nro_00032360.pdf,WebGestor/Inventario/GuiaInterna,GuiaInterna_Nro_00032360.pdf,.pdf,1945,2025-11-10T02:16:22Z,2df27e97239923c33dfdda4bdd2e3688e396b943,,0,0,
WebGestor/Inventario/GuiaInterna/GuiaInterna_Nro_00032361.pdf,WebGestor/Inventario/GuiaInterna,GuiaInterna_Nro_00032361.pdf,.pdf,1968,2025-11-10T02:16:22Z,b1d56cdf1a6070058707f6e05db61c61b8bc96af,,0,0,
WebGestor/Inventario/GuiaInterna/GuiaInterna_Nro_00032362.pdf,WebGestor/Inventario/GuiaInterna,GuiaInterna_Nro_00032362.pdf,.pdf,2021,2025-11-10T02:16:22Z,5d508e880d0b58f1381078d46618be83fabe12cc,,0,0,
WebGestor/Inventario/GuiaInterna/GuiaInterna_Nro_00032396.pdf,WebGestor/Inventario/GuiaInterna,GuiaInterna_Nro_00032396.pdf,.pdf,1877,2025-11-10T02:16:22Z,6aa59b0f27dc07f51c22f144199b27645cb4c26e,,0,0,
WebGestor/Inventario/GuiaInterna/GuiaInterna_Nro_00032412.pdf,WebGestor/Inventario/GuiaInterna,GuiaInterna_Nro_00032412.pdf,.pdf,1926,2025-11-10T02:16:22Z,b80d8ae00839679159d98fbc9faca524872ddb2d,,0,0,
WebGestor/Inventario/GuiaInterna/GuiaInterna_Nro_00032413.pdf,WebGestor/Inventario/GuiaInterna,GuiaInterna_Nro_00032413.pdf,.pdf,1888,2025-11-10T02:16:22Z,7c47a112ca498f2f72066fafa3094deb77b4d478,,0,0,
WebGestor/Inventario/GuiaInterna/GuiaInterna_Nro_00032414.pdf,WebGestor/Inventario/GuiaInterna,GuiaInterna_Nro_00032414.pdf,.pdf,1889,2025-11-10T02:16:22Z,910ed08c6184143fc27baff0572648fa6f89a8f0,,0,0,
WebGestor/Inventario/GuiaInterna/GuiaInterna_Nro_00032415.pdf,WebGestor/Inventario/GuiaInterna,GuiaInterna_Nro_00032415.pdf,.pdf,1893,2025-11-10T02:16:22Z,4eebe9b40ea24f4a7a80cd8c4f24c9adbcbd302b,,0,0,
WebGestor/Inventario/GuiaInterna/GuiaInterna_Nro_00032416.pdf,WebGestor/Inventario/GuiaInterna,GuiaInterna_Nro_00032416.pdf,.pdf,1887,2025-11-10T02:16:22Z,635920554800aca7a9e834e387832fd58ad6e94c,,0,0,
WebGestor/Inventario/GuiaInterna/GuiaInterna_Nro_00032417.pdf,WebGestor/Inventario/GuiaInterna,GuiaInterna_Nro_00032417.pdf,.pdf,1883,2025-11-10T02:16:22Z,d23aefb1749ed237a9091ba7435d8a56e57aa178,,0,0,
WebGestor/Inventario/GuiaInterna/GuiaInterna_Nro_00032418.pdf,WebGestor/Inventario/GuiaInterna,GuiaInterna_Nro_00032418.pdf,.pdf,1874,2025-11-10T02:16:22Z,33bc914476b2b8888a75621b64c4c3716b840caa,,0,0,
WebGestor/Inventario/GuiaInterna/GuiaInterna_Nro_00032419.pdf,WebGestor/Inventario/GuiaInterna,GuiaInterna_Nro_00032419.pdf,.pdf,1905,2025-11-10T02:16:22Z,279200f4d16bf3a2f81b2129d07a92745ef2d31b,,0,0,
WebGestor/Inventario/GuiaInterna/GuiaInterna_Nro_00032420.pdf,WebGestor/Inventario/GuiaInterna,GuiaInterna_Nro_00032420.pdf,.pdf,1888,2025-11-10T02:16:22Z,1aaee7d5ea2df8d3a1d5bd8be054bcee2927bd26,,0,0,
WebGestor/Inventario/GuiaInterna/GuiaInterna_Nro_00032421.pdf,WebGestor/Inventario/GuiaInterna,GuiaInterna_Nro_00032421.pdf,.pdf,1886,2025-11-10T02:16:22Z,1239b5767d8ac59d76778b1f77fefae5e040b9e0,,0,0,
WebGestor/Inventario/GuiaInterna/GuiaInterna_Nro_00032422.pdf,WebGestor/Inventario/GuiaInterna,GuiaInterna_Nro_00032422.pdf,.pdf,1896,2025-11-10T02:16:22Z,08edc4e7e3fe6de86d1f4c7a31b2272c0990de50,,0,0,
WebGestor/Inventario/GuiaInterna/GuiaInterna_Nro_00032423.pdf,WebGestor/Inventario/GuiaInterna,GuiaInterna_Nro_00032423.pdf,.pdf,1884,2025-11-10T02:16:22Z,ddcd5f253d1280da9974f7a0576d31787c7afe54,,0,0,
WebGestor/Inventario/GuiaInterna/GuiaInterna_Nro_00032424.pdf,WebGestor/Inventario/GuiaInterna,GuiaInterna_Nro_00032424.pdf,.pdf,1881,2025-11-10T02:16:22Z,10a5d7b46c0c0dd315c83b1cd8c884bbde6526f0,,0,0,
WebGestor/Inventario/GuiaInterna/GuiaInterna_Nro_00032425.pdf,WebGestor/Inventario/GuiaInterna,GuiaInterna_Nro_00032425.pdf,.pdf,1904,2025-11-10T02:16:22Z,703a665599456894c1023ca2bfe90e3df6c5692c,,0,0,
WebGestor/Inventario/GuiaInterna/GuiaInterna_Nro_00032426.pdf,WebGestor/Inventario/GuiaInterna,GuiaInterna_Nro_00032426.pdf,.pdf,1887,2025-11-10T02:16:22Z,8e62874c194e323b5d577835d7bfe00f25060a37,,0,0,
WebGestor/Inventario/GuiaInterna/GuiaInterna_Nro_00032427.pdf,WebGestor/Inventario/GuiaInterna,GuiaInterna_Nro_00032427.pdf,.pdf,1883,2025-11-10T02:16:22Z,c4637113ae7c479e01aa18d27c9b0923f0e13af1,,0,0,
WebGestor/Inventario/GuiaInterna/GuiaInterna_Nro_00032428.pdf,WebGestor/Inventario/GuiaInterna,GuiaInterna_Nro_00032428.pdf,.pdf,1983,2025-11-10T02:16:22Z,b2595c80efc8efcaf5351b9c3dba2fb68ff7430c,,0,0,
WebGestor/Inventario/GuiaInterna/GuiaInterna_Nro_00032429.pdf,WebGestor/Inventario/GuiaInterna,GuiaInterna_Nro_00032429.pdf,.pdf,1907,2025-11-10T02:16:22Z,1733d0a406acf36adbece2f6b1fd5383c91d4d1d,,0,0,
WebGestor/Inventario/GuiaInterna/GuiaInterna_Nro_00032430.pdf,WebGestor/Inventario/GuiaInterna,GuiaInterna_Nro_00032430.pdf,.pdf,1887,2025-11-10T02:16:22Z,aafab783a70c8f3e685162e967a9f2ca027d1638,,0,0,
WebGestor/Inventario/GuiaInterna/GuiaInterna_Nro_00032431.pdf,WebGestor/Inventario/GuiaInterna,GuiaInterna_Nro_00032431.pdf,.pdf,1910,2025-11-10T02:16:22Z,3cd2eb38f9a1b59293b7cd29a536e108f1c854c9,,0,0,
WebGestor/Inventario/GuiaInterna/GuiaInterna_Nro_00032432.pdf,WebGestor/Inventario/GuiaInterna,GuiaInterna_Nro_00032432.pdf,.pdf,1943,2025-11-10T02:16:22Z,56c46c82ed68ab6b0cadd08b8466ea7c812ad3fb,,0,0,
WebGestor/Inventario/GuiaInterna/GuiaInterna_Nro_00032434.pdf,WebGestor/Inventario/GuiaInterna,GuiaInterna_Nro_00032434.pdf,.pdf,1931,2025-11-10T02:16:22Z,4b92a7aecef4a148f3ae70a852b999d0555579b1,,0,0,
WebGestor/Inventario/GuiaInterna/GuiaInterna_Nro_00032435.pdf,WebGestor/Inventario/GuiaInterna,GuiaInterna_Nro_00032435.pdf,.pdf,2176,2025-11-10T02:16:22Z,bf0188b1d8e461bc67e44f9f81189ad685e24523,,0,0,
WebGestor/Inventario/GuiaInterna/GuiaInterna_Nro_00032436.pdf,WebGestor/Inventario/GuiaInterna,GuiaInterna_Nro_00032436.pdf,.pdf,1886,2025-11-10T02:16:22Z,3f2b75d732b7b52956feec68a0cd454714152b56,,0,0,
WebGestor/Inventario/GuiaInterna/GuiaInterna_Nro_00032437.pdf,WebGestor/Inventario/GuiaInterna,GuiaInterna_Nro_00032437.pdf,.pdf,1930,2025-11-10T02:16:22Z,8e47decc080be1d54bfd8a8bad559232f445625c,,0,0,
WebGestor/Inventario/GuiaInterna/GuiaInterna_Nro_00032438.pdf,WebGestor/Inventario/GuiaInterna,GuiaInterna_Nro_00032438.pdf,.pdf,1917,2025-11-10T02:16:22Z,b465c81fc996fff45a283ccd82c64738c947003e,,0,0,
WebGestor/Inventario/GuiaInterna/GuiaInterna_Nro_00032441.pdf,WebGestor/Inventario/GuiaInterna,GuiaInterna_Nro_00032441.pdf,.pdf,1906,2025-11-10T02:16:22Z,be94dc59a157160f573648669d089c119171a5a6,,0,0,
WebGestor/Inventario/GuiaInterna/GuiaInterna_Nro_00032442.pdf,WebGestor/Inventario/GuiaInterna,GuiaInterna_Nro_00032442.pdf,.pdf,2047,2025-11-10T02:16:22Z,3f376b4fe9be3124868ad04eeb1dc7ad0598ace0,,0,0,
WebGestor/Inventario/GuiaInterna/GuiaInterna_Nro_00032443.pdf,WebGestor/Inventario/GuiaInterna,GuiaInterna_Nro_00032443.pdf,.pdf,2213,2025-11-10T02:16:22Z,f5d7d8637720026081b14836b71156647fd9f1ba,,0,0,
WebGestor/Inventario/GuiaInterna/GuiaInterna_Nro_00032444.pdf,WebGestor/Inventario/GuiaInterna,GuiaInterna_Nro_00032444.pdf,.pdf,1933,2025-11-10T02:16:22Z,8d1622974b7e500895a580d7c9230fec7fc13812,,0,0,
WebGestor/Inventario/GuiaInterna/GuiaInterna_Nro_00032445.pdf,WebGestor/Inventario/GuiaInterna,GuiaInterna_Nro_00032445.pdf,.pdf,1948,2025-11-10T02:16:22Z,850031ddc1ec38d168a6bc521541991db56a262b,,0,0,
WebGestor/Inventario/GuiaInterna/GuiaInterna_Nro_00032446.pdf,WebGestor/Inventario/GuiaInterna,GuiaInterna_Nro_00032446.pdf,.pdf,1920,2025-11-10T02:16:22Z,65d33d9d371defdfb579cb5ef2dfb801812b49c6,,0,0,
WebGestor/Inventario/GuiaInterna/GuiaInterna_Nro_00032447.pdf,WebGestor/Inventario/GuiaInterna,GuiaInterna_Nro_00032447.pdf,.pdf,1911,2025-11-10T02:16:22Z,a3c1dbf0dbb988b00eb9d9077d0c71966c2d12bf,,0,0,
WebGestor/Inventario/GuiaInterna/GuiaInterna_Nro_00032451.pdf,WebGestor/Inventario/GuiaInterna,GuiaInterna_Nro_00032451.pdf,.pdf,1932,2025-11-10T02:16:22Z,b97dc6636cba953ebe9dac2726a31ec970712bde,,0,0,
WebGestor/Inventario/GuiaInterna/GuiaInterna_Nro_00032452.pdf,WebGestor/Inventario/GuiaInterna,GuiaInterna_Nro_00032452.pdf,.pdf,1927,2025-11-10T02:16:22Z,ea3a0b3767b326146ac1a77cbc1bded2531dc340,,0,0,
WebGestor/Inventario/GuiaInterna/GuiaInterna_Nro_00032457.pdf,WebGestor/Inventario/GuiaInterna,GuiaInterna_Nro_00032457.pdf,.pdf,1912,2025-11-10T02:16:22Z,9506193704c810b0805b4cb5a53b260ba95d5b07,,0,0,
WebGestor/Inventario/GuiaInterna/GuiaInterna_Nro_00032458.pdf,WebGestor/Inventario/GuiaInterna,GuiaInterna_Nro_00032458.pdf,.pdf,1891,2025-11-10T02:16:22Z,b6bf65f2c071f0aefb716cf1671241cc6d2a4860,,0,0,
WebGestor/Inventario/GuiaInterna/GuiaInterna_Nro_00032459.pdf,WebGestor/Inventario/GuiaInterna,GuiaInterna_Nro_00032459.pdf,.pdf,2103,2025-11-10T02:16:22Z,c07cfb6ca5f45caca7d2d3fe89ca2a4b0440d3fd,,0,0,
WebGestor/Inventario/GuiaInterna/GuiaInterna_Nro_00032461.pdf,WebGestor/Inventario/GuiaInterna,GuiaInterna_Nro_00032461.pdf,.pdf,1914,2025-11-10T02:16:22Z,82e8e7160b74e9722aa15e428320d600d51faf1a,,0,0,
WebGestor/Inventario/GuiaInterna/GuiaInterna_Nro_00032474.pdf,WebGestor/Inventario/GuiaInterna,GuiaInterna_Nro_00032474.pdf,.pdf,1919,2025-11-10T02:16:22Z,f63920123e8f16f754389f6e34b6c320442b025e,,0,0,
WebGestor/Inventario/GuiaInterna/GuiaInterna_Nro_00032477.pdf,WebGestor/Inventario/GuiaInterna,GuiaInterna_Nro_00032477.pdf,.pdf,1999,2025-11-10T02:16:22Z,29b0d37531f650d062ce8937888249a65b5355d8,,0,0,
WebGestor/Inventario/GuiaInterna/GuiaInterna_Nro_00032478.pdf,WebGestor/Inventario/GuiaInterna,GuiaInterna_Nro_00032478.pdf,.pdf,1953,2025-11-10T02:16:22Z,5b16a7b8508cfbc7cce4de4bd69887bddd15de66,,0,0,
WebGestor/Inventario/GuiaInterna/GuiaInterna_Nro_00032479.pdf,WebGestor/Inventario/GuiaInterna,GuiaInterna_Nro_00032479.pdf,.pdf,2063,2025-11-10T02:16:22Z,c43a11cec042fd181ebac92f7061a3bbd0b9ec0c,,0,0,
WebGestor/Inventario/GuiaInterna/GuiaInterna_Nro_00032484.pdf,WebGestor/Inventario/GuiaInterna,GuiaInterna_Nro_00032484.pdf,.pdf,1929,2025-11-10T02:16:22Z,6ce854a2647c980be79971e243655c1b2f4f5837,,0,0,
WebGestor/Inventario/GuiaInterna/GuiaInterna_Nro_00032488.pdf,WebGestor/Inventario/GuiaInterna,GuiaInterna_Nro_00032488.pdf,.pdf,1935,2025-11-10T02:16:22Z,7c86669b58ec7fa599328452b62b831e2642eb1e,,0,0,
WebGestor/Inventario/GuiaInterna/GuiaInterna_Nro_00032494.pdf,WebGestor/Inventario/GuiaInterna,GuiaInterna_Nro_00032494.pdf,.pdf,1894,2025-11-10T02:16:22Z,e8ebf40ad8053a7be8e52f65062970c615836148,,0,0,
WebGestor/Inventario/GuiaInterna/GuiaInterna_Nro_00032495.pdf,WebGestor/Inventario/GuiaInterna,GuiaInterna_Nro_00032495.pdf,.pdf,1909,2025-11-10T02:16:22Z,b99e7d24a7454e5f6d94ac30fc827c0a706a20d3,,0,0,
WebGestor/Inventario/GuiaInterna/GuiaInterna_Nro_00032496.pdf,WebGestor/Inventario/GuiaInterna,GuiaInterna_Nro_00032496.pdf,.pdf,1986,2025-11-10T02:16:22Z,117c377fbf92b433d3fa93e729c179f3b61c6321,,0,0,
WebGestor/Inventario/GuiaInterna/GuiaInterna_Nro_00032500.pdf,WebGestor/Inventario/GuiaInterna,GuiaInterna_Nro_00032500.pdf,.pdf,1895,2025-11-10T02:16:22Z,3daa0e72bd21988025f41a728ba96496e6c96dc9,,0,0,
WebGestor/Inventario/GuiaInterna/GuiaInterna_Nro_00032501.pdf,WebGestor/Inventario/GuiaInterna,GuiaInterna_Nro_00032501.pdf,.pdf,1893,2025-11-10T02:16:22Z,2ab3c71d4fc5423455892781b6fb06e29bf57437,,0,0,
WebGestor/Inventario/GuiaInterna/GuiaInterna_Nro_00032509.pdf,WebGestor/Inventario/GuiaInterna,GuiaInterna_Nro_00032509.pdf,.pdf,1898,2025-11-10T02:16:22Z,38caaba3654c53165fd2289ff3b5a2b7a713fd64,,0,0,
WebGestor/Inventario/GuiaInterna/GuiaInterna_Nro_00032510.pdf,WebGestor/Inventario/GuiaInterna,GuiaInterna_Nro_00032510.pdf,.pdf,1915,2025-11-10T02:16:22Z,84f0ce8db6fd0e26700441569a3e7c0506c174c5,,0,0,
WebGestor/Inventario/GuiaInterna/GuiaInterna_Nro_00032511.pdf,WebGestor/Inventario/GuiaInterna,GuiaInterna_Nro_00032511.pdf,.pdf,1938,2025-11-10T02:16:22Z,e23ca874676bf60eaf19e695ed8039d03004a0a4,,0,0,
WebGestor/Inventario/GuiaInterna/GuiaInterna_Nro_00032512.pdf,WebGestor/Inventario/GuiaInterna,GuiaInterna_Nro_00032512.pdf,.pdf,1889,2025-11-10T02:16:22Z,6e50d7a45ab9210896aa053c0f65ed8ce92c3c89,,0,0,
WebGestor/Inventario/GuiaInterna/GuiaInterna_Nro_00032513.pdf,WebGestor/Inventario/GuiaInterna,GuiaInterna_Nro_00032513.pdf,.pdf,2067,2025-11-10T02:16:22Z,08e36981e459f508cf4899222cd8493c6ffccce6,,0,0,
WebGestor/Inventario/GuiaInterna/GuiaInterna_Nro_00032517.pdf,WebGestor/Inventario/GuiaInterna,GuiaInterna_Nro_00032517.pdf,.pdf,1884,2025-11-10T02:16:22Z,1bfd64b4f09544667ac88ba5cbf5391bb2b21025,,0,0,
WebGestor/Inventario/GuiaInterna/GuiaInterna_Nro_00032518.pdf,WebGestor/Inventario/GuiaInterna,GuiaInterna_Nro_00032518.pdf,.pdf,1925,2025-11-10T02:16:22Z,11ad1b09020f5c0d2d5a1c12eead0a7d8e10da16,,0,0,
WebGestor/Inventario/GuiaInterna/GuiaInterna_Nro_00032521.pdf,WebGestor/Inventario/GuiaInterna,GuiaInterna_Nro_00032521.pdf,.pdf,1894,2025-11-10T02:16:22Z,844c5346dd70abca6b57fe91964f92437dac136e,,0,0,
WebGestor/Inventario/GuiaInterna/GuiaInterna_Nro_00032522.pdf,WebGestor/Inventario/GuiaInterna,GuiaInterna_Nro_00032522.pdf,.pdf,2449,2025-11-10T02:16:22Z,27f71b1385922506c0ebcedfae6f1d314ed25890,,0,0,
WebGestor/Inventario/GuiaInterna/GuiaInterna_Nro_00032523.pdf,WebGestor/Inventario/GuiaInterna,GuiaInterna_Nro_00032523.pdf,.pdf,2485,2025-11-10T02:16:22Z,cdcb8fe3065a050899b340fe5934a2b66605ea29,,0,0,
WebGestor/Inventario/GuiaInterna/GuiaInterna_Nro_00032524.pdf,WebGestor/Inventario/GuiaInterna,GuiaInterna_Nro_00032524.pdf,.pdf,1915,2025-11-10T02:16:22Z,bbc5a92bca1090c320efe71611fe1a98a3224bed,,0,0,
WebGestor/Inventario/GuiaInterna/GuiaInterna_Nro_00032525.pdf,WebGestor/Inventario/GuiaInterna,GuiaInterna_Nro_00032525.pdf,.pdf,1896,2025-11-10T02:16:22Z,705a2ee6ca967828921804bca815411b3c490acb,,0,0,
WebGestor/Inventario/GuiaInterna/GuiaInterna_Nro_00032531.pdf,WebGestor/Inventario/GuiaInterna,GuiaInterna_Nro_00032531.pdf,.pdf,1941,2025-11-10T02:16:22Z,b7fc9605efe46aed3b17ce873e234f0b3f84ace0,,0,0,
WebGestor/Inventario/GuiaInterna/GuiaInterna_Nro_00032536.pdf,WebGestor/Inventario/GuiaInterna,GuiaInterna_Nro_00032536.pdf,.pdf,1970,2025-11-10T02:16:22Z,505e655827fb80d0501b9baceb47ffa9f912311d,,0,0,
WebGestor/Inventario/GuiaInterna/GuiaInterna_Nro_00032538.pdf,WebGestor/Inventario/GuiaInterna,GuiaInterna_Nro_00032538.pdf,.pdf,1982,2025-11-10T02:16:22Z,abda8a1c5f0821aa2f97d678de176b2cc2094f86,,0,0,
WebGestor/Inventario/GuiaInterna/GuiaInterna_Nro_00032539.pdf,WebGestor/Inventario/GuiaInterna,GuiaInterna_Nro_00032539.pdf,.pdf,1947,2025-11-10T02:16:22Z,8a8b33e7217c529b52a84184fd0fd9b364a35075,,0,0,
WebGestor/Inventario/GuiaInterna/GuiaInterna_Nro_00032543.pdf,WebGestor/Inventario/GuiaInterna,GuiaInterna_Nro_00032543.pdf,.pdf,1915,2025-11-10T02:16:22Z,c3a0c397d5496860d397ed5c37c543e35d124ec9,,0,0,
WebGestor/Inventario/GuiaInterna/GuiaInterna_Nro_00032544.pdf,WebGestor/Inventario/GuiaInterna,GuiaInterna_Nro_00032544.pdf,.pdf,2113,2025-11-10T02:16:22Z,d6adbcd6e3a6e60f98fc904465788a41e4350371,,0,0,
WebGestor/Inventario/GuiaInterna/GuiaInterna_Nro_00032545.pdf,WebGestor/Inventario/GuiaInterna,GuiaInterna_Nro_00032545.pdf,.pdf,1892,2025-11-10T02:16:22Z,147337cca0f92f174bc808433bbf17c3a2c87b0b,,0,0,
WebGestor/Inventario/GuiaInterna/GuiaInterna_Nro_00032547.pdf,WebGestor/Inventario/GuiaInterna,GuiaInterna_Nro_00032547.pdf,.pdf,1912,2025-11-10T02:16:22Z,97baa98bb482f45b75f17825a7c839477468f42c,,0,0,
WebGestor/Inventario/GuiaInterna/GuiaInterna_Nro_00032548.pdf,WebGestor/Inventario/GuiaInterna,GuiaInterna_Nro_00032548.pdf,.pdf,2290,2025-11-10T02:16:22Z,92af2fc889ae2a379050200cde04d8a0a47cf58e,,0,0,
WebGestor/Inventario/GuiaInterna/GuiaInterna_Nro_00032549.pdf,WebGestor/Inventario/GuiaInterna,GuiaInterna_Nro_00032549.pdf,.pdf,2004,2025-11-10T02:16:22Z,4805db1dd5ff776faa924544ea42a90be4537fda,,0,0,
WebGestor/Inventario/GuiaInterna/GuiaInterna_Nro_00032550.pdf,WebGestor/Inventario/GuiaInterna,GuiaInterna_Nro_00032550.pdf,.pdf,1995,2025-11-10T02:16:22Z,69880400025c35f35887d046461b5e13e0efb7b6,,0,0,
WebGestor/Inventario/GuiaInterna/GuiaInterna_Nro_00032552.pdf,WebGestor/Inventario/GuiaInterna,GuiaInterna_Nro_00032552.pdf,.pdf,2063,2025-11-10T02:16:22Z,59809c61a9d44ef13990fb933cefe324763d991d,,0,0,
WebGestor/Inventario/GuiaInterna/GuiaInterna_Nro_00032562.pdf,WebGestor/Inventario/GuiaInterna,GuiaInterna_Nro_00032562.pdf,.pdf,1897,2025-11-10T02:16:22Z,74f9b213bb42a0b9070467c8397b28c87f4af9c0,,0,0,
WebGestor/Inventario/GuiaInterna/GuiaInterna_Nro_00032564.pdf,WebGestor/Inventario/GuiaInterna,GuiaInterna_Nro_00032564.pdf,.pdf,1916,2025-11-10T02:16:22Z,dc28e3548c4a3287156a7f1826c3bff3a008e96e,,0,0,
WebGestor/Inventario/GuiaInterna/GuiaInterna_Nro_00032565.pdf,WebGestor/Inventario/GuiaInterna,GuiaInterna_Nro_00032565.pdf,.pdf,1970,2025-11-10T02:16:22Z,5e4b39c1f9e69550795e0b39fb5c932e0492ef8d,,0,0,
WebGestor/Inventario/GuiaInterna/GuiaInterna_Nro_00032566.pdf,WebGestor/Inventario/GuiaInterna,GuiaInterna_Nro_00032566.pdf,.pdf,1930,2025-11-10T02:16:22Z,59a2ce46aa7ffa4e64a56ef260304820d34f3559,,0,0,
WebGestor/Inventario/GuiaInterna/GuiaInterna_Nro_00032567.pdf,WebGestor/Inventario/GuiaInterna,GuiaInterna_Nro_00032567.pdf,.pdf,1965,2025-11-10T02:16:22Z,e010e5f5e5e3f20d61241da28332722788801e18,,0,0,
WebGestor/Inventario/GuiaInterna/GuiaInterna_Nro_00032568.pdf,WebGestor/Inventario/GuiaInterna,GuiaInterna_Nro_00032568.pdf,.pdf,1959,2025-11-10T02:16:22Z,ce3896bb40acc6e27c62ed5795c84460721d00a8,,0,0,
WebGestor/Inventario/GuiaInterna/GuiaInterna_Nro_00032569.pdf,WebGestor/Inventario/GuiaInterna,GuiaInterna_Nro_00032569.pdf,.pdf,1953,2025-11-10T02:16:22Z,5705e94f26111279692066f995c6a9088e4ce89b,,0,0,
WebGestor/Inventario/GuiaInterna/GuiaInterna_Nro_00032570.pdf,WebGestor/Inventario/GuiaInterna,GuiaInterna_Nro_00032570.pdf,.pdf,1926,2025-11-10T02:16:22Z,3f8f776b4d443cc8ea96046a9858a02c29e02851,,0,0,
WebGestor/Inventario/GuiaInterna/GuiaInterna_Nro_00032577.pdf,WebGestor/Inventario/GuiaInterna,GuiaInterna_Nro_00032577.pdf,.pdf,1904,2025-11-10T02:16:22Z,ebf5112825343d4af5cd3f1dacdf540dd1307fed,,0,0,
WebGestor/Inventario/GuiaInterna/GuiaInterna_Nro_00032579.pdf,WebGestor/Inventario/GuiaInterna,GuiaInterna_Nro_00032579.pdf,.pdf,2169,2025-11-10T02:16:22Z,3c9d5ee2fe46cf8dbc30150dfb88af18f805cfbb,,0,0,
WebGestor/Inventario/GuiaInterna/GuiaInterna_Nro_00032583.pdf,WebGestor/Inventario/GuiaInterna,GuiaInterna_Nro_00032583.pdf,.pdf,2008,2025-11-10T02:16:22Z,8da5d05622c338616c4f56de349974d796357cc2,,0,0,
WebGestor/Inventario/GuiaInterna/GuiaInterna_Nro_00032585.pdf,WebGestor/Inventario/GuiaInterna,GuiaInterna_Nro_00032585.pdf,.pdf,1953,2025-11-10T02:16:22Z,f0024f5162a6fae60bab6ee0829b54a174a7d39b,,0,0,
WebGestor/Inventario/GuiaInterna/GuiaInterna_Nro_00032586.pdf,WebGestor/Inventario/GuiaInterna,GuiaInterna_Nro_00032586.pdf,.pdf,2022,2025-11-10T02:16:22Z,6cc6d9881a95af0adf10eee7d968461b6c6853be,,0,0,
WebGestor/Inventario/GuiaInterna/GuiaInterna_Nro_00032587.pdf,WebGestor/Inventario/GuiaInterna,GuiaInterna_Nro_00032587.pdf,.pdf,2135,2025-11-10T02:16:22Z,fba3b67e9c6cd9f1b840aaf8a89e471ae98c25f5,,0,0,
WebGestor/Inventario/GuiaInterna/GuiaInterna_Nro_00032588.pdf,WebGestor/Inventario/GuiaInterna,GuiaInterna_Nro_00032588.pdf,.pdf,1993,2025-11-10T02:16:22Z,6fc59bd6dd0c345e2085eec5b1748bc5d7ba2f11,,0,0,
WebGestor/Inventario/GuiaInterna/GuiaInterna_Nro_00032589.pdf,WebGestor/Inventario/GuiaInterna,GuiaInterna_Nro_00032589.pdf,.pdf,1954,2025-11-10T02:16:22Z,13ffb275516f8f8f62da62edf51625721e8217ff,,0,0,
WebGestor/Inventario/GuiaInterna/GuiaInterna_Nro_00032590.pdf,WebGestor/Inventario/GuiaInterna,GuiaInterna_Nro_00032590.pdf,.pdf,1999,2025-11-10T02:16:22Z,8c7ad46ee8a9812c7cb9f3c821aba426fd1af2ad,,0,0,
WebGestor/Inventario/GuiaInterna/GuiaInterna_Nro_00032591.pdf,WebGestor/Inventario/GuiaInterna,GuiaInterna_Nro_00032591.pdf,.pdf,1917,2025-11-10T02:16:22Z,054366fab504805950799ebeb08fea0f1193ffd1,,0,0,
WebGestor/Inventario/GuiaInterna/GuiaInterna_Nro_00032595.pdf,WebGestor/Inventario/GuiaInterna,GuiaInterna_Nro_00032595.pdf,.pdf,1893,2025-11-10T02:16:22Z,77b2e48fb46cde42628f66b9125cdcb0bd283025,,0,0,
WebGestor/Inventario/GuiaInterna/GuiaInterna_Nro_00032600.pdf,WebGestor/Inventario/GuiaInterna,GuiaInterna_Nro_00032600.pdf,.pdf,1965,2025-11-10T02:16:22Z,199c3f379236fc6575af3c35e252a05d2292010c,,0,0,
WebGestor/Inventario/GuiaInterna/GuiaInterna_Nro_00032601.pdf,WebGestor/Inventario/GuiaInterna,GuiaInterna_Nro_00032601.pdf,.pdf,1911,2025-11-10T02:16:22Z,7502c5d15b24093d8c0c42b47c39fb61aeeffbfc,,0,0,
WebGestor/Inventario/GuiaInterna/GuiaInterna_Nro_00032604.pdf,WebGestor/Inventario/GuiaInterna,GuiaInterna_Nro_00032604.pdf,.pdf,1974,2025-11-10T02:16:22Z,9398810b805c1da2a7eaca28aea83beba539a3b2,,0,0,
WebGestor/Inventario/GuiaInterna/GuiaInterna_Nro_00032605.pdf,WebGestor/Inventario/GuiaInterna,GuiaInterna_Nro_00032605.pdf,.pdf,1924,2025-11-10T02:16:22Z,c5c2d114cd7edee35f0737d6d0d74f246412827a,,0,0,
WebGestor/Inventario/GuiaInterna/GuiaInterna_Nro_00032606.pdf,WebGestor/Inventario/GuiaInterna,GuiaInterna_Nro_00032606.pdf,.pdf,2258,2025-11-10T02:16:22Z,c6436eb3db068df2fab2e8501ff0f89b0bf7df68,,0,0,
WebGestor/Inventario/GuiaInterna/GuiaInterna_Nro_00032608.pdf,WebGestor/Inventario/GuiaInterna,GuiaInterna_Nro_00032608.pdf,.pdf,1909,2025-11-10T02:16:22Z,b8108ed6a858db05aebe69637ff9ce7df2df8de4,,0,0,
WebGestor/Inventario/GuiaInterna/GuiaInterna_Nro_00032619.pdf,WebGestor/Inventario/GuiaInterna,GuiaInterna_Nro_00032619.pdf,.pdf,1921,2025-11-10T02:16:22Z,c875ae9d0e9e115e54f6d679eb07fa50cc34d464,,0,0,
WebGestor/Inventario/GuiaInterna/GuiaInterna_Nro_00032623.pdf,WebGestor/Inventario/GuiaInterna,GuiaInterna_Nro_00032623.pdf,.pdf,1927,2025-11-10T02:16:22Z,336cfdc6840e6438b6e82606ccd6b8b0b7923e4e,,0,0,
WebGestor/Inventario/GuiaInterna/GuiaInterna_Nro_00032625.pdf,WebGestor/Inventario/GuiaInterna,GuiaInterna_Nro_00032625.pdf,.pdf,1911,2025-11-10T02:16:22Z,5fba89cd6eef34628535d64f9d3979be455f1d6a,,0,0,
WebGestor/Inventario/GuiaInterna/GuiaInterna_Nro_00032626.pdf,WebGestor/Inventario/GuiaInterna,GuiaInterna_Nro_00032626.pdf,.pdf,1879,2025-11-10T02:16:22Z,29fe9381b0b0efb9a37cacca8e72b3e5a0ea8538,,0,0,
WebGestor/Inventario/GuiaInterna/GuiaInterna_Nro_00032627.pdf,WebGestor/Inventario/GuiaInterna,GuiaInterna_Nro_00032627.pdf,.pdf,1883,2025-11-10T02:16:22Z,99ddf0c2aacad7565009e642c3c1a36378c44b1b,,0,0,
WebGestor/Inventario/GuiaInterna/GuiaInterna_Nro_00032628.pdf,WebGestor/Inventario/GuiaInterna,GuiaInterna_Nro_00032628.pdf,.pdf,1878,2025-11-10T02:16:22Z,135eba6ac03062f9565361acd69c393439b182e9,,0,0,
WebGestor/Inventario/GuiaInterna/GuiaInterna_Nro_00032629.pdf,WebGestor/Inventario/GuiaInterna,GuiaInterna_Nro_00032629.pdf,.pdf,1879,2025-11-10T02:16:22Z,b1ab22de3bad3765746521cbc406fe2dd7c2369e,,0,0,
WebGestor/Inventario/GuiaInterna/GuiaInterna_Nro_00032630.pdf,WebGestor/Inventario/GuiaInterna,GuiaInterna_Nro_00032630.pdf,.pdf,1907,2025-11-10T02:16:22Z,b6b4916ef502d6456664ef62b0446bb0de4c0367,,0,0,
WebGestor/Inventario/GuiaInterna/GuiaInterna_Nro_00032631.pdf,WebGestor/Inventario/GuiaInterna,GuiaInterna_Nro_00032631.pdf,.pdf,1893,2025-11-10T02:16:22Z,c744d0a60caf3ed40b2e5ff2000fd6785736dd23,,0,0,
WebGestor/Inventario/GuiaInterna/GuiaInterna_Nro_00032632.pdf,WebGestor/Inventario/GuiaInterna,GuiaInterna_Nro_00032632.pdf,.pdf,1886,2025-11-10T02:16:22Z,dbe124510cc75aa2c43d0089aa5bf0b5dff68bf9,,0,0,
WebGestor/Inventario/GuiaInterna/GuiaInterna_Nro_00032633.pdf,WebGestor/Inventario/GuiaInterna,GuiaInterna_Nro_00032633.pdf,.pdf,1874,2025-11-10T02:16:22Z,0fccadd7e1fce3d5927e4e899a1a4804649baae2,,0,0,
WebGestor/Inventario/GuiaInterna/GuiaInterna_Nro_00032634.pdf,WebGestor/Inventario/GuiaInterna,GuiaInterna_Nro_00032634.pdf,.pdf,1887,2025-11-10T02:16:22Z,9d2f563ab468f2443f2e8b55dae3dc775e146d81,,0,0,
WebGestor/Inventario/GuiaInterna/GuiaInterna_Nro_00032635.pdf,WebGestor/Inventario/GuiaInterna,GuiaInterna_Nro_00032635.pdf,.pdf,1875,2025-11-10T02:16:22Z,e3f7f04884f16a759e25b2ce93b2d6f6c5a618fe,,0,0,
WebGestor/Inventario/GuiaInterna/GuiaInterna_Nro_00032636.pdf,WebGestor/Inventario/GuiaInterna,GuiaInterna_Nro_00032636.pdf,.pdf,1888,2025-11-10T02:16:22Z,eadcee70162b58d18b004e9ba5daa4ecdf7ac3c3,,0,0,
WebGestor/Inventario/GuiaInterna/GuiaInterna_Nro_00032637.pdf,WebGestor/Inventario/GuiaInterna,GuiaInterna_Nro_00032637.pdf,.pdf,1905,2025-11-10T02:16:22Z,69314a16cc4a0edd259065a9e8a27a5d3c1f314f,,0,0,
WebGestor/Inventario/GuiaInterna/GuiaInterna_Nro_00032638.pdf,WebGestor/Inventario/GuiaInterna,GuiaInterna_Nro_00032638.pdf,.pdf,1880,2025-11-10T02:16:22Z,f8f9ebde703ca9fd1278170afe1a130ef91b87a8,,0,0,
WebGestor/Inventario/GuiaInterna/GuiaInterna_Nro_00032639.pdf,WebGestor/Inventario/GuiaInterna,GuiaInterna_Nro_00032639.pdf,.pdf,1885,2025-11-10T02:16:22Z,82bfd7df33b8a7cb6b425a24f8563bf4befd1d46,,0,0,
WebGestor/Inventario/GuiaInterna/GuiaInterna_Nro_00032640.pdf,WebGestor/Inventario/GuiaInterna,GuiaInterna_Nro_00032640.pdf,.pdf,1880,2025-11-10T02:16:22Z,c4563566ca1ee22a49a4d3b576f8293ee9faa074,,0,0,
WebGestor/Inventario/GuiaInterna/GuiaInterna_Nro_00032641.pdf,WebGestor/Inventario/GuiaInterna,GuiaInterna_Nro_00032641.pdf,.pdf,1896,2025-11-10T02:16:22Z,1e255cbebe2879eddd21da1564d65148ae253eae,,0,0,
WebGestor/Inventario/GuiaInterna/GuiaInterna_Nro_00032642.pdf,WebGestor/Inventario/GuiaInterna,GuiaInterna_Nro_00032642.pdf,.pdf,1898,2025-11-10T02:16:22Z,a11bd13c18d4c0cc5e2741edce25e43f9462a0b3,,0,0,
WebGestor/Inventario/GuiaInterna/GuiaInterna_Nro_00032643.pdf,WebGestor/Inventario/GuiaInterna,GuiaInterna_Nro_00032643.pdf,.pdf,1891,2025-11-10T02:16:22Z,21566504316674c311d8beec3482b518a960958d,,0,0,
WebGestor/Inventario/GuiaInterna/GuiaInterna_Nro_00032644.pdf,WebGestor/Inventario/GuiaInterna,GuiaInterna_Nro_00032644.pdf,.pdf,1896,2025-11-10T02:16:22Z,45cdfe2d6a900d5536e4d2b53eca4509bbd9f85d,,0,0,
WebGestor/Inventario/GuiaInterna/GuiaInterna_Nro_00032645.pdf,WebGestor/Inventario/GuiaInterna,GuiaInterna_Nro_00032645.pdf,.pdf,1896,2025-11-10T02:16:22Z,4c8245a9ffd9a5f6ea24dc5629d4b1d05f1e82d7,,0,0,
WebGestor/Inventario/GuiaInterna/GuiaInterna_Nro_00032646.pdf,WebGestor/Inventario/GuiaInterna,GuiaInterna_Nro_00032646.pdf,.pdf,1912,2025-11-10T02:16:22Z,74be7b4f79a7753de542b5e84acc9b541aee1429,,0,0,
WebGestor/Inventario/GuiaInterna/GuiaInterna_Nro_00032647.pdf,WebGestor/Inventario/GuiaInterna,GuiaInterna_Nro_00032647.pdf,.pdf,1895,2025-11-10T02:16:22Z,efdff9cd6cfb483f172aa5abe1b12fb7707d94f3,,0,0,
WebGestor/Inventario/GuiaInterna/GuiaInterna_Nro_00032648.pdf,WebGestor/Inventario/GuiaInterna,GuiaInterna_Nro_00032648.pdf,.pdf,1911,2025-11-10T02:16:22Z,ede45f6fbb5a73cf859d07b2617d329564624953,,0,0,
WebGestor/Inventario/GuiaInterna/GuiaInterna_Nro_00032649.pdf,WebGestor/Inventario/GuiaInterna,GuiaInterna_Nro_00032649.pdf,.pdf,2171,2025-11-10T02:16:22Z,f2d83eeb302a91e147b86baad50ce6a5534d136d,,0,0,
WebGestor/Inventario/GuiaInterna/GuiaInterna_Nro_00032651.pdf,WebGestor/Inventario/GuiaInterna,GuiaInterna_Nro_00032651.pdf,.pdf,1932,2025-11-10T02:16:22Z,0fa51906f62a44fd709aee7a274881024c845dd2,,0,0,
WebGestor/Inventario/GuiaInterna/GuiaInterna_Nro_00032652.pdf,WebGestor/Inventario/GuiaInterna,GuiaInterna_Nro_00032652.pdf,.pdf,1900,2025-11-10T02:16:22Z,2d82f7729507d9ff62f8417fc6d8e1de0f25f622,,0,0,
WebGestor/Inventario/GuiaInterna/GuiaInterna_Nro_00032654.pdf,WebGestor/Inventario/GuiaInterna,GuiaInterna_Nro_00032654.pdf,.pdf,1949,2025-11-10T02:16:22Z,e36fa21a964c20b150434ad4c524a524b0459a17,,0,0,
WebGestor/Inventario/GuiaInterna/GuiaInterna_Nro_00032655.pdf,WebGestor/Inventario/GuiaInterna,GuiaInterna_Nro_00032655.pdf,.pdf,2030,2025-11-10T02:16:22Z,02e35e38c445bbec524e1fde705423824222a4d2,,0,0,
WebGestor/Inventario/GuiaInterna/GuiaInterna_Nro_00032656.pdf,WebGestor/Inventario/GuiaInterna,GuiaInterna_Nro_00032656.pdf,.pdf,1893,2025-11-10T02:16:22Z,0a5a9ea94c738a48d22101ded4c8bc44123fd8e5,,0,0,
WebGestor/Inventario/GuiaInterna/GuiaInterna_Nro_00032659.pdf,WebGestor/Inventario/GuiaInterna,GuiaInterna_Nro_00032659.pdf,.pdf,3093,2025-11-10T02:16:22Z,d0d0d90363fb09487d0baa6ec07494e9f312de4d,,0,0,
WebGestor/Inventario/GuiaInterna/GuiaInterna_Nro_00032660.pdf,WebGestor/Inventario/GuiaInterna,GuiaInterna_Nro_00032660.pdf,.pdf,2272,2025-11-10T02:16:22Z,1933f80164f13e4e634162985a40a5a7ffaaf3c4,,0,0,
WebGestor/Inventario/GuiaInterna/GuiaInterna_Nro_00032663.pdf,WebGestor/Inventario/GuiaInterna,GuiaInterna_Nro_00032663.pdf,.pdf,2170,2025-11-10T02:16:22Z,fd40aa60b1366f8b2518e948bb64c3bde62cff9a,,0,0,
WebGestor/Inventario/GuiaInterna/GuiaInterna_Nro_00032664.pdf,WebGestor/Inventario/GuiaInterna,GuiaInterna_Nro_00032664.pdf,.pdf,1928,2025-11-10T02:16:22Z,614ed8f3d7edb67c410a75468e1c87ff099bd041,,0,0,
WebGestor/Inventario/GuiaInterna/GuiaInterna_Nro_00032666.pdf,WebGestor/Inventario/GuiaInterna,GuiaInterna_Nro_00032666.pdf,.pdf,1951,2025-11-10T02:16:22Z,3e3ee145491ec92c930253ee7a4e32c9a9239024,,0,0,
WebGestor/Inventario/GuiaInterna/GuiaInterna_Nro_00032667.pdf,WebGestor/Inventario/GuiaInterna,GuiaInterna_Nro_00032667.pdf,.pdf,1942,2025-11-10T02:16:22Z,9c853fca5b3064818c074b804e297164103b8f92,,0,0,
WebGestor/Inventario/GuiaInterna/GuiaInterna_Nro_00032668.pdf,WebGestor/Inventario/GuiaInterna,GuiaInterna_Nro_00032668.pdf,.pdf,1926,2025-11-10T02:16:22Z,1d89a442b6b5af7316e6698fae00eec4e3398fd2,,0,0,
WebGestor/Inventario/GuiaInterna/GuiaInterna_Nro_00032669.pdf,WebGestor/Inventario/GuiaInterna,GuiaInterna_Nro_00032669.pdf,.pdf,2025,2025-11-10T02:16:22Z,c25e585ade0cafcfa604f759d2106b10cd765e8b,,0,0,
WebGestor/Inventario/GuiaInterna/GuiaInterna_Nro_00032718.pdf,WebGestor/Inventario/GuiaInterna,GuiaInterna_Nro_00032718.pdf,.pdf,1938,2025-11-10T02:16:22Z,f83caaab04d7bb13ba8accbdd0167b0e2a8d714f,,0,0,
WebGestor/Inventario/GuiaInterna/GuiaInterna_Nro_00032719.pdf,WebGestor/Inventario/GuiaInterna,GuiaInterna_Nro_00032719.pdf,.pdf,1916,2025-11-10T02:16:22Z,84cc5430591a6c3855fa09104eee76e1d8ecc7a8,,0,0,
WebGestor/Inventario/GuiaInterna/GuiaInterna_Nro_00032720.pdf,WebGestor/Inventario/GuiaInterna,GuiaInterna_Nro_00032720.pdf,.pdf,2358,2025-11-10T02:16:22Z,caffa95cc2cd1b55615e6a8df2974688527114ce,,0,0,
WebGestor/Inventario/GuiaInterna/GuiaInterna_Nro_00032722.pdf,WebGestor/Inventario/GuiaInterna,GuiaInterna_Nro_00032722.pdf,.pdf,1993,2025-11-10T02:16:22Z,c50b1c5c0db8b4e72e4a31d6b45701ac1b8657fd,,0,0,
WebGestor/Inventario/GuiaInterna/GuiaInterna_Nro_00032725.pdf,WebGestor/Inventario/GuiaInterna,GuiaInterna_Nro_00032725.pdf,.pdf,1998,2025-11-10T02:16:22Z,c1ccd5db6a6a3c43bfc217cdc415d394f1f66a36,,0,0,
WebGestor/Inventario/GuiaInterna/GuiaInterna_Nro_00032729.pdf,WebGestor/Inventario/GuiaInterna,GuiaInterna_Nro_00032729.pdf,.pdf,2003,2025-11-10T02:16:22Z,0108b4a6e62ed28afb0df8e0e2fe5788f675f65b,,0,0,
WebGestor/Inventario/GuiaInterna/GuiaInterna_Nro_00032734.pdf,WebGestor/Inventario/GuiaInterna,GuiaInterna_Nro_00032734.pdf,.pdf,1915,2025-11-10T02:16:22Z,26f93a94731c29c0e2898b6384fbdad20a9a69a6,,0,0,
WebGestor/Inventario/GuiaInterna/GuiaInterna_Nro_00032735.pdf,WebGestor/Inventario/GuiaInterna,GuiaInterna_Nro_00032735.pdf,.pdf,1989,2025-11-10T02:16:22Z,dee97387f71644108831e8c694825d693fffae03,,0,0,
WebGestor/Inventario/GuiaInterna/GuiaInterna_Nro_00032736.pdf,WebGestor/Inventario/GuiaInterna,GuiaInterna_Nro_00032736.pdf,.pdf,1928,2025-11-10T02:16:22Z,35a986b2bc9d9fd2aadfbf1f0a1342113b706740,,0,0,
WebGestor/Inventario/GuiaInterna/GuiaInterna_Nro_00032746.pdf,WebGestor/Inventario/GuiaInterna,GuiaInterna_Nro_00032746.pdf,.pdf,2333,2025-11-10T02:16:22Z,4c597136a67340797308736263c847df4c2676c2,,0,0,
WebGestor/Inventario/GuiaInterna/GuiaInterna_Nro_00032748.pdf,WebGestor/Inventario/GuiaInterna,GuiaInterna_Nro_00032748.pdf,.pdf,1972,2025-11-10T02:16:22Z,f383d69cb344f2b88a60c5e3427e3286bdaa7296,,0,0,
WebGestor/Inventario/GuiaInterna/GuiaInterna_Nro_00032752.pdf,WebGestor/Inventario/GuiaInterna,GuiaInterna_Nro_00032752.pdf,.pdf,1942,2025-11-10T02:16:22Z,377b593d4657f0361270c7aa7956f27abdba84c0,,0,0,
WebGestor/Inventario/GuiaInterna/GuiaInterna_Nro_00032753.pdf,WebGestor/Inventario/GuiaInterna,GuiaInterna_Nro_00032753.pdf,.pdf,1944,2025-11-10T02:16:22Z,0820af563673d9eb045ca3a07bc9290a6b6b0992,,0,0,
WebGestor/Inventario/GuiaInterna/GuiaInterna_Nro_00032754.pdf,WebGestor/Inventario/GuiaInterna,GuiaInterna_Nro_00032754.pdf,.pdf,1928,2025-11-10T02:16:22Z,dc592fbb277bad6795f6da16358de40b85f3e0e3,,0,0,
WebGestor/Inventario/GuiaInterna/GuiaInterna_Nro_00032755.pdf,WebGestor/Inventario/GuiaInterna,GuiaInterna_Nro_00032755.pdf,.pdf,1962,2025-11-10T02:16:22Z,03e34fb497f2fafeeb24cba4b4bcb99e0b0ac760,,0,0,
WebGestor/Inventario/GuiaInterna/GuiaInterna_Nro_00032756.pdf,WebGestor/Inventario/GuiaInterna,GuiaInterna_Nro_00032756.pdf,.pdf,1872,2025-11-10T02:16:22Z,0255a72765247834c0912919a13144b05daaf398,,0,0,
WebGestor/Inventario/GuiaInterna/GuiaInterna_Nro_00032759.pdf,WebGestor/Inventario/GuiaInterna,GuiaInterna_Nro_00032759.pdf,.pdf,2096,2025-11-10T02:16:22Z,843b858ae01e5d235fa7a93af16be44492e4ede3,,0,0,
WebGestor/Inventario/GuiaInterna/GuiaInterna_Nro_00032760.pdf,WebGestor/Inventario/GuiaInterna,GuiaInterna_Nro_00032760.pdf,.pdf,1891,2025-11-10T02:16:22Z,116fa94a9cba543e176fc1278eddebf90b6ba132,,0,0,
WebGestor/Inventario/GuiaInterna/GuiaInterna_Nro_00032761.pdf,WebGestor/Inventario/GuiaInterna,GuiaInterna_Nro_00032761.pdf,.pdf,1935,2025-11-10T02:16:22Z,e88148fbb219f84b080bf50e87183aba64e0e175,,0,0,
WebGestor/Inventario/GuiaInterna/GuiaInterna_Nro_00032767.pdf,WebGestor/Inventario/GuiaInterna,GuiaInterna_Nro_00032767.pdf,.pdf,1922,2025-11-10T02:16:22Z,cd7e99ba660420f7234154239ac106323e7da57c,,0,0,
WebGestor/Inventario/GuiaInterna/GuiaInterna_Nro_00032768.pdf,WebGestor/Inventario/GuiaInterna,GuiaInterna_Nro_00032768.pdf,.pdf,1931,2025-11-10T02:16:22Z,338526ece3c861b71855a7fb8c5158331b8528b3,,0,0,
WebGestor/Inventario/GuiaInterna/GuiaInterna_Nro_00032769.pdf,WebGestor/Inventario/GuiaInterna,GuiaInterna_Nro_00032769.pdf,.pdf,1944,2025-11-10T02:16:22Z,802b5c40afae0a85ef20345306fc9eb81d35dc53,,0,0,
WebGestor/Inventario/GuiaInterna/GuiaInterna_Nro_00032774.pdf,WebGestor/Inventario/GuiaInterna,GuiaInterna_Nro_00032774.pdf,.pdf,1899,2025-11-10T02:16:22Z,23c014a11b2472b3344fd86f0bbc315b4cd7dbc7,,0,0,
WebGestor/Inventario/GuiaInterna/GuiaInterna_Nro_00032777.pdf,WebGestor/Inventario/GuiaInterna,GuiaInterna_Nro_00032777.pdf,.pdf,1985,2025-11-10T02:16:22Z,4bc79a796fa177871f6b9da259effddb79d64cba,,0,0,
WebGestor/Inventario/GuiaInterna/GuiaInterna_Nro_00032778.pdf,WebGestor/Inventario/GuiaInterna,GuiaInterna_Nro_00032778.pdf,.pdf,1925,2025-11-10T02:16:22Z,e2243c1b2b97566196f41d614a8620044cb0a2e4,,0,0,
WebGestor/Inventario/GuiaInterna/GuiaInterna_Nro_00032779.pdf,WebGestor/Inventario/GuiaInterna,GuiaInterna_Nro_00032779.pdf,.pdf,2048,2025-11-10T02:16:22Z,34fc61d8036a10426b7deb5bb7e34dd0e6b13f19,,0,0,
WebGestor/Inventario/GuiaInterna/GuiaInterna_Nro_00032785.pdf,WebGestor/Inventario/GuiaInterna,GuiaInterna_Nro_00032785.pdf,.pdf,2063,2025-11-10T02:16:22Z,f5e3aa7446eccced226eceb85435ff733cd00470,,0,0,
WebGestor/Inventario/GuiaInterna/GuiaInterna_Nro_00032786.pdf,WebGestor/Inventario/GuiaInterna,GuiaInterna_Nro_00032786.pdf,.pdf,2274,2025-11-10T02:16:22Z,fa7277f3bd58a598ad3243ac5c8a1a25b15896fa,,0,0,
WebGestor/Inventario/GuiaInterna/GuiaInterna_Nro_00032788.pdf,WebGestor/Inventario/GuiaInterna,GuiaInterna_Nro_00032788.pdf,.pdf,1974,2025-11-10T02:16:22Z,6bbe8cccd65cf55ff20c648518d88c489a8c4037,,0,0,
WebGestor/Inventario/GuiaInterna/GuiaInterna_Nro_00032793.pdf,WebGestor/Inventario/GuiaInterna,GuiaInterna_Nro_00032793.pdf,.pdf,2026,2025-11-10T02:16:22Z,5226b6598b3e2184dfcbefd75fafa78f786983d0,,0,0,
WebGestor/Inventario/GuiaInterna/GuiaInterna_Nro_00032794.pdf,WebGestor/Inventario/GuiaInterna,GuiaInterna_Nro_00032794.pdf,.pdf,1948,2025-11-10T02:16:22Z,0ec74f9e3f44e3cc6ba28e4f4966cf98026868ae,,0,0,
WebGestor/Inventario/GuiaInterna/GuiaInterna_Nro_00032795.pdf,WebGestor/Inventario/GuiaInterna,GuiaInterna_Nro_00032795.pdf,.pdf,1998,2025-11-10T02:16:22Z,329c60d6fbd9d462f34cc2ae1bcfa6fc44b22e6c,,0,0,
WebGestor/Inventario/GuiaInterna/GuiaInterna_Nro_00032796.pdf,WebGestor/Inventario/GuiaInterna,GuiaInterna_Nro_00032796.pdf,.pdf,2028,2025-11-10T02:16:22Z,6994d9b85ef111393324ab4d1690c16c4056fafd,,0,0,
WebGestor/Inventario/GuiaInterna/GuiaInterna_Nro_00032797.pdf,WebGestor/Inventario/GuiaInterna,GuiaInterna_Nro_00032797.pdf,.pdf,1971,2025-11-10T02:16:22Z,78d3d9b1002c7b65e45c793ca3f7bf13460517ee,,0,0,
WebGestor/Inventario/GuiaInterna/GuiaInterna_Nro_00032802.pdf,WebGestor/Inventario/GuiaInterna,GuiaInterna_Nro_00032802.pdf,.pdf,1927,2025-11-10T02:16:22Z,051bcffeeaaef05a1fbfd0b94cf58aa4f1f044a7,,0,0,
WebGestor/Inventario/GuiaInterna/GuiaInterna_Nro_00032803.pdf,WebGestor/Inventario/GuiaInterna,GuiaInterna_Nro_00032803.pdf,.pdf,1942,2025-11-10T02:16:22Z,a80a83e5e566ebc303cdda9f9949fbe39c94dcd0,,0,0,
WebGestor/Inventario/GuiaInterna/GuiaInterna_Nro_00032805.pdf,WebGestor/Inventario/GuiaInterna,GuiaInterna_Nro_00032805.pdf,.pdf,1942,2025-11-10T02:16:22Z,7b77b5459bb88d94c06eec0f91c8769d18e90a98,,0,0,
WebGestor/Inventario/GuiaInterna/GuiaInterna_Nro_00032807.pdf,WebGestor/Inventario/GuiaInterna,GuiaInterna_Nro_00032807.pdf,.pdf,1894,2025-11-10T02:16:22Z,d949733d6f4dbf63b237bc165530cfc48141221f,,0,0,
WebGestor/Inventario/GuiaInterna/GuiaInterna_Nro_00032812.pdf,WebGestor/Inventario/GuiaInterna,GuiaInterna_Nro_00032812.pdf,.pdf,1947,2025-11-10T02:16:22Z,210d53996bb486dd6c72b10adca79b99612e8a34,,0,0,
WebGestor/Inventario/GuiaInterna/GuiaInterna_Nro_00032813.pdf,WebGestor/Inventario/GuiaInterna,GuiaInterna_Nro_00032813.pdf,.pdf,1955,2025-11-10T02:16:22Z,dcee550e3fc94512af02f658fe3704a5a9a76b31,,0,0,
WebGestor/Inventario/GuiaInterna/GuiaInterna_Nro_00032817.pdf,WebGestor/Inventario/GuiaInterna,GuiaInterna_Nro_00032817.pdf,.pdf,1922,2025-11-10T02:16:22Z,af8a27da9efaaf89ac0a82c0e616a398f3645c81,,0,0,
WebGestor/Inventario/GuiaInterna/GuiaInterna_Nro_00032818.pdf,WebGestor/Inventario/GuiaInterna,GuiaInterna_Nro_00032818.pdf,.pdf,1893,2025-11-10T02:16:22Z,104f909717589acaf2763bf4464c61e75ac393b2,,0,0,
WebGestor/Inventario/GuiaInterna/GuiaInterna_Nro_00032819.pdf,WebGestor/Inventario/GuiaInterna,GuiaInterna_Nro_00032819.pdf,.pdf,1888,2025-11-10T02:16:22Z,7ed9f5af60b55d3504b67c3c93c6aa6a38be61b6,,0,0,
WebGestor/Inventario/GuiaInterna/GuiaInterna_Nro_00032825.pdf,WebGestor/Inventario/GuiaInterna,GuiaInterna_Nro_00032825.pdf,.pdf,1917,2025-11-10T02:16:22Z,7b37a16d0c269feec6b606034f8d4af488add79f,,0,0,
WebGestor/Inventario/GuiaInterna/GuiaInterna_Nro_00032826.pdf,WebGestor/Inventario/GuiaInterna,GuiaInterna_Nro_00032826.pdf,.pdf,1953,2025-11-10T02:16:22Z,813c2e1f3fe431e6cf1ea1536dc527b02b304485,,0,0,
WebGestor/Inventario/GuiaInterna/GuiaInterna_Nro_00032827.pdf,WebGestor/Inventario/GuiaInterna,GuiaInterna_Nro_00032827.pdf,.pdf,1925,2025-11-10T02:16:22Z,1bd1074a58a89594842d2569aaf17532d1dbbbb4,,0,0,
WebGestor/Inventario/GuiaInterna/GuiaInterna_Nro_00032828.pdf,WebGestor/Inventario/GuiaInterna,GuiaInterna_Nro_00032828.pdf,.pdf,1981,2025-11-10T02:16:22Z,6039911b8c61b529ff65082585fd0881146d3cc0,,0,0,
WebGestor/Inventario/GuiaInterna/GuiaInterna_Nro_00032830.pdf,WebGestor/Inventario/GuiaInterna,GuiaInterna_Nro_00032830.pdf,.pdf,1906,2025-11-10T02:16:22Z,66f2828b8c8c621aa4b310ee49c35a95a3b1ce3e,,0,0,
WebGestor/Inventario/GuiaInterna/GuiaInterna_Nro_00032833.pdf,WebGestor/Inventario/GuiaInterna,GuiaInterna_Nro_00032833.pdf,.pdf,1962,2025-11-10T02:16:22Z,bc135dec2f6a62298dd6c81b014cfc5826b0e9a5,,0,0,
WebGestor/Inventario/GuiaInterna/GuiaInterna_Nro_00032834.pdf,WebGestor/Inventario/GuiaInterna,GuiaInterna_Nro_00032834.pdf,.pdf,1948,2025-11-10T02:16:22Z,5e6c6d139f6134589d6cdc9da877419d346f3be6,,0,0,
WebGestor/Inventario/GuiaInterna/GuiaInterna_Nro_00032842.pdf,WebGestor/Inventario/GuiaInterna,GuiaInterna_Nro_00032842.pdf,.pdf,1927,2025-11-10T02:16:22Z,19186e17565ad1a37340863d5b85771bc361b433,,0,0,
WebGestor/Inventario/GuiaInterna/GuiaInterna_Nro_00032850.pdf,WebGestor/Inventario/GuiaInterna,GuiaInterna_Nro_00032850.pdf,.pdf,1923,2025-11-10T02:16:22Z,853fce58ae39e634f9e922f5f0a2961f3576779e,,0,0,
WebGestor/Inventario/GuiaInterna/GuiaInterna_Nro_00032851.pdf,WebGestor/Inventario/GuiaInterna,GuiaInterna_Nro_00032851.pdf,.pdf,2018,2025-11-10T02:16:22Z,ba6eca9269525fad9722a5e27161aa9a9a96df40,,0,0,
WebGestor/Inventario/GuiaInterna/GuiaInterna_Nro_00032855.pdf,WebGestor/Inventario/GuiaInterna,GuiaInterna_Nro_00032855.pdf,.pdf,1889,2025-11-10T02:16:22Z,9f48ca3260ec61b7269dee548e06969b52e71546,,0,0,
WebGestor/Inventario/GuiaInterna/GuiaInterna_Nro_00032856.pdf,WebGestor/Inventario/GuiaInterna,GuiaInterna_Nro_00032856.pdf,.pdf,2027,2025-11-10T02:16:22Z,45b15ed059d85ab32f9117d2ca152ed6df2aa94b,,0,0,
WebGestor/Inventario/GuiaInterna/GuiaInterna_Nro_00032857.pdf,WebGestor/Inventario/GuiaInterna,GuiaInterna_Nro_00032857.pdf,.pdf,1945,2025-11-10T02:16:22Z,5bec9a065af42becf812141ae840cd4cb56e7b1b,,0,0,
WebGestor/Inventario/GuiaInterna/GuiaInterna_Nro_00032858.pdf,WebGestor/Inventario/GuiaInterna,GuiaInterna_Nro_00032858.pdf,.pdf,1928,2025-11-10T02:16:22Z,4914ce2938da247c142e5dc9a52d18756b4fd625,,0,0,
WebGestor/Inventario/GuiaInterna/GuiaInterna_Nro_00032859.pdf,WebGestor/Inventario/GuiaInterna,GuiaInterna_Nro_00032859.pdf,.pdf,1975,2025-11-10T02:16:22Z,52ba0e2b77f9298ffab15568011f0778bdc8d416,,0,0,
WebGestor/Inventario/GuiaInterna/GuiaInterna_Nro_00032860.pdf,WebGestor/Inventario/GuiaInterna,GuiaInterna_Nro_00032860.pdf,.pdf,2035,2025-11-10T02:16:22Z,b468dc92fe1482836b978a3cd8adca3a79277c58,,0,0,
WebGestor/Inventario/GuiaInterna/GuiaInterna_Nro_00032861.pdf,WebGestor/Inventario/GuiaInterna,GuiaInterna_Nro_00032861.pdf,.pdf,1888,2025-11-10T02:16:22Z,fc19b20a04d68d262268ea461adb9575cc5f6e61,,0,0,
WebGestor/Inventario/GuiaInterna/GuiaInterna_Nro_00032865.pdf,WebGestor/Inventario/GuiaInterna,GuiaInterna_Nro_00032865.pdf,.pdf,1997,2025-11-10T02:16:22Z,51259647c49e004e062b6ddaecad3b19f22546ff,,0,0,
WebGestor/Inventario/GuiaInterna/GuiaInterna_Nro_00032870.pdf,WebGestor/Inventario/GuiaInterna,GuiaInterna_Nro_00032870.pdf,.pdf,1954,2025-11-10T02:16:22Z,321eb1d193a144fe3682271bd968f6d23f1a7f5b,,0,0,
WebGestor/Inventario/GuiaInterna/GuiaInterna_Nro_00032871.pdf,WebGestor/Inventario/GuiaInterna,GuiaInterna_Nro_00032871.pdf,.pdf,1944,2025-11-10T02:16:22Z,02705f81e3b6fc4c179aef2d21f01ad246505692,,0,0,
WebGestor/Inventario/GuiaInterna/GuiaInterna_Nro_00032873.pdf,WebGestor/Inventario/GuiaInterna,GuiaInterna_Nro_00032873.pdf,.pdf,2059,2025-11-10T02:16:22Z,8818e1cb1b4b147c759d3d934d64469dcc9b4930,,0,0,
WebGestor/Inventario/GuiaInterna/GuiaInterna_Nro_00032874.pdf,WebGestor/Inventario/GuiaInterna,GuiaInterna_Nro_00032874.pdf,.pdf,2067,2025-11-10T02:16:22Z,63cbd3ad39ec0c03541e0aed721e3d5046349616,,0,0,
WebGestor/Inventario/GuiaInterna/GuiaInterna_Nro_00032876.pdf,WebGestor/Inventario/GuiaInterna,GuiaInterna_Nro_00032876.pdf,.pdf,1897,2025-11-10T02:16:22Z,6a9929b5427f6cf4c4a765a41705b6965c86604a,,0,0,
WebGestor/Inventario/GuiaInterna/GuiaInterna_Nro_00032877.pdf,WebGestor/Inventario/GuiaInterna,GuiaInterna_Nro_00032877.pdf,.pdf,1890,2025-11-10T02:16:22Z,a0b3b2b3ffc4152bdefeac57eb6503067f886087,,0,0,
WebGestor/Inventario/GuiaInterna/GuiaInterna_Nro_00032878.pdf,WebGestor/Inventario/GuiaInterna,GuiaInterna_Nro_00032878.pdf,.pdf,1893,2025-11-10T02:16:22Z,a4e2b15ab5f0ca7fbbbfeb4c5c658e454b911b21,,0,0,
WebGestor/Inventario/GuiaInterna/GuiaInterna_Nro_00032881.pdf,WebGestor/Inventario/GuiaInterna,GuiaInterna_Nro_00032881.pdf,.pdf,1930,2025-11-10T02:16:22Z,f2b0025f59ff5fb595829f3f70b774310bc7de80,,0,0,
WebGestor/Inventario/GuiaInterna/GuiaInterna_Nro_00032882.pdf,WebGestor/Inventario/GuiaInterna,GuiaInterna_Nro_00032882.pdf,.pdf,1908,2025-11-10T02:16:22Z,6562d5bb252cf808e247f2dab7fe5789e554e79b,,0,0,
WebGestor/Inventario/GuiaInterna/GuiaInterna_Nro_00032887.pdf,WebGestor/Inventario/GuiaInterna,GuiaInterna_Nro_00032887.pdf,.pdf,1959,2025-11-10T02:16:22Z,85eefa34e4ba0f72bf7848506171967245cae631,,0,0,
WebGestor/Inventario/GuiaInterna/GuiaInterna_Nro_00032897.pdf,WebGestor/Inventario/GuiaInterna,GuiaInterna_Nro_00032897.pdf,.pdf,1935,2025-11-10T02:16:22Z,48216febecf52472950857575d9609c3f2dcc6e6,,0,0,
WebGestor/Inventario/GuiaInterna/GuiaInterna_Nro_00032898.pdf,WebGestor/Inventario/GuiaInterna,GuiaInterna_Nro_00032898.pdf,.pdf,1953,2025-11-10T02:16:22Z,8daa1075fab6c0f67c41a3f1f35c0e054b20b360,,0,0,
WebGestor/Inventario/GuiaInterna/GuiaInterna_Nro_00032899.pdf,WebGestor/Inventario/GuiaInterna,GuiaInterna_Nro_00032899.pdf,.pdf,1883,2025-11-10T02:16:22Z,21e836d72d0bc746eede18dc160c2669866d2de4,,0,0,
WebGestor/Inventario/GuiaInterna/GuiaInterna_Nro_00032900.pdf,WebGestor/Inventario/GuiaInterna,GuiaInterna_Nro_00032900.pdf,.pdf,1948,2025-11-10T02:16:22Z,704d2021e93b6cd59bb7b38d8ebb3ee3e4c84115,,0,0,
WebGestor/Inventario/GuiaInterna/GuiaInterna_Nro_00032901.pdf,WebGestor/Inventario/GuiaInterna,GuiaInterna_Nro_00032901.pdf,.pdf,1888,2025-11-10T02:16:22Z,d3e1ecc5ed9ee44d2285675cc4cfa828b88d61b4,,0,0,
WebGestor/Inventario/GuiaInterna/GuiaInterna_Nro_00032902.pdf,WebGestor/Inventario/GuiaInterna,GuiaInterna_Nro_00032902.pdf,.pdf,1880,2025-11-10T02:16:22Z,0ae37ff914fd190c85d49f7ce56315802dfa4bbe,,0,0,
WebGestor/Inventario/GuiaInterna/GuiaInterna_Nro_00032903.pdf,WebGestor/Inventario/GuiaInterna,GuiaInterna_Nro_00032903.pdf,.pdf,1893,2025-11-10T02:16:22Z,f93a1ba7785290ddfac89ee52cc299d0321a2116,,0,0,
WebGestor/Inventario/GuiaInterna/GuiaInterna_Nro_00032904.pdf,WebGestor/Inventario/GuiaInterna,GuiaInterna_Nro_00032904.pdf,.pdf,1884,2025-11-10T02:16:22Z,4ec8260f1f939f0944ae2d3a45ed6cff5c3aa554,,0,0,
WebGestor/Inventario/GuiaInterna/GuiaInterna_Nro_00032905.pdf,WebGestor/Inventario/GuiaInterna,GuiaInterna_Nro_00032905.pdf,.pdf,1899,2025-11-10T02:16:22Z,8e3fe7885991841893fb72334d46e347c6c8e6b1,,0,0,
WebGestor/Inventario/GuiaInterna/GuiaInterna_Nro_00032906.pdf,WebGestor/Inventario/GuiaInterna,GuiaInterna_Nro_00032906.pdf,.pdf,1881,2025-11-10T02:16:22Z,c97fe46502e37f5fd5fa5234a84aaf83e2b03a32,,0,0,
WebGestor/Inventario/GuiaInterna/GuiaInterna_Nro_00032907.pdf,WebGestor/Inventario/GuiaInterna,GuiaInterna_Nro_00032907.pdf,.pdf,1904,2025-11-10T02:16:22Z,b9ff8ece22667411e2c0d62fd0a42b3a0d1013ed,,0,0,
WebGestor/Inventario/GuiaInterna/GuiaInterna_Nro_00032908.pdf,WebGestor/Inventario/GuiaInterna,GuiaInterna_Nro_00032908.pdf,.pdf,1887,2025-11-10T02:16:22Z,12169f9d9715857547b95dfc5a457cdf0edb0e84,,0,0,
WebGestor/Inventario/GuiaInterna/GuiaInterna_Nro_00032909.pdf,WebGestor/Inventario/GuiaInterna,GuiaInterna_Nro_00032909.pdf,.pdf,1894,2025-11-10T02:16:22Z,7f64a9957deac46aca01bbdbeeef4ac44b72531e,,0,0,
WebGestor/Inventario/GuiaInterna/GuiaInterna_Nro_00032910.pdf,WebGestor/Inventario/GuiaInterna,GuiaInterna_Nro_00032910.pdf,.pdf,1885,2025-11-10T02:16:22Z,03d573ae964156127cef8732d256f52f763c184b,,0,0,
WebGestor/Inventario/GuiaInterna/GuiaInterna_Nro_00032911.pdf,WebGestor/Inventario/GuiaInterna,GuiaInterna_Nro_00032911.pdf,.pdf,1898,2025-11-10T02:16:22Z,051c5e9806097f0c241df772e858926f973fc434,,0,0,
WebGestor/Inventario/GuiaInterna/GuiaInterna_Nro_00032912.pdf,WebGestor/Inventario/GuiaInterna,GuiaInterna_Nro_00032912.pdf,.pdf,1885,2025-11-10T02:16:22Z,14d29d8358cb09a71a19a79772e66cca063ec610,,0,0,
WebGestor/Inventario/GuiaInterna/GuiaInterna_Nro_00032913.pdf,WebGestor/Inventario/GuiaInterna,GuiaInterna_Nro_00032913.pdf,.pdf,1904,2025-11-10T02:16:22Z,c5ad81af20e1aec274f35a07b96ed3d44ac05e62,,0,0,
WebGestor/Inventario/GuiaInterna/GuiaInterna_Nro_00032914.pdf,WebGestor/Inventario/GuiaInterna,GuiaInterna_Nro_00032914.pdf,.pdf,1891,2025-11-10T02:16:22Z,119ffcafa220d88791f38a8f8219d87b5b5532fb,,0,0,
WebGestor/Inventario/GuiaInterna/GuiaInterna_Nro_00032915.pdf,WebGestor/Inventario/GuiaInterna,GuiaInterna_Nro_00032915.pdf,.pdf,1896,2025-11-10T02:16:22Z,b15f6196753a4a43a3419fc2d1950e5179586dd5,,0,0,
WebGestor/Inventario/GuiaInterna/GuiaInterna_Nro_00032916.pdf,WebGestor/Inventario/GuiaInterna,GuiaInterna_Nro_00032916.pdf,.pdf,1898,2025-11-10T02:16:22Z,e02090b541469af07684f003040aa61e9b3325b1,,0,0,
WebGestor/Inventario/GuiaInterna/GuiaInterna_Nro_00032917.pdf,WebGestor/Inventario/GuiaInterna,GuiaInterna_Nro_00032917.pdf,.pdf,1889,2025-11-10T02:16:22Z,ce0956b16fa40cc5950c6941b5939042177ec608,,0,0,
WebGestor/Inventario/GuiaInterna/GuiaInterna_Nro_00032918.pdf,WebGestor/Inventario/GuiaInterna,GuiaInterna_Nro_00032918.pdf,.pdf,2115,2025-11-10T02:16:22Z,df57e93e52b037c0bb20cb2538bbccc7ba5b4ffd,,0,0,
WebGestor/Inventario/GuiaInterna/GuiaInterna_Nro_00032919.pdf,WebGestor/Inventario/GuiaInterna,GuiaInterna_Nro_00032919.pdf,.pdf,1893,2025-11-10T02:16:22Z,089bcd078839dc0205ef71ff08382f2dc5db6328,,0,0,
WebGestor/Inventario/GuiaInterna/GuiaInterna_Nro_00032920.pdf,WebGestor/Inventario/GuiaInterna,GuiaInterna_Nro_00032920.pdf,.pdf,1897,2025-11-10T02:16:22Z,ad19ba5dfc8bd380c9ab992330aa5e1828acfe51,,0,0,
WebGestor/Inventario/GuiaInterna/GuiaInterna_Nro_00032921.pdf,WebGestor/Inventario/GuiaInterna,GuiaInterna_Nro_00032921.pdf,.pdf,1884,2025-11-10T02:16:22Z,e8cad7ee4d15d7a6e1cedf2c88417432e95bcc9d,,0,0,
WebGestor/Inventario/GuiaInterna/GuiaInterna_Nro_00032922.pdf,WebGestor/Inventario/GuiaInterna,GuiaInterna_Nro_00032922.pdf,.pdf,1927,2025-11-10T02:16:22Z,6fc894daa5f7055994bb138a747828028c44657d,,0,0,
WebGestor/Inventario/GuiaInterna/GuiaInterna_Nro_00032923.pdf,WebGestor/Inventario/GuiaInterna,GuiaInterna_Nro_00032923.pdf,.pdf,1925,2025-11-10T02:16:22Z,09aa4e10f5bd265c653b7089f9204759bf8be826,,0,0,
WebGestor/Inventario/GuiaInterna/GuiaInterna_Nro_00032925.pdf,WebGestor/Inventario/GuiaInterna,GuiaInterna_Nro_00032925.pdf,.pdf,1937,2025-11-10T02:16:22Z,bac393f54daea3003b5566c0f63ed0cec74dc9b7,,0,0,
WebGestor/Inventario/GuiaInterna/GuiaInterna_Nro_00032926.pdf,WebGestor/Inventario/GuiaInterna,GuiaInterna_Nro_00032926.pdf,.pdf,1931,2025-11-10T02:16:22Z,6f7eedc1750458f29a36ab308138b03025c061a1,,0,0,
WebGestor/Inventario/GuiaInterna/GuiaInterna_Nro_00032927.pdf,WebGestor/Inventario/GuiaInterna,GuiaInterna_Nro_00032927.pdf,.pdf,1940,2025-11-10T02:16:22Z,ac2c1c6adcf632c1296b419afc35c74803932031,,0,0,
WebGestor/Inventario/GuiaInterna/GuiaInterna_Nro_00032929.pdf,WebGestor/Inventario/GuiaInterna,GuiaInterna_Nro_00032929.pdf,.pdf,1971,2025-11-10T02:16:22Z,636e1c6555d737992ced4fa5a8c78bcc9dee406e,,0,0,
WebGestor/Inventario/GuiaInterna/GuiaInterna_Nro_00032930.pdf,WebGestor/Inventario/GuiaInterna,GuiaInterna_Nro_00032930.pdf,.pdf,1973,2025-11-10T02:16:22Z,8222ef10995b6ff85e656215f6659bd127d98529,,0,0,
WebGestor/Inventario/GuiaInterna/GuiaInterna_Nro_00032931.pdf,WebGestor/Inventario/GuiaInterna,GuiaInterna_Nro_00032931.pdf,.pdf,1996,2025-11-10T02:16:22Z,3e15f2f6a8d27bbfd6320abbff5236a1ba0a50fe,,0,0,
WebGestor/Inventario/GuiaInterna/GuiaInterna_Nro_00032933.pdf,WebGestor/Inventario/GuiaInterna,GuiaInterna_Nro_00032933.pdf,.pdf,2168,2025-11-10T02:16:22Z,84db3f159695f08998f20cba606afa449e146f5b,,0,0,
WebGestor/Inventario/GuiaInterna/GuiaInterna_Nro_00032935.pdf,WebGestor/Inventario/GuiaInterna,GuiaInterna_Nro_00032935.pdf,.pdf,1895,2025-11-10T02:16:22Z,077773b6c368ce6284635b40bf1788199b4ab532,,0,0,
WebGestor/Inventario/GuiaInterna/GuiaInterna_Nro_00032937.pdf,WebGestor/Inventario/GuiaInterna,GuiaInterna_Nro_00032937.pdf,.pdf,1971,2025-11-10T02:16:22Z,fa5923fa30f6280e46a7d084c3d2c04e43e21eba,,0,0,
WebGestor/Inventario/GuiaInterna/GuiaInterna_Nro_00032941.pdf,WebGestor/Inventario/GuiaInterna,GuiaInterna_Nro_00032941.pdf,.pdf,1906,2025-11-10T02:16:22Z,a4f98d93ba12a5d97512613f9482090b5c2727f0,,0,0,
WebGestor/Inventario/GuiaInterna/GuiaInterna_Nro_00032942.pdf,WebGestor/Inventario/GuiaInterna,GuiaInterna_Nro_00032942.pdf,.pdf,1943,2025-11-10T02:16:22Z,63360f5322dc8f0a59edc139bb2affdbafff96fb,,0,0,
WebGestor/Inventario/GuiaInterna/GuiaInterna_Nro_00032943.pdf,WebGestor/Inventario/GuiaInterna,GuiaInterna_Nro_00032943.pdf,.pdf,1984,2025-11-10T02:16:22Z,75a161ed239d71143a54f27b866b476d848b321a,,0,0,
WebGestor/Inventario/GuiaInterna/GuiaInterna_Nro_00032944.pdf,WebGestor/Inventario/GuiaInterna,GuiaInterna_Nro_00032944.pdf,.pdf,1927,2025-11-10T02:16:22Z,48fd6ca752b4dd1f817cbffd9e1d168f61417cfb,,0,0,
WebGestor/Inventario/GuiaInterna/GuiaInterna_Nro_00032945.pdf,WebGestor/Inventario/GuiaInterna,GuiaInterna_Nro_00032945.pdf,.pdf,2003,2025-11-10T02:16:22Z,5cf2ac2d22f0bb013cef2568d18da0ceb009bae5,,0,0,
WebGestor/Inventario/GuiaInterna/GuiaInterna_Nro_00032948.pdf,WebGestor/Inventario/GuiaInterna,GuiaInterna_Nro_00032948.pdf,.pdf,1994,2025-11-10T02:16:22Z,93d5349a263e026bf53575c4033a19f42d18177c,,0,0,
WebGestor/Inventario/GuiaInterna/GuiaInterna_Nro_00032949.pdf,WebGestor/Inventario/GuiaInterna,GuiaInterna_Nro_00032949.pdf,.pdf,1880,2025-11-10T02:16:22Z,2eb7141617fda7e990fca03533f92d5838f49cd6,,0,0,
WebGestor/Inventario/GuiaInterna/GuiaInterna_Nro_00032950.pdf,WebGestor/Inventario/GuiaInterna,GuiaInterna_Nro_00032950.pdf,.pdf,1914,2025-11-10T02:16:22Z,25f10d9ffdaf0e9c97ba1a3e85297573a366e41f,,0,0,
WebGestor/Inventario/GuiaInterna/GuiaInterna_Nro_00032951.pdf,WebGestor/Inventario/GuiaInterna,GuiaInterna_Nro_00032951.pdf,.pdf,1892,2025-11-10T02:16:22Z,c7cec23de0d20059b4ef80c0417415b8829d7ece,,0,0,
WebGestor/Inventario/GuiaInterna/GuiaInterna_Nro_00032959.pdf,WebGestor/Inventario/GuiaInterna,GuiaInterna_Nro_00032959.pdf,.pdf,1918,2025-11-10T02:16:22Z,49f8a9a52195e6cb9e8119aefcfb67cbe106a9e7,,0,0,
WebGestor/Inventario/GuiaInterna/GuiaInterna_Nro_00032960.pdf,WebGestor/Inventario/GuiaInterna,GuiaInterna_Nro_00032960.pdf,.pdf,1995,2025-11-10T02:16:22Z,f5c08e3950355dc90795438073c401294f266bb3,,0,0,
WebGestor/Inventario/GuiaInterna/GuiaInterna_Nro_00032961.pdf,WebGestor/Inventario/GuiaInterna,GuiaInterna_Nro_00032961.pdf,.pdf,2076,2025-11-10T02:16:22Z,e37e8828d9ebb8813b7653ba27de98442840bfc4,,0,0,
WebGestor/Inventario/GuiaInterna/GuiaInterna_Nro_00032962.pdf,WebGestor/Inventario/GuiaInterna,GuiaInterna_Nro_00032962.pdf,.pdf,2128,2025-11-10T02:16:22Z,687b51fb450da52d240d185841ff764e1be754c0,,0,0,
WebGestor/Inventario/GuiaInterna/GuiaInterna_Nro_00032965.pdf,WebGestor/Inventario/GuiaInterna,GuiaInterna_Nro_00032965.pdf,.pdf,1909,2025-11-10T02:16:22Z,7a37f13699e28bb7092101571352b6396ccd2ed4,,0,0,
WebGestor/Inventario/GuiaInterna/GuiaInterna_Nro_00032971.pdf,WebGestor/Inventario/GuiaInterna,GuiaInterna_Nro_00032971.pdf,.pdf,1912,2025-11-10T02:16:22Z,2d5e355af3cf876aa03d942b9d0b4809a612e8cd,,0,0,
WebGestor/Inventario/GuiaInterna/GuiaInterna_Nro_00032972.pdf,WebGestor/Inventario/GuiaInterna,GuiaInterna_Nro_00032972.pdf,.pdf,2044,2025-11-10T02:16:22Z,8f116d6b89961437e0f74ef106521278e5abd7fb,,0,0,
WebGestor/Inventario/GuiaInterna/GuiaInterna_Nro_00032973.pdf,WebGestor/Inventario/GuiaInterna,GuiaInterna_Nro_00032973.pdf,.pdf,2116,2025-11-10T02:16:22Z,7edaceb8644a88f6eb1b1acb7ffb0b5d89e1687b,,0,0,
WebGestor/Inventario/GuiaInterna/GuiaInterna_Nro_00032977.pdf,WebGestor/Inventario/GuiaInterna,GuiaInterna_Nro_00032977.pdf,.pdf,1958,2025-11-10T02:16:22Z,8edd43b6550997a190b5cdc155d5dbc8adbb6761,,0,0,
WebGestor/Inventario/GuiaInterna/GuiaInterna_Nro_00032978.pdf,WebGestor/Inventario/GuiaInterna,GuiaInterna_Nro_00032978.pdf,.pdf,2077,2025-11-10T02:16:22Z,995c9a240d64dd0a6b86cb02fae1b61fa16a6180,,0,0,
WebGestor/Inventario/GuiaInterna/GuiaInterna_Nro_00032979.pdf,WebGestor/Inventario/GuiaInterna,GuiaInterna_Nro_00032979.pdf,.pdf,1922,2025-11-10T02:16:22Z,78b70a984a65a2e0edf37b02a31b1ddd2d251703,,0,0,
WebGestor/Inventario/GuiaInterna/GuiaInterna_Nro_00032981.pdf,WebGestor/Inventario/GuiaInterna,GuiaInterna_Nro_00032981.pdf,.pdf,2051,2025-11-10T02:16:22Z,48c17618c5a48dae07ccd78fc07eb940ae4d479d,,0,0,
WebGestor/Inventario/GuiaInterna/GuiaInterna_Nro_00032986.pdf,WebGestor/Inventario/GuiaInterna,GuiaInterna_Nro_00032986.pdf,.pdf,1909,2025-11-10T02:16:22Z,2ee40b5ec353fcf8bb4d13f73d360b70d08f1565,,0,0,
WebGestor/Inventario/GuiaInterna/GuiaInterna_Nro_00032989.pdf,WebGestor/Inventario/GuiaInterna,GuiaInterna_Nro_00032989.pdf,.pdf,1896,2025-11-10T02:16:22Z,cab58b7473408b5d01ce5eaceb88495ce9f1f718,,0,0,
WebGestor/Inventario/GuiaInterna/GuiaInterna_Nro_00032992.pdf,WebGestor/Inventario/GuiaInterna,GuiaInterna_Nro_00032992.pdf,.pdf,1911,2025-11-10T02:16:22Z,ac5d31595bb6ca3dea6370a0524d07a76a6fc90c,,0,0,
WebGestor/Inventario/GuiaInterna/GuiaInterna_Nro_00032994.pdf,WebGestor/Inventario/GuiaInterna,GuiaInterna_Nro_00032994.pdf,.pdf,1903,2025-11-10T02:16:22Z,87af85079ba934a95c90fc38ff8626580d73b15a,,0,0,
WebGestor/Inventario/GuiaInterna/GuiaInterna_Nro_00032998.pdf,WebGestor/Inventario/GuiaInterna,GuiaInterna_Nro_00032998.pdf,.pdf,1891,2025-11-10T02:16:22Z,ec4592abb7caa9ff5fb026d60dcb50351e1f5d26,,0,0,
WebGestor/Inventario/GuiaInterna/GuiaInterna_Nro_00033007.pdf,WebGestor/Inventario/GuiaInterna,GuiaInterna_Nro_00033007.pdf,.pdf,1971,2025-11-10T02:16:22Z,d61e27e975516a0a082295fdc2cad642820d43f2,,0,0,
WebGestor/Inventario/GuiaInterna/GuiaInterna_Nro_00033008.pdf,WebGestor/Inventario/GuiaInterna,GuiaInterna_Nro_00033008.pdf,.pdf,1910,2025-11-10T02:16:22Z,ce1532a262034099bc17b4dbec9df136668a1e0d,,0,0,
WebGestor/Inventario/GuiaInterna/GuiaInterna_Nro_00033010.pdf,WebGestor/Inventario/GuiaInterna,GuiaInterna_Nro_00033010.pdf,.pdf,1913,2025-11-10T02:16:22Z,c0b5bcf7ccf758a973659b8f4546de1da42d0de1,,0,0,
WebGestor/Inventario/GuiaInterna/GuiaInterna_Nro_00033011.pdf,WebGestor/Inventario/GuiaInterna,GuiaInterna_Nro_00033011.pdf,.pdf,1940,2025-11-10T02:16:22Z,51b92e4ab5e37bfd5d9bcfbd38a9e72708d8f711,,0,0,
WebGestor/Inventario/GuiaInterna/GuiaInterna_Nro_00033015.pdf,WebGestor/Inventario/GuiaInterna,GuiaInterna_Nro_00033015.pdf,.pdf,1917,2025-11-10T02:16:22Z,a388f58b20e3eec1d40f7b63b1813be3071599d9,,0,0,
WebGestor/Inventario/GuiaInterna/GuiaInterna_Nro_00033016.pdf,WebGestor/Inventario/GuiaInterna,GuiaInterna_Nro_00033016.pdf,.pdf,1877,2025-11-10T02:16:22Z,758881bf170703dc4f6577caec2b7761afe417e6,,0,0,
WebGestor/Inventario/GuiaInterna/GuiaInterna_Nro_00033018.pdf,WebGestor/Inventario/GuiaInterna,GuiaInterna_Nro_00033018.pdf,.pdf,2061,2025-11-10T02:16:22Z,10d7560d7a96a5d90bb5a2b92d8b35eff742831b,,0,0,
WebGestor/Inventario/GuiaInterna/GuiaInterna_Nro_00033020.pdf,WebGestor/Inventario/GuiaInterna,GuiaInterna_Nro_00033020.pdf,.pdf,1891,2025-11-10T02:16:22Z,e99f97d122c2d9774ea7ae1a75a4f970bd97fe67,,0,0,
WebGestor/Inventario/GuiaInterna/GuiaInterna_Nro_00033029.pdf,WebGestor/Inventario/GuiaInterna,GuiaInterna_Nro_00033029.pdf,.pdf,1900,2025-11-10T02:16:22Z,c955c07e5a11ab68968e0d53140b99f2c48e1f92,,0,0,
WebGestor/Inventario/GuiaInterna/GuiaInterna_Nro_00033030.pdf,WebGestor/Inventario/GuiaInterna,GuiaInterna_Nro_00033030.pdf,.pdf,1915,2025-11-10T02:16:22Z,07a6000515c1685c4250408ddd1f233efe03f550,,0,0,
WebGestor/Inventario/GuiaInterna/GuiaInterna_Nro_00033032.pdf,WebGestor/Inventario/GuiaInterna,GuiaInterna_Nro_00033032.pdf,.pdf,1937,2025-11-10T02:16:22Z,aed073d55bde57cccc1dd158c797897942e0cebe,,0,0,
WebGestor/Inventario/GuiaInterna/GuiaInterna_Nro_00033034.pdf,WebGestor/Inventario/GuiaInterna,GuiaInterna_Nro_00033034.pdf,.pdf,2097,2025-11-10T02:16:22Z,84290bc21182c2fe3a4b27e80cb852afaf20fb48,,0,0,
WebGestor/Inventario/GuiaInterna/GuiaInterna_Nro_00033035.pdf,WebGestor/Inventario/GuiaInterna,GuiaInterna_Nro_00033035.pdf,.pdf,1956,2025-11-10T02:16:22Z,9324640f5e59d0aad8740ed775c2b2399aba5342,,0,0,
WebGestor/Inventario/GuiaInterna/GuiaInterna_Nro_00033038.pdf,WebGestor/Inventario/GuiaInterna,GuiaInterna_Nro_00033038.pdf,.pdf,1938,2025-11-10T02:16:22Z,d9572e890a16602d70bd908df1aa566076604c4b,,0,0,
WebGestor/Inventario/GuiaInterna/GuiaInterna_Nro_00033044.pdf,WebGestor/Inventario/GuiaInterna,GuiaInterna_Nro_00033044.pdf,.pdf,2373,2025-11-10T02:16:22Z,ec82dbcf0fd675accf86807794e2b89f439e6110,,0,0,
WebGestor/Inventario/GuiaInterna/GuiaInterna_Nro_00033045.pdf,WebGestor/Inventario/GuiaInterna,GuiaInterna_Nro_00033045.pdf,.pdf,1941,2025-11-10T02:16:22Z,8935a4bfe5bf74151fd6e3d9b3f35af065886b97,,0,0,
WebGestor/Inventario/GuiaInterna/GuiaInterna_Nro_00033046.pdf,WebGestor/Inventario/GuiaInterna,GuiaInterna_Nro_00033046.pdf,.pdf,2095,2025-11-10T02:16:22Z,92862acfe08c5ed7af082d997ce0f8cea53e99c2,,0,0,
WebGestor/Inventario/GuiaInterna/GuiaInterna_Nro_00033047.pdf,WebGestor/Inventario/GuiaInterna,GuiaInterna_Nro_00033047.pdf,.pdf,1982,2025-11-10T02:16:22Z,ae3ea5f5aff251f287138511714b44d7ba2260a4,,0,0,
WebGestor/Inventario/GuiaInterna/GuiaInterna_Nro_00033048.pdf,WebGestor/Inventario/GuiaInterna,GuiaInterna_Nro_00033048.pdf,.pdf,1892,2025-11-10T02:16:22Z,a600ceb30a30e529fee06879db6406e7a8c34d30,,0,0,
WebGestor/Inventario/GuiaInterna/GuiaInterna_Nro_00033049.pdf,WebGestor/Inventario/GuiaInterna,GuiaInterna_Nro_00033049.pdf,.pdf,1994,2025-11-10T02:16:22Z,8bc1bed6906798e3428e473a060564ff6db18227,,0,0,
WebGestor/Inventario/GuiaInterna/GuiaInterna_Nro_00033050.pdf,WebGestor/Inventario/GuiaInterna,GuiaInterna_Nro_00033050.pdf,.pdf,1923,2025-11-10T02:16:22Z,b00bbba237b11f7a00c7a7ba5a39ea9e049f2f11,,0,0,
WebGestor/Inventario/GuiaInterna/GuiaInterna_Nro_00033051.pdf,WebGestor/Inventario/GuiaInterna,GuiaInterna_Nro_00033051.pdf,.pdf,2070,2025-11-10T02:16:22Z,2ad15984652105148a81f17d26d7cf207ed0cf89,,0,0,
WebGestor/Inventario/GuiaInterna/GuiaInterna_Nro_00033052.pdf,WebGestor/Inventario/GuiaInterna,GuiaInterna_Nro_00033052.pdf,.pdf,1953,2025-11-10T02:16:22Z,91c57484979840408dc1afbce436fe50cc7a0ee1,,0,0,
WebGestor/Inventario/GuiaInterna/GuiaInterna_Nro_00033054.pdf,WebGestor/Inventario/GuiaInterna,GuiaInterna_Nro_00033054.pdf,.pdf,1913,2025-11-10T02:16:22Z,f11d089a16d3677c0f41a99b95d909f192c0b69b,,0,0,
WebGestor/Inventario/GuiaInterna/GuiaInterna_Nro_00033055.pdf,WebGestor/Inventario/GuiaInterna,GuiaInterna_Nro_00033055.pdf,.pdf,1880,2025-11-10T02:16:22Z,5688c416e6d2d4052da76f5b7710a2507cacbe2b,,0,0,
WebGestor/Inventario/GuiaInterna/GuiaInterna_Nro_00033060.pdf,WebGestor/Inventario/GuiaInterna,GuiaInterna_Nro_00033060.pdf,.pdf,1914,2025-11-10T02:16:22Z,ca3bb7eaa3413f1768fce719bb9e1dfd31d184ce,,0,0,
WebGestor/Inventario/GuiaInterna/GuiaInterna_Nro_00033063.pdf,WebGestor/Inventario/GuiaInterna,GuiaInterna_Nro_00033063.pdf,.pdf,2040,2025-11-10T02:16:22Z,ef0b9b7d7f1d29f28288d4219646895679029758,,0,0,
WebGestor/Inventario/GuiaInterna/GuiaInterna_Nro_00033065.pdf,WebGestor/Inventario/GuiaInterna,GuiaInterna_Nro_00033065.pdf,.pdf,1942,2025-11-10T02:16:22Z,fde8a03cf72a99f45c6b58fc4e18970326a936c4,,0,0,
WebGestor/Inventario/GuiaInterna/GuiaInterna_Nro_00033070.pdf,WebGestor/Inventario/GuiaInterna,GuiaInterna_Nro_00033070.pdf,.pdf,2263,2025-11-10T02:16:22Z,8333667a57711608009d6ea4d693c849e0f790d6,,0,0,
WebGestor/Inventario/GuiaInterna/GuiaInterna_Nro_00033071.pdf,WebGestor/Inventario/GuiaInterna,GuiaInterna_Nro_00033071.pdf,.pdf,2215,2025-11-10T02:16:22Z,e6b55e80aa25f5a206b21c3d73d52979f2733420,,0,0,
WebGestor/Inventario/GuiaInterna/GuiaInterna_Nro_00033072.pdf,WebGestor/Inventario/GuiaInterna,GuiaInterna_Nro_00033072.pdf,.pdf,1895,2025-11-10T02:16:22Z,dcca2de8e2704725f62f1b9b53f8a395e608d250,,0,0,
WebGestor/Inventario/GuiaInterna/GuiaInterna_Nro_00033073.pdf,WebGestor/Inventario/GuiaInterna,GuiaInterna_Nro_00033073.pdf,.pdf,1998,2025-11-10T02:16:22Z,dcd59153b200e51992358c6f9c7e14dc6caa1922,,0,0,
WebGestor/Inventario/GuiaInterna/GuiaInterna_Nro_00033074.pdf,WebGestor/Inventario/GuiaInterna,GuiaInterna_Nro_00033074.pdf,.pdf,2023,2025-11-10T02:16:22Z,e8624ccff4395a27434ed2d27358a8abb0b9746b,,0,0,
WebGestor/Inventario/GuiaInterna/GuiaInterna_Nro_00033075.pdf,WebGestor/Inventario/GuiaInterna,GuiaInterna_Nro_00033075.pdf,.pdf,1945,2025-11-10T02:16:22Z,756ee810889fa3f6ecea93b5ef54d13ab8e3e8fd,,0,0,
WebGestor/Inventario/GuiaInterna/GuiaInterna_Nro_00033077.pdf,WebGestor/Inventario/GuiaInterna,GuiaInterna_Nro_00033077.pdf,.pdf,2274,2025-11-10T02:16:22Z,6965ba4c141b076d9e8f5f1aa319c811ace5e932,,0,0,
WebGestor/Inventario/GuiaInterna/GuiaInterna_Nro_00033078.pdf,WebGestor/Inventario/GuiaInterna,GuiaInterna_Nro_00033078.pdf,.pdf,1896,2025-11-10T02:16:22Z,0a3a20b16704468525e828ec626670c36baab74a,,0,0,
WebGestor/Inventario/GuiaInterna/GuiaInterna_Nro_00033082.pdf,WebGestor/Inventario/GuiaInterna,GuiaInterna_Nro_00033082.pdf,.pdf,1922,2025-11-10T02:16:22Z,2b429782e550447d9cf56bf6f0e77bf3b1b64500,,0,0,
WebGestor/Inventario/GuiaInterna/GuiaInterna_Nro_00033083.pdf,WebGestor/Inventario/GuiaInterna,GuiaInterna_Nro_00033083.pdf,.pdf,2010,2025-11-10T02:16:22Z,2e9bdd5021af3e26080c98c74e42a79d6cf50db9,,0,0,
WebGestor/Inventario/GuiaInterna/GuiaInterna_Nro_00033084.pdf,WebGestor/Inventario/GuiaInterna,GuiaInterna_Nro_00033084.pdf,.pdf,2032,2025-11-10T02:16:22Z,1f5b060690bde1a490e29ac515a4f334f21947a1,,0,0,
WebGestor/Inventario/GuiaInterna/GuiaInterna_Nro_00033099.pdf,WebGestor/Inventario/GuiaInterna,GuiaInterna_Nro_00033099.pdf,.pdf,2289,2025-11-10T02:16:22Z,455bcd3e8555e81d50d2b191b4397b5d9c692816,,0,0,
WebGestor/Inventario/GuiaInterna/GuiaInterna_Nro_00033107.pdf,WebGestor/Inventario/GuiaInterna,GuiaInterna_Nro_00033107.pdf,.pdf,1893,2025-11-10T02:16:22Z,18a5b189a83ca076a4300b0f90d0448158cd378e,,0,0,
WebGestor/Inventario/GuiaInterna/GuiaInterna_Nro_00033108.pdf,WebGestor/Inventario/GuiaInterna,GuiaInterna_Nro_00033108.pdf,.pdf,1894,2025-11-10T02:16:22Z,24c3803970b8432a9751607c04050a3224ec7c94,,0,0,
WebGestor/Inventario/GuiaInterna/GuiaInterna_Nro_00033109.pdf,WebGestor/Inventario/GuiaInterna,GuiaInterna_Nro_00033109.pdf,.pdf,1877,2025-11-10T02:16:22Z,62fb2f9120db94894702460ed50cdc8c68b970ef,,0,0,
WebGestor/Inventario/GuiaInterna/GuiaInterna_Nro_00033110.pdf,WebGestor/Inventario/GuiaInterna,GuiaInterna_Nro_00033110.pdf,.pdf,1880,2025-11-10T02:16:22Z,38c669fd81cd98c3d5d941af625962cdd54cc511,,0,0,
WebGestor/Inventario/GuiaInterna/GuiaInterna_Nro_00033111.pdf,WebGestor/Inventario/GuiaInterna,GuiaInterna_Nro_00033111.pdf,.pdf,1887,2025-11-10T02:16:22Z,2f8600cda61807b006fa9d386811c1a57aeb1faa,,0,0,
WebGestor/Inventario/GuiaInterna/GuiaInterna_Nro_00033112.pdf,WebGestor/Inventario/GuiaInterna,GuiaInterna_Nro_00033112.pdf,.pdf,1881,2025-11-10T02:16:22Z,7df4205d9e439c75f26e836cccd171c38a32a635,,0,0,
WebGestor/Inventario/GuiaInterna/GuiaInterna_Nro_00033113.pdf,WebGestor/Inventario/GuiaInterna,GuiaInterna_Nro_00033113.pdf,.pdf,1878,2025-11-10T02:16:22Z,27db3c15409eb1f2d251ba095d18e793c205db88,,0,0,
WebGestor/Inventario/GuiaInterna/GuiaInterna_Nro_00033114.pdf,WebGestor/Inventario/GuiaInterna,GuiaInterna_Nro_00033114.pdf,.pdf,1897,2025-11-10T02:16:22Z,c5ed84a225009e82c6d69efc2780b2cfcbc59e45,,0,0,
WebGestor/Inventario/GuiaInterna/GuiaInterna_Nro_00033115.pdf,WebGestor/Inventario/GuiaInterna,GuiaInterna_Nro_00033115.pdf,.pdf,1893,2025-11-10T02:16:22Z,c48c0fb67cc82fb65119abce5e2b203b39041ee2,,0,0,
WebGestor/Inventario/GuiaInterna/GuiaInterna_Nro_00033116.pdf,WebGestor/Inventario/GuiaInterna,GuiaInterna_Nro_00033116.pdf,.pdf,1895,2025-11-10T02:16:22Z,3c1735ff21338c07ffdfc129caf2d726226c70a8,,0,0,
WebGestor/Inventario/GuiaInterna/GuiaInterna_Nro_00033117.pdf,WebGestor/Inventario/GuiaInterna,GuiaInterna_Nro_00033117.pdf,.pdf,1879,2025-11-10T02:16:22Z,399352f0a8cf613eee8162b1114d8f5bfbc100a1,,0,0,
WebGestor/Inventario/GuiaInterna/GuiaInterna_Nro_00033118.pdf,WebGestor/Inventario/GuiaInterna,GuiaInterna_Nro_00033118.pdf,.pdf,1881,2025-11-10T02:16:22Z,20c6c7c3f829c2395bf8b154bf19bb5aa3266df9,,0,0,
WebGestor/Inventario/GuiaInterna/GuiaInterna_Nro_00033119.pdf,WebGestor/Inventario/GuiaInterna,GuiaInterna_Nro_00033119.pdf,.pdf,1882,2025-11-10T02:16:22Z,02644db3fdacf53bfd8f26f98539ac9660f6ddfd,,0,0,
WebGestor/Inventario/GuiaInterna/GuiaInterna_Nro_00033120.pdf,WebGestor/Inventario/GuiaInterna,GuiaInterna_Nro_00033120.pdf,.pdf,1895,2025-11-10T02:16:22Z,9d254fbf607c34b43a50c5057177dabbb9275c1c,,0,0,
WebGestor/Inventario/GuiaInterna/GuiaInterna_Nro_00033121.pdf,WebGestor/Inventario/GuiaInterna,GuiaInterna_Nro_00033121.pdf,.pdf,1881,2025-11-10T02:16:22Z,c0aa27abe79f50b4a954513a7958e626f251f28a,,0,0,
WebGestor/Inventario/GuiaInterna/GuiaInterna_Nro_00033122.pdf,WebGestor/Inventario/GuiaInterna,GuiaInterna_Nro_00033122.pdf,.pdf,1887,2025-11-10T02:16:22Z,92bb3c6a9891a40bffbc3c331ff99b6867e47e6e,,0,0,
WebGestor/Inventario/GuiaInterna/GuiaInterna_Nro_00033123.pdf,WebGestor/Inventario/GuiaInterna,GuiaInterna_Nro_00033123.pdf,.pdf,1886,2025-11-10T02:16:22Z,b838ba8c257efd3afc849b37db30f6cfa89f4350,,0,0,
WebGestor/Inventario/GuiaInterna/GuiaInterna_Nro_00033124.pdf,WebGestor/Inventario/GuiaInterna,GuiaInterna_Nro_00033124.pdf,.pdf,1893,2025-11-10T02:16:22Z,7039189a3aa5c21d236d380a0cb1b51f995992a7,,0,0,
WebGestor/Inventario/GuiaInterna/GuiaInterna_Nro_00033125.pdf,WebGestor/Inventario/GuiaInterna,GuiaInterna_Nro_00033125.pdf,.pdf,1894,2025-11-10T02:16:22Z,4ceb165da3811fe82107cb3920b91da34aaad366,,0,0,
WebGestor/Inventario/GuiaInterna/GuiaInterna_Nro_00033126.pdf,WebGestor/Inventario/GuiaInterna,GuiaInterna_Nro_00033126.pdf,.pdf,1887,2025-11-10T02:16:22Z,fe4786de423d8a7007d26a582bb37f162d8c139b,,0,0,
WebGestor/Inventario/GuiaInterna/GuiaInterna_Nro_00033127.pdf,WebGestor/Inventario/GuiaInterna,GuiaInterna_Nro_00033127.pdf,.pdf,1890,2025-11-10T02:16:22Z,c657dac41159a2f3ea57c29186e1f5e00d0197fe,,0,0,
WebGestor/Inventario/GuiaInterna/GuiaInterna_Nro_00033128.pdf,WebGestor/Inventario/GuiaInterna,GuiaInterna_Nro_00033128.pdf,.pdf,1944,2025-11-10T02:16:22Z,5166d9299d2a9e7c5880c5b9ff5876a4de1d0397,,0,0,
WebGestor/Inventario/GuiaInterna/GuiaInterna_Nro_00033129.pdf,WebGestor/Inventario/GuiaInterna,GuiaInterna_Nro_00033129.pdf,.pdf,1881,2025-11-10T02:16:22Z,ab95fa361364f2d30bff70a60c151b3eaeea542c,,0,0,
WebGestor/Inventario/GuiaInterna/GuiaInterna_Nro_00033130.pdf,WebGestor/Inventario/GuiaInterna,GuiaInterna_Nro_00033130.pdf,.pdf,1882,2025-11-10T02:16:22Z,7dd1883a6a4937f3c09a1c40fbbb61cc05c8f7ce,,0,0,
WebGestor/Inventario/GuiaInterna/GuiaInterna_Nro_00033131.pdf,WebGestor/Inventario/GuiaInterna,GuiaInterna_Nro_00033131.pdf,.pdf,1971,2025-11-10T02:16:22Z,75813b4370c08f073d300e57c536641c1bb76383,,0,0,
WebGestor/Inventario/GuiaInterna/GuiaInterna_Nro_00033132.pdf,WebGestor/Inventario/GuiaInterna,GuiaInterna_Nro_00033132.pdf,.pdf,1891,2025-11-10T02:16:22Z,4994df7b8ed753a96098911cc355b0191c52282e,,0,0,
WebGestor/Inventario/GuiaInterna/GuiaInterna_Nro_00033133.pdf,WebGestor/Inventario/GuiaInterna,GuiaInterna_Nro_00033133.pdf,.pdf,2080,2025-11-10T02:16:22Z,2d28e36a7793f98d00e6a954fd3da3da8afec6c2,,0,0,
WebGestor/Inventario/GuiaInterna/GuiaInterna_Nro_00033134.pdf,WebGestor/Inventario/GuiaInterna,GuiaInterna_Nro_00033134.pdf,.pdf,2016,2025-11-10T02:16:22Z,adb5ad269e36cf5bce8251a48d0f0667307f5dbe,,0,0,
WebGestor/Inventario/GuiaInterna/GuiaInterna_Nro_00033135.pdf,WebGestor/Inventario/GuiaInterna,GuiaInterna_Nro_00033135.pdf,.pdf,2030,2025-11-10T02:16:22Z,b15614924906a040c6500c9bb545d4ef7967f6f0,,0,0,
WebGestor/Inventario/GuiaInterna/GuiaInterna_Nro_00033136.pdf,WebGestor/Inventario/GuiaInterna,GuiaInterna_Nro_00033136.pdf,.pdf,2021,2025-11-10T02:16:22Z,58e0a8db920a10646baea795897e385d3978d346,,0,0,
WebGestor/Inventario/GuiaInterna/GuiaInterna_Nro_00033137.pdf,WebGestor/Inventario/GuiaInterna,GuiaInterna_Nro_00033137.pdf,.pdf,2426,2025-11-10T02:16:22Z,75f453ee4c4fa88c75b96663db090da2ef29834e,,0,0,
WebGestor/Inventario/GuiaInterna/GuiaInterna_Nro_00033138.pdf,WebGestor/Inventario/GuiaInterna,GuiaInterna_Nro_00033138.pdf,.pdf,1919,2025-11-10T02:16:22Z,1c7a47103c3fc2a4c47c27a443b5df11c34b1c88,,0,0,
WebGestor/Inventario/GuiaInterna/GuiaInterna_Nro_00033139.pdf,WebGestor/Inventario/GuiaInterna,GuiaInterna_Nro_00033139.pdf,.pdf,1937,2025-11-10T02:16:22Z,da243fa1daf92bbf385d83d1c2ef1422610cd679,,0,0,
WebGestor/Inventario/GuiaInterna/GuiaInterna_Nro_00033140.pdf,WebGestor/Inventario/GuiaInterna,GuiaInterna_Nro_00033140.pdf,.pdf,1893,2025-11-10T02:16:22Z,6582ffb03e99acb1446f95d039297f2cbd52b644,,0,0,
WebGestor/Inventario/GuiaInterna/GuiaInterna_Nro_00033141.pdf,WebGestor/Inventario/GuiaInterna,GuiaInterna_Nro_00033141.pdf,.pdf,1894,2025-11-10T02:16:22Z,28e74f4bf42b102df392b63d79cbff18debf2403,,0,0,
WebGestor/Inventario/GuiaInterna/GuiaInterna_Nro_00033142.pdf,WebGestor/Inventario/GuiaInterna,GuiaInterna_Nro_00033142.pdf,.pdf,1888,2025-11-10T02:16:22Z,256b5b87e06c23b13af8206ce8168855d248588b,,0,0,
WebGestor/Inventario/GuiaInterna/GuiaInterna_Nro_00033143.pdf,WebGestor/Inventario/GuiaInterna,GuiaInterna_Nro_00033143.pdf,.pdf,1937,2025-11-10T02:16:22Z,3dc91728de19dff23c969c6489db2c542350f6c3,,0,0,
WebGestor/Inventario/GuiaInterna/GuiaInterna_Nro_00033144.pdf,WebGestor/Inventario/GuiaInterna,GuiaInterna_Nro_00033144.pdf,.pdf,1905,2025-11-10T02:16:22Z,1ce79af390f9507b81b665343046c264c570c680,,0,0,
WebGestor/Inventario/GuiaInterna/GuiaInterna_Nro_00033145.pdf,WebGestor/Inventario/GuiaInterna,GuiaInterna_Nro_00033145.pdf,.pdf,1891,2025-11-10T02:16:22Z,45615a2ea4ec2a0d3a2dd0706dde25c355b46e8f,,0,0,
WebGestor/Inventario/GuiaInterna/GuiaInterna_Nro_00033146.pdf,WebGestor/Inventario/GuiaInterna,GuiaInterna_Nro_00033146.pdf,.pdf,1999,2025-11-10T02:16:22Z,221d17353dfa30ce5e974bd5bcbaabff8cacd037,,0,0,
WebGestor/Inventario/GuiaInterna/GuiaInterna_Nro_00033147.pdf,WebGestor/Inventario/GuiaInterna,GuiaInterna_Nro_00033147.pdf,.pdf,1910,2025-11-10T02:16:22Z,e74ef23fc760b4eddd5a3999c29d27220583d297,,0,0,
WebGestor/Inventario/GuiaInterna/GuiaInterna_Nro_00033148.pdf,WebGestor/Inventario/GuiaInterna,GuiaInterna_Nro_00033148.pdf,.pdf,1999,2025-11-10T02:16:22Z,de5fa04c0965b73c86a311a14f80ecb6e6311692,,0,0,
WebGestor/Inventario/GuiaInterna/GuiaInterna_Nro_00033149.pdf,WebGestor/Inventario/GuiaInterna,GuiaInterna_Nro_00033149.pdf,.pdf,1893,2025-11-10T02:16:22Z,b865145f815e6b36e7c285e2b401ab9a94d3107f,,0,0,
WebGestor/Inventario/GuiaInterna/GuiaInterna_Nro_00033154.pdf,WebGestor/Inventario/GuiaInterna,GuiaInterna_Nro_00033154.pdf,.pdf,1900,2025-11-10T02:16:22Z,0bb9fd363f9be6f95f864c872afd296782dd6a69,,0,0,
WebGestor/Inventario/GuiaInterna/GuiaInterna_Nro_00033155.pdf,WebGestor/Inventario/GuiaInterna,GuiaInterna_Nro_00033155.pdf,.pdf,1938,2025-11-10T02:16:22Z,a8f8c22fce1648b32a96e5ada01c16c8ae20d46c,,0,0,
WebGestor/Inventario/GuiaInterna/GuiaInterna_Nro_00033156.pdf,WebGestor/Inventario/GuiaInterna,GuiaInterna_Nro_00033156.pdf,.pdf,1942,2025-11-10T02:16:22Z,7d4d7f40cccdd4a7b9bfe140e3a5e84731cc2743,,0,0,
WebGestor/Inventario/GuiaInterna/GuiaInterna_Nro_00033157.pdf,WebGestor/Inventario/GuiaInterna,GuiaInterna_Nro_00033157.pdf,.pdf,2051,2025-11-10T02:16:22Z,a45b35976c977ac25ac30edef8fa8df17410da31,,0,0,
WebGestor/Inventario/GuiaInterna/GuiaInterna_Nro_00033158.pdf,WebGestor/Inventario/GuiaInterna,GuiaInterna_Nro_00033158.pdf,.pdf,2140,2025-11-10T02:16:22Z,bd2545ee8eb66ce2dd274071b5f0f8ebe1ace332,,0,0,
WebGestor/Inventario/GuiaInterna/GuiaInterna_Nro_00033159.pdf,WebGestor/Inventario/GuiaInterna,GuiaInterna_Nro_00033159.pdf,.pdf,1914,2025-11-10T02:16:22Z,fac33d223ea7e04d6289d5024ce4a6b4380b75b5,,0,0,
WebGestor/Inventario/GuiaInterna/GuiaInterna_Nro_00033166.pdf,WebGestor/Inventario/GuiaInterna,GuiaInterna_Nro_00033166.pdf,.pdf,3108,2025-11-10T02:16:22Z,6ee44855fbebe33c22037503b559f0d146dfb92f,,0,0,
WebGestor/Inventario/GuiaInterna/GuiaInterna_Nro_00033167.pdf,WebGestor/Inventario/GuiaInterna,GuiaInterna_Nro_00033167.pdf,.pdf,2381,2025-11-10T02:16:22Z,8dfd2de1fb8a20b1c9f11218fec3fa18122202b5,,0,0,
WebGestor/Inventario/GuiaInterna/GuiaInterna_Nro_00033168.pdf,WebGestor/Inventario/GuiaInterna,GuiaInterna_Nro_00033168.pdf,.pdf,1951,2025-11-10T02:16:22Z,60c189871f5f83a3ba1e8fd4353a62ba0d846cef,,0,0,
WebGestor/Inventario/GuiaInterna/GuiaInterna_Nro_00033169.pdf,WebGestor/Inventario/GuiaInterna,GuiaInterna_Nro_00033169.pdf,.pdf,1939,2025-11-10T02:16:22Z,efd37b6aba8fb3cd2a3979b0af3d04cf2b1b1c10,,0,0,
WebGestor/Inventario/GuiaInterna/GuiaInterna_Nro_00033170.pdf,WebGestor/Inventario/GuiaInterna,GuiaInterna_Nro_00033170.pdf,.pdf,1923,2025-11-10T02:16:22Z,2df5a037883842f7bd784332e9e63293d859a1c7,,0,0,
WebGestor/Inventario/GuiaInterna/GuiaInterna_Nro_00033171.pdf,WebGestor/Inventario/GuiaInterna,GuiaInterna_Nro_00033171.pdf,.pdf,1886,2025-11-10T02:16:22Z,2719d20c2be6158c829982ec3944fd71c276e554,,0,0,
WebGestor/Inventario/GuiaInterna/GuiaInterna_Nro_00033201.pdf,WebGestor/Inventario/GuiaInterna,GuiaInterna_Nro_00033201.pdf,.pdf,1923,2025-11-10T02:16:22Z,97ddc0a58a677c294ac096418d3898f560a2385a,,0,0,
WebGestor/Inventario/GuiaInterna/GuiaInterna_Nro_00033243.pdf,WebGestor/Inventario/GuiaInterna,GuiaInterna_Nro_00033243.pdf,.pdf,1891,2025-11-10T02:16:22Z,cd7640764fb1a70a834a87aceb76f75a35f7da16,,0,0,
WebGestor/Inventario/GuiaInterna/GuiaInterna_Nro_00033245.pdf,WebGestor/Inventario/GuiaInterna,GuiaInterna_Nro_00033245.pdf,.pdf,1898,2025-11-10T02:16:22Z,18116bdd77a07e590975214e17633e9c3371b38f,,0,0,
WebGestor/Inventario/GuiaInterna/GuiaInterna_Nro_00033246.pdf,WebGestor/Inventario/GuiaInterna,GuiaInterna_Nro_00033246.pdf,.pdf,1914,2025-11-10T02:16:22Z,6546a65e539d7a36bd33026959909a64173f01a3,,0,0,
WebGestor/Inventario/GuiaInterna/GuiaInterna_Nro_00033247.pdf,WebGestor/Inventario/GuiaInterna,GuiaInterna_Nro_00033247.pdf,.pdf,1927,2025-11-10T02:16:22Z,f9e0bd54771583941e07a7cf25933ef35893eecf,,0,0,
WebGestor/Inventario/GuiaInterna/GuiaInterna_Nro_00033248.pdf,WebGestor/Inventario/GuiaInterna,GuiaInterna_Nro_00033248.pdf,.pdf,1994,2025-11-10T02:16:22Z,5a28f632f0bc19db2ab7e0f22a94a97a0a6bf406,,0,0,
WebGestor/Inventario/GuiaInterna/GuiaInterna_Nro_00033249.pdf,WebGestor/Inventario/GuiaInterna,GuiaInterna_Nro_00033249.pdf,.pdf,1919,2025-11-10T02:16:22Z,ebbf06f9a2765372f3879b1ca996f5aad5fa33dd,,0,0,
WebGestor/Inventario/GuiaInterna/GuiaInterna_Nro_00033253.pdf,WebGestor/Inventario/GuiaInterna,GuiaInterna_Nro_00033253.pdf,.pdf,2067,2025-11-10T02:16:22Z,b9bfd7f417f82be39c871da7d9384995e02190e5,,0,0,
WebGestor/Inventario/GuiaInterna/GuiaInterna_Nro_00033254.pdf,WebGestor/Inventario/GuiaInterna,GuiaInterna_Nro_00033254.pdf,.pdf,1908,2025-11-10T02:16:22Z,a5f003fdf312634d53bfa77bc121b42c1671d301,,0,0,
WebGestor/Inventario/GuiaInterna/GuiaInterna_Nro_00033255.pdf,WebGestor/Inventario/GuiaInterna,GuiaInterna_Nro_00033255.pdf,.pdf,1910,2025-11-10T02:16:22Z,1de9ab7592d6dc8a040823d5c0d5d605d1de5865,,0,0,
WebGestor/Inventario/GuiaInterna/GuiaInterna_Nro_00033256.pdf,WebGestor/Inventario/GuiaInterna,GuiaInterna_Nro_00033256.pdf,.pdf,1960,2025-11-10T02:16:22Z,05c676a2c6652bd261991960c96cca0f63178e9c,,0,0,
WebGestor/Inventario/GuiaInterna/GuiaInterna_Nro_00033257.pdf,WebGestor/Inventario/GuiaInterna,GuiaInterna_Nro_00033257.pdf,.pdf,2123,2025-11-10T02:16:22Z,ecd55bc7be083f684128974873e46b37dd727973,,0,0,
WebGestor/Inventario/GuiaInterna/GuiaInterna_Nro_00033258.pdf,WebGestor/Inventario/GuiaInterna,GuiaInterna_Nro_00033258.pdf,.pdf,1974,2025-11-10T02:16:22Z,00cd1493fa75d59308e4ca9e3d066b3addfc3f84,,0,0,
WebGestor/Inventario/GuiaInterna/GuiaInterna_Nro_00033259.pdf,WebGestor/Inventario/GuiaInterna,GuiaInterna_Nro_00033259.pdf,.pdf,1948,2025-11-10T02:16:22Z,d26749e9eb275d81000f10c75246df1f944670d1,,0,0,
WebGestor/Inventario/GuiaInterna/GuiaInterna_Nro_00033260.pdf,WebGestor/Inventario/GuiaInterna,GuiaInterna_Nro_00033260.pdf,.pdf,1894,2025-11-10T02:16:22Z,514ae7a82ad234028eb808d104fc28acbb58a1f9,,0,0,
WebGestor/Inventario/GuiaInterna/GuiaInterna_Nro_00033263.pdf,WebGestor/Inventario/GuiaInterna,GuiaInterna_Nro_00033263.pdf,.pdf,1920,2025-11-10T02:16:22Z,6fbda05b731f4135d0ee4b50fdf77a278d7ae7ec,,0,0,
WebGestor/Inventario/GuiaInterna/GuiaInterna_Nro_00033271.pdf,WebGestor/Inventario/GuiaInterna,GuiaInterna_Nro_00033271.pdf,.pdf,1922,2025-11-10T02:16:22Z,e5cbad2977ace4d5644ca589537272aaea4fc278,,0,0,
WebGestor/Inventario/GuiaInterna/GuiaInterna_Nro_00033272.pdf,WebGestor/Inventario/GuiaInterna,GuiaInterna_Nro_00033272.pdf,.pdf,1915,2025-11-10T02:16:22Z,0dd74b98b3d9a883b95d2f0d6f28e480f1c87d29,,0,0,
WebGestor/Inventario/GuiaInterna/GuiaInterna_Nro_00033278.pdf,WebGestor/Inventario/GuiaInterna,GuiaInterna_Nro_00033278.pdf,.pdf,1919,2025-11-10T02:16:22Z,28275cb95b389ca14d83725d4bc250039d5a035b,,0,0,
WebGestor/Inventario/GuiaInterna/GuiaInterna_Nro_00033279.pdf,WebGestor/Inventario/GuiaInterna,GuiaInterna_Nro_00033279.pdf,.pdf,1936,2025-11-10T02:16:22Z,0cdce804f385c3cb25f6dd183b23990657b55b9b,,0,0,
WebGestor/Inventario/GuiaInterna/GuiaInterna_Nro_00033280.pdf,WebGestor/Inventario/GuiaInterna,GuiaInterna_Nro_00033280.pdf,.pdf,2004,2025-11-10T02:16:22Z,8514d0707a0fe351ee51448ad563d7d7394964d6,,0,0,
WebGestor/Inventario/GuiaInterna/GuiaInterna_Nro_00033281.pdf,WebGestor/Inventario/GuiaInterna,GuiaInterna_Nro_00033281.pdf,.pdf,1892,2025-11-10T02:16:22Z,75dfbb822643bf4f565fa040ea0d3ed62b03b672,,0,0,
WebGestor/Inventario/GuiaInterna/GuiaInterna_Nro_00033282.pdf,WebGestor/Inventario/GuiaInterna,GuiaInterna_Nro_00033282.pdf,.pdf,1930,2025-11-10T02:16:22Z,eb039bb597d2a013c951c9c4e25d22fb88076480,,0,0,
WebGestor/Inventario/GuiaInterna/GuiaInterna_Nro_00033284.pdf,WebGestor/Inventario/GuiaInterna,GuiaInterna_Nro_00033284.pdf,.pdf,1890,2025-11-10T02:16:22Z,4c947139ba870bedd4ce874e8515df170c553f51,,0,0,
WebGestor/Inventario/GuiaInterna/GuiaInterna_Nro_00033288.pdf,WebGestor/Inventario/GuiaInterna,GuiaInterna_Nro_00033288.pdf,.pdf,2045,2025-11-10T02:16:22Z,febd3c06562e953b4d7d4e1ec8b8313f66b99eb0,,0,0,
WebGestor/Inventario/GuiaInterna/GuiaInterna_Nro_00033294.pdf,WebGestor/Inventario/GuiaInterna,GuiaInterna_Nro_00033294.pdf,.pdf,1949,2025-11-10T02:16:22Z,413085724faf8697a89bbdd8bda247788574c575,,0,0,
WebGestor/Inventario/GuiaInterna/GuiaInterna_Nro_00033295.pdf,WebGestor/Inventario/GuiaInterna,GuiaInterna_Nro_00033295.pdf,.pdf,1952,2025-11-10T02:16:22Z,105eb81eba6ef6dc75f4199e8a67942f00b81cf2,,0,0,
WebGestor/Inventario/GuiaInterna/GuiaInterna_Nro_00033296.pdf,WebGestor/Inventario/GuiaInterna,GuiaInterna_Nro_00033296.pdf,.pdf,1940,2025-11-10T02:16:22Z,85a32195d441e7b4a4b49bf563fed71723fb356a,,0,0,
WebGestor/Inventario/GuiaInterna/GuiaInterna_Nro_00033297.pdf,WebGestor/Inventario/GuiaInterna,GuiaInterna_Nro_00033297.pdf,.pdf,1940,2025-11-10T02:16:22Z,ff6bb447e86459e29f7f2baecd88a87d4d3734ee,,0,0,
WebGestor/Inventario/GuiaInterna/GuiaInterna_Nro_00033322.pdf,WebGestor/Inventario/GuiaInterna,GuiaInterna_Nro_00033322.pdf,.pdf,1996,2025-11-10T02:16:22Z,65d6402d78275ba7cf0b592cc4e8ba2a4b5f234f,,0,0,
WebGestor/Inventario/GuiaInterna/GuiaInterna_Nro_00033324.pdf,WebGestor/Inventario/GuiaInterna,GuiaInterna_Nro_00033324.pdf,.pdf,1911,2025-11-10T02:16:22Z,ad740cc7071478a5287d95d2601c6e3506f946eb,,0,0,
WebGestor/Inventario/GuiaInterna/GuiaInterna_Nro_00033326.pdf,WebGestor/Inventario/GuiaInterna,GuiaInterna_Nro_00033326.pdf,.pdf,2119,2025-11-10T02:16:22Z,f2d1cf98ce2118cdc06182ae07d2bcbf2a9f15d1,,0,0,
WebGestor/Inventario/GuiaInterna/GuiaInterna_Nro_00033327.pdf,WebGestor/Inventario/GuiaInterna,GuiaInterna_Nro_00033327.pdf,.pdf,1905,2025-11-10T02:16:22Z,410b800acaf52d383d08a1991f7f1b138e5bb8ed,,0,0,
WebGestor/Inventario/GuiaInterna/GuiaInterna_Nro_00033328.pdf,WebGestor/Inventario/GuiaInterna,GuiaInterna_Nro_00033328.pdf,.pdf,1890,2025-11-10T02:16:22Z,648165c05f6cdbc2e08db6630a49a9c8e989631d,,0,0,
WebGestor/Inventario/GuiaInterna/GuiaInterna_Nro_00033329.pdf,WebGestor/Inventario/GuiaInterna,GuiaInterna_Nro_00033329.pdf,.pdf,1892,2025-11-10T02:16:22Z,db843bcd269f1d825106309514e15f175565b99f,,0,0,
WebGestor/Inventario/GuiaInterna/GuiaInterna_Nro_00033336.pdf,WebGestor/Inventario/GuiaInterna,GuiaInterna_Nro_00033336.pdf,.pdf,1944,2025-11-10T02:16:22Z,03555c3ad0cfc0d069c6b92a844e03fe8d3393d6,,0,0,
WebGestor/Inventario/GuiaInterna/GuiaInterna_Nro_00033337.pdf,WebGestor/Inventario/GuiaInterna,GuiaInterna_Nro_00033337.pdf,.pdf,1925,2025-11-10T02:16:22Z,83f42743c4448c23d1ac1969320836f91b18c2fc,,0,0,
WebGestor/Inventario/GuiaInterna/GuiaInterna_Nro_00033338.pdf,WebGestor/Inventario/GuiaInterna,GuiaInterna_Nro_00033338.pdf,.pdf,1893,2025-11-10T02:16:22Z,07d78e6cc672eae7dbe856ac4977056f715ad37d,,0,0,
WebGestor/Inventario/GuiaInterna/GuiaInterna_Nro_00033339.pdf,WebGestor/Inventario/GuiaInterna,GuiaInterna_Nro_00033339.pdf,.pdf,2029,2025-11-10T02:16:22Z,e4f82a400369644a1bf09dc979734d478bf3f7aa,,0,0,
WebGestor/Inventario/GuiaInterna/GuiaInterna_Nro_00033340.pdf,WebGestor/Inventario/GuiaInterna,GuiaInterna_Nro_00033340.pdf,.pdf,1955,2025-11-10T02:16:22Z,c0b56a0fadaf4dba3f520b451297df2614a81e7e,,0,0,
WebGestor/Inventario/GuiaInterna/GuiaInterna_Nro_00033341.pdf,WebGestor/Inventario/GuiaInterna,GuiaInterna_Nro_00033341.pdf,.pdf,1928,2025-11-10T02:16:22Z,8413741574fdf3187cf1949a40e363c86a9e1ccf,,0,0,
WebGestor/Inventario/GuiaInterna/GuiaInterna_Nro_00033342.pdf,WebGestor/Inventario/GuiaInterna,GuiaInterna_Nro_00033342.pdf,.pdf,1941,2025-11-10T02:16:22Z,41bf9799c117999434c8f0c04486256295af921c,,0,0,
WebGestor/Inventario/GuiaInterna/GuiaInterna_Nro_00033343.pdf,WebGestor/Inventario/GuiaInterna,GuiaInterna_Nro_00033343.pdf,.pdf,1886,2025-11-10T02:16:22Z,0b025345b545c84a9dfe0a907dfebb612ba0a9c6,,0,0,
WebGestor/Inventario/GuiaInterna/GuiaInterna_Nro_00033344.pdf,WebGestor/Inventario/GuiaInterna,GuiaInterna_Nro_00033344.pdf,.pdf,1955,2025-11-10T02:16:22Z,9b9ae59bfe30bac5abe327126f945c01bf833980,,0,0,
WebGestor/Inventario/GuiaInterna/GuiaInterna_Nro_00033345.pdf,WebGestor/Inventario/GuiaInterna,GuiaInterna_Nro_00033345.pdf,.pdf,1938,2025-11-10T02:16:22Z,b5fac3c52e533457e1631adeed370a76cf3b5d0e,,0,0,
WebGestor/Inventario/GuiaInterna/GuiaInterna_Nro_00033346.pdf,WebGestor/Inventario/GuiaInterna,GuiaInterna_Nro_00033346.pdf,.pdf,1886,2025-11-10T02:16:22Z,b124aab8c58550c24cfb2ee99abc7d1b95b917d6,,0,0,
WebGestor/Inventario/GuiaInterna/GuiaInterna_Nro_00033347.pdf,WebGestor/Inventario/GuiaInterna,GuiaInterna_Nro_00033347.pdf,.pdf,1891,2025-11-10T02:16:22Z,c973c7942ab35dce40dfe2ac7b1a98322a7d381d,,0,0,
WebGestor/Inventario/GuiaInterna/GuiaInterna_Nro_00033348.pdf,WebGestor/Inventario/GuiaInterna,GuiaInterna_Nro_00033348.pdf,.pdf,1921,2025-11-10T02:16:22Z,96f1aece8afbbfc5970fdbef9b5303195048b09c,,0,0,
WebGestor/Inventario/GuiaInterna/GuiaInterna_Nro_00033349.pdf,WebGestor/Inventario/GuiaInterna,GuiaInterna_Nro_00033349.pdf,.pdf,1887,2025-11-10T02:16:22Z,f0c76bc1c76cb0039643bf66810cb85a07d7bac4,,0,0,
WebGestor/Inventario/GuiaInterna/GuiaInterna_Nro_00033350.pdf,WebGestor/Inventario/GuiaInterna,GuiaInterna_Nro_00033350.pdf,.pdf,2001,2025-11-10T02:16:22Z,1bb8d1cefc3ac77403824f9f8608f40a67335c9a,,0,0,
WebGestor/Inventario/GuiaInterna/GuiaInterna_Nro_00033351.pdf,WebGestor/Inventario/GuiaInterna,GuiaInterna_Nro_00033351.pdf,.pdf,1882,2025-11-10T02:16:22Z,1d2b4e6a25b46e4073f7836b8c677da8ba5d5154,,0,0,
WebGestor/Inventario/GuiaInterna/GuiaInterna_Nro_00033352.pdf,WebGestor/Inventario/GuiaInterna,GuiaInterna_Nro_00033352.pdf,.pdf,2045,2025-11-10T02:16:22Z,7c6f2e73f4deaae555dd40fe1fe873790648046a,,0,0,
WebGestor/Inventario/GuiaInterna/GuiaInterna_Nro_00033353.pdf,WebGestor/Inventario/GuiaInterna,GuiaInterna_Nro_00033353.pdf,.pdf,1971,2025-11-10T02:16:22Z,59ec032a0eae40585a7ab94c5b455ba87abb2e28,,0,0,
WebGestor/Inventario/GuiaInterna/GuiaInterna_Nro_00033354.pdf,WebGestor/Inventario/GuiaInterna,GuiaInterna_Nro_00033354.pdf,.pdf,1943,2025-11-10T02:16:22Z,e804f20a03cc8464e423cb18fb89d40c91c3898f,,0,0,
WebGestor/Inventario/GuiaInterna/GuiaInterna_Nro_00033355.pdf,WebGestor/Inventario/GuiaInterna,GuiaInterna_Nro_00033355.pdf,.pdf,1935,2025-11-10T02:16:22Z,7727f21e28c34f524bf578ea079cc0413c005e63,,0,0,
WebGestor/Inventario/GuiaInterna/GuiaInterna_Nro_00033359.pdf,WebGestor/Inventario/GuiaInterna,GuiaInterna_Nro_00033359.pdf,.pdf,1908,2025-11-10T02:16:22Z,2a578a8d9f20b7c6fc899c3a30789c4bc1428a97,,0,0,
WebGestor/Inventario/GuiaInterna/GuiaInterna_Nro_00033360.pdf,WebGestor/Inventario/GuiaInterna,GuiaInterna_Nro_00033360.pdf,.pdf,1896,2025-11-10T02:16:22Z,9ce5d960b32705f25f006b5131ffd6c8ac0fafe1,,0,0,
WebGestor/Inventario/GuiaInterna/GuiaInterna_Nro_00033361.pdf,WebGestor/Inventario/GuiaInterna,GuiaInterna_Nro_00033361.pdf,.pdf,1887,2025-11-10T02:16:22Z,5626973579bfd278adc0bf97cd8352782613f4fb,,0,0,
WebGestor/Inventario/GuiaInterna/GuiaInterna_Nro_00033362.pdf,WebGestor/Inventario/GuiaInterna,GuiaInterna_Nro_00033362.pdf,.pdf,1888,2025-11-10T02:16:22Z,2e18b1bd52dbf00f3ddc312605f6d3422c5dac65,,0,0,
WebGestor/Inventario/GuiaInterna/GuiaInterna_Nro_00033365.pdf,WebGestor/Inventario/GuiaInterna,GuiaInterna_Nro_00033365.pdf,.pdf,1893,2025-11-10T02:16:22Z,2aa61d9a5420b7cd6011ebbb5159c18b0166be1f,,0,0,
WebGestor/Inventario/GuiaInterna/GuiaInterna_Nro_00033366.pdf,WebGestor/Inventario/GuiaInterna,GuiaInterna_Nro_00033366.pdf,.pdf,1892,2025-11-10T02:16:22Z,c06237eab1c26d6b5b51fa1d1378f9ec8044bd07,,0,0,
WebGestor/Inventario/GuiaInterna/GuiaInterna_Nro_00033367.pdf,WebGestor/Inventario/GuiaInterna,GuiaInterna_Nro_00033367.pdf,.pdf,1940,2025-11-10T02:16:22Z,fafd9b4ea5cfb971c9ce5bd04c508fc1571792bf,,0,0,
WebGestor/Inventario/GuiaInterna/GuiaInterna_Nro_00033368.pdf,WebGestor/Inventario/GuiaInterna,GuiaInterna_Nro_00033368.pdf,.pdf,1980,2025-11-10T02:16:22Z,72be9f30d9acb66737b3f016edbfc390320458ba,,0,0,
WebGestor/Inventario/GuiaInterna/GuiaInterna_Nro_00033369.pdf,WebGestor/Inventario/GuiaInterna,GuiaInterna_Nro_00033369.pdf,.pdf,1971,2025-11-10T02:16:22Z,77749659de180a9983a24901b16ba005ca6d368c,,0,0,
WebGestor/Inventario/GuiaInterna/GuiaInterna_Nro_00033370.pdf,WebGestor/Inventario/GuiaInterna,GuiaInterna_Nro_00033370.pdf,.pdf,1913,2025-11-10T02:16:22Z,2e82a42940712d8dc9c3ba08d17f0b0867282e28,,0,0,
WebGestor/Inventario/GuiaInterna/GuiaInterna_Nro_00033372.pdf,WebGestor/Inventario/GuiaInterna,GuiaInterna_Nro_00033372.pdf,.pdf,1919,2025-11-10T02:16:22Z,d7ffb5fa4c99aca3583ab2120bbe2514c1a1c0a4,,0,0,
WebGestor/Inventario/GuiaInterna/GuiaInterna_Nro_00033373.pdf,WebGestor/Inventario/GuiaInterna,GuiaInterna_Nro_00033373.pdf,.pdf,1897,2025-11-10T02:16:22Z,f2717f371f3dcacbb9d7d6fb8938e888c92e1a22,,0,0,
WebGestor/Inventario/GuiaInterna/GuiaInterna_Nro_00033374.pdf,WebGestor/Inventario/GuiaInterna,GuiaInterna_Nro_00033374.pdf,.pdf,1911,2025-11-10T02:16:22Z,fe16ffb51792c9ddb4b869c29f8d6c3d8aabc41d,,0,0,
WebGestor/Inventario/GuiaInterna/GuiaInterna_Nro_00033375.pdf,WebGestor/Inventario/GuiaInterna,GuiaInterna_Nro_00033375.pdf,.pdf,1898,2025-11-10T02:16:22Z,685e27a0618558604a9869aa20afd57dc0221a15,,0,0,
WebGestor/Inventario/GuiaInterna/GuiaInterna_Nro_00033376.pdf,WebGestor/Inventario/GuiaInterna,GuiaInterna_Nro_00033376.pdf,.pdf,1901,2025-11-10T02:16:22Z,bcd70ca6cf5ddec30d79eff49fa3b018b5134373,,0,0,
WebGestor/Inventario/GuiaInterna/GuiaInterna_Nro_00033377.pdf,WebGestor/Inventario/GuiaInterna,GuiaInterna_Nro_00033377.pdf,.pdf,1901,2025-11-10T02:16:22Z,40379512bd149459c33f4ed91b4a7baa7b230c6d,,0,0,
WebGestor/Inventario/GuiaInterna/GuiaInterna_Nro_00033378.pdf,WebGestor/Inventario/GuiaInterna,GuiaInterna_Nro_00033378.pdf,.pdf,1892,2025-11-10T02:16:22Z,547d10b9158eae51ce2315622627f3cffa16b46c,,0,0,
WebGestor/Inventario/GuiaInterna/GuiaInterna_Nro_00033379.pdf,WebGestor/Inventario/GuiaInterna,GuiaInterna_Nro_00033379.pdf,.pdf,1895,2025-11-10T02:16:22Z,f749c22e6d59e65534291d650c1f7d1bdd49d83e,,0,0,
WebGestor/Inventario/GuiaInterna/GuiaInterna_Nro_00033380.pdf,WebGestor/Inventario/GuiaInterna,GuiaInterna_Nro_00033380.pdf,.pdf,1895,2025-11-10T02:16:22Z,e36a54e7d59febbffd306c7fc5ed463297894e2f,,0,0,
WebGestor/Inventario/GuiaInterna/GuiaInterna_Nro_00033381.pdf,WebGestor/Inventario/GuiaInterna,GuiaInterna_Nro_00033381.pdf,.pdf,1928,2025-11-10T02:16:22Z,1bfda3696c442c1f910e49f334e68db92086006b,,0,0,
WebGestor/Inventario/GuiaInterna/GuiaInterna_Nro_00033382.pdf,WebGestor/Inventario/GuiaInterna,GuiaInterna_Nro_00033382.pdf,.pdf,1896,2025-11-10T02:16:22Z,5604a2b830514256258a5cbe7c0bda9e81955f28,,0,0,
WebGestor/Inventario/GuiaInterna/GuiaInterna_Nro_00033383.pdf,WebGestor/Inventario/GuiaInterna,GuiaInterna_Nro_00033383.pdf,.pdf,1904,2025-11-10T02:16:22Z,c59de2bf12b528582c673a11cae6a4436e5514ca,,0,0,
WebGestor/Inventario/GuiaInterna/GuiaInterna_Nro_00033385.pdf,WebGestor/Inventario/GuiaInterna,GuiaInterna_Nro_00033385.pdf,.pdf,1978,2025-11-10T02:16:22Z,069f9f96f0af7355015b172467ef979da13bc1a0,,0,0,
WebGestor/Inventario/GuiaInterna/GuiaInterna_Nro_00033386.pdf,WebGestor/Inventario/GuiaInterna,GuiaInterna_Nro_00033386.pdf,.pdf,2047,2025-11-10T02:16:22Z,9180ef1e752040f73adcda16cc28f07ef50d764b,,0,0,
WebGestor/Inventario/GuiaInterna/GuiaInterna_Nro_00033387.pdf,WebGestor/Inventario/GuiaInterna,GuiaInterna_Nro_00033387.pdf,.pdf,1916,2025-11-10T02:16:22Z,6c0262371f9cff43375f5a3e6722aeb93aedb64c,,0,0,
WebGestor/Inventario/GuiaInterna/GuiaInterna_Nro_00033388.pdf,WebGestor/Inventario/GuiaInterna,GuiaInterna_Nro_00033388.pdf,.pdf,1970,2025-11-10T02:16:22Z,bc38c8b3673a88246e32d5d164ebc2b2585d9588,,0,0,
WebGestor/Inventario/GuiaInterna/GuiaInterna_Nro_00033389.pdf,WebGestor/Inventario/GuiaInterna,GuiaInterna_Nro_00033389.pdf,.pdf,1908,2025-11-10T02:16:22Z,c98b11477ffe1ebfedb27e41e3955afd7bdcec1a,,0,0,
WebGestor/Inventario/GuiaInterna/GuiaInterna_Nro_00033390.pdf,WebGestor/Inventario/GuiaInterna,GuiaInterna_Nro_00033390.pdf,.pdf,1920,2025-11-10T02:16:22Z,822a99cf40a0b82d1f6bf7d7cc7a023b62a2fafe,,0,0,
WebGestor/Inventario/GuiaInterna/GuiaInterna_Nro_00033391.pdf,WebGestor/Inventario/GuiaInterna,GuiaInterna_Nro_00033391.pdf,.pdf,1956,2025-11-10T02:16:22Z,5424fa18664f4a2205b0af47dd7cb4166175d59a,,0,0,
WebGestor/Inventario/GuiaInterna/GuiaInterna_Nro_00033392.pdf,WebGestor/Inventario/GuiaInterna,GuiaInterna_Nro_00033392.pdf,.pdf,1901,2025-11-10T02:16:22Z,0cca1329345e35a899f1165285fe775857e1eed2,,0,0,
WebGestor/Inventario/GuiaInterna/GuiaInterna_Nro_00033393.pdf,WebGestor/Inventario/GuiaInterna,GuiaInterna_Nro_00033393.pdf,.pdf,1912,2025-11-10T02:16:22Z,1bdb300734df15dae6db3d8d6d3852a78f5430d8,,0,0,
WebGestor/Inventario/GuiaInterna/GuiaInterna_Nro_00033394.pdf,WebGestor/Inventario/GuiaInterna,GuiaInterna_Nro_00033394.pdf,.pdf,1898,2025-11-10T02:16:22Z,6e6a8d8ac2ca2be3de6cefb0c5a9f77f638e1af4,,0,0,
WebGestor/Inventario/GuiaInterna/GuiaInterna_Nro_00033395.pdf,WebGestor/Inventario/GuiaInterna,GuiaInterna_Nro_00033395.pdf,.pdf,1928,2025-11-10T02:16:22Z,df22fd99999113d184864e6f4a3d47dbb7d9895d,,0,0,
WebGestor/Inventario/GuiaInterna/GuiaInterna_Nro_00033396.pdf,WebGestor/Inventario/GuiaInterna,GuiaInterna_Nro_00033396.pdf,.pdf,1923,2025-11-10T02:16:22Z,c49327c595105cb597fea26b6771dfc985118731,,0,0,
WebGestor/Inventario/GuiaInterna/GuiaInterna_Nro_00033397.pdf,WebGestor/Inventario/GuiaInterna,GuiaInterna_Nro_00033397.pdf,.pdf,1930,2025-11-10T02:16:22Z,ef0b04a2914fa8e4cb5aa6e21c7d4fe64e47cdf6,,0,0,
WebGestor/Inventario/GuiaInterna/GuiaInterna_Nro_00033398.pdf,WebGestor/Inventario/GuiaInterna,GuiaInterna_Nro_00033398.pdf,.pdf,2090,2025-11-10T02:16:22Z,e8b97dd7adb48dfe323ee37ee9bbd073097b7523,,0,0,
WebGestor/Inventario/GuiaInterna/GuiaInterna_Nro_00033399.pdf,WebGestor/Inventario/GuiaInterna,GuiaInterna_Nro_00033399.pdf,.pdf,2066,2025-11-10T02:16:22Z,42031360f47ada67c3309a43473617ec3e9ab9ce,,0,0,
WebGestor/Inventario/GuiaInterna/GuiaInterna_Nro_00033400.pdf,WebGestor/Inventario/GuiaInterna,GuiaInterna_Nro_00033400.pdf,.pdf,2068,2025-11-10T02:16:22Z,728d7ee95f1ca3d578828a3917f2439f2f5501c3,,0,0,
WebGestor/Inventario/GuiaInterna/GuiaInterna_Nro_00033401.pdf,WebGestor/Inventario/GuiaInterna,GuiaInterna_Nro_00033401.pdf,.pdf,1916,2025-11-10T02:16:22Z,3ee382a48f4dcb87a4aadeb4ca871c39510c9327,,0,0,
WebGestor/Inventario/GuiaInterna/GuiaInterna_Nro_00033402.pdf,WebGestor/Inventario/GuiaInterna,GuiaInterna_Nro_00033402.pdf,.pdf,1963,2025-11-10T02:16:22Z,ab7fd67ba469a2d0dd7f9e99aff164a1c73f29da,,0,0,
WebGestor/Inventario/GuiaInterna/GuiaInterna_Nro_00033403.pdf,WebGestor/Inventario/GuiaInterna,GuiaInterna_Nro_00033403.pdf,.pdf,1992,2025-11-10T02:16:22Z,ef304a4611c57171ce0709b4295c42cbd251a5d7,,0,0,
WebGestor/Inventario/GuiaInterna/GuiaInterna_Nro_00033404.pdf,WebGestor/Inventario/GuiaInterna,GuiaInterna_Nro_00033404.pdf,.pdf,2020,2025-11-10T02:16:22Z,8f9d911e1f1a2a4717a95d46802dd403cb4e0868,,0,0,
WebGestor/Inventario/GuiaInterna/GuiaInterna_Nro_00033405.pdf,WebGestor/Inventario/GuiaInterna,GuiaInterna_Nro_00033405.pdf,.pdf,1971,2025-11-10T02:16:22Z,21b07479dd3f74bb9df274bb80ea917936aeb5c9,,0,0,
WebGestor/Inventario/GuiaInterna/GuiaInterna_Nro_00033407.pdf,WebGestor/Inventario/GuiaInterna,GuiaInterna_Nro_00033407.pdf,.pdf,1974,2025-11-10T02:16:22Z,17a8a50abd060a77eae384425bc70b8b3edd4259,,0,0,
WebGestor/Inventario/GuiaInterna/GuiaInterna_Nro_00033408.pdf,WebGestor/Inventario/GuiaInterna,GuiaInterna_Nro_00033408.pdf,.pdf,1995,2025-11-10T02:16:22Z,e830c6d481cc68e6d8b731f0e8eb3947dc8c89e3,,0,0,
WebGestor/Inventario/GuiaInterna/GuiaInterna_Nro_00033409.pdf,WebGestor/Inventario/GuiaInterna,GuiaInterna_Nro_00033409.pdf,.pdf,1927,2025-11-10T02:16:22Z,69c1742290640438779afda26b427b420a3ed223,,0,0,
WebGestor/Inventario/GuiaInterna/GuiaInterna_Nro_00033410.pdf,WebGestor/Inventario/GuiaInterna,GuiaInterna_Nro_00033410.pdf,.pdf,1981,2025-11-10T02:16:22Z,997af095005119873bb13e326d8b4d9bfa774e7d,,0,0,
WebGestor/Inventario/GuiaInterna/GuiaInterna_Nro_00033426.pdf,WebGestor/Inventario/GuiaInterna,GuiaInterna_Nro_00033426.pdf,.pdf,1962,2025-11-10T02:16:22Z,9c4c6e400392968bedb56355022bc559693db7fc,,0,0,
WebGestor/Inventario/GuiaInterna/GuiaInterna_Nro_00033427.pdf,WebGestor/Inventario/GuiaInterna,GuiaInterna_Nro_00033427.pdf,.pdf,1962,2025-11-10T02:16:22Z,55122aca3ce841fb1cd90369a10c2e822967106a,,0,0,
WebGestor/Inventario/GuiaInterna/GuiaInterna_Nro_00033428.pdf,WebGestor/Inventario/GuiaInterna,GuiaInterna_Nro_00033428.pdf,.pdf,1975,2025-11-10T02:16:22Z,9d9a128141c34fcc2f3c0a82528fd19c1dd93742,,0,0,
WebGestor/Inventario/GuiaInterna/GuiaInterna_Nro_00033429.pdf,WebGestor/Inventario/GuiaInterna,GuiaInterna_Nro_00033429.pdf,.pdf,1958,2025-11-10T02:16:22Z,b291976fd924847ad4bc699106241b688929812c,,0,0,
WebGestor/Inventario/GuiaInterna/GuiaInterna_Nro_00033430.pdf,WebGestor/Inventario/GuiaInterna,GuiaInterna_Nro_00033430.pdf,.pdf,1986,2025-11-10T02:16:22Z,06f654ccb47e48cea9e82094ebd4dde2adf09be5,,0,0,
WebGestor/Inventario/GuiaInterna/GuiaInterna_Nro_00033431.pdf,WebGestor/Inventario/GuiaInterna,GuiaInterna_Nro_00033431.pdf,.pdf,1965,2025-11-10T02:16:22Z,4c8daddf57559757470bfa9d18f8337f6bf6ee81,,0,0,
WebGestor/Inventario/GuiaInterna/GuiaInterna_Nro_00033432.pdf,WebGestor/Inventario/GuiaInterna,GuiaInterna_Nro_00033432.pdf,.pdf,1991,2025-11-10T02:16:22Z,a24d2928abbad7881491caee25f825bdb621fb2f,,0,0,
WebGestor/Inventario/GuiaInterna/GuiaInterna_Nro_00033433.pdf,WebGestor/Inventario/GuiaInterna,GuiaInterna_Nro_00033433.pdf,.pdf,2012,2025-11-10T02:16:22Z,383a12633f79625f880837fcff6aaee3c7ac1e8b,,0,0,
WebGestor/Inventario/GuiaInterna/GuiaInterna_Nro_00033434.pdf,WebGestor/Inventario/GuiaInterna,GuiaInterna_Nro_00033434.pdf,.pdf,1993,2025-11-10T02:16:22Z,ee16c69c45d71ed23c625294e45222d74be02e2a,,0,0,
WebGestor/Inventario/GuiaInterna/GuiaInterna_Nro_00033435.pdf,WebGestor/Inventario/GuiaInterna,GuiaInterna_Nro_00033435.pdf,.pdf,1959,2025-11-10T02:16:22Z,2d7aff3c2a7a51674780d8b10ed306dac75a5e0b,,0,0,
WebGestor/Inventario/GuiaInterna/GuiaInterna_Nro_00033436.pdf,WebGestor/Inventario/GuiaInterna,GuiaInterna_Nro_00033436.pdf,.pdf,1939,2025-11-10T02:16:22Z,fd8bead8d90eef8658ce8cc1877d02767366afa1,,0,0,
WebGestor/Inventario/GuiaInterna/GuiaInterna_Nro_00033437.pdf,WebGestor/Inventario/GuiaInterna,GuiaInterna_Nro_00033437.pdf,.pdf,1954,2025-11-10T02:16:22Z,b324b1bc2b1ab7f34255561c8be88ab1be662650,,0,0,
WebGestor/Inventario/GuiaInterna/GuiaInterna_Nro_00033438.pdf,WebGestor/Inventario/GuiaInterna,GuiaInterna_Nro_00033438.pdf,.pdf,2045,2025-11-10T02:16:22Z,59d6c4f0874b31019e9aec32720f4ee14f4172f6,,0,0,
WebGestor/Inventario/GuiaInterna/GuiaInterna_Nro_00033439.pdf,WebGestor/Inventario/GuiaInterna,GuiaInterna_Nro_00033439.pdf,.pdf,2038,2025-11-10T02:16:22Z,bc19ff5b1910590a7fd4003fee20296e6bd06216,,0,0,
WebGestor/Inventario/GuiaInterna/GuiaInterna_Nro_00033441.pdf,WebGestor/Inventario/GuiaInterna,GuiaInterna_Nro_00033441.pdf,.pdf,1900,2025-11-10T02:16:22Z,3b6c66ae767f5299ab32843cf56a3c7994cbe27f,,0,0,
WebGestor/Inventario/GuiaInterna/GuiaInterna_Nro_00033442.pdf,WebGestor/Inventario/GuiaInterna,GuiaInterna_Nro_00033442.pdf,.pdf,1944,2025-11-10T02:16:22Z,db98ec12014bbabc28ff4b6f5ce2efcb098b447a,,0,0,
WebGestor/Inventario/GuiaInterna/GuiaInterna_Nro_00033443.pdf,WebGestor/Inventario/GuiaInterna,GuiaInterna_Nro_00033443.pdf,.pdf,1984,2025-11-10T02:16:22Z,9174f0b49d516a749510b158f54eafb328df5812,,0,0,
WebGestor/Inventario/GuiaInterna/GuiaInterna_Nro_00033444.pdf,WebGestor/Inventario/GuiaInterna,GuiaInterna_Nro_00033444.pdf,.pdf,2030,2025-11-10T02:16:22Z,d9919d87f8af4d025a422457b76bbb66aa080692,,0,0,
WebGestor/Inventario/GuiaInterna/GuiaInterna_Nro_00033445.pdf,WebGestor/Inventario/GuiaInterna,GuiaInterna_Nro_00033445.pdf,.pdf,1996,2025-11-10T02:16:22Z,127d3b8282b44db3a795316d686b162047c82029,,0,0,
WebGestor/Inventario/GuiaInterna/GuiaInterna_Nro_00033446.pdf,WebGestor/Inventario/GuiaInterna,GuiaInterna_Nro_00033446.pdf,.pdf,2013,2025-11-10T02:16:22Z,b824cfa785dfb4529de9878ab8c394c4f585c7f3,,0,0,
WebGestor/Inventario/GuiaInterna/GuiaInterna_Nro_00033447.pdf,WebGestor/Inventario/GuiaInterna,GuiaInterna_Nro_00033447.pdf,.pdf,1911,2025-11-10T02:16:22Z,171b40daba97d22d35f08a65c100fd92281e5072,,0,0,
WebGestor/Inventario/GuiaInterna/GuiaInterna_Nro_00033449.pdf,WebGestor/Inventario/GuiaInterna,GuiaInterna_Nro_00033449.pdf,.pdf,2293,2025-11-10T02:16:22Z,631b2afec8eadd833a1aab8c8fd3480d5c13b54b,,0,0,
WebGestor/Inventario/GuiaInterna/GuiaInterna_Nro_00033450.pdf,WebGestor/Inventario/GuiaInterna,GuiaInterna_Nro_00033450.pdf,.pdf,1896,2025-11-10T02:16:22Z,aaa7a05343542c6778bea7a5cf5f70c056f803a0,,0,0,
WebGestor/Inventario/GuiaInterna/GuiaInterna_Nro_00033451.pdf,WebGestor/Inventario/GuiaInterna,GuiaInterna_Nro_00033451.pdf,.pdf,2013,2025-11-10T02:16:22Z,ff1303d3fff675e375301ba93aed165b5446864e,,0,0,
WebGestor/Inventario/GuiaInterna/GuiaInterna_Nro_00033453.pdf,WebGestor/Inventario/GuiaInterna,GuiaInterna_Nro_00033453.pdf,.pdf,1924,2025-11-10T02:16:22Z,b6edd19e304f1f7fcfa99ac32b2d7854323854e9,,0,0,
WebGestor/Inventario/GuiaInterna/GuiaInterna_Nro_00033455.pdf,WebGestor/Inventario/GuiaInterna,GuiaInterna_Nro_00033455.pdf,.pdf,1924,2025-11-10T02:16:22Z,56fcb8edeb6be85751e53ca670b683dddf007b2c,,0,0,
WebGestor/Inventario/GuiaInterna/GuiaInterna_Nro_00033456.pdf,WebGestor/Inventario/GuiaInterna,GuiaInterna_Nro_00033456.pdf,.pdf,1991,2025-11-10T02:16:22Z,c27e67de867d4cb51c8e84eb337c8cdfdd0f375b,,0,0,
WebGestor/Inventario/GuiaInterna/GuiaInterna_Nro_00033457.pdf,WebGestor/Inventario/GuiaInterna,GuiaInterna_Nro_00033457.pdf,.pdf,1993,2025-11-10T02:16:22Z,af7641be7dd84be6a7f5f5b6e758c68e8d2d5e8e,,0,0,
WebGestor/Inventario/GuiaInterna/GuiaInterna_Nro_00033458.pdf,WebGestor/Inventario/GuiaInterna,GuiaInterna_Nro_00033458.pdf,.pdf,1987,2025-11-10T02:16:22Z,f74612fd7e7026c60af44ea0eb49a2b97c9f3588,,0,0,
WebGestor/Inventario/GuiaInterna/GuiaInterna_Nro_00033459.pdf,WebGestor/Inventario/GuiaInterna,GuiaInterna_Nro_00033459.pdf,.pdf,1989,2025-11-10T02:16:22Z,e6fb0e131c9beb9acf4671dede8939c25aade5bb,,0,0,
WebGestor/Inventario/GuiaInterna/GuiaInterna_Nro_00033460.pdf,WebGestor/Inventario/GuiaInterna,GuiaInterna_Nro_00033460.pdf,.pdf,1988,2025-11-10T02:16:22Z,03051bb538eb068eecd41fa592b70b828bee5b43,,0,0,
WebGestor/Inventario/GuiaInterna/GuiaInterna_Nro_00033461.pdf,WebGestor/Inventario/GuiaInterna,GuiaInterna_Nro_00033461.pdf,.pdf,1989,2025-11-10T02:16:22Z,5fb156f2a9145b1066c67ad94852a8fa1d162230,,0,0,
WebGestor/Inventario/GuiaInterna/GuiaInterna_Nro_00033466.pdf,WebGestor/Inventario/GuiaInterna,GuiaInterna_Nro_00033466.pdf,.pdf,2045,2025-11-10T02:16:22Z,0174b285b942ba49d52dafb59d38723ff65b9720,,0,0,
WebGestor/Inventario/GuiaInterna/GuiaInterna_Nro_00033467.pdf,WebGestor/Inventario/GuiaInterna,GuiaInterna_Nro_00033467.pdf,.pdf,1941,2025-11-10T02:16:22Z,81b2baf884c18a6900b5d4a35ac107d61c5febf5,,0,0,
WebGestor/Inventario/GuiaInterna/GuiaInterna_Nro_00033469.pdf,WebGestor/Inventario/GuiaInterna,GuiaInterna_Nro_00033469.pdf,.pdf,1904,2025-11-10T02:16:22Z,98069769a31426cc8093722b5bca38b7e3e38611,,0,0,
WebGestor/Inventario/GuiaInterna/GuiaInterna_Nro_00033487.pdf,WebGestor/Inventario/GuiaInterna,GuiaInterna_Nro_00033487.pdf,.pdf,1934,2025-11-10T02:16:22Z,22eef81ba464042de11279aad77e73701fc1d903,,0,0,
WebGestor/Inventario/GuiaInterna/GuiaInterna_Nro_00033488.pdf,WebGestor/Inventario/GuiaInterna,GuiaInterna_Nro_00033488.pdf,.pdf,1902,2025-11-10T02:16:22Z,ded4a0908ea62e8690c26d2be4bda02a1aea3f90,,0,0,
WebGestor/Inventario/GuiaInterna/GuiaInterna_Nro_00033489.pdf,WebGestor/Inventario/GuiaInterna,GuiaInterna_Nro_00033489.pdf,.pdf,1902,2025-11-10T02:16:22Z,4ad005d7ff1af99be86296789d85f88b9db53873,,0,0,
WebGestor/Inventario/GuiaInterna/GuiaInterna_Nro_00033490.pdf,WebGestor/Inventario/GuiaInterna,GuiaInterna_Nro_00033490.pdf,.pdf,1897,2025-11-10T02:16:22Z,61af5015dc0614e69bf9579ecec7bef2abb4a415,,0,0,
WebGestor/Inventario/GuiaInterna/GuiaInterna_Nro_00033491.pdf,WebGestor/Inventario/GuiaInterna,GuiaInterna_Nro_00033491.pdf,.pdf,1888,2025-11-10T02:16:22Z,14f8a9e099306110388d45342340de6dfea1e33f,,0,0,
WebGestor/Inventario/GuiaInterna/GuiaInterna_Nro_00033492.pdf,WebGestor/Inventario/GuiaInterna,GuiaInterna_Nro_00033492.pdf,.pdf,1907,2025-11-10T02:16:22Z,1529b6daea8d15a93be95ef86cf733d341e6449c,,0,0,
WebGestor/Inventario/GuiaInterna/GuiaInterna_Nro_00033493.pdf,WebGestor/Inventario/GuiaInterna,GuiaInterna_Nro_00033493.pdf,.pdf,1886,2025-11-10T02:16:22Z,1b73115e9ee97994ca692b605ee8cbd4e7b46d94,,0,0,
WebGestor/Inventario/GuiaInterna/GuiaInterna_Nro_00033494.pdf,WebGestor/Inventario/GuiaInterna,GuiaInterna_Nro_00033494.pdf,.pdf,1889,2025-11-10T02:16:22Z,3359516c9f6dd6c676fc10edcc79ecabc04f4d7b,,0,0,
WebGestor/Inventario/GuiaInterna/GuiaInterna_Nro_00033495.pdf,WebGestor/Inventario/GuiaInterna,GuiaInterna_Nro_00033495.pdf,.pdf,1908,2025-11-10T02:16:22Z,c797d7939ac617799e91f95cc18a3faf025c334d,,0,0,
WebGestor/Inventario/GuiaInterna/GuiaInterna_Nro_00033496.pdf,WebGestor/Inventario/GuiaInterna,GuiaInterna_Nro_00033496.pdf,.pdf,1911,2025-11-10T02:16:22Z,792b6c922fc4999c6b5d73a7fb2730a0da915d98,,0,0,
WebGestor/Inventario/GuiaInterna/GuiaInterna_Nro_00033497.pdf,WebGestor/Inventario/GuiaInterna,GuiaInterna_Nro_00033497.pdf,.pdf,1905,2025-11-10T02:16:22Z,7f87622b2d1e478c3ea9b91c6012af894dc4cf48,,0,0,
WebGestor/Inventario/GuiaInterna/GuiaInterna_Nro_00033498.pdf,WebGestor/Inventario/GuiaInterna,GuiaInterna_Nro_00033498.pdf,.pdf,1912,2025-11-10T02:16:22Z,f1c2ae8c0fb11b1eb0a116acf5738f65f28fb29a,,0,0,
WebGestor/Inventario/GuiaInterna/GuiaInterna_Nro_00033499.pdf,WebGestor/Inventario/GuiaInterna,GuiaInterna_Nro_00033499.pdf,.pdf,2031,2025-11-10T02:16:22Z,b1756651cdca5b31b3b094cd1dc4aef8166e36a3,,0,0,
WebGestor/Inventario/GuiaInterna/GuiaInterna_Nro_00033500.pdf,WebGestor/Inventario/GuiaInterna,GuiaInterna_Nro_00033500.pdf,.pdf,1927,2025-11-10T02:16:22Z,04156afb37c5fd19ea145878525d40c8cb01aa8c,,0,0,
WebGestor/Inventario/GuiaInterna/GuiaInterna_Nro_00033501.pdf,WebGestor/Inventario/GuiaInterna,GuiaInterna_Nro_00033501.pdf,.pdf,1910,2025-11-10T02:16:22Z,f514c0cd119de88e4867acb799d7ff5ac3ab8142,,0,0,
WebGestor/Inventario/GuiaInterna/GuiaInterna_Nro_00033502.pdf,WebGestor/Inventario/GuiaInterna,GuiaInterna_Nro_00033502.pdf,.pdf,1925,2025-11-10T02:16:22Z,68fa4c3730a3b0b4bf28a5424facde3cd51f6055,,0,0,
WebGestor/Inventario/GuiaInterna/GuiaInterna_Nro_00033503.pdf,WebGestor/Inventario/GuiaInterna,GuiaInterna_Nro_00033503.pdf,.pdf,1928,2025-11-10T02:16:22Z,3806646c494fdc7132553ce19e06927187e6eb0e,,0,0,
WebGestor/Inventario/GuiaInterna/GuiaInterna_Nro_00033505.pdf,WebGestor/Inventario/GuiaInterna,GuiaInterna_Nro_00033505.pdf,.pdf,1979,2025-11-10T02:16:22Z,f75523fcb849ee64687f5ad5c137a8f53ee3e00a,,0,0,
WebGestor/Inventario/GuiaInterna/GuiaInterna_Nro_00033506.pdf,WebGestor/Inventario/GuiaInterna,GuiaInterna_Nro_00033506.pdf,.pdf,1975,2025-11-10T02:16:22Z,d4bdd4451a65a1c61bd76bc02a1f96bcf690736c,,0,0,
WebGestor/Inventario/GuiaInterna/GuiaInterna_Nro_00033507.pdf,WebGestor/Inventario/GuiaInterna,GuiaInterna_Nro_00033507.pdf,.pdf,1953,2025-11-10T02:16:22Z,8d5ec314d6eefdf0531eca705300c295bc0e65af,,0,0,
WebGestor/Inventario/GuiaInterna/GuiaInterna_Nro_00033508.pdf,WebGestor/Inventario/GuiaInterna,GuiaInterna_Nro_00033508.pdf,.pdf,1973,2025-11-10T02:16:22Z,381146059ddc23154a074558d7b97177996687b8,,0,0,
WebGestor/Inventario/GuiaInterna/GuiaInterna_Nro_00033509.pdf,WebGestor/Inventario/GuiaInterna,GuiaInterna_Nro_00033509.pdf,.pdf,1976,2025-11-10T02:16:22Z,508629434fa881eee814088266860c0801b643a0,,0,0,
WebGestor/Inventario/GuiaInterna/GuiaInterna_Nro_00033510.pdf,WebGestor/Inventario/GuiaInterna,GuiaInterna_Nro_00033510.pdf,.pdf,1966,2025-11-10T02:16:22Z,4fc6be33b43a1a910f263d83f622f4fde19c3858,,0,0,
WebGestor/Inventario/GuiaInterna/GuiaInterna_Nro_00033511.pdf,WebGestor/Inventario/GuiaInterna,GuiaInterna_Nro_00033511.pdf,.pdf,2008,2025-11-10T02:16:22Z,65bd38982192ab04a8cec41fc564314b3070bc0a,,0,0,
WebGestor/Inventario/GuiaInterna/GuiaInterna_Nro_00033512.pdf,WebGestor/Inventario/GuiaInterna,GuiaInterna_Nro_00033512.pdf,.pdf,1980,2025-11-10T02:16:22Z,b3af05cfcd8d15279494662276945b1e0fc4f5c8,,0,0,
WebGestor/Inventario/GuiaInterna/GuiaInterna_Nro_00033513.pdf,WebGestor/Inventario/GuiaInterna,GuiaInterna_Nro_00033513.pdf,.pdf,1974,2025-11-10T02:16:22Z,4701b56a9a61bf0cf7dc0dab51928d1129569e04,,0,0,
WebGestor/Inventario/GuiaInterna/GuiaInterna_Nro_00033514.pdf,WebGestor/Inventario/GuiaInterna,GuiaInterna_Nro_00033514.pdf,.pdf,1943,2025-11-10T02:16:22Z,8c0defb66c72460a9aec86caf9071cbd09b86035,,0,0,
WebGestor/Inventario/GuiaInterna/GuiaInterna_Nro_00033515.pdf,WebGestor/Inventario/GuiaInterna,GuiaInterna_Nro_00033515.pdf,.pdf,1942,2025-11-10T02:16:22Z,d6e728b8796784eeaaa9435cfd8f02f626b227c7,,0,0,
WebGestor/Inventario/GuiaInterna/GuiaInterna_Nro_00033516.pdf,WebGestor/Inventario/GuiaInterna,GuiaInterna_Nro_00033516.pdf,.pdf,2009,2025-11-10T02:16:22Z,095776617f8f2331754cd0f69c5ce78b99fc8293,,0,0,
WebGestor/Inventario/GuiaInterna/GuiaInterna_Nro_00033517.pdf,WebGestor/Inventario/GuiaInterna,GuiaInterna_Nro_00033517.pdf,.pdf,1901,2025-11-10T02:16:22Z,ac949928c3333449322ac89bfbf55620f5fd7d91,,0,0,
WebGestor/Inventario/GuiaInterna/GuiaInterna_Nro_00033518.pdf,WebGestor/Inventario/GuiaInterna,GuiaInterna_Nro_00033518.pdf,.pdf,1913,2025-11-10T02:16:22Z,58f6fea6dbb536321eb5be26c9176457859ba422,,0,0,
WebGestor/Inventario/GuiaInterna/GuiaInterna_Nro_00033520.pdf,WebGestor/Inventario/GuiaInterna,GuiaInterna_Nro_00033520.pdf,.pdf,1922,2025-11-10T02:16:22Z,290c7a6e2604747265c50be212b094d03f9284e1,,0,0,
WebGestor/Inventario/GuiaInterna/GuiaInterna_Nro_00033521.pdf,WebGestor/Inventario/GuiaInterna,GuiaInterna_Nro_00033521.pdf,.pdf,1912,2025-11-10T02:16:22Z,dcd54d231d374ba3d6e82707108156a17eb86d8a,,0,0,
WebGestor/Inventario/GuiaInterna/GuiaInterna_Nro_00033522.pdf,WebGestor/Inventario/GuiaInterna,GuiaInterna_Nro_00033522.pdf,.pdf,1914,2025-11-10T02:16:22Z,85ffc28197f5c51afac53566267e6bca488d45b5,,0,0,
WebGestor/Inventario/GuiaInterna/GuiaInterna_Nro_00033523.pdf,WebGestor/Inventario/GuiaInterna,GuiaInterna_Nro_00033523.pdf,.pdf,1919,2025-11-10T02:16:22Z,d7da2ef17a1c7a13afe259d8ca0c66e28324591c,,0,0,
WebGestor/Inventario/GuiaInterna/GuiaInterna_Nro_00033526.pdf,WebGestor/Inventario/GuiaInterna,GuiaInterna_Nro_00033526.pdf,.pdf,2032,2025-11-10T02:16:22Z,662730a2c185645cbe980001ea706a7833d07e08,,0,0,
WebGestor/Inventario/GuiaInterna/GuiaInterna_Nro_00033527.pdf,WebGestor/Inventario/GuiaInterna,GuiaInterna_Nro_00033527.pdf,.pdf,1942,2025-11-10T02:16:22Z,da911dbc8489a132db28e423aeb6e0c45a1d9246,,0,0,
WebGestor/Inventario/GuiaInterna/GuiaInterna_Nro_00033528.pdf,WebGestor/Inventario/GuiaInterna,GuiaInterna_Nro_00033528.pdf,.pdf,1939,2025-11-10T02:16:22Z,4cd74d234ab605250b1e37b13ba682de866c8713,,0,0,
WebGestor/Inventario/GuiaInterna/GuiaInterna_Nro_00033529.pdf,WebGestor/Inventario/GuiaInterna,GuiaInterna_Nro_00033529.pdf,.pdf,1917,2025-11-10T02:16:22Z,70b4614c263275ee4acba7fa66ecee30bc80f02c,,0,0,
WebGestor/Inventario/GuiaInterna/GuiaInterna_Nro_00033531.pdf,WebGestor/Inventario/GuiaInterna,GuiaInterna_Nro_00033531.pdf,.pdf,1980,2025-11-10T02:16:22Z,1184c723b5913e2d2d0affa59736c0921ceec14c,,0,0,
WebGestor/Inventario/GuiaInterna/GuiaInterna_Nro_00033532.pdf,WebGestor/Inventario/GuiaInterna,GuiaInterna_Nro_00033532.pdf,.pdf,2823,2025-11-10T02:16:22Z,2967d2ceb9fbde569f7e2d14d9a6bea027ec91ea,,0,0,
WebGestor/Inventario/GuiaInterna/GuiaInterna_Nro_00033533.pdf,WebGestor/Inventario/GuiaInterna,GuiaInterna_Nro_00033533.pdf,.pdf,1898,2025-11-10T02:16:22Z,764f800c3cb35cd45f5e9440fa2aa2bb7b83963b,,0,0,
WebGestor/Inventario/GuiaInterna/GuiaInterna_Nro_00033536.pdf,WebGestor/Inventario/GuiaInterna,GuiaInterna_Nro_00033536.pdf,.pdf,2708,2025-11-10T02:16:22Z,9c71e76fec1aa5eec06fe292636eae1f5684e610,,0,0,
WebGestor/Inventario/GuiaInterna/GuiaInterna_Nro_00033546.pdf,WebGestor/Inventario/GuiaInterna,GuiaInterna_Nro_00033546.pdf,.pdf,1995,2025-11-10T02:16:22Z,6b2a1b08fd6267c92d28699dc7445b4814f924ab,,0,0,
WebGestor/Inventario/GuiaInterna/GuiaInterna_Nro_00033547.pdf,WebGestor/Inventario/GuiaInterna,GuiaInterna_Nro_00033547.pdf,.pdf,1966,2025-11-10T02:16:22Z,407032131e4e5fcaca16b08fede36e3bd4363465,,0,0,
WebGestor/Inventario/GuiaInterna/GuiaInterna_Nro_00033548.pdf,WebGestor/Inventario/GuiaInterna,GuiaInterna_Nro_00033548.pdf,.pdf,1980,2025-11-10T02:16:22Z,13ef5096155bc6cc0acdfc11cedad786021f5d11,,0,0,
WebGestor/Inventario/GuiaInterna/GuiaInterna_Nro_00033549.pdf,WebGestor/Inventario/GuiaInterna,GuiaInterna_Nro_00033549.pdf,.pdf,1999,2025-11-10T02:16:22Z,8999b6d37664908679326f47ee372c89695c5ff2,,0,0,
WebGestor/Inventario/GuiaInterna/GuiaInterna_Nro_00033550.pdf,WebGestor/Inventario/GuiaInterna,GuiaInterna_Nro_00033550.pdf,.pdf,2014,2025-11-10T02:16:22Z,18fa0572a852954eb7810118718d24a96bdbf121,,0,0,
WebGestor/Inventario/GuiaInterna/GuiaInterna_Nro_00033551.pdf,WebGestor/Inventario/GuiaInterna,GuiaInterna_Nro_00033551.pdf,.pdf,2008,2025-11-10T02:16:22Z,c674e81585ba753171d757d64ee09d2f3656d3df,,0,0,
WebGestor/Inventario/GuiaInterna/GuiaInterna_Nro_00033552.pdf,WebGestor/Inventario/GuiaInterna,GuiaInterna_Nro_00033552.pdf,.pdf,1976,2025-11-10T02:16:22Z,910fb15f8a8964714cf60691419cb8b345c24192,,0,0,
WebGestor/Inventario/GuiaInterna/GuiaInterna_Nro_00033553.pdf,WebGestor/Inventario/GuiaInterna,GuiaInterna_Nro_00033553.pdf,.pdf,1994,2025-11-10T02:16:22Z,10ebb7637757b4e2b95ab216bbe4869220dbe6c7,,0,0,
WebGestor/Inventario/GuiaInterna/GuiaInterna_Nro_00033554.pdf,WebGestor/Inventario/GuiaInterna,GuiaInterna_Nro_00033554.pdf,.pdf,2000,2025-11-10T02:16:22Z,ff395525d3b090b7cb2418f57aae54b6329403d5,,0,0,
WebGestor/Inventario/GuiaInterna/GuiaInterna_Nro_00033555.pdf,WebGestor/Inventario/GuiaInterna,GuiaInterna_Nro_00033555.pdf,.pdf,2012,2025-11-10T02:16:22Z,fd713b9fbc2c4f8174620c5bb2fe3cc4d7893ebe,,0,0,
WebGestor/Inventario/GuiaInterna/GuiaInterna_Nro_00033556.pdf,WebGestor/Inventario/GuiaInterna,GuiaInterna_Nro_00033556.pdf,.pdf,1996,2025-11-10T02:16:22Z,578ac112011fd7364945fa2a9cdf6d36cf206aa5,,0,0,
WebGestor/Inventario/GuiaInterna/GuiaInterna_Nro_00033557.pdf,WebGestor/Inventario/GuiaInterna,GuiaInterna_Nro_00033557.pdf,.pdf,1997,2025-11-10T02:16:22Z,0934a268792be444d5ada19f40d7832d9b3c8032,,0,0,
WebGestor/Inventario/GuiaInterna/GuiaInterna_Nro_00033558.pdf,WebGestor/Inventario/GuiaInterna,GuiaInterna_Nro_00033558.pdf,.pdf,1998,2025-11-10T02:16:22Z,b0e07223894bc19f759f683f31d74627a61e3cc5,,0,0,
WebGestor/Inventario/GuiaInterna/GuiaInterna_Nro_00033559.pdf,WebGestor/Inventario/GuiaInterna,GuiaInterna_Nro_00033559.pdf,.pdf,1992,2025-11-10T02:16:22Z,12788133fcf67dca1c653f44bd75341b4b001990,,0,0,
WebGestor/Inventario/GuiaInterna/GuiaInterna_Nro_00033560.pdf,WebGestor/Inventario/GuiaInterna,GuiaInterna_Nro_00033560.pdf,.pdf,2733,2025-11-10T02:16:22Z,4f3c958b796c494d2dda5e21b584209941dc4c8f,,0,0,
WebGestor/Inventario/GuiaInterna/GuiaInterna_Nro_00033561.pdf,WebGestor/Inventario/GuiaInterna,GuiaInterna_Nro_00033561.pdf,.pdf,2163,2025-11-10T02:16:22Z,ff06b39415c5fd47b2be944c4a7b807a0b4e54af,,0,0,
WebGestor/Inventario/GuiaInterna/GuiaInterna_Nro_00033562.pdf,WebGestor/Inventario/GuiaInterna,GuiaInterna_Nro_00033562.pdf,.pdf,1944,2025-11-10T02:16:22Z,6a933f65720329c1811804445fb72c5d13c3ba3a,,0,0,
WebGestor/Inventario/GuiaInterna/GuiaInterna_Nro_00033563.pdf,WebGestor/Inventario/GuiaInterna,GuiaInterna_Nro_00033563.pdf,.pdf,2274,2025-11-10T02:16:22Z,c90f16c75421e202cb541ed783dfe6ac52cc5d1c,,0,0,
WebGestor/Inventario/GuiaInterna/GuiaInterna_Nro_00033573.pdf,WebGestor/Inventario/GuiaInterna,GuiaInterna_Nro_00033573.pdf,.pdf,1957,2025-11-10T02:16:22Z,2038b19100beb29b4ac5ffb3e3f6851e4276bdbc,,0,0,
WebGestor/Inventario/GuiaInterna/GuiaInterna_Nro_00033574.pdf,WebGestor/Inventario/GuiaInterna,GuiaInterna_Nro_00033574.pdf,.pdf,1939,2025-11-10T02:16:22Z,98e54f50e53daba22d086ad605fdaa067fbd4313,,0,0,
WebGestor/Inventario/GuiaInterna/GuiaInterna_Nro_00033582.pdf,WebGestor/Inventario/GuiaInterna,GuiaInterna_Nro_00033582.pdf,.pdf,1957,2025-11-10T02:16:22Z,6c2e4a713aa14f2406b723848d67806829b31482,,0,0,
WebGestor/Inventario/GuiaInterna/GuiaInterna_Nro_00033583.pdf,WebGestor/Inventario/GuiaInterna,GuiaInterna_Nro_00033583.pdf,.pdf,1961,2025-11-10T02:16:22Z,43e810b61f5800cd5a9eb912f7cb8f603e82d3f4,,0,0,
WebGestor/Inventario/GuiaInterna/GuiaInterna_Nro_00033584.pdf,WebGestor/Inventario/GuiaInterna,GuiaInterna_Nro_00033584.pdf,.pdf,1998,2025-11-10T02:16:22Z,babc80f2bf6fa1201f219d552953375db3154824,,0,0,
WebGestor/Inventario/GuiaInterna/GuiaInterna_Nro_00033585.pdf,WebGestor/Inventario/GuiaInterna,GuiaInterna_Nro_00033585.pdf,.pdf,1972,2025-11-10T02:16:22Z,1798ee7a4d2bf0252c5204aad8f94e60f0c230b0,,0,0,
WebGestor/Inventario/GuiaInterna/GuiaInterna_Nro_00033586.pdf,WebGestor/Inventario/GuiaInterna,GuiaInterna_Nro_00033586.pdf,.pdf,1978,2025-11-10T02:16:22Z,c6bfe4bbca327f620dfc619dd8783a7c9b3d688f,,0,0,
WebGestor/Inventario/GuiaInterna/GuiaInterna_Nro_00033587.pdf,WebGestor/Inventario/GuiaInterna,GuiaInterna_Nro_00033587.pdf,.pdf,1968,2025-11-10T02:16:22Z,53d13bd2c3119e8e9ec0cde7a0bbad52d6e89c94,,0,0,
WebGestor/Inventario/GuiaInterna/GuiaInterna_Nro_00033589.pdf,WebGestor/Inventario/GuiaInterna,GuiaInterna_Nro_00033589.pdf,.pdf,2005,2025-11-10T02:16:22Z,ad2ddd6858dfc7e95ec470cc95078c4e9039a506,,0,0,
WebGestor/Inventario/GuiaInterna/GuiaInterna_Nro_00033590.pdf,WebGestor/Inventario/GuiaInterna,GuiaInterna_Nro_00033590.pdf,.pdf,2000,2025-11-10T02:16:22Z,12d3867aa814775cb8d6a15ffacbb0a668b08dfd,,0,0,
WebGestor/Inventario/GuiaInterna/GuiaInterna_Nro_00033591.pdf,WebGestor/Inventario/GuiaInterna,GuiaInterna_Nro_00033591.pdf,.pdf,1983,2025-11-10T02:16:22Z,e2bd341cc0363f4d20252e57adfdf1f6b101415d,,0,0,
WebGestor/Inventario/GuiaInterna/GuiaInterna_Nro_00033592.pdf,WebGestor/Inventario/GuiaInterna,GuiaInterna_Nro_00033592.pdf,.pdf,2057,2025-11-10T02:16:22Z,0e27434da0187347f117a2c69d011cc726caa1e4,,0,0,
WebGestor/Inventario/GuiaInterna/GuiaInterna_Nro_00033593.pdf,WebGestor/Inventario/GuiaInterna,GuiaInterna_Nro_00033593.pdf,.pdf,1986,2025-11-10T02:16:22Z,828686e39d4203dc8903d046e5a7349e193be4a9,,0,0,
WebGestor/Inventario/GuiaInterna/GuiaInterna_Nro_00033594.pdf,WebGestor/Inventario/GuiaInterna,GuiaInterna_Nro_00033594.pdf,.pdf,1942,2025-11-10T02:16:22Z,c5f7815783a947d2f0025e71ffadce49bf1b247b,,0,0,
WebGestor/Inventario/GuiaInterna/GuiaInterna_Nro_00033595.pdf,WebGestor/Inventario/GuiaInterna,GuiaInterna_Nro_00033595.pdf,.pdf,1980,2025-11-10T02:16:22Z,6d060b32eb49fd35d6e68aa501c80f3d5792619e,,0,0,
WebGestor/Inventario/GuiaInterna/GuiaInterna_Nro_00033596.pdf,WebGestor/Inventario/GuiaInterna,GuiaInterna_Nro_00033596.pdf,.pdf,2145,2025-11-10T02:16:22Z,2c41e8056f7c5d1c8f0e08b3905457c5612a6059,,0,0,
WebGestor/Inventario/GuiaInterna/GuiaInterna_Nro_00033599.pdf,WebGestor/Inventario/GuiaInterna,GuiaInterna_Nro_00033599.pdf,.pdf,1953,2025-11-10T02:16:22Z,6692b85d2b5a28adcdc7e3dd0bf233796c25b583,,0,0,
WebGestor/Inventario/GuiaInterna/GuiaInterna_Nro_00033600.pdf,WebGestor/Inventario/GuiaInterna,GuiaInterna_Nro_00033600.pdf,.pdf,1919,2025-11-10T02:16:22Z,fec180bb7101f58b4e4e8e07fa3f42b70ee8b787,,0,0,
WebGestor/Inventario/GuiaInterna/GuiaInterna_Nro_00033601.pdf,WebGestor/Inventario/GuiaInterna,GuiaInterna_Nro_00033601.pdf,.pdf,1912,2025-11-10T02:16:22Z,5e92f0662bd058e2c95023a0ebd70363498e07b3,,0,0,
WebGestor/Inventario/GuiaInterna/GuiaInterna_Nro_00033602.pdf,WebGestor/Inventario/GuiaInterna,GuiaInterna_Nro_00033602.pdf,.pdf,2011,2025-11-10T02:16:22Z,323023b56b54519d2e3ccae99907788a19bc75b5,,0,0,
WebGestor/Inventario/GuiaInterna/GuiaInterna_Nro_00033605.pdf,WebGestor/Inventario/GuiaInterna,GuiaInterna_Nro_00033605.pdf,.pdf,1948,2025-11-10T02:16:22Z,1cdebb8b49bf26485c297c4d685b0ac35ba57155,,0,0,
WebGestor/Inventario/GuiaInterna/GuiaInterna_Nro_00033617.pdf,WebGestor/Inventario/GuiaInterna,GuiaInterna_Nro_00033617.pdf,.pdf,1946,2025-11-10T02:16:22Z,5490af0ec3f7b84b4043573dc83313934d0bf5b1,,0,0,
WebGestor/Inventario/GuiaInterna/GuiaInterna_Nro_00033618.pdf,WebGestor/Inventario/GuiaInterna,GuiaInterna_Nro_00033618.pdf,.pdf,1872,2025-11-10T02:16:22Z,944ada8bec577e98484047974ed4470d6a35c0e8,,0,0,
WebGestor/Inventario/GuiaInterna/GuiaInterna_Nro_00033671.pdf,WebGestor/Inventario/GuiaInterna,GuiaInterna_Nro_00033671.pdf,.pdf,1993,2025-11-10T02:16:22Z,f2ff15be49ba43d8ea81de0a18afa70c23f99bba,,0,0,
WebGestor/Inventario/GuiaInterna/GuiaInterna_Nro_00033672.pdf,WebGestor/Inventario/GuiaInterna,GuiaInterna_Nro_00033672.pdf,.pdf,1994,2025-11-10T02:16:22Z,3e1c0e080298c44952cc9951b8056641d33c52b6,,0,0,
WebGestor/Inventario/GuiaInterna/GuiaInterna_Nro_00033673.pdf,WebGestor/Inventario/GuiaInterna,GuiaInterna_Nro_00033673.pdf,.pdf,2002,2025-11-10T02:16:22Z,fa91a68ea429f4b12308b0de4224152b96b4c5c3,,0,0,
WebGestor/Inventario/GuiaInterna/GuiaInterna_Nro_00033674.pdf,WebGestor/Inventario/GuiaInterna,GuiaInterna_Nro_00033674.pdf,.pdf,1987,2025-11-10T02:16:22Z,1d5082e0ab0c791ef5a832ccfb79395c9ac0ef95,,0,0,
WebGestor/Inventario/GuiaInterna/GuiaInterna_Nro_00033675.pdf,WebGestor/Inventario/GuiaInterna,GuiaInterna_Nro_00033675.pdf,.pdf,1983,2025-11-10T02:16:22Z,9990a3aab5cd3dec66fe92ca5f470775e1982eb8,,0,0,
WebGestor/Inventario/GuiaInterna/GuiaInterna_Nro_00033676.pdf,WebGestor/Inventario/GuiaInterna,GuiaInterna_Nro_00033676.pdf,.pdf,1994,2025-11-10T02:16:22Z,7f3b5a9de2ce0a970301bcdb9dca225a21d87a38,,0,0,
WebGestor/Inventario/GuiaInterna/GuiaInterna_Nro_00033677.pdf,WebGestor/Inventario/GuiaInterna,GuiaInterna_Nro_00033677.pdf,.pdf,1998,2025-11-10T02:16:22Z,cd46ca58331de4245b2473b1c320f10c6ceef04f,,0,0,
WebGestor/Inventario/GuiaInterna/GuiaInterna_Nro_00033678.pdf,WebGestor/Inventario/GuiaInterna,GuiaInterna_Nro_00033678.pdf,.pdf,1987,2025-11-10T02:16:22Z,f620861b20cf8bb4a29bd3fd802c9ca52a65f260,,0,0,
WebGestor/Inventario/GuiaInterna/GuiaInterna_Nro_00033679.pdf,WebGestor/Inventario/GuiaInterna,GuiaInterna_Nro_00033679.pdf,.pdf,1963,2025-11-10T02:16:22Z,c0217968151ddc884dd1e81dd96933bdc67ce9e4,,0,0,
WebGestor/Inventario/GuiaInterna/GuiaInterna_Nro_00033680.pdf,WebGestor/Inventario/GuiaInterna,GuiaInterna_Nro_00033680.pdf,.pdf,1991,2025-11-10T02:16:22Z,54071ea20a364ba8ba0fec7480015061f8f6fb70,,0,0,
WebGestor/Inventario/GuiaInterna/GuiaInterna_Nro_00033681.pdf,WebGestor/Inventario/GuiaInterna,GuiaInterna_Nro_00033681.pdf,.pdf,1932,2025-11-10T02:16:22Z,c5de21d6c2b84d444380e67952bd8859e6338532,,0,0,
WebGestor/Inventario/GuiaInterna/GuiaInterna_Nro_00033682.pdf,WebGestor/Inventario/GuiaInterna,GuiaInterna_Nro_00033682.pdf,.pdf,1992,2025-11-10T02:16:22Z,dbb83282f1ee10fef4e76496fccf0bda930a39a2,,0,0,
WebGestor/Inventario/GuiaInterna/GuiaInterna_Nro_00033684.pdf,WebGestor/Inventario/GuiaInterna,GuiaInterna_Nro_00033684.pdf,.pdf,1907,2025-11-10T02:16:22Z,dae3a599a9246633d3d7e13999561ab6514b12b6,,0,0,
WebGestor/Inventario/GuiaInterna/GuiaInterna_Nro_00033691.pdf,WebGestor/Inventario/GuiaInterna,GuiaInterna_Nro_00033691.pdf,.pdf,1956,2025-11-10T02:16:22Z,dd87a381d6bd217c236c6232b5bbfd1a372bca11,,0,0,
WebGestor/Inventario/GuiaInterna/GuiaInterna_Nro_00033692.pdf,WebGestor/Inventario/GuiaInterna,GuiaInterna_Nro_00033692.pdf,.pdf,1951,2025-11-10T02:16:22Z,6090923e7201970a29cdb5b164fd1def7a233279,,0,0,
WebGestor/Inventario/GuiaInterna/GuiaInterna_Nro_00033693.pdf,WebGestor/Inventario/GuiaInterna,GuiaInterna_Nro_00033693.pdf,.pdf,2143,2025-11-10T02:16:22Z,a26117167593d1981fd963da738bbee614c57967,,0,0,
WebGestor/Inventario/GuiaInterna/GuiaInterna_Nro_00033715.pdf,WebGestor/Inventario/GuiaInterna,GuiaInterna_Nro_00033715.pdf,.pdf,1929,2025-11-10T02:16:22Z,1bbcc82907dde46b3db5069fd650ca38148df899,,0,0,
WebGestor/Inventario/GuiaInterna/GuiaInterna_Nro_00033718.pdf,WebGestor/Inventario/GuiaInterna,GuiaInterna_Nro_00033718.pdf,.pdf,1959,2025-11-10T02:16:22Z,f43e88908e67e8287b9f354a68f04baf4f06d817,,0,0,
WebGestor/Inventario/GuiaInterna/GuiaInterna_Nro_00033802.pdf,WebGestor/Inventario/GuiaInterna,GuiaInterna_Nro_00033802.pdf,.pdf,1969,2025-11-10T02:16:22Z,e7973123e7d15459019ef00aa4257c0ed05f0893,,0,0,
WebGestor/Inventario/GuiaInterna/GuiaInterna_Nro_00033803.pdf,WebGestor/Inventario/GuiaInterna,GuiaInterna_Nro_00033803.pdf,.pdf,2020,2025-11-10T02:16:22Z,b257b20b1c31676535c46e4c9a25c003700c4188,,0,0,
WebGestor/Inventario/GuiaInterna/GuiaInterna_Nro_00033804.pdf,WebGestor/Inventario/GuiaInterna,GuiaInterna_Nro_00033804.pdf,.pdf,2007,2025-11-10T02:16:22Z,af401f59d6ee07407bfc04522335b4a032b38f16,,0,0,
WebGestor/Inventario/GuiaInterna/GuiaInterna_Nro_00033805.pdf,WebGestor/Inventario/GuiaInterna,GuiaInterna_Nro_00033805.pdf,.pdf,1991,2025-11-10T02:16:22Z,70006a3931b7ef0de482f4747473eddf9d47e17d,,0,0,
WebGestor/Inventario/GuiaInterna/GuiaInterna_Nro_00033806.pdf,WebGestor/Inventario/GuiaInterna,GuiaInterna_Nro_00033806.pdf,.pdf,2004,2025-11-10T02:16:22Z,260f229da3d498ce6e8c5e6763fbb04ac16c0258,,0,0,
WebGestor/Inventario/GuiaInterna/GuiaInterna_Nro_00033807.pdf,WebGestor/Inventario/GuiaInterna,GuiaInterna_Nro_00033807.pdf,.pdf,1988,2025-11-10T02:16:22Z,53b1d4c6e77e85f2ab25870bf58995ed68f164aa,,0,0,
WebGestor/Inventario/GuiaInterna/GuiaInterna_Nro_00033808.pdf,WebGestor/Inventario/GuiaInterna,GuiaInterna_Nro_00033808.pdf,.pdf,2012,2025-11-10T02:16:22Z,b96d0cecf20e110d3763818703a2261230f314c0,,0,0,
WebGestor/Inventario/GuiaInterna/GuiaInterna_Nro_00033815.pdf,WebGestor/Inventario/GuiaInterna,GuiaInterna_Nro_00033815.pdf,.pdf,2012,2025-11-10T02:16:22Z,9f6e41bf4ef31a5a8ac935b7a4b57a9c29322129,,0,0,
WebGestor/Inventario/GuiaInterna/GuiaInterna_Nro_00033820.pdf,WebGestor/Inventario/GuiaInterna,GuiaInterna_Nro_00033820.pdf,.pdf,1957,2025-11-10T02:16:22Z,43a47fc70f14622c41704b24e0c8ee1595e9c689,,0,0,
WebGestor/Inventario/GuiaInterna/GuiaInterna_Nro_00033826.pdf,WebGestor/Inventario/GuiaInterna,GuiaInterna_Nro_00033826.pdf,.pdf,1959,2025-11-10T02:16:22Z,5341a4678dca0bd9f932640fc383f6c213d4f3c1,,0,0,
WebGestor/Inventario/GuiaInterna/GuiaInterna_Nro_00033827.pdf,WebGestor/Inventario/GuiaInterna,GuiaInterna_Nro_00033827.pdf,.pdf,1992,2025-11-10T02:16:22Z,d73cdf6c671b6ebcd6f436607102c43d0847cd8d,,0,0,
WebGestor/Inventario/GuiaInterna/GuiaInterna_Nro_00033828.pdf,WebGestor/Inventario/GuiaInterna,GuiaInterna_Nro_00033828.pdf,.pdf,2099,2025-11-10T02:16:22Z,4c549854d615e4fe2a7f9178021332db253544d2,,0,0,
WebGestor/Inventario/GuiaInterna/GuiaInterna_Nro_00033830.pdf,WebGestor/Inventario/GuiaInterna,GuiaInterna_Nro_00033830.pdf,.pdf,1985,2025-11-10T02:16:22Z,6e152f6bbf7742c361bb007608f152ba0f0e2e2f,,0,0,
WebGestor/Inventario/GuiaInterna/GuiaInterna_Nro_00033834.pdf,WebGestor/Inventario/GuiaInterna,GuiaInterna_Nro_00033834.pdf,.pdf,2010,2025-11-10T02:16:22Z,f1df963d7047c37d0c3fa9679f2524cd87620312,,0,0,
WebGestor/Inventario/GuiaInterna/GuiaInterna_Nro_00033835.pdf,WebGestor/Inventario/GuiaInterna,GuiaInterna_Nro_00033835.pdf,.pdf,2023,2025-11-10T02:16:22Z,dce22bcd227bc4d649e0a2c78b9374adb4e73510,,0,0,
WebGestor/Inventario/GuiaInterna/GuiaInterna_Nro_00033836.pdf,WebGestor/Inventario/GuiaInterna,GuiaInterna_Nro_00033836.pdf,.pdf,1932,2025-11-10T02:16:22Z,9e64f36641710ea0c17eef37edf9542b8e224237,,0,0,
WebGestor/Inventario/GuiaInterna/GuiaInterna_Nro_00033837.pdf,WebGestor/Inventario/GuiaInterna,GuiaInterna_Nro_00033837.pdf,.pdf,2146,2025-11-10T02:16:22Z,798e88108e70994a542af7e8810771f998089ccd,,0,0,
WebGestor/Inventario/GuiaInterna/GuiaInterna_Nro_00033838.pdf,WebGestor/Inventario/GuiaInterna,GuiaInterna_Nro_00033838.pdf,.pdf,1913,2025-11-10T02:16:22Z,0eeb57acd8d22465173b0b0003891021383ce481,,0,0,
WebGestor/Inventario/GuiaInterna/GuiaInterna_Nro_00033839.pdf,WebGestor/Inventario/GuiaInterna,GuiaInterna_Nro_00033839.pdf,.pdf,2037,2025-11-10T02:16:22Z,0af81bc2ab88d0bf0a5f0d8a7a39078ae23d596d,,0,0,
WebGestor/Inventario/GuiaInterna/GuiaInterna_Nro_00033840.pdf,WebGestor/Inventario/GuiaInterna,GuiaInterna_Nro_00033840.pdf,.pdf,1994,2025-11-10T02:16:22Z,fb05015a7d88ad3779de21bb0a4a24a64bdd4f24,,0,0,
WebGestor/Inventario/GuiaInterna/GuiaInterna_Nro_00033841.pdf,WebGestor/Inventario/GuiaInterna,GuiaInterna_Nro_00033841.pdf,.pdf,2027,2025-11-10T02:16:22Z,cd76646ba63a3ff674a46da8c83b2c71205361b3,,0,0,
WebGestor/Inventario/GuiaInterna/GuiaInterna_Nro_00033842.pdf,WebGestor/Inventario/GuiaInterna,GuiaInterna_Nro_00033842.pdf,.pdf,1997,2025-11-10T02:16:22Z,f81d3514864fc57c5e5e16ec645ef01ebd9bcfb6,,0,0,
WebGestor/Inventario/GuiaInterna/GuiaInterna_Nro_00033843.pdf,WebGestor/Inventario/GuiaInterna,GuiaInterna_Nro_00033843.pdf,.pdf,2019,2025-11-10T02:16:22Z,e68231ac1b7a2b0a232e72901766363fca18aa78,,0,0,
WebGestor/Inventario/GuiaInterna/GuiaInterna_Nro_00033844.pdf,WebGestor/Inventario/GuiaInterna,GuiaInterna_Nro_00033844.pdf,.pdf,2009,2025-11-10T02:16:22Z,ac0eb91b027540e3e730295334757261aea87796,,0,0,
WebGestor/Inventario/GuiaInterna/GuiaInterna_Nro_00033845.pdf,WebGestor/Inventario/GuiaInterna,GuiaInterna_Nro_00033845.pdf,.pdf,1998,2025-11-10T02:16:22Z,09bd6adc24fa4db1649c117d04844fb4176dcad4,,0,0,
WebGestor/Inventario/GuiaInterna/GuiaInterna_Nro_00033846.pdf,WebGestor/Inventario/GuiaInterna,GuiaInterna_Nro_00033846.pdf,.pdf,2018,2025-11-10T02:16:22Z,dc63aeab4bc03654cbd6a6223ff178b3f6a8a343,,0,0,
WebGestor/Inventario/GuiaInterna/GuiaInterna_Nro_00033847.pdf,WebGestor/Inventario/GuiaInterna,GuiaInterna_Nro_00033847.pdf,.pdf,1998,2025-11-10T02:16:22Z,2a3a78c98dece7ace55d601b8865a1699712eb2e,,0,0,
WebGestor/Inventario/GuiaInterna/GuiaInterna_Nro_00033849.pdf,WebGestor/Inventario/GuiaInterna,GuiaInterna_Nro_00033849.pdf,.pdf,1909,2025-11-10T02:16:22Z,2fdeb44e6f300b9469930b23161351af4b8688d6,,0,0,
WebGestor/Inventario/GuiaInterna/GuiaInterna_Nro_00033861.pdf,WebGestor/Inventario/GuiaInterna,GuiaInterna_Nro_00033861.pdf,.pdf,2006,2025-11-10T02:16:22Z,1d38659bbad7fa946861ea231971409965ff9239,,0,0,
WebGestor/Inventario/GuiaInterna/GuiaInterna_Nro_00033862.pdf,WebGestor/Inventario/GuiaInterna,GuiaInterna_Nro_00033862.pdf,.pdf,2000,2025-11-10T02:16:22Z,92c0e04f0f1b924c2bb49244dcaf6d73d7b35b54,,0,0,
WebGestor/Inventario/GuiaInterna/GuiaInterna_Nro_00033865.pdf,WebGestor/Inventario/GuiaInterna,GuiaInterna_Nro_00033865.pdf,.pdf,2036,2025-11-10T02:16:22Z,23c2233e59cb2cc7cf122200fbc02fcd5e16dfd5,,0,0,
WebGestor/Inventario/GuiaInterna/GuiaInterna_Nro_00033866.pdf,WebGestor/Inventario/GuiaInterna,GuiaInterna_Nro_00033866.pdf,.pdf,2008,2025-11-10T02:16:22Z,ef5288a3d3c3581c873c3bf3bb063285499dada7,,0,0,
WebGestor/Inventario/GuiaInterna/GuiaInterna_Nro_00033867.pdf,WebGestor/Inventario/GuiaInterna,GuiaInterna_Nro_00033867.pdf,.pdf,1924,2025-11-10T02:16:22Z,3c9bbf2ad51d24441b1288f6b18fbf4a4b409e84,,0,0,
WebGestor/Inventario/GuiaInterna/GuiaInterna_Nro_00033872.pdf,WebGestor/Inventario/GuiaInterna,GuiaInterna_Nro_00033872.pdf,.pdf,2015,2025-11-10T02:16:22Z,9bfe491df394f7dfb5752daf845fdc519b3fe153,,0,0,
WebGestor/Inventario/GuiaInterna/GuiaInterna_Nro_00033873.pdf,WebGestor/Inventario/GuiaInterna,GuiaInterna_Nro_00033873.pdf,.pdf,1950,2025-11-10T02:16:22Z,2ae838b440ba511a994d023ad4b89c907338f876,,0,0,
WebGestor/Inventario/GuiaInterna/GuiaInterna_Nro_00033874.pdf,WebGestor/Inventario/GuiaInterna,GuiaInterna_Nro_00033874.pdf,.pdf,1986,2025-11-10T02:16:22Z,9c06db71a31cc9f339a055aa5fff94cb18b4726c,,0,0,
WebGestor/Inventario/GuiaInterna/GuiaInterna_Nro_00033875.pdf,WebGestor/Inventario/GuiaInterna,GuiaInterna_Nro_00033875.pdf,.pdf,2087,2025-11-10T02:16:22Z,0a567fdc18ec6440a2230ca523a584ee50a2889c,,0,0,
WebGestor/Inventario/GuiaInterna/GuiaInterna_Nro_00033876.pdf,WebGestor/Inventario/GuiaInterna,GuiaInterna_Nro_00033876.pdf,.pdf,1960,2025-11-10T02:16:22Z,7d3d342fe84271f19e87823071f27ccffc758a08,,0,0,
WebGestor/Inventario/GuiaInterna/GuiaInterna_Nro_00033877.pdf,WebGestor/Inventario/GuiaInterna,GuiaInterna_Nro_00033877.pdf,.pdf,1926,2025-11-10T02:16:22Z,e0795e16af01071518c56e37a220e10cc44db3c2,,0,0,
WebGestor/Inventario/GuiaInterna/GuiaInterna_Nro_00033878.pdf,WebGestor/Inventario/GuiaInterna,GuiaInterna_Nro_00033878.pdf,.pdf,1925,2025-11-10T02:16:22Z,8c695951732d133100688549193493231629b182,,0,0,
WebGestor/Inventario/GuiaInterna/GuiaInterna_Nro_00033880.pdf,WebGestor/Inventario/GuiaInterna,GuiaInterna_Nro_00033880.pdf,.pdf,1958,2025-11-10T02:16:22Z,18ac663730daecaf97a2c0648c879a70d7c6362f,,0,0,
WebGestor/Inventario/GuiaInterna/GuiaInterna_Nro_00033881.pdf,WebGestor/Inventario/GuiaInterna,GuiaInterna_Nro_00033881.pdf,.pdf,1947,2025-11-10T02:16:22Z,0c60dbe8feb6beff2da78aa341e94cf89fed971d,,0,0,
WebGestor/Inventario/GuiaInterna/GuiaInterna_Nro_00033885.pdf,WebGestor/Inventario/GuiaInterna,GuiaInterna_Nro_00033885.pdf,.pdf,1935,2025-11-10T02:16:22Z,0ea5804ae01ee8661a7178c59e2d2416c525709b,,0,0,
WebGestor/Inventario/GuiaInterna/GuiaInterna_Nro_00033890.pdf,WebGestor/Inventario/GuiaInterna,GuiaInterna_Nro_00033890.pdf,.pdf,2320,2025-11-10T02:16:22Z,91758b594cae30481d754b41a8362873c950195d,,0,0,
WebGestor/Inventario/GuiaInterna/GuiaInterna_Nro_00033892.pdf,WebGestor/Inventario/GuiaInterna,GuiaInterna_Nro_00033892.pdf,.pdf,1999,2025-11-10T02:16:22Z,2f334d5274e1c2431dc1a967506d2bda7f2ffe7d,,0,0,
WebGestor/Inventario/GuiaInterna/GuiaInterna_Nro_00033893.pdf,WebGestor/Inventario/GuiaInterna,GuiaInterna_Nro_00033893.pdf,.pdf,2002,2025-11-10T02:16:22Z,6fa33c3c4c86cb2a4189e478e74d0d913bd95794,,0,0,
WebGestor/Inventario/GuiaInterna/GuiaInterna_Nro_00033896.pdf,WebGestor/Inventario/GuiaInterna,GuiaInterna_Nro_00033896.pdf,.pdf,1942,2025-11-10T02:16:22Z,85f37fc4f5525da66e244c8968715978c7eed94e,,0,0,
WebGestor/Inventario/GuiaInterna/GuiaInterna_Nro_00033897.pdf,WebGestor/Inventario/GuiaInterna,GuiaInterna_Nro_00033897.pdf,.pdf,2005,2025-11-10T02:16:22Z,fd90f00d8eeeeaa1a804e3dfb1090b7760fa617f,,0,0,
WebGestor/Inventario/GuiaInterna/GuiaInterna_Nro_00033898.pdf,WebGestor/Inventario/GuiaInterna,GuiaInterna_Nro_00033898.pdf,.pdf,2010,2025-11-10T02:16:22Z,91fa6a1251c9e875e3bd588f30d8f845746e19b0,,0,0,
WebGestor/Inventario/GuiaInterna/GuiaInterna_Nro_00033899.pdf,WebGestor/Inventario/GuiaInterna,GuiaInterna_Nro_00033899.pdf,.pdf,1953,2025-11-10T02:16:22Z,c3f9976a87783b5fa5b189ed8b41a4c71420969c,,0,0,
WebGestor/Inventario/GuiaInterna/GuiaInterna_Nro_00033907.pdf,WebGestor/Inventario/GuiaInterna,GuiaInterna_Nro_00033907.pdf,.pdf,1916,2025-11-10T02:16:22Z,9bf48f8deaf5403317859749e4eceb9544b91341,,0,0,
WebGestor/Inventario/GuiaInterna/GuiaInterna_Nro_00033908.pdf,WebGestor/Inventario/GuiaInterna,GuiaInterna_Nro_00033908.pdf,.pdf,1927,2025-11-10T02:16:22Z,c5e5410e31b3f387d493cfef090ca86890003dfe,,0,0,
WebGestor/Inventario/GuiaInterna/GuiaInterna_Nro_00033909.pdf,WebGestor/Inventario/GuiaInterna,GuiaInterna_Nro_00033909.pdf,.pdf,1916,2025-11-10T02:16:22Z,80b458f4044e8b2a895069588fa52ae2f465b4fd,,0,0,
WebGestor/Inventario/GuiaInterna/GuiaInterna_Nro_00033910.pdf,WebGestor/Inventario/GuiaInterna,GuiaInterna_Nro_00033910.pdf,.pdf,1927,2025-11-10T02:16:22Z,668665ee181676adc570eea2163895d1c8615137,,0,0,
WebGestor/Inventario/GuiaInterna/GuiaInterna_Nro_00033911.pdf,WebGestor/Inventario/GuiaInterna,GuiaInterna_Nro_00033911.pdf,.pdf,1924,2025-11-10T02:16:22Z,d3469aa412e56238ade835f3cb2747a90918ec6c,,0,0,
WebGestor/Inventario/GuiaInterna/GuiaInterna_Nro_00033912.pdf,WebGestor/Inventario/GuiaInterna,GuiaInterna_Nro_00033912.pdf,.pdf,1927,2025-11-10T02:16:22Z,b46afc3760f6c893210bed21ee38b830703f47f6,,0,0,
WebGestor/Inventario/GuiaInterna/GuiaInterna_Nro_00033913.pdf,WebGestor/Inventario/GuiaInterna,GuiaInterna_Nro_00033913.pdf,.pdf,1925,2025-11-10T02:16:22Z,ceb259ba5ac7eb5dc21d068bb3acdda6e81f4d92,,0,0,
WebGestor/Inventario/GuiaInterna/GuiaInterna_Nro_00033914.pdf,WebGestor/Inventario/GuiaInterna,GuiaInterna_Nro_00033914.pdf,.pdf,1933,2025-11-10T02:16:22Z,6853cd61a7d5a02f9d7d685c1a27d7a73cb3822b,,0,0,
WebGestor/Inventario/GuiaInterna/GuiaInterna_Nro_00033915.pdf,WebGestor/Inventario/GuiaInterna,GuiaInterna_Nro_00033915.pdf,.pdf,1918,2025-11-10T02:16:22Z,8355db1b6d5d411f0de67f1bfe623a7aa5211087,,0,0,
WebGestor/Inventario/GuiaInterna/GuiaInterna_Nro_00033916.pdf,WebGestor/Inventario/GuiaInterna,GuiaInterna_Nro_00033916.pdf,.pdf,1929,2025-11-10T02:16:22Z,01a3194b1077b7c6e1eea2a122555c6ec265b96b,,0,0,
WebGestor/Inventario/GuiaInterna/GuiaInterna_Nro_00033917.pdf,WebGestor/Inventario/GuiaInterna,GuiaInterna_Nro_00033917.pdf,.pdf,1919,2025-11-10T02:16:22Z,99e6a1e7b5afb0df62fefa90402dd8bfbe066011,,0,0,
WebGestor/Inventario/GuiaInterna/GuiaInterna_Nro_00033918.pdf,WebGestor/Inventario/GuiaInterna,GuiaInterna_Nro_00033918.pdf,.pdf,1934,2025-11-10T02:16:22Z,ea3a1b27293d5e0b5bbac7fbdcca47ea5a14e625,,0,0,
WebGestor/Inventario/GuiaInterna/GuiaInterna_Nro_00033919.pdf,WebGestor/Inventario/GuiaInterna,GuiaInterna_Nro_00033919.pdf,.pdf,1969,2025-11-10T02:16:22Z,e9068503ba111402dc838ab83b30f84ac78bc03a,,0,0,
WebGestor/Inventario/GuiaInterna/GuiaInterna_Nro_00033920.pdf,WebGestor/Inventario/GuiaInterna,GuiaInterna_Nro_00033920.pdf,.pdf,1925,2025-11-10T02:16:22Z,3211a8779ebc181e89cbf1df93a120e3316a8a94,,0,0,
WebGestor/Inventario/GuiaInterna/GuiaInterna_Nro_00033921.pdf,WebGestor/Inventario/GuiaInterna,GuiaInterna_Nro_00033921.pdf,.pdf,2000,2025-11-10T02:16:22Z,8a09bc4a7d542dbfa69e3875ce5e36df1e10b6fc,,0,0,
WebGestor/Inventario/GuiaInterna/GuiaInterna_Nro_00033922.pdf,WebGestor/Inventario/GuiaInterna,GuiaInterna_Nro_00033922.pdf,.pdf,1928,2025-11-10T02:16:22Z,1dd97105504590e67963da34a8034fd09515226d,,0,0,
WebGestor/Inventario/GuiaInterna/GuiaInterna_Nro_00033923.pdf,WebGestor/Inventario/GuiaInterna,GuiaInterna_Nro_00033923.pdf,.pdf,1924,2025-11-10T02:16:22Z,143701a27e35e50b9c699ca62cbcbc104d948598,,0,0,
WebGestor/Inventario/GuiaInterna/GuiaInterna_Nro_00033924.pdf,WebGestor/Inventario/GuiaInterna,GuiaInterna_Nro_00033924.pdf,.pdf,2010,2025-11-10T02:16:22Z,a1c500ef2e1fba8c185d459baefd7a48d1be42c2,,0,0,
WebGestor/Inventario/GuiaInterna/GuiaInterna_Nro_00033925.pdf,WebGestor/Inventario/GuiaInterna,GuiaInterna_Nro_00033925.pdf,.pdf,1925,2025-11-10T02:16:22Z,ddbff518300bfd5952d094a09263ed80181bfbe3,,0,0,
WebGestor/Inventario/GuiaInterna/GuiaInterna_Nro_00033926.pdf,WebGestor/Inventario/GuiaInterna,GuiaInterna_Nro_00033926.pdf,.pdf,1968,2025-11-10T02:16:22Z,ed66b9b9d2d3e6456f4b3045a56d79496dbd5eef,,0,0,
WebGestor/Inventario/GuiaInterna/GuiaInterna_Nro_00033927.pdf,WebGestor/Inventario/GuiaInterna,GuiaInterna_Nro_00033927.pdf,.pdf,1932,2025-11-10T02:16:22Z,e4343ed999be755b2e5020c297d0de526ed08190,,0,0,
WebGestor/Inventario/GuiaInterna/GuiaInterna_Nro_00033928.pdf,WebGestor/Inventario/GuiaInterna,GuiaInterna_Nro_00033928.pdf,.pdf,1958,2025-11-10T02:16:22Z,5d09402704d39812cba98baf90256fb7b735cd79,,0,0,
WebGestor/Inventario/GuiaInterna/GuiaInterna_Nro_00033929.pdf,WebGestor/Inventario/GuiaInterna,GuiaInterna_Nro_00033929.pdf,.pdf,1916,2025-11-10T02:16:22Z,54ded0862bf1415a66a3f6912d382c05eef50728,,0,0,
WebGestor/Inventario/GuiaInterna/GuiaInterna_Nro_00033930.pdf,WebGestor/Inventario/GuiaInterna,GuiaInterna_Nro_00033930.pdf,.pdf,1935,2025-11-10T02:16:22Z,5b83ad089fa6bbf3713f8fbc8234f461a2648fe5,,0,0,
WebGestor/Inventario/GuiaInterna/GuiaInterna_Nro_00033931.pdf,WebGestor/Inventario/GuiaInterna,GuiaInterna_Nro_00033931.pdf,.pdf,1931,2025-11-10T02:16:22Z,ad1838b634b60ebc1eaec44cb957f8cce4aae802,,0,0,
WebGestor/Inventario/GuiaInterna/GuiaInterna_Nro_00033932.pdf,WebGestor/Inventario/GuiaInterna,GuiaInterna_Nro_00033932.pdf,.pdf,1933,2025-11-10T02:16:22Z,329ea62fb39bdaa643b9dba8c8fe304e7901a405,,0,0,
WebGestor/Inventario/GuiaInterna/GuiaInterna_Nro_00033933.pdf,WebGestor/Inventario/GuiaInterna,GuiaInterna_Nro_00033933.pdf,.pdf,2029,2025-11-10T02:16:22Z,c59c146d689d982d3234fbcc85e9da59d46542cd,,0,0,
WebGestor/Inventario/GuiaInterna/GuiaInterna_Nro_00033934.pdf,WebGestor/Inventario/GuiaInterna,GuiaInterna_Nro_00033934.pdf,.pdf,1931,2025-11-10T02:16:22Z,cd593e3af8d65286c05bfbd95800210190ddfbe9,,0,0,
WebGestor/Inventario/GuiaInterna/GuiaInterna_Nro_00033935.pdf,WebGestor/Inventario/GuiaInterna,GuiaInterna_Nro_00033935.pdf,.pdf,1939,2025-11-10T02:16:22Z,ef675c3d6e72d12b8b8cac61b5bdfccdc648d758,,0,0,
WebGestor/Inventario/GuiaInterna/GuiaInterna_Nro_00033936.pdf,WebGestor/Inventario/GuiaInterna,GuiaInterna_Nro_00033936.pdf,.pdf,1936,2025-11-10T02:16:22Z,fb7299f59e0e33ea0ae5cbc13f2d04628b05c803,,0,0,
WebGestor/Inventario/GuiaInterna/GuiaInterna_Nro_00033937.pdf,WebGestor/Inventario/GuiaInterna,GuiaInterna_Nro_00033937.pdf,.pdf,2055,2025-11-10T02:16:22Z,88079d3c5918e8accaef4d0278f7a9ea440b2780,,0,0,
WebGestor/Inventario/GuiaInterna/GuiaInterna_Nro_00033939.pdf,WebGestor/Inventario/GuiaInterna,GuiaInterna_Nro_00033939.pdf,.pdf,1919,2025-11-10T02:16:22Z,0624bfd032b83e0334dd16bbbd185dc40d7a7505,,0,0,
WebGestor/Inventario/GuiaInterna/GuiaInterna_Nro_00033940.pdf,WebGestor/Inventario/GuiaInterna,GuiaInterna_Nro_00033940.pdf,.pdf,1946,2025-11-10T02:16:22Z,1bb9ee858dd1e9fef90d8c60e5abb3b89b3d098e,,0,0,
WebGestor/Inventario/GuiaInterna/GuiaInterna_Nro_00033941.pdf,WebGestor/Inventario/GuiaInterna,GuiaInterna_Nro_00033941.pdf,.pdf,1927,2025-11-10T02:16:22Z,5fdfd33576ee4061c5383c260ea41872217b5d69,,0,0,
WebGestor/Inventario/GuiaInterna/GuiaInterna_Nro_00033942.pdf,WebGestor/Inventario/GuiaInterna,GuiaInterna_Nro_00033942.pdf,.pdf,1936,2025-11-10T02:16:22Z,5cbbd8d68035409d868b42d0e938ade4936cf37b,,0,0,
WebGestor/Inventario/GuiaInterna/GuiaInterna_Nro_00033944.pdf,WebGestor/Inventario/GuiaInterna,GuiaInterna_Nro_00033944.pdf,.pdf,2014,2025-11-10T02:16:22Z,7f1654e1821ff788b6065cb28ad953824260bb5b,,0,0,
WebGestor/Inventario/GuiaInterna/GuiaInterna_Nro_00033946.pdf,WebGestor/Inventario/GuiaInterna,GuiaInterna_Nro_00033946.pdf,.pdf,1944,2025-11-10T02:16:22Z,a888aee96dced8ada1ce1f965b17d1d2084da0c6,,0,0,
WebGestor/Inventario/GuiaInterna/GuiaInterna_Nro_00033947.pdf,WebGestor/Inventario/GuiaInterna,GuiaInterna_Nro_00033947.pdf,.pdf,1956,2025-11-10T02:16:22Z,d0a2b0cf1830b7aafacdcb78a7fb86137e1e4025,,0,0,
WebGestor/Inventario/GuiaInterna/GuiaInterna_Nro_00033948.pdf,WebGestor/Inventario/GuiaInterna,GuiaInterna_Nro_00033948.pdf,.pdf,1991,2025-11-10T02:16:22Z,0e6bc05850f99e9ef45b74c8f7a6f2850e67c6f9,,0,0,
WebGestor/Inventario/GuiaInterna/GuiaInterna_Nro_00033949.pdf,WebGestor/Inventario/GuiaInterna,GuiaInterna_Nro_00033949.pdf,.pdf,1935,2025-11-10T02:16:22Z,6838ad5e312b526200fbb227f43dec3f0ae6d06c,,0,0,
WebGestor/Inventario/GuiaInterna/GuiaInterna_Nro_00033950.pdf,WebGestor/Inventario/GuiaInterna,GuiaInterna_Nro_00033950.pdf,.pdf,1966,2025-11-10T02:16:22Z,3f4a18b523485b362de1c48f8a6bbb85c6978512,,0,0,
WebGestor/Inventario/GuiaInterna/GuiaInterna_Nro_00033952.pdf,WebGestor/Inventario/GuiaInterna,GuiaInterna_Nro_00033952.pdf,.pdf,1958,2025-11-10T02:16:22Z,f9c35196237260f5260df7d7cb16a4cdea937a51,,0,0,
WebGestor/Inventario/GuiaInterna/GuiaInterna_Nro_00033953.pdf,WebGestor/Inventario/GuiaInterna,GuiaInterna_Nro_00033953.pdf,.pdf,2010,2025-11-10T02:16:22Z,4578caeb85ad7e1afd74b7355f049b3203bc1fa1,,0,0,
WebGestor/Inventario/GuiaInterna/GuiaInterna_Nro_00033954.pdf,WebGestor/Inventario/GuiaInterna,GuiaInterna_Nro_00033954.pdf,.pdf,1955,2025-11-10T02:16:22Z,9d0491b406480b5c66b84851cbdf5656888d5e4d,,0,0,
WebGestor/Inventario/GuiaInterna/GuiaInterna_Nro_00033955.pdf,WebGestor/Inventario/GuiaInterna,GuiaInterna_Nro_00033955.pdf,.pdf,1953,2025-11-10T02:16:22Z,2e992815b1c20fa05d240e6bc64d8768be1c8b14,,0,0,
WebGestor/Inventario/GuiaInterna/GuiaInterna_Nro_00033956.pdf,WebGestor/Inventario/GuiaInterna,GuiaInterna_Nro_00033956.pdf,.pdf,1928,2025-11-10T02:16:22Z,1449357ae271bdafdaa088d337fad1080422d469,,0,0,
WebGestor/Inventario/GuiaInterna/GuiaInterna_Nro_00033957.pdf,WebGestor/Inventario/GuiaInterna,GuiaInterna_Nro_00033957.pdf,.pdf,1973,2025-11-10T02:16:22Z,38d836a20dce9fe7406ba49fc5804191a556a38f,,0,0,
WebGestor/Inventario/GuiaInterna/GuiaInterna_Nro_00033958.pdf,WebGestor/Inventario/GuiaInterna,GuiaInterna_Nro_00033958.pdf,.pdf,1986,2025-11-10T02:16:22Z,bdfc9a40f82ca86eddc254b1fd7d4c68ff731673,,0,0,
WebGestor/Inventario/GuiaInterna/GuiaInterna_Nro_00033959.pdf,WebGestor/Inventario/GuiaInterna,GuiaInterna_Nro_00033959.pdf,.pdf,1934,2025-11-10T02:16:22Z,1ade03b58a57d3cd2134a1884992574886445c3c,,0,0,
WebGestor/Inventario/GuiaInterna/GuiaInterna_Nro_00033961.pdf,WebGestor/Inventario/GuiaInterna,GuiaInterna_Nro_00033961.pdf,.pdf,1894,2025-11-10T02:16:22Z,4db6267ed46821554e5931458efcd9e05e13496c,,0,0,
WebGestor/Inventario/GuiaInterna/GuiaInterna_Nro_00033962.pdf,WebGestor/Inventario/GuiaInterna,GuiaInterna_Nro_00033962.pdf,.pdf,1998,2025-11-10T02:16:22Z,227c53a4ef276ad9f086d826f5efbbb1943c0c15,,0,0,
WebGestor/Inventario/GuiaInterna/GuiaInterna_Nro_00033970.pdf,WebGestor/Inventario/GuiaInterna,GuiaInterna_Nro_00033970.pdf,.pdf,2051,2025-11-10T02:16:22Z,263110a9d3f350b1efce3bf6c6b6a9f695f521eb,,0,0,
WebGestor/Inventario/GuiaInterna/GuiaInterna_Nro_00033971.pdf,WebGestor/Inventario/GuiaInterna,GuiaInterna_Nro_00033971.pdf,.pdf,2041,2025-11-10T02:16:22Z,c9b5c94f3583f2fc5fbb6f22454b1939fa54bf25,,0,0,
WebGestor/Inventario/GuiaInterna/GuiaInterna_Nro_00033972.pdf,WebGestor/Inventario/GuiaInterna,GuiaInterna_Nro_00033972.pdf,.pdf,1991,2025-11-10T02:16:22Z,a706dbf76dc5784632c8add3d223d56b6ea7a116,,0,0,
WebGestor/Inventario/GuiaInterna/GuiaInterna_Nro_00033973.pdf,WebGestor/Inventario/GuiaInterna,GuiaInterna_Nro_00033973.pdf,.pdf,2054,2025-11-10T02:16:22Z,101f651c360ed8dfad7046a6cb7e60c68f2a9067,,0,0,
WebGestor/Inventario/GuiaInterna/GuiaInterna_Nro_00033974.pdf,WebGestor/Inventario/GuiaInterna,GuiaInterna_Nro_00033974.pdf,.pdf,2032,2025-11-10T02:16:22Z,1e3832357f4c5aaed22b2a2245b444eae2256707,,0,0,
WebGestor/Inventario/GuiaInterna/GuiaInterna_Nro_00033975.pdf,WebGestor/Inventario/GuiaInterna,GuiaInterna_Nro_00033975.pdf,.pdf,2047,2025-11-10T02:16:22Z,ecb0c0981f3e5672e7ba6183b2752e081b73f450,,0,0,
WebGestor/Inventario/GuiaInterna/GuiaInterna_Nro_00033976.pdf,WebGestor/Inventario/GuiaInterna,GuiaInterna_Nro_00033976.pdf,.pdf,1958,2025-11-10T02:16:22Z,a7e62ce23382743b3768fb473a480d73105f7cd8,,0,0,
WebGestor/Inventario/GuiaInterna/GuiaInterna_Nro_00033977.pdf,WebGestor/Inventario/GuiaInterna,GuiaInterna_Nro_00033977.pdf,.pdf,2012,2025-11-10T02:16:22Z,f6565108b05cf7d410e752a1b7c16ae75b73fab4,,0,0,
WebGestor/Inventario/GuiaInterna/GuiaInterna_Nro_00033978.pdf,WebGestor/Inventario/GuiaInterna,GuiaInterna_Nro_00033978.pdf,.pdf,1934,2025-11-10T02:16:22Z,f9baf470ceee7dca7c106303ef6e28d58b170064,,0,0,
WebGestor/Inventario/GuiaInterna/GuiaInterna_Nro_00033979.pdf,WebGestor/Inventario/GuiaInterna,GuiaInterna_Nro_00033979.pdf,.pdf,1932,2025-11-10T02:16:22Z,746af549f7a41d01573cbcb86d8da810b1397c84,,0,0,
WebGestor/Inventario/GuiaInterna/GuiaInterna_Nro_00033980.pdf,WebGestor/Inventario/GuiaInterna,GuiaInterna_Nro_00033980.pdf,.pdf,2024,2025-11-10T02:16:22Z,b8bd8bbd566446c0530c672a5f29b3c99d6fd533,,0,0,
WebGestor/Inventario/GuiaInterna/GuiaInterna_Nro_00033981.pdf,WebGestor/Inventario/GuiaInterna,GuiaInterna_Nro_00033981.pdf,.pdf,2002,2025-11-10T02:16:22Z,b4fef2b6b58c003e9c828e8d034293b71fd7f467,,0,0,
WebGestor/Inventario/GuiaInterna/GuiaInterna_Nro_00033982.pdf,WebGestor/Inventario/GuiaInterna,GuiaInterna_Nro_00033982.pdf,.pdf,1934,2025-11-10T02:16:22Z,237a36bcb3476417a409ad5883ebd2caa6d7179f,,0,0,
WebGestor/Inventario/GuiaInterna/GuiaInterna_Nro_00033983.pdf,WebGestor/Inventario/GuiaInterna,GuiaInterna_Nro_00033983.pdf,.pdf,2047,2025-11-10T02:16:22Z,4b27dcd9692f60ddbc785c097083dd1380aa5812,,0,0,
WebGestor/Inventario/GuiaInterna/GuiaInterna_Nro_00033984.pdf,WebGestor/Inventario/GuiaInterna,GuiaInterna_Nro_00033984.pdf,.pdf,1947,2025-11-10T02:16:22Z,5acb39e4058467d863ebe45a0d423677b20814d7,,0,0,
WebGestor/Inventario/GuiaInterna/GuiaInterna_Nro_00033985.pdf,WebGestor/Inventario/GuiaInterna,GuiaInterna_Nro_00033985.pdf,.pdf,1990,2025-11-10T02:16:22Z,f6212ab6622e434ea3bfeb9a93f049db244f9d74,,0,0,
WebGestor/Inventario/GuiaInterna/GuiaInterna_Nro_00033986.pdf,WebGestor/Inventario/GuiaInterna,GuiaInterna_Nro_00033986.pdf,.pdf,2205,2025-11-10T02:16:22Z,ff57b92e02a508cf0a287b7e2ab7af02fc5b95fc,,0,0,
WebGestor/Inventario/GuiaInterna/GuiaInterna_Nro_00033987.pdf,WebGestor/Inventario/GuiaInterna,GuiaInterna_Nro_00033987.pdf,.pdf,1985,2025-11-10T02:16:22Z,2e811cbf4962fe0b1f95ce8db44ee62f080f797f,,0,0,
WebGestor/Inventario/GuiaInterna/GuiaInterna_Nro_00033988.pdf,WebGestor/Inventario/GuiaInterna,GuiaInterna_Nro_00033988.pdf,.pdf,2043,2025-11-10T02:16:22Z,e65e79b3117714a1344b0f5056d7991bb42765f3,,0,0,
WebGestor/Inventario/GuiaInterna/GuiaInterna_Nro_00033989.pdf,WebGestor/Inventario/GuiaInterna,GuiaInterna_Nro_00033989.pdf,.pdf,1942,2025-11-10T02:16:22Z,fdb3f731a2439a224f465c17c23569d8ce572f87,,0,0,
WebGestor/Inventario/GuiaInterna/GuiaInterna_Nro_00033991.pdf,WebGestor/Inventario/GuiaInterna,GuiaInterna_Nro_00033991.pdf,.pdf,2007,2025-11-10T02:16:22Z,497e0f231c84d3782e4ca207292b26fc81754deb,,0,0,
WebGestor/Inventario/GuiaInterna/GuiaInterna_Nro_00033992.pdf,WebGestor/Inventario/GuiaInterna,GuiaInterna_Nro_00033992.pdf,.pdf,1998,2025-11-10T02:16:22Z,1c79745ef0bad3b0d4bf845ec163e620d5629a09,,0,0,
WebGestor/Inventario/GuiaInterna/GuiaInterna_Nro_00033993.pdf,WebGestor/Inventario/GuiaInterna,GuiaInterna_Nro_00033993.pdf,.pdf,1971,2025-11-10T02:16:22Z,100b87f0bcd9b6d75fbe9ec39db38d58bf010c33,,0,0,
WebGestor/Inventario/GuiaInterna/GuiaInterna_Nro_00033994.pdf,WebGestor/Inventario/GuiaInterna,GuiaInterna_Nro_00033994.pdf,.pdf,1981,2025-11-10T02:16:22Z,676a753f434055afa5a59221d4193f2725f60c9f,,0,0,
WebGestor/Inventario/GuiaInterna/GuiaInterna_Nro_00033995.pdf,WebGestor/Inventario/GuiaInterna,GuiaInterna_Nro_00033995.pdf,.pdf,1975,2025-11-10T02:16:22Z,14dc940e1adfa64ac7176a8f856216de90af3665,,0,0,
WebGestor/Inventario/GuiaInterna/GuiaInterna_Nro_00033997.pdf,WebGestor/Inventario/GuiaInterna,GuiaInterna_Nro_00033997.pdf,.pdf,1923,2025-11-10T02:16:22Z,db13b6291db29a00ed61a659334b758cdb94231a,,0,0,
WebGestor/Inventario/GuiaInterna/GuiaInterna_Nro_00034009.pdf,WebGestor/Inventario/GuiaInterna,GuiaInterna_Nro_00034009.pdf,.pdf,1914,2025-11-10T02:16:22Z,37d10d5f99060a5992c65d9cc216079ef3517758,,0,0,
WebGestor/Inventario/GuiaInterna/GuiaInterna_Nro_00034010.pdf,WebGestor/Inventario/GuiaInterna,GuiaInterna_Nro_00034010.pdf,.pdf,1958,2025-11-10T02:16:22Z,08ddbe7665daaa58ee0318b6d8d62c6f0667321c,,0,0,
WebGestor/Inventario/GuiaInterna/GuiaInterna_Nro_00034011.pdf,WebGestor/Inventario/GuiaInterna,GuiaInterna_Nro_00034011.pdf,.pdf,1983,2025-11-10T02:16:22Z,94510377698b1654ad4362e92e10034fe2c7fb82,,0,0,
WebGestor/Inventario/GuiaInterna/GuiaInterna_Nro_00034012.pdf,WebGestor/Inventario/GuiaInterna,GuiaInterna_Nro_00034012.pdf,.pdf,1996,2025-11-10T02:16:22Z,6dbafabe13227181c6310497f3a47760706cdba2,,0,0,
WebGestor/Inventario/GuiaInterna/GuiaInterna_Nro_00034015.pdf,WebGestor/Inventario/GuiaInterna,GuiaInterna_Nro_00034015.pdf,.pdf,1958,2025-11-10T02:16:22Z,5884b4c1dcf1fd14e6bd465360f9ca74a2e97fa7,,0,0,
WebGestor/Inventario/GuiaInterna/GuiaInterna_Nro_00034016.pdf,WebGestor/Inventario/GuiaInterna,GuiaInterna_Nro_00034016.pdf,.pdf,1989,2025-11-10T02:16:22Z,f599cfdf85042948a4abff646deb6dddc5df4007,,0,0,
WebGestor/Inventario/GuiaInterna/GuiaInterna_Nro_00034017.pdf,WebGestor/Inventario/GuiaInterna,GuiaInterna_Nro_00034017.pdf,.pdf,2222,2025-11-10T02:16:22Z,0395f8ca3561c90c82c576f37fe085ff34a511bb,,0,0,
WebGestor/Inventario/GuiaInterna/GuiaInterna_Nro_00034018.pdf,WebGestor/Inventario/GuiaInterna,GuiaInterna_Nro_00034018.pdf,.pdf,2054,2025-11-10T02:16:22Z,692541d059a08a074cedcddf93f707418a84986f,,0,0,
WebGestor/Inventario/GuiaInterna/GuiaInterna_Nro_00034019.pdf,WebGestor/Inventario/GuiaInterna,GuiaInterna_Nro_00034019.pdf,.pdf,2013,2025-11-10T02:16:22Z,56b29b59efaeb2ba3de14b2eedbc6b1c0fde4dd4,,0,0,
WebGestor/Inventario/GuiaInterna/GuiaInterna_Nro_00034020.pdf,WebGestor/Inventario/GuiaInterna,GuiaInterna_Nro_00034020.pdf,.pdf,1970,2025-11-10T02:16:22Z,1bd9fe80458ca535fa01db96a3104c5a9979292e,,0,0,
WebGestor/Inventario/GuiaInterna/GuiaInterna_Nro_00034021.pdf,WebGestor/Inventario/GuiaInterna,GuiaInterna_Nro_00034021.pdf,.pdf,1994,2025-11-10T02:16:22Z,838fb687abcb28ee054e7854cad33bc9e2d94845,,0,0,
WebGestor/Inventario/GuiaInterna/GuiaInterna_Nro_00034022.pdf,WebGestor/Inventario/GuiaInterna,GuiaInterna_Nro_00034022.pdf,.pdf,2004,2025-11-10T02:16:22Z,9a957163092ce463503686f540c6b916a4f26254,,0,0,
WebGestor/Inventario/GuiaInterna/GuiaInterna_Nro_00034023.pdf,WebGestor/Inventario/GuiaInterna,GuiaInterna_Nro_00034023.pdf,.pdf,2008,2025-11-10T02:16:22Z,a6b533e4b71ee1d83cb89802bd652ec8f0f54962,,0,0,
WebGestor/Inventario/GuiaInterna/GuiaInterna_Nro_00034024.pdf,WebGestor/Inventario/GuiaInterna,GuiaInterna_Nro_00034024.pdf,.pdf,2030,2025-11-10T02:16:22Z,5a02d48b3ff0c79be4d0596ba4ff3f21e5702a45,,0,0,
WebGestor/Inventario/GuiaInterna/GuiaInterna_Nro_00034025.pdf,WebGestor/Inventario/GuiaInterna,GuiaInterna_Nro_00034025.pdf,.pdf,2033,2025-11-10T02:16:22Z,49397911c345013d5e9c0e86880c586d501bcce5,,0,0,
WebGestor/Inventario/GuiaInterna/GuiaInterna_Nro_00034026.pdf,WebGestor/Inventario/GuiaInterna,GuiaInterna_Nro_00034026.pdf,.pdf,1934,2025-11-10T02:16:22Z,acf97bbff4e68a349cd6a515a7872eb4cc0388ed,,0,0,
WebGestor/Inventario/GuiaInterna/GuiaInterna_Nro_00034027.pdf,WebGestor/Inventario/GuiaInterna,GuiaInterna_Nro_00034027.pdf,.pdf,1947,2025-11-10T02:16:22Z,f316cfcf5d3e7f3ce8cee04e63ff4e46c2341cf9,,0,0,
WebGestor/Inventario/GuiaInterna/GuiaInterna_Nro_00034028.pdf,WebGestor/Inventario/GuiaInterna,GuiaInterna_Nro_00034028.pdf,.pdf,2050,2025-11-10T02:16:22Z,55fec05588328a363a0137eaf1e056c50abbde1c,,0,0,
WebGestor/Inventario/GuiaInterna/GuiaInterna_Nro_00034029.pdf,WebGestor/Inventario/GuiaInterna,GuiaInterna_Nro_00034029.pdf,.pdf,1960,2025-11-10T02:16:22Z,2828bbdb47fe8550dd98a6b112b337d93ab4fbd4,,0,0,
WebGestor/Inventario/GuiaInterna/GuiaInterna_Nro_00034030.pdf,WebGestor/Inventario/GuiaInterna,GuiaInterna_Nro_00034030.pdf,.pdf,2141,2025-11-10T02:16:22Z,8db36024d8de06913bdf1ae99a898f5421e230b7,,0,0,
WebGestor/Inventario/GuiaInterna/GuiaInterna_Nro_00034031.pdf,WebGestor/Inventario/GuiaInterna,GuiaInterna_Nro_00034031.pdf,.pdf,1985,2025-11-10T02:16:22Z,80c83f809f1a98ce22a96e3cee0b9b56969c08e8,,0,0,
WebGestor/Inventario/GuiaInterna/GuiaInterna_Nro_00034032.pdf,WebGestor/Inventario/GuiaInterna,GuiaInterna_Nro_00034032.pdf,.pdf,2393,2025-11-10T02:16:22Z,d84b146c88e996d3cb265cc387f91f8c18930a23,,0,0,
WebGestor/Inventario/GuiaInterna/GuiaInterna_Nro_00034033.pdf,WebGestor/Inventario/GuiaInterna,GuiaInterna_Nro_00034033.pdf,.pdf,1887,2025-11-10T02:16:22Z,182c84a95c77afcdc12ab3315c9ca91fff76b3a1,,0,0,
WebGestor/Inventario/GuiaInterna/GuiaInterna_Nro_00034034.pdf,WebGestor/Inventario/GuiaInterna,GuiaInterna_Nro_00034034.pdf,.pdf,2056,2025-11-10T02:16:22Z,d2d7122a2c575868ef79b7d01da3143ed903282c,,0,0,
WebGestor/Inventario/GuiaInterna/GuiaInterna_Nro_00034036.pdf,WebGestor/Inventario/GuiaInterna,GuiaInterna_Nro_00034036.pdf,.pdf,1934,2025-11-10T02:16:22Z,3775a03f9641d55511089ebd48945c0c204d4196,,0,0,
WebGestor/Inventario/GuiaInterna/GuiaInterna_Nro_00034038.pdf,WebGestor/Inventario/GuiaInterna,GuiaInterna_Nro_00034038.pdf,.pdf,1924,2025-11-10T02:16:22Z,48cf31efe597acd2bd7373f15b825cbe67d67de8,,0,0,
WebGestor/Inventario/GuiaInterna/GuiaInterna_Nro_00034039.pdf,WebGestor/Inventario/GuiaInterna,GuiaInterna_Nro_00034039.pdf,.pdf,1970,2025-11-10T02:16:22Z,e6def2ee09f92e528961a45c527a3e335333243e,,0,0,
WebGestor/Inventario/GuiaInterna/GuiaInterna_Nro_00034040.pdf,WebGestor/Inventario/GuiaInterna,GuiaInterna_Nro_00034040.pdf,.pdf,1974,2025-11-10T02:16:22Z,28343ab1e9ffde39735e2d692c20ddf025ebab96,,0,0,
WebGestor/Inventario/GuiaInterna/GuiaInterna_Nro_00034041.pdf,WebGestor/Inventario/GuiaInterna,GuiaInterna_Nro_00034041.pdf,.pdf,1985,2025-11-10T02:16:22Z,2f65f64d290739112a9c31614a277035acf0cc3b,,0,0,
WebGestor/Inventario/GuiaInterna/GuiaInterna_Nro_00034042.pdf,WebGestor/Inventario/GuiaInterna,GuiaInterna_Nro_00034042.pdf,.pdf,1893,2025-11-10T02:16:22Z,0122bc199766833ee41c12e8409c92113d15e465,,0,0,
WebGestor/Inventario/GuiaInterna/GuiaInterna_Nro_00034043.pdf,WebGestor/Inventario/GuiaInterna,GuiaInterna_Nro_00034043.pdf,.pdf,1922,2025-11-10T02:16:22Z,817821efadc182a4f04aa539fe4fb5740dff61e6,,0,0,
WebGestor/Inventario/GuiaInterna/GuiaInterna_Nro_00034045.pdf,WebGestor/Inventario/GuiaInterna,GuiaInterna_Nro_00034045.pdf,.pdf,2033,2025-11-10T02:16:22Z,1769b28e5a473136a0274a5e96ba463193c262f2,,0,0,
WebGestor/Inventario/GuiaInterna/GuiaInterna_Nro_00034046.pdf,WebGestor/Inventario/GuiaInterna,GuiaInterna_Nro_00034046.pdf,.pdf,1962,2025-11-10T02:16:22Z,b941a11bb8572a7713e77efd7583efca1d4d4114,,0,0,
WebGestor/Inventario/GuiaInterna/GuiaInterna_Nro_00034047.pdf,WebGestor/Inventario/GuiaInterna,GuiaInterna_Nro_00034047.pdf,.pdf,1986,2025-11-10T02:16:22Z,289b17376ddb338a6fe5944adc676bd72ea350dd,,0,0,
WebGestor/Inventario/GuiaInterna/GuiaInterna_Nro_00034051.pdf,WebGestor/Inventario/GuiaInterna,GuiaInterna_Nro_00034051.pdf,.pdf,1981,2025-11-10T02:16:22Z,c15a979f7c74a563e7503e7473630e7c4545ab19,,0,0,
WebGestor/Inventario/GuiaInterna/GuiaInterna_Nro_00034055.pdf,WebGestor/Inventario/GuiaInterna,GuiaInterna_Nro_00034055.pdf,.pdf,1981,2025-11-10T02:16:22Z,4a396898b10b1d34619eb532e85b388d5c0ebd47,,0,0,
WebGestor/Inventario/GuiaInterna/GuiaInterna_Nro_00034057.pdf,WebGestor/Inventario/GuiaInterna,GuiaInterna_Nro_00034057.pdf,.pdf,1993,2025-11-10T02:16:22Z,86a10f1deb15098add4783664c878680c9d77de4,,0,0,
WebGestor/Inventario/GuiaInterna/GuiaInterna_Nro_00034061.pdf,WebGestor/Inventario/GuiaInterna,GuiaInterna_Nro_00034061.pdf,.pdf,1958,2025-11-10T02:16:22Z,0802baca28f2ba5c316df75157b54312665509cc,,0,0,
WebGestor/Inventario/GuiaInterna/GuiaInterna_Nro_00034062.pdf,WebGestor/Inventario/GuiaInterna,GuiaInterna_Nro_00034062.pdf,.pdf,1953,2025-11-10T02:16:22Z,caa502e65ed9d4923593973fc8013052a5b79525,,0,0,
WebGestor/Inventario/GuiaInterna/GuiaInterna_Nro_00034063.pdf,WebGestor/Inventario/GuiaInterna,GuiaInterna_Nro_00034063.pdf,.pdf,1988,2025-11-10T02:16:22Z,bab4ecf301f889a592b124c1c90885589b5a1edb,,0,0,
WebGestor/Inventario/GuiaInterna/GuiaInterna_Nro_00034066.pdf,WebGestor/Inventario/GuiaInterna,GuiaInterna_Nro_00034066.pdf,.pdf,1928,2025-11-10T02:16:22Z,1e97bb405a91c36f19f48943eaaeb6e74978dc78,,0,0,
WebGestor/Inventario/GuiaInterna/GuiaInterna_Nro_00034073.pdf,WebGestor/Inventario/GuiaInterna,GuiaInterna_Nro_00034073.pdf,.pdf,1974,2025-11-10T02:16:22Z,bd5f74219a8a792afc76201195327d998550a0a5,,0,0,
WebGestor/Inventario/GuiaInterna/GuiaInterna_Nro_00034074.pdf,WebGestor/Inventario/GuiaInterna,GuiaInterna_Nro_00034074.pdf,.pdf,1994,2025-11-10T02:16:22Z,cd3004386bc3c3e6f596c364a96803661f68b856,,0,0,
WebGestor/Inventario/GuiaInterna/GuiaInterna_Nro_00034075.pdf,WebGestor/Inventario/GuiaInterna,GuiaInterna_Nro_00034075.pdf,.pdf,1970,2025-11-10T02:16:22Z,b9d456f9969f3eccf40cebd7b3672b7c24c64bde,,0,0,
WebGestor/Inventario/GuiaInterna/GuiaInterna_Nro_00034076.pdf,WebGestor/Inventario/GuiaInterna,GuiaInterna_Nro_00034076.pdf,.pdf,1968,2025-11-10T02:16:22Z,9a9b1622565a60a8e90e513dacb7ed87ec74b360,,0,0,
WebGestor/Inventario/GuiaInterna/GuiaInterna_Nro_00034077.pdf,WebGestor/Inventario/GuiaInterna,GuiaInterna_Nro_00034077.pdf,.pdf,1964,2025-11-10T02:16:22Z,01f239d8d849d2fae23c9d31fa79d9d3a366626a,,0,0,
WebGestor/Inventario/GuiaInterna/GuiaInterna_Nro_00034078.pdf,WebGestor/Inventario/GuiaInterna,GuiaInterna_Nro_00034078.pdf,.pdf,1993,2025-11-10T02:16:22Z,60adc98bb3f2c438950ed24c70d2b414d56b1d88,,0,0,
WebGestor/Inventario/GuiaInterna/GuiaInterna_Nro_00034079.pdf,WebGestor/Inventario/GuiaInterna,GuiaInterna_Nro_00034079.pdf,.pdf,2020,2025-11-10T02:16:22Z,c70c07945aff22dc2583622e1f0084d2ec3b218e,,0,0,
WebGestor/Inventario/GuiaInterna/GuiaInterna_Nro_00034080.pdf,WebGestor/Inventario/GuiaInterna,GuiaInterna_Nro_00034080.pdf,.pdf,1989,2025-11-10T02:16:22Z,5642573f4776105ab4296a7a9dab49586764f200,,0,0,
WebGestor/Inventario/GuiaInterna/GuiaInterna_Nro_00034081.pdf,WebGestor/Inventario/GuiaInterna,GuiaInterna_Nro_00034081.pdf,.pdf,1952,2025-11-10T02:16:22Z,2a27f3d76ce387d127e63ca42c3a7315db236aba,,0,0,
WebGestor/Inventario/GuiaInterna/GuiaInterna_Nro_00034082.pdf,WebGestor/Inventario/GuiaInterna,GuiaInterna_Nro_00034082.pdf,.pdf,1960,2025-11-10T02:16:22Z,ed2c516a80c1a11f206ee393cea2f41a32bd7db2,,0,0,
WebGestor/Inventario/GuiaInterna/GuiaInterna_Nro_00034083.pdf,WebGestor/Inventario/GuiaInterna,GuiaInterna_Nro_00034083.pdf,.pdf,1940,2025-11-10T02:16:22Z,4146917aebb82554a8c7a450db47facb708e4d90,,0,0,
WebGestor/Inventario/GuiaInterna/GuiaInterna_Nro_00034084.pdf,WebGestor/Inventario/GuiaInterna,GuiaInterna_Nro_00034084.pdf,.pdf,1976,2025-11-10T02:16:22Z,2bf4effa66207c2eb2c816bbe9cc6073075eefeb,,0,0,
WebGestor/Inventario/GuiaInterna/GuiaInterna_Nro_00034085.pdf,WebGestor/Inventario/GuiaInterna,GuiaInterna_Nro_00034085.pdf,.pdf,2116,2025-11-10T02:16:22Z,8941d406e3e23cd92e79f93639817ddd0804f183,,0,0,
WebGestor/Inventario/GuiaInterna/GuiaInterna_Nro_00034091.pdf,WebGestor/Inventario/GuiaInterna,GuiaInterna_Nro_00034091.pdf,.pdf,2041,2025-11-10T02:16:22Z,c0a6c0c7fac94dd3867f75edccffe37e67802e93,,0,0,
WebGestor/Inventario/GuiaInterna/GuiaInterna_Nro_00034092.pdf,WebGestor/Inventario/GuiaInterna,GuiaInterna_Nro_00034092.pdf,.pdf,1992,2025-11-10T02:16:22Z,86eef7c866585930dad70733e329d3135c685256,,0,0,
WebGestor/Inventario/GuiaInterna/GuiaInterna_Nro_00034093.pdf,WebGestor/Inventario/GuiaInterna,GuiaInterna_Nro_00034093.pdf,.pdf,2070,2025-11-10T02:16:22Z,6900cf522f8df40ec11886eabc67edbb6646ecdf,,0,0,
WebGestor/Inventario/GuiaInterna/GuiaInterna_Nro_00034094.pdf,WebGestor/Inventario/GuiaInterna,GuiaInterna_Nro_00034094.pdf,.pdf,1915,2025-11-10T02:16:22Z,a549e676691b48cc8b3c371d6b4b9516cadeb81f,,0,0,
WebGestor/Inventario/GuiaInterna/GuiaInterna_Nro_00034098.pdf,WebGestor/Inventario/GuiaInterna,GuiaInterna_Nro_00034098.pdf,.pdf,1985,2025-11-10T02:16:22Z,b0247151856267dcc780b91ef456fb4dd24a2448,,0,0,
WebGestor/Inventario/GuiaInterna/GuiaInterna_Nro_00034099.pdf,WebGestor/Inventario/GuiaInterna,GuiaInterna_Nro_00034099.pdf,.pdf,1981,2025-11-10T02:16:22Z,234bdda1a2f01efc9a146e2d4dc56b4ca7a5ee9a,,0,0,
WebGestor/Inventario/GuiaInterna/GuiaInterna_Nro_00034100.pdf,WebGestor/Inventario/GuiaInterna,GuiaInterna_Nro_00034100.pdf,.pdf,1981,2025-11-10T02:16:22Z,2f65c567395b0916cc7a7582deacb836f5ae9dc9,,0,0,
WebGestor/Inventario/GuiaInterna/GuiaInterna_Nro_00034101.pdf,WebGestor/Inventario/GuiaInterna,GuiaInterna_Nro_00034101.pdf,.pdf,1885,2025-11-10T02:16:22Z,1a7b614d59b51d0500cf92873b567b993b56e676,,0,0,
WebGestor/Inventario/GuiaInterna/GuiaInterna_Nro_00034105.pdf,WebGestor/Inventario/GuiaInterna,GuiaInterna_Nro_00034105.pdf,.pdf,1938,2025-11-10T02:16:22Z,90188ecd6c8cf656edf5dc6715d4898cf506841a,,0,0,
WebGestor/Inventario/GuiaInterna/GuiaInterna_Nro_00034106.pdf,WebGestor/Inventario/GuiaInterna,GuiaInterna_Nro_00034106.pdf,.pdf,2242,2025-11-10T02:16:22Z,b7ce045bee173aa2d68fb5b9f13ff7e8b11d3c98,,0,0,
WebGestor/Inventario/GuiaInterna/GuiaInterna_Nro_00034108.pdf,WebGestor/Inventario/GuiaInterna,GuiaInterna_Nro_00034108.pdf,.pdf,1978,2025-11-10T02:16:22Z,d1ae74572bbe6494754fceb3a5303a82535548e3,,0,0,
WebGestor/Inventario/GuiaInterna/GuiaInterna_Nro_00034109.pdf,WebGestor/Inventario/GuiaInterna,GuiaInterna_Nro_00034109.pdf,.pdf,1979,2025-11-10T02:16:22Z,b9f6f1954eb9a1b8b64a705e6c4b2c83f4a06db3,,0,0,
WebGestor/Inventario/GuiaInterna/GuiaInterna_Nro_00034110.pdf,WebGestor/Inventario/GuiaInterna,GuiaInterna_Nro_00034110.pdf,.pdf,1967,2025-11-10T02:16:22Z,274e872d31acc33551dc67893cb6aeafc4ad311a,,0,0,
WebGestor/Inventario/GuiaInterna/GuiaInterna_Nro_00034111.pdf,WebGestor/Inventario/GuiaInterna,GuiaInterna_Nro_00034111.pdf,.pdf,1965,2025-11-10T02:16:22Z,60b7d170dc6236b72ef5ab945f420b6c9183d054,,0,0,
WebGestor/Inventario/GuiaInterna/GuiaInterna_Nro_00034112.pdf,WebGestor/Inventario/GuiaInterna,GuiaInterna_Nro_00034112.pdf,.pdf,1992,2025-11-10T02:16:22Z,b5e89bdd784a831f20ca3ccb81055c1a951dc9c3,,0,0,
WebGestor/Inventario/GuiaInterna/GuiaInterna_Nro_00034113.pdf,WebGestor/Inventario/GuiaInterna,GuiaInterna_Nro_00034113.pdf,.pdf,1940,2025-11-10T02:16:22Z,28b6ed431e70622d31a95b42b39a7c818566ce49,,0,0,
WebGestor/Inventario/GuiaInterna/GuiaInterna_Nro_00034114.pdf,WebGestor/Inventario/GuiaInterna,GuiaInterna_Nro_00034114.pdf,.pdf,1973,2025-11-10T02:16:22Z,1f53cdc6efd0321b3ce8dee30b6825735d9b6487,,0,0,
WebGestor/Inventario/GuiaInterna/GuiaInterna_Nro_00034154.pdf,WebGestor/Inventario/GuiaInterna,GuiaInterna_Nro_00034154.pdf,.pdf,1930,2025-11-10T02:16:22Z,8ebd9bf26af22024bb9e5d4835af0313965cf1aa,,0,0,
WebGestor/Inventario/GuiaInterna/GuiaInterna_Nro_00034167.pdf,WebGestor/Inventario/GuiaInterna,GuiaInterna_Nro_00034167.pdf,.pdf,1933,2025-11-10T02:16:22Z,dbcc813bc83471941bb40f006e8269ca8a819c3b,,0,0,
WebGestor/Inventario/GuiaInterna/GuiaInterna_Nro_00034169.pdf,WebGestor/Inventario/GuiaInterna,GuiaInterna_Nro_00034169.pdf,.pdf,1957,2025-11-10T02:16:22Z,4a8295343164112f25dc79158fd31b70de8e7f87,,0,0,
WebGestor/Inventario/GuiaInterna/GuiaInterna_Nro_00034177.pdf,WebGestor/Inventario/GuiaInterna,GuiaInterna_Nro_00034177.pdf,.pdf,1983,2025-11-10T02:16:22Z,7551117cf21e26da14031cdc5fcaf6f42c8e23cc,,0,0,
WebGestor/Inventario/GuiaInterna/GuiaInterna_Nro_00034179.pdf,WebGestor/Inventario/GuiaInterna,GuiaInterna_Nro_00034179.pdf,.pdf,1915,2025-11-10T02:16:22Z,d489724bd79886b966c180eb0eceb9b50bafd497,,0,0,
WebGestor/Inventario/GuiaInterna/GuiaInterna_Nro_00034185.pdf,WebGestor/Inventario/GuiaInterna,GuiaInterna_Nro_00034185.pdf,.pdf,1968,2025-11-10T02:16:22Z,8a3f4c703fcbc4d879bfbb60c7cdd5e88a5ee81a,,0,0,
WebGestor/Inventario/GuiaInterna/GuiaInterna_Nro_00034186.pdf,WebGestor/Inventario/GuiaInterna,GuiaInterna_Nro_00034186.pdf,.pdf,1943,2025-11-10T02:16:22Z,bf9a2842f356188dd2e09eb047a0a12a9880009b,,0,0,
WebGestor/Inventario/GuiaInterna/GuiaInterna_Nro_00034190.pdf,WebGestor/Inventario/GuiaInterna,GuiaInterna_Nro_00034190.pdf,.pdf,2019,2025-11-10T02:16:22Z,08af59f61ae38b329b8daa0136b1acd9651ae968,,0,0,
WebGestor/Inventario/GuiaInterna/GuiaInterna_Nro_00034194.pdf,WebGestor/Inventario/GuiaInterna,GuiaInterna_Nro_00034194.pdf,.pdf,2007,2025-11-10T02:16:22Z,522287c59ea9ba43b1b121fcd7e7f04292dc16df,,0,0,
WebGestor/Inventario/GuiaInterna/GuiaInterna_Nro_00034196.pdf,WebGestor/Inventario/GuiaInterna,GuiaInterna_Nro_00034196.pdf,.pdf,1937,2025-11-10T02:16:22Z,bee9dfef8aa638d7053a1c94ed39e27160fe2780,,0,0,
WebGestor/Inventario/GuiaInterna/GuiaInterna_Nro_00034197.pdf,WebGestor/Inventario/GuiaInterna,GuiaInterna_Nro_00034197.pdf,.pdf,1958,2025-11-10T02:16:22Z,6210ef8910da294f1774a492af92f5db79df61f1,,0,0,
WebGestor/Inventario/GuiaInterna/GuiaInterna_Nro_00034208.pdf,WebGestor/Inventario/GuiaInterna,GuiaInterna_Nro_00034208.pdf,.pdf,2041,2025-11-10T02:16:22Z,be090bdb0a06791df35657861a5b5971d6cc9387,,0,0,
WebGestor/Inventario/GuiaInterna/GuiaInterna_Nro_00034211.pdf,WebGestor/Inventario/GuiaInterna,GuiaInterna_Nro_00034211.pdf,.pdf,2000,2025-11-10T02:16:22Z,0a7fd77a1358668f1d00c9afab432ba47b53aa0e,,0,0,
WebGestor/Inventario/GuiaInterna/GuiaInterna_Nro_00034212.pdf,WebGestor/Inventario/GuiaInterna,GuiaInterna_Nro_00034212.pdf,.pdf,2012,2025-11-10T02:16:22Z,d3f99ea6473d6c34f16c323d2b2364a03c204d5d,,0,0,
WebGestor/Inventario/GuiaInterna/GuiaInterna_Nro_00034215.pdf,WebGestor/Inventario/GuiaInterna,GuiaInterna_Nro_00034215.pdf,.pdf,1914,2025-11-10T02:16:22Z,4f611ef3c819de18e724cd59b45b92ee69895598,,0,0,
WebGestor/Inventario/GuiaInterna/GuiaInterna_Nro_00034216.pdf,WebGestor/Inventario/GuiaInterna,GuiaInterna_Nro_00034216.pdf,.pdf,1941,2025-11-10T02:16:22Z,d3f29df19be6babacd01b473a8878191c8db642f,,0,0,
WebGestor/Inventario/GuiaInterna/GuiaInterna_Nro_00034218.pdf,WebGestor/Inventario/GuiaInterna,GuiaInterna_Nro_00034218.pdf,.pdf,2001,2025-11-10T02:16:22Z,d1ab429e824098da6a65a61e40636d0fd09a8154,,0,0,
WebGestor/Inventario/GuiaInterna/GuiaInterna_Nro_00034220.pdf,WebGestor/Inventario/GuiaInterna,GuiaInterna_Nro_00034220.pdf,.pdf,1911,2025-11-10T02:16:22Z,a8fc6b075f3d6b7517973e2edfba12b8c87877df,,0,0,
WebGestor/Inventario/GuiaInterna/GuiaInterna_Nro_00034221.pdf,WebGestor/Inventario/GuiaInterna,GuiaInterna_Nro_00034221.pdf,.pdf,2014,2025-11-10T02:16:22Z,bffa80ded06ef532d2ea4b37a2ceee1e9a1102fb,,0,0,
WebGestor/Inventario/GuiaInterna/GuiaInterna_Nro_00034222.pdf,WebGestor/Inventario/GuiaInterna,GuiaInterna_Nro_00034222.pdf,.pdf,1996,2025-11-10T02:16:22Z,a024b4a4df1c795d9b0ffb2d75e9599b7eb8989a,,0,0,
WebGestor/Inventario/GuiaInterna/GuiaInterna_Nro_00034223.pdf,WebGestor/Inventario/GuiaInterna,GuiaInterna_Nro_00034223.pdf,.pdf,2009,2025-11-10T02:16:22Z,d04e3350679f322bb96ac505b1229bb0c706c0bb,,0,0,
WebGestor/Inventario/GuiaInterna/GuiaInterna_Nro_00034224.pdf,WebGestor/Inventario/GuiaInterna,GuiaInterna_Nro_00034224.pdf,.pdf,2003,2025-11-10T02:16:22Z,8be8f8f5a6702df70ad4b74cb7e8258dfbe39e4a,,0,0,
WebGestor/Inventario/GuiaInterna/GuiaInterna_Nro_00034225.pdf,WebGestor/Inventario/GuiaInterna,GuiaInterna_Nro_00034225.pdf,.pdf,2037,2025-11-10T02:16:22Z,82eefef189f1b1e3f9dfd124e4f7bc357f97d717,,0,0,
WebGestor/Inventario/GuiaInterna/GuiaInterna_Nro_00034226.pdf,WebGestor/Inventario/GuiaInterna,GuiaInterna_Nro_00034226.pdf,.pdf,1990,2025-11-10T02:16:22Z,304ccbc33e597d4be1d989fc34336491bc0faaaa,,0,0,
WebGestor/Inventario/GuiaRemision/20100130204-09-TABD-00000328.xml,WebGestor/Inventario/GuiaRemision,20100130204-09-TABD-00000328.xml,.xml,10317,2025-11-10T02:16:22Z,e7d9c2fcaabf3b0e3536c9a03e3d5d7553a85b9f,,0,0,
WebGestor/Inventario/GuiaRemision/CargaMasiva/CUADRO MOV  INFORMATICA SATELITE2 - OCTUBRE 2024.xlsx,WebGestor/Inventario/GuiaRemision/CargaMasiva,CUADRO MOV  INFORMATICA SATELITE2 - OCTUBRE 2024.xlsx,.xlsx,2727270,2025-11-10T02:16:22Z,3ce78fdfaf31fc4d710a7d3e01d1b051a4773ed0,,0,0,
WebGestor/Inventario/GuiaRemision/CargaMasiva/Copia de CUADRO MOV  INFORMATICA SATELITE2 - OCTUBRE 2024.xlsx,WebGestor/Inventario/GuiaRemision/CargaMasiva,Copia de CUADRO MOV  INFORMATICA SATELITE2 - OCTUBRE 2024.xlsx,.xlsx,4026663,2025-11-10T02:16:22Z,818cf189081b2aa52fffe25b49e899ce56c04a1f,,0,0,
WebGestor/Inventario/GuiaRemision/CargaMasiva/Copia de SERIES.xlsx,WebGestor/Inventario/GuiaRemision/CargaMasiva,Copia de SERIES.xlsx,.xlsx,29515,2025-11-10T02:16:22Z,275da6dee33c7ab3ac5837749da6d4095d2598f1,,0,0,
WebGestor/Inventario/GuiaRemision/CargaMasiva/Recepción de Bienes en Desuso_Placado_05.02.2025.xlsx,WebGestor/Inventario/GuiaRemision/CargaMasiva,Recepción de Bienes en Desuso_Placado_05.02.2025.xlsx,.xlsx,22572,2025-11-10T02:16:22Z,f490eda1bfa39604171343c6022dbb5f9b5d3eed,,0,0,
WebGestor/Inventario/GuiaRemision/CargaMasiva/SERIES.xlsx,WebGestor/Inventario/GuiaRemision/CargaMasiva,SERIES.xlsx,.xlsx,34767,2025-11-10T02:16:22Z,739007b4b243552a7d6470fd0fa98e2674d0c775,,0,0,
WebGestor/Inventario/GuiaRemision/TABD-247 GAMBETTA 09SET.pdf,WebGestor/Inventario/GuiaRemision,TABD-247 GAMBETTA 09SET.pdf,.pdf,38673,2025-11-10T02:16:22Z,8b3359a883f72f81968c1c12446c40e61c620995,,0,0,
WebGestor/Inventario/GuiaRemision/TABD-248 CORPAC RECOJO 09SET.pdf,WebGestor/Inventario/GuiaRemision,TABD-248 CORPAC RECOJO 09SET.pdf,.pdf,37168,2025-11-10T02:16:22Z,ecd77810f03cedb17b44b9e7aa925187d2d32abb,,0,0,
WebGestor/Inventario/GuiaRemision/TABD-261-MOYOBAMBA 14SET.pdf,WebGestor/Inventario/GuiaRemision,TABD-261-MOYOBAMBA 14SET.pdf,.pdf,37972,2025-11-10T02:16:22Z,33c44a2423f05ee97bc8129d702ebb7d550caa23,,0,0,
WebGestor/Inventario/GuiaRemision/TABD-263-AREQUIPA RECOJO 15SET.pdf,WebGestor/Inventario/GuiaRemision,TABD-263-AREQUIPA RECOJO 15SET.pdf,.pdf,38086,2025-11-10T02:16:22Z,90625d9ad7c1d7be11ed94c33b98b2e6ec9d1431,,0,0,
WebGestor/Inventario/GuiaRemision/TABD-71CR CHACLACAYO.pdf,WebGestor/Inventario/GuiaRemision,TABD-71CR CHACLACAYO.pdf,.pdf,37980,2025-11-10T02:16:22Z,7be718942ab602bd67d6560a5ab75a60e7b1dc7b,,0,0,
WebGestor/Inventario/GuiaRemision/TABD-82 BELEN IQUITOS 21JUL.pdf,WebGestor/Inventario/GuiaRemision,TABD-82 BELEN IQUITOS 21JUL.pdf,.pdf,38048,2025-11-10T02:16:22Z,0921c5e1e1683b26bda2cafa4da581d0d3f08515,,0,0,
WebGestor/Inventario/GuiaRemision/TABD1-IQUITOS301.pdf,WebGestor/Inventario/GuiaRemision,TABD1-IQUITOS301.pdf,.pdf,37300,2025-11-10T02:16:22Z,c37472f7eef9cbd4b5e8de7106da9c098277398b,,0,0,
WebGestor/Inventario/GuiaRemision/TABD10-EL REMANSO.pdf,WebGestor/Inventario/GuiaRemision,TABD10-EL REMANSO.pdf,.pdf,37657,2025-11-10T02:16:22Z,8e5b2d08116b08a7c029b1c80af4ee0ba92afe93,,0,0,
WebGestor/Inventario/GuiaRemision/TABD100-MIRAFLORES AREQUIPA 25JUL.pdf,WebGestor/Inventario/GuiaRemision,TABD100-MIRAFLORES AREQUIPA 25JUL.pdf,.pdf,152920,2025-11-10T02:16:22Z,f3a61f7a83151132c6b7e1c8249ddc0195e1f054,,0,0,
WebGestor/Inventario/GuiaRemision/TABD101-NESTLE RECOJO 25JUL RECOJO.pdf,WebGestor/Inventario/GuiaRemision,TABD101-NESTLE RECOJO 25JUL RECOJO.pdf,.pdf,37746,2025-11-10T02:16:22Z,b116c440b489e7ba19ef5a9fe385afebb3659fa7,,0,0,
WebGestor/Inventario/GuiaRemision/TABD102-UNIVERSITARIA FREIRE 25JUL RECOJO.pdf,WebGestor/Inventario/GuiaRemision,TABD102-UNIVERSITARIA FREIRE 25JUL RECOJO.pdf,.pdf,38299,2025-11-10T02:16:22Z,1b046a3530e243ebaba4b75db5da47dc8c67836c,,0,0,
WebGestor/Inventario/GuiaRemision/TABD103-CC AURORA 25JUL RECOJO.pdf,WebGestor/Inventario/GuiaRemision,TABD103-CC AURORA 25JUL RECOJO.pdf,.pdf,38358,2025-11-10T02:16:22Z,6bc93cfa2d7c36faea1f11b8486b5520741414b0,,0,0,
WebGestor/Inventario/GuiaRemision/TABD106-GAMARRA 26JUL.pdf,WebGestor/Inventario/GuiaRemision,TABD106-GAMARRA 26JUL.pdf,.pdf,37336,2025-11-10T02:16:22Z,fac7481c70f98da5ec961de8aa88a6bfbb4ac992,,0,0,
WebGestor/Inventario/GuiaRemision/TABD107-ARAMBURU 26JUL.pdf,WebGestor/Inventario/GuiaRemision,TABD107-ARAMBURU 26JUL.pdf,.pdf,37447,2025-11-10T02:16:22Z,f82aca740fff8d23cd5dea3a3d3b678bddf6fe1b,,0,0,
WebGestor/Inventario/GuiaRemision/TABD108-EL PORVENIR.pdf,WebGestor/Inventario/GuiaRemision,TABD108-EL PORVENIR.pdf,.pdf,153195,2025-11-10T02:16:22Z,8741798083ea6cda5aa7a582f448f6e945d8cadf,,0,0,
WebGestor/Inventario/GuiaRemision/TABD109-RIMAC 26JUL.pdf,WebGestor/Inventario/GuiaRemision,TABD109-RIMAC 26JUL.pdf,.pdf,37513,2025-11-10T02:16:22Z,b50c69161d951b0e29928493087edb89c8caf491,,0,0,
WebGestor/Inventario/GuiaRemision/TABD11-MINKA.pdf,WebGestor/Inventario/GuiaRemision,TABD11-MINKA.pdf,.pdf,37481,2025-11-10T02:16:22Z,4bbae031ca8d77b238d4b3900488b403e5d5801a,,0,0,
WebGestor/Inventario/GuiaRemision/TABD110-LA PLANICIE 26JUL.pdf,WebGestor/Inventario/GuiaRemision,TABD110-LA PLANICIE 26JUL.pdf,.pdf,37772,2025-11-10T02:16:22Z,ebb1014ad5729d8363d6666142ffdfab3526e03d,,0,0,
WebGestor/Inventario/GuiaRemision/TABD111-MIRAFLORES RECOJO 27JUL.pdf,WebGestor/Inventario/GuiaRemision,TABD111-MIRAFLORES RECOJO 27JUL.pdf,.pdf,37968,2025-11-10T02:16:22Z,94c51cdb800bdf0c364e7dcbf4289767cdea0655,,0,0,
WebGestor/Inventario/GuiaRemision/TABD112-SAN FELIPE COMAS 27JUL.pdf,WebGestor/Inventario/GuiaRemision,TABD112-SAN FELIPE COMAS 27JUL.pdf,.pdf,37955,2025-11-10T02:16:22Z,8946ed8af26dcb61eadc8513b65a9f02abb80dd5,,0,0,
WebGestor/Inventario/GuiaRemision/TABD113-CAMACHO 27JUL.pdf,WebGestor/Inventario/GuiaRemision,TABD113-CAMACHO 27JUL.pdf,.pdf,37664,2025-11-10T02:16:22Z,e34287a2faa891a3ef5f491651b99d93499ab2f8,,0,0,
WebGestor/Inventario/GuiaRemision/TABD114-BARRANCA RECOJO 27JUL.pdf,WebGestor/Inventario/GuiaRemision,TABD114-BARRANCA RECOJO 27JUL.pdf,.pdf,37261,2025-11-10T02:16:22Z,eccd72cd876b9a843b4430775822f252abd34142,,0,0,
WebGestor/Inventario/GuiaRemision/TABD115-HUSARES DE JUNIN RECOJO 27JUL.pdf,WebGestor/Inventario/GuiaRemision,TABD115-HUSARES DE JUNIN RECOJO 27JUL.pdf,.pdf,38648,2025-11-10T02:16:22Z,a08753f339565b6a5df63473375b31a20cf73cac,,0,0,
WebGestor/Inventario/GuiaRemision/TABD116-BECLIMA CENTRO 31JUL.pdf,WebGestor/Inventario/GuiaRemision,TABD116-BECLIMA CENTRO 31JUL.pdf,.pdf,37727,2025-11-10T02:16:22Z,017a0ba52b08dfd9245421131f4741c54ce5d609,,0,0,
WebGestor/Inventario/GuiaRemision/TABD117-LIMA CARGO CITY 31JUL RECOJO.pdf,WebGestor/Inventario/GuiaRemision,TABD117-LIMA CARGO CITY 31JUL RECOJO.pdf,.pdf,37864,2025-11-10T02:16:22Z,7aeeffd0cf09a0b7fda03045e45ee8b0bcbb14ec,,0,0,
WebGestor/Inventario/GuiaRemision/TABD118-BE LA MOLINA 31JUL.pdf,WebGestor/Inventario/GuiaRemision,TABD118-BE LA MOLINA 31JUL.pdf,.pdf,37998,2025-11-10T02:16:22Z,0846405b895085a44f8acfc6379ab9f0dc7bb78d,,0,0,
WebGestor/Inventario/GuiaRemision/TABD119-ANDAHUAYLAS 01AGO.pdf,WebGestor/Inventario/GuiaRemision,TABD119-ANDAHUAYLAS 01AGO.pdf,.pdf,37924,2025-11-10T02:16:22Z,e24d971b52519c148b7e15e0fd2365a74bd5636c,,0,0,
WebGestor/Inventario/GuiaRemision/TABD12-BE CUSCO.pdf,WebGestor/Inventario/GuiaRemision,TABD12-BE CUSCO.pdf,.pdf,37341,2025-11-10T02:16:22Z,1d3a37a2c196c51217fecea964e2f0f45c4c2a2a,,0,0,
WebGestor/Inventario/GuiaRemision/TABD120-TINGO MARIA 01AGO.pdf,WebGestor/Inventario/GuiaRemision,TABD120-TINGO MARIA 01AGO.pdf,.pdf,38189,2025-11-10T02:16:22Z,02601f26105ec153af7997443a81906067a0fb30,,0,0,
WebGestor/Inventario/GuiaRemision/TABD121-IQUITOS 01AGO.pdf,WebGestor/Inventario/GuiaRemision,TABD121-IQUITOS 01AGO.pdf,.pdf,37472,2025-11-10T02:16:22Z,b27b8ef8cef6e85af10802e797a72c047ac0efad,,0,0,
WebGestor/Inventario/GuiaRemision/TABD122-PQUE IND. AREQUIPA 01AGO.pdf,WebGestor/Inventario/GuiaRemision,TABD122-PQUE IND. AREQUIPA 01AGO.pdf,.pdf,38268,2025-11-10T02:16:22Z,b63b20b2e9c170c243ee8fc627945bdb65f03068,,0,0,
WebGestor/Inventario/GuiaRemision/TABD123-MEGA PZA CHIMBOTE 01AGO.pdf,WebGestor/Inventario/GuiaRemision,TABD123-MEGA PZA CHIMBOTE 01AGO.pdf,.pdf,37470,2025-11-10T02:16:22Z,162687e13c53a0abafb165f16ebaf445be5b0013,,0,0,
WebGestor/Inventario/GuiaRemision/TABD124-LAS BEGONIAS 01AGO.pdf,WebGestor/Inventario/GuiaRemision,TABD124-LAS BEGONIAS 01AGO.pdf,.pdf,37448,2025-11-10T02:16:22Z,d602c9a7f45055162de041845779b2007e233501,,0,0,
WebGestor/Inventario/GuiaRemision/TABD125-VENEZUELA 2 03AGO.pdf,WebGestor/Inventario/GuiaRemision,TABD125-VENEZUELA 2 03AGO.pdf,.pdf,37495,2025-11-10T02:16:22Z,377b14ded942727c3fb7d2842a636805fb533b12,,0,0,
WebGestor/Inventario/GuiaRemision/TABD126-IQUITOS 03AGO.pdf,WebGestor/Inventario/GuiaRemision,TABD126-IQUITOS 03AGO.pdf,.pdf,37649,2025-11-10T02:16:22Z,52025b9c8048d3d0d45adaa1d4ba3b29c345664e,,0,0,
WebGestor/Inventario/GuiaRemision/TABD127-LIMA 03AGO.pdf,WebGestor/Inventario/GuiaRemision,TABD127-LIMA 03AGO.pdf,.pdf,37529,2025-11-10T02:16:22Z,18d3ed990d55b991f886a60a572247b65c2ba112,,0,0,
WebGestor/Inventario/GuiaRemision/TABD128-REAL PZA C.CIVICO 03AGO.pdf,WebGestor/Inventario/GuiaRemision,TABD128-REAL PZA C.CIVICO 03AGO.pdf,.pdf,37447,2025-11-10T02:16:22Z,4516699a33e8f880f6fc7ac0f6b8ec2c270c4391,,0,0,
WebGestor/Inventario/GuiaRemision/TABD129-PREMIUM EL POLO 03AGO.pdf,WebGestor/Inventario/GuiaRemision,TABD129-PREMIUM EL POLO 03AGO.pdf,.pdf,38225,2025-11-10T02:16:22Z,b1408755719eac2b64eab5f27766bdcfc574b1ec,,0,0,
WebGestor/Inventario/GuiaRemision/TABD13-DOS DE MAYO.pdf,WebGestor/Inventario/GuiaRemision,TABD13-DOS DE MAYO.pdf,.pdf,37816,2025-11-10T02:16:22Z,4c33b6a0ae602ef18b2419396cbf778aa90e166c,,0,0,
WebGestor/Inventario/GuiaRemision/TABD130-PREMIUM PARDO Y ALIAGA 03AGO.pdf,WebGestor/Inventario/GuiaRemision,TABD130-PREMIUM PARDO Y ALIAGA 03AGO.pdf,.pdf,38198,2025-11-10T02:16:22Z,ff59f7b59b47b3e388855e23de96d4021ca5c3f0,,0,0,
WebGestor/Inventario/GuiaRemision/TABD131-VENTA PEDRO SANCHEZ SEDE 04AGO.pdf,WebGestor/Inventario/GuiaRemision,TABD131-VENTA PEDRO SANCHEZ SEDE 04AGO.pdf,.pdf,38306,2025-11-10T02:16:22Z,f02d3ae4685ba568c5120ec3d8387c6776094c14,,0,0,
WebGestor/Inventario/GuiaRemision/TABD132-VENTA PEDRO SANCHEZ SEDE  04AGO.pdf,WebGestor/Inventario/GuiaRemision,TABD132-VENTA PEDRO SANCHEZ SEDE  04AGO.pdf,.pdf,37807,2025-11-10T02:16:22Z,ae35aee965b359e87c998a7218be7ff93e4f796a,,0,0,
WebGestor/Inventario/GuiaRemision/TABD133-VENTA PEDRO SANCHEZ SEDE 04AGO.pdf,WebGestor/Inventario/GuiaRemision,TABD133-VENTA PEDRO SANCHEZ SEDE 04AGO.pdf,.pdf,38169,2025-11-10T02:16:22Z,9d42f3fbcb41c43fe26cb7e9073db2c4cfcdc836,,0,0,
WebGestor/Inventario/GuiaRemision/TABD134-VENTA PEDRO SANCHEZ SEDE 04AGO.pdf,WebGestor/Inventario/GuiaRemision,TABD134-VENTA PEDRO SANCHEZ SEDE 04AGO.pdf,.pdf,38026,2025-11-10T02:16:22Z,d2c3b38760fc73d6d8578bfc3dbddd306f73c9de,,0,0,
WebGestor/Inventario/GuiaRemision/TABD135-VENTA PEDRO SANCHEZ SEDE 04AGO.pdf,WebGestor/Inventario/GuiaRemision,TABD135-VENTA PEDRO SANCHEZ SEDE 04AGO.pdf,.pdf,74551,2025-11-10T02:16:22Z,872193f86f1c6c841d6682d34fabb42a74d374da,,0,0,
WebGestor/Inventario/GuiaRemision/TABD136-VENTA PEDRO SANCHEZ SEDE 04AGO.pdf,WebGestor/Inventario/GuiaRemision,TABD136-VENTA PEDRO SANCHEZ SEDE 04AGO.pdf,.pdf,38919,2025-11-10T02:16:22Z,70b6c45d523847f1c949cb6bc64ff267127843eb,,0,0,
WebGestor/Inventario/GuiaRemision/TABD137-VENTA PEDRO SANCHEZ SEDE 04AGO.pdf,WebGestor/Inventario/GuiaRemision,TABD137-VENTA PEDRO SANCHEZ SEDE 04AGO.pdf,.pdf,38664,2025-11-10T02:16:22Z,ed0697d6aef92bec6808aa7687938d5f8b8a5f66,,0,0,
WebGestor/Inventario/GuiaRemision/TABD138-VENTA PEDRO SANCHEZ SEDE 04AGO.pdf,WebGestor/Inventario/GuiaRemision,TABD138-VENTA PEDRO SANCHEZ SEDE 04AGO.pdf,.pdf,40725,2025-11-10T02:16:22Z,1b20b0a96d4d920a53e57ad7c7b8a72bb1a91034,,0,0,
WebGestor/Inventario/GuiaRemision/TABD139-VENTA PEDRO SANCHEZ CORPAC 05AGO.pdf,WebGestor/Inventario/GuiaRemision,TABD139-VENTA PEDRO SANCHEZ CORPAC 05AGO.pdf,.pdf,42596,2025-11-10T02:16:22Z,1affbe62ae29127fb807df10fd560fdf08e0180a,,0,0,
WebGestor/Inventario/GuiaRemision/TABD14-ABANCAY CONGRESO.pdf,WebGestor/Inventario/GuiaRemision,TABD14-ABANCAY CONGRESO.pdf,.pdf,37369,2025-11-10T02:16:22Z,5eca3609de2c1a7e5e84a99cf388d35427740c99,,0,0,
WebGestor/Inventario/GuiaRemision/TABD140-VENTA PEDRO SANCHEZ CORPAC 05AGO.pdf,WebGestor/Inventario/GuiaRemision,TABD140-VENTA PEDRO SANCHEZ CORPAC 05AGO.pdf,.pdf,77892,2025-11-10T02:16:22Z,bd782c0ebff704a48395bb648fc3d56206ebba07,,0,0,
WebGestor/Inventario/GuiaRemision/TABD141-VENTA PEDRO SANCHEZ CORPAC 05AGO.pdf,WebGestor/Inventario/GuiaRemision,TABD141-VENTA PEDRO SANCHEZ CORPAC 05AGO.pdf,.pdf,39463,2025-11-10T02:16:22Z,15e47f0f20ac2187e0403b3bc1d3ce7ce2f8d0fd,,0,0,
WebGestor/Inventario/GuiaRemision/TABD142-VENTA PEDRO SANCHEZ BARRANCA 07AGO.pdf,WebGestor/Inventario/GuiaRemision,TABD142-VENTA PEDRO SANCHEZ BARRANCA 07AGO.pdf,.pdf,77775,2025-11-10T02:16:22Z,307c045d73771c421d2d1f246353a4c9d0c08342,,0,0,
WebGestor/Inventario/GuiaRemision/TABD143-VENTA PEDRO SANCHEZ BARRANCA 07AGO.pdf,WebGestor/Inventario/GuiaRemision,TABD143-VENTA PEDRO SANCHEZ BARRANCA 07AGO.pdf,.pdf,78811,2025-11-10T02:16:22Z,a1c5448b396bb6f0e8927cc5bb100e77483f8bee,,0,0,
WebGestor/Inventario/GuiaRemision/TABD144-VENTA PEDRO SANCHEZ BARRANCA 07AGO.pdf,WebGestor/Inventario/GuiaRemision,TABD144-VENTA PEDRO SANCHEZ BARRANCA 07AGO.pdf,.pdf,77678,2025-11-10T02:16:22Z,f9a38f5c2d81e1a108d99084968da38d802201ed,,0,0,
WebGestor/Inventario/GuiaRemision/TABD145-VENTA PEDRO SANCHEZ BARRANCA 07AGO.pdf,WebGestor/Inventario/GuiaRemision,TABD145-VENTA PEDRO SANCHEZ BARRANCA 07AGO.pdf,.pdf,40877,2025-11-10T02:16:22Z,0bbf24a6e7c2bd21f61bce503522b60ad353b832,,0,0,
WebGestor/Inventario/GuiaRemision/TABD146-HUACHO 07AGO.pdf,WebGestor/Inventario/GuiaRemision,TABD146-HUACHO 07AGO.pdf,.pdf,37444,2025-11-10T02:16:22Z,df96682d3725aa152eeda97db03635fd5d1f217e,,0,0,
WebGestor/Inventario/GuiaRemision/TABD147-C.C.SAN ISDRO 07AGO.pdf,WebGestor/Inventario/GuiaRemision,TABD147-C.C.SAN ISDRO 07AGO.pdf,.pdf,37626,2025-11-10T02:16:22Z,448651cd7d4064a8bee0d8bcbd13af6276ebe229,,0,0,
WebGestor/Inventario/GuiaRemision/TABD148-CAMINO REAL RECOJO 07AGO.pdf,WebGestor/Inventario/GuiaRemision,TABD148-CAMINO REAL RECOJO 07AGO.pdf,.pdf,37442,2025-11-10T02:16:22Z,54d73aee27a7e83bf074f06703257ee504b0e7a1,,0,0,
WebGestor/Inventario/GuiaRemision/TABD149-VENTA PEDRO SANCHEZ PIURA 09AGO.pdf,WebGestor/Inventario/GuiaRemision,TABD149-VENTA PEDRO SANCHEZ PIURA 09AGO.pdf,.pdf,37640,2025-11-10T02:16:22Z,078dad8cf67b8807fcd20565f8bcb883a1544cf8,,0,0,
WebGestor/Inventario/GuiaRemision/TABD15-IQUITOS.pdf,WebGestor/Inventario/GuiaRemision,TABD15-IQUITOS.pdf,.pdf,37689,2025-11-10T02:16:22Z,afa1f56a7c6f3930f026e88b64202446f15ece4c,,0,0,
WebGestor/Inventario/GuiaRemision/TABD150-DAMERO GAMARRA 08AGO.pdf,WebGestor/Inventario/GuiaRemision,TABD150-DAMERO GAMARRA 08AGO.pdf,.pdf,37488,2025-11-10T02:16:22Z,905f0e7057b18566fefb3bae45e73db6e1520956,,0,0,
WebGestor/Inventario/GuiaRemision/TABD151-COMANDANTE ESPINAR 08AGO.pdf,WebGestor/Inventario/GuiaRemision,TABD151-COMANDANTE ESPINAR 08AGO.pdf,.pdf,37582,2025-11-10T02:16:22Z,bc16f2359da1142d64a6b9ab0272b51e2bc5549a,,0,0,
WebGestor/Inventario/GuiaRemision/TABD152-BE CHACARILLA.pdf,WebGestor/Inventario/GuiaRemision,TABD152-BE CHACARILLA.pdf,.pdf,37549,2025-11-10T02:16:22Z,d22dcf2887bcc1117eb6b6b14f25d61bfec48567,,0,0,
WebGestor/Inventario/GuiaRemision/TABD153-LURIN 08AGO.pdf,WebGestor/Inventario/GuiaRemision,TABD153-LURIN 08AGO.pdf,.pdf,37638,2025-11-10T02:16:22Z,0dca36295823a415d9ab956c2d3e039cdda36b13,,0,0,
WebGestor/Inventario/GuiaRemision/TABD154-LIMA 08AGO.pdf,WebGestor/Inventario/GuiaRemision,TABD154-LIMA 08AGO.pdf,.pdf,37471,2025-11-10T02:16:22Z,2207ee26ed97569df5614b5513f084599f5f4371,,0,0,
WebGestor/Inventario/GuiaRemision/TABD155-PREMIUM PARDO Y ALIAGA 08AGO.pdf,WebGestor/Inventario/GuiaRemision,TABD155-PREMIUM PARDO Y ALIAGA 08AGO.pdf,.pdf,38468,2025-11-10T02:16:22Z,8665655e1413011b0ac1352cb92a5e269b7500c6,,0,0,
WebGestor/Inventario/GuiaRemision/TABD156-PREMIUM EL POLO.pdf,WebGestor/Inventario/GuiaRemision,TABD156-PREMIUM EL POLO.pdf,.pdf,38126,2025-11-10T02:16:22Z,eb898cdcc8cf9932d793ced35600886b2a7a7776,,0,0,
WebGestor/Inventario/GuiaRemision/TABD157-VENTA PEDRO SANCHEZ EL PORVENIR 09AGO.pdf,WebGestor/Inventario/GuiaRemision,TABD157-VENTA PEDRO SANCHEZ EL PORVENIR 09AGO.pdf,.pdf,78328,2025-11-10T02:16:22Z,3986db697d1f52f31cf7b0110089ef015b2347f5,,0,0,
WebGestor/Inventario/GuiaRemision/TABD158-VENTA PEDRO SANCHEZ EL PORVENIR 09AGO.pdf,WebGestor/Inventario/GuiaRemision,TABD158-VENTA PEDRO SANCHEZ EL PORVENIR 09AGO.pdf,.pdf,77812,2025-11-10T02:16:22Z,f76d41218ff512d0e7ed5429e9ea5cf261c2ca1e,,0,0,
WebGestor/Inventario/GuiaRemision/TABD159-VENTA PEDRO SANCHEZ EL PORVENIR 09AGO.pdf,WebGestor/Inventario/GuiaRemision,TABD159-VENTA PEDRO SANCHEZ EL PORVENIR 09AGO.pdf,.pdf,42296,2025-11-10T02:16:22Z,9889e35cc79eff89ac12bc978274374a1dd0633b,,0,0,
WebGestor/Inventario/GuiaRemision/TABD16-MAGDALENA RECOJO.pdf,WebGestor/Inventario/GuiaRemision,TABD16-MAGDALENA RECOJO.pdf,.pdf,37277,2025-11-10T02:16:22Z,7b844300fddc3b110596be894b2aff98b97e8f0a,,0,0,
WebGestor/Inventario/GuiaRemision/TABD160-VENTA PEDRO SANCHEZ EL PORVENIR 09AGO.pdf,WebGestor/Inventario/GuiaRemision,TABD160-VENTA PEDRO SANCHEZ EL PORVENIR 09AGO.pdf,.pdf,40883,2025-11-10T02:16:22Z,ecfe1f1a169559df33c3d74e27d0f67e535ccebc,,0,0,
WebGestor/Inventario/GuiaRemision/TABD161-OPEN PZA ANGAMOS 09AGO.pdf,WebGestor/Inventario/GuiaRemision,TABD161-OPEN PZA ANGAMOS 09AGO.pdf,.pdf,37804,2025-11-10T02:16:22Z,b3cf5a1a1399bfac1eeea78f4fa88cffe5474bcb,,0,0,
WebGestor/Inventario/GuiaRemision/TABD162-PUCALLPA 09AGO.pdf,WebGestor/Inventario/GuiaRemision,TABD162-PUCALLPA 09AGO.pdf,.pdf,37619,2025-11-10T02:16:22Z,61e856bb2486e3cde6c524db5d9306eea3da258c,,0,0,
WebGestor/Inventario/GuiaRemision/TABD163-CAJAMARCA 09AGO.pdf,WebGestor/Inventario/GuiaRemision,TABD163-CAJAMARCA 09AGO.pdf,.pdf,37474,2025-11-10T02:16:22Z,86efc1fca5d94f6cc0c41a201005f55cc8f03f48,,0,0,
WebGestor/Inventario/GuiaRemision/TABD164-BE LIMA NORTE 09AGO.pdf,WebGestor/Inventario/GuiaRemision,TABD164-BE LIMA NORTE 09AGO.pdf,.pdf,37985,2025-11-10T02:16:22Z,d8d31d56b4553be9ab0977bba79393bcec15e8b5,,0,0,
WebGestor/Inventario/GuiaRemision/TABD165-MOQUEGUA 10AGOS.pdf,WebGestor/Inventario/GuiaRemision,TABD165-MOQUEGUA 10AGOS.pdf,.pdf,37995,2025-11-10T02:16:22Z,25b0fb92dc3a66fa23c7aeb8b4e7b1ffb71686b1,,0,0,
WebGestor/Inventario/GuiaRemision/TABD166-JORGE BASADRE 11AGO.pdf,WebGestor/Inventario/GuiaRemision,TABD166-JORGE BASADRE 11AGO.pdf,.pdf,37383,2025-11-10T02:16:22Z,1ab271e342d838112f59542a53b7980d07b7b94e,,0,0,
WebGestor/Inventario/GuiaRemision/TABD167-LA RAMBLA 11AGO.pdf,WebGestor/Inventario/GuiaRemision,TABD167-LA RAMBLA 11AGO.pdf,.pdf,37449,2025-11-10T02:16:22Z,0f19c98d9e64c350647f2103a514a6a47c3289ad,,0,0,
WebGestor/Inventario/GuiaRemision/TABD168-SATIPO 15AGOS.pdf,WebGestor/Inventario/GuiaRemision,TABD168-SATIPO 15AGOS.pdf,.pdf,37652,2025-11-10T02:16:22Z,e126289cb0e93dae1fb98617c0c85fe0edfbb191,,0,0,
WebGestor/Inventario/GuiaRemision/TABD169-PUCALLPA 15AGOS.pdf,WebGestor/Inventario/GuiaRemision,TABD169-PUCALLPA 15AGOS.pdf,.pdf,37834,2025-11-10T02:16:22Z,8442e1b33b893fe83556789dd42ec174d551fbff,,0,0,
WebGestor/Inventario/GuiaRemision/TABD17-HUAYCAN RECOJO.pdf,WebGestor/Inventario/GuiaRemision,TABD17-HUAYCAN RECOJO.pdf,.pdf,37642,2025-11-10T02:16:22Z,d4986987060ff5cb8f2e6b1a8e2727acc5efaeae,,0,0,
WebGestor/Inventario/GuiaRemision/TABD170- PARDO 16AGO.pdf,WebGestor/Inventario/GuiaRemision,TABD170- PARDO 16AGO.pdf,.pdf,37556,2025-11-10T02:16:22Z,746a1219368252951ff2a94f25c9c34e7098d58c,,0,0,
WebGestor/Inventario/GuiaRemision/TABD171-MDO MODELO CHICLAYO RECOJO 16AGO.pdf,WebGestor/Inventario/GuiaRemision,TABD171-MDO MODELO CHICLAYO RECOJO 16AGO.pdf,.pdf,37410,2025-11-10T02:16:22Z,27233922a568aae98a6917600afc2995a31c383a,,0,0,
WebGestor/Inventario/GuiaRemision/TABD172-IQUITOS RECOJO 16AGO.pdf,WebGestor/Inventario/GuiaRemision,TABD172-IQUITOS RECOJO 16AGO.pdf,.pdf,38433,2025-11-10T02:16:22Z,6d609e1b4a91ead20b6714a38adb7bf5505f0cac,,0,0,
WebGestor/Inventario/GuiaRemision/TABD173- PARDO 16AGO.pdf,WebGestor/Inventario/GuiaRemision,TABD173- PARDO 16AGO.pdf,.pdf,37734,2025-11-10T02:16:22Z,c835bb396f099b8778c8ccabd027c596c12e3d04,,0,0,
WebGestor/Inventario/GuiaRemision/TABD174-BARRANCA RECOJO 17AGO.pdf,WebGestor/Inventario/GuiaRemision,TABD174-BARRANCA RECOJO 17AGO.pdf,.pdf,37377,2025-11-10T02:16:22Z,481b58ee60bd656aacc06cb145d3fac0030cb670,,0,0,
WebGestor/Inventario/GuiaRemision/TABD175-CARABAYLLO 17AGO.pdf,WebGestor/Inventario/GuiaRemision,TABD175-CARABAYLLO 17AGO.pdf,.pdf,37156,2025-11-10T02:16:22Z,3678cffe7ad4a7ce609cf3666c6a0a4cdc4ea29e,,0,0,
WebGestor/Inventario/GuiaRemision/TABD176-PUENTE PIEDRA RECOJO 17AGO.pdf,WebGestor/Inventario/GuiaRemision,TABD176-PUENTE PIEDRA RECOJO 17AGO.pdf,.pdf,37389,2025-11-10T02:16:22Z,7cdd1fe0ef438767386096faa8069a35c97feefd,,0,0,
WebGestor/Inventario/GuiaRemision/TABD177-MARANGA RECOJO 18AGO.pdf,WebGestor/Inventario/GuiaRemision,TABD177-MARANGA RECOJO 18AGO.pdf,.pdf,37633,2025-11-10T02:16:22Z,b14f35cd055f036b362b6d2c646fd6e958980916,,0,0,
WebGestor/Inventario/GuiaRemision/TABD178-REAL PZA HUANCAYO 18AGO.pdf,WebGestor/Inventario/GuiaRemision,TABD178-REAL PZA HUANCAYO 18AGO.pdf,.pdf,37853,2025-11-10T02:16:22Z,fb1f8cef63416fcd5c6dc6965dd1b534aca98ebd,,0,0,
WebGestor/Inventario/GuiaRemision/TABD179-OPEN PZA PUCALLPA 18AGO.pdf,WebGestor/Inventario/GuiaRemision,TABD179-OPEN PZA PUCALLPA 18AGO.pdf,.pdf,38034,2025-11-10T02:16:22Z,938a8b4dfbae0eae4d0bed99470c34b7f5d9c070,,0,0,
WebGestor/Inventario/GuiaRemision/TABD18-ARAMBURU.pdf,WebGestor/Inventario/GuiaRemision,TABD18-ARAMBURU.pdf,.pdf,37620,2025-11-10T02:16:22Z,6de696751c084c574e19b92a5624564b4a3ac147,,0,0,
WebGestor/Inventario/GuiaRemision/TABD180-JAEN 18AGO.pdf,WebGestor/Inventario/GuiaRemision,TABD180-JAEN 18AGO.pdf,.pdf,38049,2025-11-10T02:16:22Z,2831cb7d37c7901e523d14b761ea048d82c1621f,,0,0,
WebGestor/Inventario/GuiaRemision/TABD181-C.C. EL QUINDE 18AGO.pdf,WebGestor/Inventario/GuiaRemision,TABD181-C.C. EL QUINDE 18AGO.pdf,.pdf,37903,2025-11-10T02:16:22Z,408b28a8d5f2c020a4044894953bc9280623534f,,0,0,
WebGestor/Inventario/GuiaRemision/TABD182-OVALO LARCO TRUJILLO 22AGO.pdf,WebGestor/Inventario/GuiaRemision,TABD182-OVALO LARCO TRUJILLO 22AGO.pdf,.pdf,37416,2025-11-10T02:16:22Z,bc5a6109c5e76cfc1b7bbbe2506639cc153f85af,,0,0,
WebGestor/Inventario/GuiaRemision/TABD183-CAMINO REAL 22AGO.pdf,WebGestor/Inventario/GuiaRemision,TABD183-CAMINO REAL 22AGO.pdf,.pdf,37512,2025-11-10T02:16:22Z,79e94480cdf8d5b94e0ddc9c09e92f4f53bd1e18,,0,0,
WebGestor/Inventario/GuiaRemision/TABD184-REAL PLAZA CENTRO CIVICO 22AGO.pdf,WebGestor/Inventario/GuiaRemision,TABD184-REAL PLAZA CENTRO CIVICO 22AGO.pdf,.pdf,37393,2025-11-10T02:16:22Z,aded72c8fede9f93c392cc5b704141c6a90c0af6,,0,0,
WebGestor/Inventario/GuiaRemision/TABD185-VENTANILLA 22AGO.pdf,WebGestor/Inventario/GuiaRemision,TABD185-VENTANILLA 22AGO.pdf,.pdf,37242,2025-11-10T02:16:22Z,eb276eb8032672d9cef8f81f1f394bff8fc36e07,,0,0,
WebGestor/Inventario/GuiaRemision/TABD186-C.C.EL POLO22AGO.pdf,WebGestor/Inventario/GuiaRemision,TABD186-C.C.EL POLO22AGO.pdf,.pdf,37541,2025-11-10T02:16:22Z,89231c3396617e7624e7f6ca0b8102d584a248ce,,0,0,
WebGestor/Inventario/GuiaRemision/TABD187-MULTIPLAZA RECOJO 22AGO.pdf,WebGestor/Inventario/GuiaRemision,TABD187-MULTIPLAZA RECOJO 22AGO.pdf,.pdf,38344,2025-11-10T02:16:22Z,acf8cf51266774f9c50840f73e293586dc83b6e1,,0,0,
WebGestor/Inventario/GuiaRemision/TABD188-MALL PLAZA COMAS 22AGO.pdf,WebGestor/Inventario/GuiaRemision,TABD188-MALL PLAZA COMAS 22AGO.pdf,.pdf,37608,2025-11-10T02:16:22Z,5627273d6bf1ae85cd057446cd4285ded015a70a,,0,0,
WebGestor/Inventario/GuiaRemision/TABD189-ROMIS 23AGO.pdf,WebGestor/Inventario/GuiaRemision,TABD189-ROMIS 23AGO.pdf,.pdf,37837,2025-11-10T02:16:22Z,1fdb665dfe967a28a61aa31c3e1a56d796dad7d1,,0,0,
WebGestor/Inventario/GuiaRemision/TABD19-PARDO.pdf,WebGestor/Inventario/GuiaRemision,TABD19-PARDO.pdf,.pdf,40525,2025-11-10T02:16:22Z,59697360f867499764d43ff8cecc1a0569b6c3aa,,0,0,
WebGestor/Inventario/GuiaRemision/TABD190-ROMIS 23AGO.pdf,WebGestor/Inventario/GuiaRemision,TABD190-ROMIS 23AGO.pdf,.pdf,37297,2025-11-10T02:16:22Z,46da3132508e173ec4f06f5d5b706437c6796869,,0,0,
WebGestor/Inventario/GuiaRemision/TABD191-TRUJILLO 23AGO.pdf,WebGestor/Inventario/GuiaRemision,TABD191-TRUJILLO 23AGO.pdf,.pdf,37974,2025-11-10T02:16:22Z,8986d6e02e3858c08d9320d2b0bb86c10e2a0484,,0,0,
WebGestor/Inventario/GuiaRemision/TABD192-ADP CHICLAYO 24AGO.pdf,WebGestor/Inventario/GuiaRemision,TABD192-ADP CHICLAYO 24AGO.pdf,.pdf,37437,2025-11-10T02:16:22Z,245204346d2b111fd1d4836c53bcfa20c0074196,,0,0,
WebGestor/Inventario/GuiaRemision/TABD193-ADP CAJAMARCA 24AGO.pdf,WebGestor/Inventario/GuiaRemision,TABD193-ADP CAJAMARCA 24AGO.pdf,.pdf,36986,2025-11-10T02:16:22Z,ef5c633d26d0e1b9c0767556b333e37b5eea0c28,,0,0,
WebGestor/Inventario/GuiaRemision/TABD194-ADP PIURA 24AGO.pdf,WebGestor/Inventario/GuiaRemision,TABD194-ADP PIURA 24AGO.pdf,.pdf,38255,2025-11-10T02:16:22Z,bfb146ec915568d5a23c209356542e6362a36ace,,0,0,
WebGestor/Inventario/GuiaRemision/TABD195-AAP PUERTO MALDONADO 24AGO.pdf,WebGestor/Inventario/GuiaRemision,TABD195-AAP PUERTO MALDONADO 24AGO.pdf,.pdf,38002,2025-11-10T02:16:22Z,67a3846ee17f04e626586ea603351123dcc211c1,,0,0,
WebGestor/Inventario/GuiaRemision/TABD196-CALERA CHINCHA 24AGO.pdf,WebGestor/Inventario/GuiaRemision,TABD196-CALERA CHINCHA 24AGO.pdf,.pdf,37612,2025-11-10T02:16:22Z,7d775ad31b41f5e15d6023f370e807cad2f9f0b9,,0,0,
WebGestor/Inventario/GuiaRemision/TABD197-VMS TEXTIL DEL VALLE 24AGO.pdf,WebGestor/Inventario/GuiaRemision,TABD197-VMS TEXTIL DEL VALLE 24AGO.pdf,.pdf,38048,2025-11-10T02:16:22Z,57d797f523895cba15c2ac9fbc6aef85c054b764,,0,0,
WebGestor/Inventario/GuiaRemision/TABD198-ADP CHICLAYO RECOJO 24AGO.pdf,WebGestor/Inventario/GuiaRemision,TABD198-ADP CHICLAYO RECOJO 24AGO.pdf,.pdf,37558,2025-11-10T02:16:22Z,2d4b119fb11dd43643648716871d28fbac3f5a00,,0,0,
WebGestor/Inventario/GuiaRemision/TABD199-ADP CAJAMARCA RECOJO 24AGOS.pdf,WebGestor/Inventario/GuiaRemision,TABD199-ADP CAJAMARCA RECOJO 24AGOS.pdf,.pdf,37751,2025-11-10T02:16:22Z,11454d649d84c757251969bc5ec7c8674660bb9e,,0,0,
WebGestor/Inventario/GuiaRemision/TABD2-BARRANCO.pdf,WebGestor/Inventario/GuiaRemision,TABD2-BARRANCO.pdf,.pdf,37400,2025-11-10T02:16:22Z,ed7211bb51d467780ab4c0f87943abb2aaac05ee,,0,0,
WebGestor/Inventario/GuiaRemision/TABD20-LINCE.pdf,WebGestor/Inventario/GuiaRemision,TABD20-LINCE.pdf,.pdf,37679,2025-11-10T02:16:22Z,0ff4f6f698752bd264cb90db793eaabf0ecdcccb,,0,0,
WebGestor/Inventario/GuiaRemision/TABD200-ADP PIURA RECOJO 24AGOS.pdf,WebGestor/Inventario/GuiaRemision,TABD200-ADP PIURA RECOJO 24AGOS.pdf,.pdf,37590,2025-11-10T02:16:22Z,58120d4bf2442b972beee73e31e8bbc22208df63,,0,0,
WebGestor/Inventario/GuiaRemision/TABD201-AAP PTO MALDONADO RECOJO 24AGOS.pdf,WebGestor/Inventario/GuiaRemision,TABD201-AAP PTO MALDONADO RECOJO 24AGOS.pdf,.pdf,37734,2025-11-10T02:16:22Z,3926b485cd257b841722b2bfd552b2d06957666c,,0,0,
WebGestor/Inventario/GuiaRemision/TABD202-CALERA CHINCHA RECOJO 24AGOS.pdf,WebGestor/Inventario/GuiaRemision,TABD202-CALERA CHINCHA RECOJO 24AGOS.pdf,.pdf,38152,2025-11-10T02:16:22Z,a326c07b1208a7689a2e554b615e611da32fbb05,,0,0,
WebGestor/Inventario/GuiaRemision/TABD203-VMS TEXTIL VALLE CHINCHA 24AGOS.pdf,WebGestor/Inventario/GuiaRemision,TABD203-VMS TEXTIL VALLE CHINCHA 24AGOS.pdf,.pdf,37956,2025-11-10T02:16:22Z,ca5f2711a01f6206c388718daf571d53095cabac,,0,0,
WebGestor/Inventario/GuiaRemision/TABD204-TRUJILLO RECOJO 25AGOS.pdf,WebGestor/Inventario/GuiaRemision,TABD204-TRUJILLO RECOJO 25AGOS.pdf,.pdf,37497,2025-11-10T02:16:22Z,ebb08efd55815998bf0d1a409d12ee83547a43f4,,0,0,
WebGestor/Inventario/GuiaRemision/TABD205-REAL PZA CUSCO RECOJO 25AGO.pdf,WebGestor/Inventario/GuiaRemision,TABD205-REAL PZA CUSCO RECOJO 25AGO.pdf,.pdf,37705,2025-11-10T02:16:22Z,515ac9a017bdefe6a59af6e00ae69a3438640a1e,,0,0,
WebGestor/Inventario/GuiaRemision/TABD206-APOLO RECOJO 25AGO.pdf,WebGestor/Inventario/GuiaRemision,TABD206-APOLO RECOJO 25AGO.pdf,.pdf,38552,2025-11-10T02:16:22Z,819c171f3132cd345203306a7d3d7681be26a6e2,,0,0,
WebGestor/Inventario/GuiaRemision/TABD207-PEDRO SANCHEZ VENTA 25AGOS.pdf,WebGestor/Inventario/GuiaRemision,TABD207-PEDRO SANCHEZ VENTA 25AGOS.pdf,.pdf,37394,2025-11-10T02:16:22Z,f7024739a633b698469879e15a0c8c3196dea464,,0,0,
WebGestor/Inventario/GuiaRemision/TABD208-BELLAVISTA RECOJO 26AGOS.pdf,WebGestor/Inventario/GuiaRemision,TABD208-BELLAVISTA RECOJO 26AGOS.pdf,.pdf,37646,2025-11-10T02:16:22Z,22fe9f5bbf7818c91f9cbdd79d959b747cdf25e6,,0,0,
WebGestor/Inventario/GuiaRemision/TABD209-REAL PZA JULIACA RECOJO 26AGOS.pdf,WebGestor/Inventario/GuiaRemision,TABD209-REAL PZA JULIACA RECOJO 26AGOS.pdf,.pdf,37571,2025-11-10T02:16:22Z,597931b856436fde2aa2a604ccb7faafe15ed272,,0,0,
WebGestor/Inventario/GuiaRemision/TABD21-CAMACHO.pdf,WebGestor/Inventario/GuiaRemision,TABD21-CAMACHO.pdf,.pdf,37485,2025-11-10T02:16:22Z,52b3267968033d9c36577f8ae40718e580a95799,,0,0,
WebGestor/Inventario/GuiaRemision/TABD210-LARAPA RECOJO 26AGOS.pdf,WebGestor/Inventario/GuiaRemision,TABD210-LARAPA RECOJO 26AGOS.pdf,.pdf,36863,2025-11-10T02:16:22Z,e66e456bb2d47693e5db9ae1f276cc22bfc3dd24,,0,0,
WebGestor/Inventario/GuiaRemision/TABD211-LA PLANICIE 28AGO.pdf,WebGestor/Inventario/GuiaRemision,TABD211-LA PLANICIE 28AGO.pdf,.pdf,37416,2025-11-10T02:16:22Z,2e4271ef075817ec277cbe295d8adcbcc6986f5c,,0,0,
WebGestor/Inventario/GuiaRemision/TABD212-TARAPOTO 29AGOS.pdf,WebGestor/Inventario/GuiaRemision,TABD212-TARAPOTO 29AGOS.pdf,.pdf,38160,2025-11-10T02:16:22Z,fc4a3fde64a96a3d715b52e317212845f46fc74c,,0,0,
WebGestor/Inventario/GuiaRemision/TABD213-TARAPOTO RECOJO 29AGOS.pdf,WebGestor/Inventario/GuiaRemision,TABD213-TARAPOTO RECOJO 29AGOS.pdf,.pdf,37884,2025-11-10T02:16:22Z,215954ca0a60940a2326039359bac6b12e2231b6,,0,0,
WebGestor/Inventario/GuiaRemision/TABD214-EL TAMBO 31AGO.pdf,WebGestor/Inventario/GuiaRemision,TABD214-EL TAMBO 31AGO.pdf,.pdf,36764,2025-11-10T02:16:22Z,d622c60ee07896fcb0a59de9e6ff4e932f952e66,,0,0,
WebGestor/Inventario/GuiaRemision/TABD215-PEDRO SANCHEZ GCIA DIV. SUR 31AGO.pdf,WebGestor/Inventario/GuiaRemision,TABD215-PEDRO SANCHEZ GCIA DIV. SUR 31AGO.pdf,.pdf,37790,2025-11-10T02:16:22Z,99f94dd9d2e709cb3e6d809d85abae65c5d6005d,,0,0,
WebGestor/Inventario/GuiaRemision/TABD216- VILLA INFANTAS RECOJO 31AGO.pdf,WebGestor/Inventario/GuiaRemision,TABD216- VILLA INFANTAS RECOJO 31AGO.pdf,.pdf,37708,2025-11-10T02:16:22Z,61872691cbb7a18ab38046a63c54bfaf666eaf54,,0,0,
WebGestor/Inventario/GuiaRemision/TABD217-ADP CHICLAYO 31AGO.pdf,WebGestor/Inventario/GuiaRemision,TABD217-ADP CHICLAYO 31AGO.pdf,.pdf,37771,2025-11-10T02:16:22Z,b197501bbcc5c3cc93d5f35c32ebea0484399349,,0,0,
WebGestor/Inventario/GuiaRemision/TABD218-ADP CHICLAYO RECOJO 01SET.pdf,WebGestor/Inventario/GuiaRemision,TABD218-ADP CHICLAYO RECOJO 01SET.pdf,.pdf,37561,2025-11-10T02:16:22Z,962e7c29a01017625de606a38f60418f8a683a47,,0,0,
WebGestor/Inventario/GuiaRemision/TABD219-MEGAPLAZA RECOJO 01SET.pdf,WebGestor/Inventario/GuiaRemision,TABD219-MEGAPLAZA RECOJO 01SET.pdf,.pdf,37944,2025-11-10T02:16:22Z,b69f918fb5790739bb7ad5daaebd336e3de78728,,0,0,
WebGestor/Inventario/GuiaRemision/TABD22-CANTO GRANDE RECOJO PRIVADO.pdf,WebGestor/Inventario/GuiaRemision,TABD22-CANTO GRANDE RECOJO PRIVADO.pdf,.pdf,37632,2025-11-10T02:16:22Z,0d9887f836c745767eccf95916bc96080053f079,,0,0,
WebGestor/Inventario/GuiaRemision/TABD220-YURIMAGUAS RECOJO 01SET.pdf,WebGestor/Inventario/GuiaRemision,TABD220-YURIMAGUAS RECOJO 01SET.pdf,.pdf,37496,2025-11-10T02:16:22Z,de8535707fa8a902c4562127b419995724a30870,,0,0,
WebGestor/Inventario/GuiaRemision/TABD221-CAJAMARCA 02SET.pdf,WebGestor/Inventario/GuiaRemision,TABD221-CAJAMARCA 02SET.pdf,.pdf,37692,2025-11-10T02:16:22Z,ebe77bfee84f3148ef9cdd84b79139eb1bc5e4c1,,0,0,
WebGestor/Inventario/GuiaRemision/TABD222-CLIENTS SOLUTION 02SET.pdf,WebGestor/Inventario/GuiaRemision,TABD222-CLIENTS SOLUTION 02SET.pdf,.pdf,38071,2025-11-10T02:16:22Z,e653a4bf8a29c76f8c0b29120013dcfaf147ad0d,,0,0,
WebGestor/Inventario/GuiaRemision/TABD223-UNIVERSIDAD CATOLICA 04SET.pdf,WebGestor/Inventario/GuiaRemision,TABD223-UNIVERSIDAD CATOLICA 04SET.pdf,.pdf,37359,2025-11-10T02:16:22Z,21a02d9b52e07d9b8f15d94db2f7b4db3dca8d5a,,0,0,
WebGestor/Inventario/GuiaRemision/TABD224-PUCALLPA RECOJO 04SET.pdf,WebGestor/Inventario/GuiaRemision,TABD224-PUCALLPA RECOJO 04SET.pdf,.pdf,39620,2025-11-10T02:16:22Z,1a2ad55273247928d730cfd570047e057335c3d3,,0,0,
WebGestor/Inventario/GuiaRemision/TABD225-COVIDA RECOJO 05SET.pdf,WebGestor/Inventario/GuiaRemision,TABD225-COVIDA RECOJO 05SET.pdf,.pdf,37630,2025-11-10T02:16:22Z,21104b5f9a82979708965994a87233324adf6e0d,,0,0,
WebGestor/Inventario/GuiaRemision/TABD226-BELLAVISTA 05SET.pdf,WebGestor/Inventario/GuiaRemision,TABD226-BELLAVISTA 05SET.pdf,.pdf,37693,2025-11-10T02:16:22Z,3295bef8b891f2fdb5670e33fe417cec4fa1dd03,,0,0,
WebGestor/Inventario/GuiaRemision/TABD227-ANULADO.pdf,WebGestor/Inventario/GuiaRemision,TABD227-ANULADO.pdf,.pdf,37527,2025-11-10T02:16:22Z,ffe8057b4f12ffde639a0f18cdfe4f66dfc013c6,,0,0,
WebGestor/Inventario/GuiaRemision/TABD228-GCIA DIV. NORTE 06SET.pdf,WebGestor/Inventario/GuiaRemision,TABD228-GCIA DIV. NORTE 06SET.pdf,.pdf,37587,2025-11-10T02:16:22Z,f23002d85537e5bd769bae19814e4ffb1f8d6186,,0,0,
WebGestor/Inventario/GuiaRemision/TABD229-PARQUE INDUSTRIAL 06SET.pdf,WebGestor/Inventario/GuiaRemision,TABD229-PARQUE INDUSTRIAL 06SET.pdf,.pdf,37484,2025-11-10T02:16:22Z,54c012ac2f7649c39ff69613a1e0a53a21f9d03e,,0,0,
WebGestor/Inventario/GuiaRemision/TABD23-GCIA RECOJO T.S. PRIVADO.pdf,WebGestor/Inventario/GuiaRemision,TABD23-GCIA RECOJO T.S. PRIVADO.pdf,.pdf,37121,2025-11-10T02:16:22Z,a940ca4acad01564f93ca01bdd39e68a305eec78,,0,0,
WebGestor/Inventario/GuiaRemision/TABD230-C.C. SAN ISIDRO RECOJO 06SET.pdf,WebGestor/Inventario/GuiaRemision,TABD230-C.C. SAN ISIDRO RECOJO 06SET.pdf,.pdf,37769,2025-11-10T02:16:22Z,15633a509bdedacb52bc72743b5721d562e562f3,,0,0,
WebGestor/Inventario/GuiaRemision/TABD231-CERRO COLORADO 06SET.pdf,WebGestor/Inventario/GuiaRemision,TABD231-CERRO COLORADO 06SET.pdf,.pdf,37782,2025-11-10T02:16:22Z,8a16f6e0a8ca826a7f7f6432e981b23b326f9dfc,,0,0,
WebGestor/Inventario/GuiaRemision/TABD232-CERRO COLORADO RECOJO 06SET.pdf,WebGestor/Inventario/GuiaRemision,TABD232-CERRO COLORADO RECOJO 06SET.pdf,.pdf,37245,2025-11-10T02:16:22Z,1aaa1daf156fec54c4a063ac1893d2c250623d50,,0,0,
WebGestor/Inventario/GuiaRemision/TABD233-C.C. SUCRE 06SET.pdf,WebGestor/Inventario/GuiaRemision,TABD233-C.C. SUCRE 06SET.pdf,.pdf,37579,2025-11-10T02:16:22Z,1eacf97739b27158dd1f406929573b543b795723,,0,0,
WebGestor/Inventario/GuiaRemision/TABD234-SAN BORJA 06SET.pdf,WebGestor/Inventario/GuiaRemision,TABD234-SAN BORJA 06SET.pdf,.pdf,37347,2025-11-10T02:16:22Z,73624501ec168a248477b3d696e683ce063190c6,,0,0,
WebGestor/Inventario/GuiaRemision/TABD235-REAL PZA JULIACA 06SET.pdf,WebGestor/Inventario/GuiaRemision,TABD235-REAL PZA JULIACA 06SET.pdf,.pdf,36925,2025-11-10T02:16:22Z,d91cd2bd8c3c24526ddad3c0d10131e58b4a4369,,0,0,
WebGestor/Inventario/GuiaRemision/TABD236-TRUJILLO 06SET.pdf,WebGestor/Inventario/GuiaRemision,TABD236-TRUJILLO 06SET.pdf,.pdf,38505,2025-11-10T02:16:22Z,af7a98c9ad4fb5a2380a783e43618fff0ef55233,,0,0,
WebGestor/Inventario/GuiaRemision/TABD237-BELEN RECOJO 06SET.pdf,WebGestor/Inventario/GuiaRemision,TABD237-BELEN RECOJO 06SET.pdf,.pdf,37337,2025-11-10T02:16:22Z,05559c71c53251d3b3ea283921abfc5d80c203c8,,0,0,
WebGestor/Inventario/GuiaRemision/TABD238-TRUJILLO RECOJO 07SET.pdf,WebGestor/Inventario/GuiaRemision,TABD238-TRUJILLO RECOJO 07SET.pdf,.pdf,38024,2025-11-10T02:16:22Z,9e984dd80e4047b783b5cf4b9458f109e81c4727,,0,0,
WebGestor/Inventario/GuiaRemision/TABD239-BE PIURA 07SET.pdf,WebGestor/Inventario/GuiaRemision,TABD239-BE PIURA 07SET.pdf,.pdf,37744,2025-11-10T02:16:22Z,33cd4556205e09b8456e3745363616bde07d96f9,,0,0,
WebGestor/Inventario/GuiaRemision/TABD240-07SET.pdf,WebGestor/Inventario/GuiaRemision,TABD240-07SET.pdf,.pdf,37945,2025-11-10T02:16:22Z,0af4e597539e1fbfca167df02a73d51b07b3beaf,,0,0,
WebGestor/Inventario/GuiaRemision/TABD240-GCIA DIVISIO. NORT 07SET.pdf,WebGestor/Inventario/GuiaRemision,TABD240-GCIA DIVISIO. NORT 07SET.pdf,.pdf,37945,2025-11-10T02:16:22Z,0af4e597539e1fbfca167df02a73d51b07b3beaf,,0,0,
WebGestor/Inventario/GuiaRemision/TABD241-HOSPITAL ALMENARA 07SET.pdf,WebGestor/Inventario/GuiaRemision,TABD241-HOSPITAL ALMENARA 07SET.pdf,.pdf,37314,2025-11-10T02:16:22Z,314a280e096332163496e1783e62d01d3034285f,,0,0,
WebGestor/Inventario/GuiaRemision/TABD242-REAL PZA HUANCAYO 07SET.pdf,WebGestor/Inventario/GuiaRemision,TABD242-REAL PZA HUANCAYO 07SET.pdf,.pdf,37801,2025-11-10T02:16:22Z,0f4b8aab078fd5b0aad91547e4b76f3c0a5e20b7,,0,0,
WebGestor/Inventario/GuiaRemision/TABD243-PREMIUM PARDO Y ALIA 08SET.pdf,WebGestor/Inventario/GuiaRemision,TABD243-PREMIUM PARDO Y ALIA 08SET.pdf,.pdf,37801,2025-11-10T02:16:22Z,0f4b8aab078fd5b0aad91547e4b76f3c0a5e20b7,,0,0,
WebGestor/Inventario/GuiaRemision/TABD244-PREMIUM EL POLO 08SET.pdf,WebGestor/Inventario/GuiaRemision,TABD244-PREMIUM EL POLO 08SET.pdf,.pdf,37325,2025-11-10T02:16:22Z,5d1fdc61b7a0d6a5b131784e7ab510eb9f59de3a,,0,0,
WebGestor/Inventario/GuiaRemision/TABD245-COMAS 08SET.pdf,WebGestor/Inventario/GuiaRemision,TABD245-COMAS 08SET.pdf,.pdf,37323,2025-11-10T02:16:22Z,f1e04715002fd125684e0950efc5f808db6ca594,,0,0,
WebGestor/Inventario/GuiaRemision/TABD246-VALLE SHARON 08SET.pdf,WebGestor/Inventario/GuiaRemision,TABD246-VALLE SHARON 08SET.pdf,.pdf,37519,2025-11-10T02:16:22Z,5e0f37c16efe5faa518031de8158b4f4377309fc,,0,0,
WebGestor/Inventario/GuiaRemision/TABD249-JESUS MARIA 11SET.pdf,WebGestor/Inventario/GuiaRemision,TABD249-JESUS MARIA 11SET.pdf,.pdf,37731,2025-11-10T02:16:22Z,56ec484df911ae172790768f3bd326d97de8bf25,,0,0,
WebGestor/Inventario/GuiaRemision/TABD25-MEXICO RECOJO PRIVADO.pdf,WebGestor/Inventario/GuiaRemision,TABD25-MEXICO RECOJO PRIVADO.pdf,.pdf,38218,2025-11-10T02:16:22Z,d1b1b0cdde58f2dfb7c4080d0b04e09ef194951b,,0,0,
WebGestor/Inventario/GuiaRemision/TABD250-OPEN PLAZA PIURA 11SET.pdf,WebGestor/Inventario/GuiaRemision,TABD250-OPEN PLAZA PIURA 11SET.pdf,.pdf,37417,2025-11-10T02:16:22Z,1d61bca582f9c906a5f35cbf57d2f4dbd76cf73a,,0,0,
WebGestor/Inventario/GuiaRemision/TABD251-BELLAVISTA RECOJO 12SET.pdf,WebGestor/Inventario/GuiaRemision,TABD251-BELLAVISTA RECOJO 12SET.pdf,.pdf,36771,2025-11-10T02:16:22Z,12e62fa97a775e803edc2f85abd19b9bd5502728,,0,0,
WebGestor/Inventario/GuiaRemision/TABD252-PRIMAVERA 12SET.pdf,WebGestor/Inventario/GuiaRemision,TABD252-PRIMAVERA 12SET.pdf,.pdf,37586,2025-11-10T02:16:22Z,b3acc27e7e4cc16b02b5539c58904639a52eaa1a,,0,0,
WebGestor/Inventario/GuiaRemision/TABD253-CERRO DE PASCO 12SET.pdf,WebGestor/Inventario/GuiaRemision,TABD253-CERRO DE PASCO 12SET.pdf,.pdf,37878,2025-11-10T02:16:22Z,17a2938ffc193bf0dc32c45cbda9dfd1b35b46da,,0,0,
WebGestor/Inventario/GuiaRemision/TABD254-CAMANA 12SET.pdf,WebGestor/Inventario/GuiaRemision,TABD254-CAMANA 12SET.pdf,.pdf,37914,2025-11-10T02:16:22Z,02c2f08710352d53e3d9749046bf8806491e71a6,,0,0,
WebGestor/Inventario/GuiaRemision/TABD255-SERPOST PIURA 12SET.pdf,WebGestor/Inventario/GuiaRemision,TABD255-SERPOST PIURA 12SET.pdf,.pdf,39858,2025-11-10T02:16:22Z,3002e1c21dc2f11de400a2e2592ef739f088fe29,,0,0,
WebGestor/Inventario/GuiaRemision/TABD256 AREQUIPA 12SET.pdf,WebGestor/Inventario/GuiaRemision,TABD256 AREQUIPA 12SET.pdf,.pdf,37930,2025-11-10T02:16:22Z,1797ccbb761ffa2e5b6f0824572af5a2e7b3a79a,,0,0,
WebGestor/Inventario/GuiaRemision/TABD257-MOYOBAMBA 13SET.pdf,WebGestor/Inventario/GuiaRemision,TABD257-MOYOBAMBA 13SET.pdf,.pdf,37633,2025-11-10T02:16:22Z,d594e5e35adf9d1a8cf3a73386a3ea6b2e93d966,,0,0,
WebGestor/Inventario/GuiaRemision/TABD258-PUNO 14SET.pdf,WebGestor/Inventario/GuiaRemision,TABD258-PUNO 14SET.pdf,.pdf,37405,2025-11-10T02:16:22Z,60c8461bf08df2c308601f13a87353c956f2c862,,0,0,
WebGestor/Inventario/GuiaRemision/TABD259-ANULADO.pdf,WebGestor/Inventario/GuiaRemision,TABD259-ANULADO.pdf,.pdf,37573,2025-11-10T02:16:22Z,70ffcdf79036de33a7b79642bcada2fb889e0a7d,,0,0,
WebGestor/Inventario/GuiaRemision/TABD26-BE CHACARILLA RECOJO PRIVADO.pdf,WebGestor/Inventario/GuiaRemision,TABD26-BE CHACARILLA RECOJO PRIVADO.pdf,.pdf,37271,2025-11-10T02:16:22Z,951ca17387d1b69a04af6d848a0b071ee619fb76,,0,0,
WebGestor/Inventario/GuiaRemision/TABD260-BOLOGNESI 14SET.pdf,WebGestor/Inventario/GuiaRemision,TABD260-BOLOGNESI 14SET.pdf,.pdf,37577,2025-11-10T02:16:22Z,cfca0c0fa30da6299c74e28f6e4e1248d1207042,,0,0,
WebGestor/Inventario/GuiaRemision/TABD262-FAUCETT 2 14SET.pdf,WebGestor/Inventario/GuiaRemision,TABD262-FAUCETT 2 14SET.pdf,.pdf,39342,2025-11-10T02:16:22Z,da0c8d63466b0284be33997a348b3bc05a8b94d9,,0,0,
WebGestor/Inventario/GuiaRemision/TABD264-GAMARRA RECOJO 15SET.pdf,WebGestor/Inventario/GuiaRemision,TABD264-GAMARRA RECOJO 15SET.pdf,.pdf,37528,2025-11-10T02:16:22Z,b6c0b328cf03e83ea7e171ab5556a22c7bebe0e4,,0,0,
WebGestor/Inventario/GuiaRemision/TABD265-IQUITOS 15SET.pdf,WebGestor/Inventario/GuiaRemision,TABD265-IQUITOS 15SET.pdf,.pdf,36849,2025-11-10T02:16:22Z,5008a9853cf4d36e3799f1d0dc56890c9f3f9800,,0,0,
WebGestor/Inventario/GuiaRemision/TABD266-VILLA MARINA 15SET.pdf,WebGestor/Inventario/GuiaRemision,TABD266-VILLA MARINA 15SET.pdf,.pdf,37903,2025-11-10T02:16:22Z,a80607263d8789342d1a112943da50a5eee71e05,,0,0,
WebGestor/Inventario/GuiaRemision/TABD267-HUANUCO 15SET.pdf,WebGestor/Inventario/GuiaRemision,TABD267-HUANUCO 15SET.pdf,.pdf,37467,2025-11-10T02:16:22Z,7702c0377e1fe88477c68a71be01be28f7caf2b2,,0,0,
WebGestor/Inventario/GuiaRemision/TABD268-CC MONTERRICO 18SET.pdf,WebGestor/Inventario/GuiaRemision,TABD268-CC MONTERRICO 18SET.pdf,.pdf,37508,2025-11-10T02:16:22Z,f8704e21d367caddad4c41b7b376588eefd7e569,,0,0,
WebGestor/Inventario/GuiaRemision/TABD269-LA MERCED 18SET.pdf,WebGestor/Inventario/GuiaRemision,TABD269-LA MERCED 18SET.pdf,.pdf,37443,2025-11-10T02:16:22Z,5996280feb926702ad95c7802a012aee5ad44121,,0,0,
WebGestor/Inventario/GuiaRemision/TABD27-LA MERCED RECOJO PRIVADO.pdf,WebGestor/Inventario/GuiaRemision,TABD27-LA MERCED RECOJO PRIVADO.pdf,.pdf,37693,2025-11-10T02:16:22Z,baad48a3d6c66c10a0483917ed8f298b266833e8,,0,0,
WebGestor/Inventario/GuiaRemision/TABD270-PARQUE CASTILLA 19SET.pdf,WebGestor/Inventario/GuiaRemision,TABD270-PARQUE CASTILLA 19SET.pdf,.pdf,37568,2025-11-10T02:16:22Z,eae82d8683163a464fc685cf52e878912c17e612,,0,0,
WebGestor/Inventario/GuiaRemision/TABD271-CHOTA 19SET.pdf,WebGestor/Inventario/GuiaRemision,TABD271-CHOTA 19SET.pdf,.pdf,37810,2025-11-10T02:16:22Z,70d1e21529e669c906e1464d0247461c7f2d81ce,,0,0,
WebGestor/Inventario/GuiaRemision/TABD272-JAEN 19SET.pdf,WebGestor/Inventario/GuiaRemision,TABD272-JAEN 19SET.pdf,.pdf,37669,2025-11-10T02:16:22Z,9e01efc30055be04fb00c321311149413b8df59e,,0,0,
WebGestor/Inventario/GuiaRemision/TABD273-R.P.HUANCAYO 20SET.pdf,WebGestor/Inventario/GuiaRemision,TABD273-R.P.HUANCAYO 20SET.pdf,.pdf,40055,2025-11-10T02:16:22Z,0eaf5fed51220c6155d8e8f0c8f6ebee4704a724,,0,0,
WebGestor/Inventario/GuiaRemision/TABD274-COLMENA 20SET.pdf,WebGestor/Inventario/GuiaRemision,TABD274-COLMENA 20SET.pdf,.pdf,39956,2025-11-10T02:16:22Z,78cd3e4e3323abcac65b9550d78b714e29d4da8b,,0,0,
WebGestor/Inventario/GuiaRemision/TABD275-LA VICTORIA 20SET.pdf,WebGestor/Inventario/GuiaRemision,TABD275-LA VICTORIA 20SET.pdf,.pdf,39947,2025-11-10T02:16:22Z,96d6517c40192a0d8e25fa5ac8ef1d5188ce2af1,,0,0,
WebGestor/Inventario/GuiaRemision/TABD276-GRAN CHIMU RECOJO 20SET.pdf,WebGestor/Inventario/GuiaRemision,TABD276-GRAN CHIMU RECOJO 20SET.pdf,.pdf,37524,2025-11-10T02:16:22Z,402ad19f3bc078a4db510a9655e69f9666e67ec8,,0,0,
WebGestor/Inventario/GuiaRemision/TABD277-O.P.PUCALLPA 20SET.pdf,WebGestor/Inventario/GuiaRemision,TABD277-O.P.PUCALLPA 20SET.pdf,.pdf,38150,2025-11-10T02:16:22Z,e6edd60b368f3f0becee2f2a26b046d19c0951c5,,0,0,
WebGestor/Inventario/GuiaRemision/TABD278-LAS TIENDAS 20SET.pdf,WebGestor/Inventario/GuiaRemision,TABD278-LAS TIENDAS 20SET.pdf,.pdf,37453,2025-11-10T02:16:22Z,36c47b10c33f83f0eabdc8f156568f1c61e5619a,,0,0,
WebGestor/Inventario/GuiaRemision/TABD279-PZA SOL DE HUACHO RECOJO 22SET.pdf,WebGestor/Inventario/GuiaRemision,TABD279-PZA SOL DE HUACHO RECOJO 22SET.pdf,.pdf,37454,2025-11-10T02:16:22Z,5c734cc25f495f5fdc3730287f426da62d5c239b,,0,0,
WebGestor/Inventario/GuiaRemision/TABD279-SOL DE HUACHO RECOJO 20SET.pdf,WebGestor/Inventario/GuiaRemision,TABD279-SOL DE HUACHO RECOJO 20SET.pdf,.pdf,37454,2025-11-10T02:16:22Z,47e606daf1f18bf96a2f3fe3886091f818642982,,0,0,
WebGestor/Inventario/GuiaRemision/TABD28-EL QUINDE ICA.pdf,WebGestor/Inventario/GuiaRemision,TABD28-EL QUINDE ICA.pdf,.pdf,37434,2025-11-10T02:16:22Z,69792ec9e4d9c3bfb9e9b496c11247a48dfd3cb1,,0,0,
WebGestor/Inventario/GuiaRemision/TABD280-SAN JUAN 21SET.pdf,WebGestor/Inventario/GuiaRemision,TABD280-SAN JUAN 21SET.pdf,.pdf,37252,2025-11-10T02:16:22Z,1fc85c5953f2b5888bc9c3b2c731e4af51cbfd19,,0,0,
WebGestor/Inventario/GuiaRemision/TABD281-ILO 21SET.pdf,WebGestor/Inventario/GuiaRemision,TABD281-ILO 21SET.pdf,.pdf,37561,2025-11-10T02:16:22Z,d84b3575e1e1155dce6a7a15695c2863a36909a9,,0,0,
WebGestor/Inventario/GuiaRemision/TABD282-GRIMALDO DEL SOLAR RECOJO 22SET.pdf,WebGestor/Inventario/GuiaRemision,TABD282-GRIMALDO DEL SOLAR RECOJO 22SET.pdf,.pdf,37815,2025-11-10T02:16:22Z,e94f1a8c563a5f8367212508076bdce9f77bc8e0,,0,0,
WebGestor/Inventario/GuiaRemision/TABD283-AEROPUERTO 22SET.pdf,WebGestor/Inventario/GuiaRemision,TABD283-AEROPUERTO 22SET.pdf,.pdf,37534,2025-11-10T02:16:22Z,62b9d0994ce73991b9baa35509d9b5e4503513f8,,0,0,
WebGestor/Inventario/GuiaRemision/TABD284-FAUCETT2 22SET.pdf,WebGestor/Inventario/GuiaRemision,TABD284-FAUCETT2 22SET.pdf,.pdf,38018,2025-11-10T02:16:22Z,9e5ac3cb1a22ab6a24e6ccf0970020e76e167a1b,,0,0,
WebGestor/Inventario/GuiaRemision/TABD285-LIMA 22SET.pdf,WebGestor/Inventario/GuiaRemision,TABD285-LIMA 22SET.pdf,.pdf,37340,2025-11-10T02:16:22Z,4641c818cf7dcd18a29fdb7be197c0802fb442a8,,0,0,
WebGestor/Inventario/GuiaRemision/TABD286-ELISEO NAVAL 22SET.pdf,WebGestor/Inventario/GuiaRemision,TABD286-ELISEO NAVAL 22SET.pdf,.pdf,37695,2025-11-10T02:16:22Z,f73e25a96f8fd56ee2788e367dfb80026630f4f8,,0,0,
WebGestor/Inventario/GuiaRemision/TABD287-ELISEO NAVAL RECOJO 22SET.pdf,WebGestor/Inventario/GuiaRemision,TABD287-ELISEO NAVAL RECOJO 22SET.pdf,.pdf,37887,2025-11-10T02:16:22Z,9dbb13775479670490c1aa022438810dc1cfa895,,0,0,
WebGestor/Inventario/GuiaRemision/TABD288-REAL PZA HUANCAYO 23SET.pdf,WebGestor/Inventario/GuiaRemision,TABD288-REAL PZA HUANCAYO 23SET.pdf,.pdf,37720,2025-11-10T02:16:22Z,445cff3ce047bf370174ef1005b3cd4eb5dc937d,,0,0,
WebGestor/Inventario/GuiaRemision/TABD289- MEGA PZA CHIMBOTE.pdf,WebGestor/Inventario/GuiaRemision,TABD289- MEGA PZA CHIMBOTE.pdf,.pdf,38017,2025-11-10T02:16:22Z,0cd82bcc3660893639363831d7b5bc8803d6239d,,0,0,
WebGestor/Inventario/GuiaRemision/TABD29-WANCHAQ ANULAR.pdf,WebGestor/Inventario/GuiaRemision,TABD29-WANCHAQ ANULAR.pdf,.pdf,37728,2025-11-10T02:16:22Z,f6793eac1cf5050a9f0f849a8034d5d6fd179005,,0,0,
WebGestor/Inventario/GuiaRemision/TABD290-LA MERCED 25SET.pdf,WebGestor/Inventario/GuiaRemision,TABD290-LA MERCED 25SET.pdf,.pdf,37529,2025-11-10T02:16:22Z,2973cbbb6bff276e0a5d9c5d5c16ebdeef576fe2,,0,0,
WebGestor/Inventario/GuiaRemision/TABD291-HUAYCAN 25SET.pdf,WebGestor/Inventario/GuiaRemision,TABD291-HUAYCAN 25SET.pdf,.pdf,37408,2025-11-10T02:16:22Z,4017702d012352d7dafb8e00f7e517018a073e20,,0,0,
WebGestor/Inventario/GuiaRemision/TABD292-TRIGAL RECOJO 25SET.pdf,WebGestor/Inventario/GuiaRemision,TABD292-TRIGAL RECOJO 25SET.pdf,.pdf,37567,2025-11-10T02:16:22Z,e11f4e481bbf3cafb8af0887fa1ea7b02b177d7f,,0,0,
WebGestor/Inventario/GuiaRemision/TABD293-REAL PLAZA TRUJILLO 25SET.pdf,WebGestor/Inventario/GuiaRemision,TABD293-REAL PLAZA TRUJILLO 25SET.pdf,.pdf,37547,2025-11-10T02:16:22Z,e2495899f74af1cb1a1e4d5f4790b3f42591f582,,0,0,
WebGestor/Inventario/GuiaRemision/TABD294-ESSALUD 26SET.pdf,WebGestor/Inventario/GuiaRemision,TABD294-ESSALUD 26SET.pdf,.pdf,37629,2025-11-10T02:16:22Z,b07e9f9bfa5e46a7b288d12d9272e5c31aef7806,,0,0,
"WebGestor/Inventario/GuiaRemision/TABD294-REAL PZA C, CIVICO 26SET.pdf",WebGestor/Inventario/GuiaRemision,"TABD294-REAL PZA C, CIVICO 26SET.pdf",.pdf,37564,2025-11-10T02:16:22Z,b2803f96dcb5124e7fd5129529b77ca3761f68a6,,0,0,
WebGestor/Inventario/GuiaRemision/TABD297-PRIMAVERA 26SET.pdf,WebGestor/Inventario/GuiaRemision,TABD297-PRIMAVERA 26SET.pdf,.pdf,37696,2025-11-10T02:16:22Z,363a7b8084e70a9edaafce6a3efba8f1c9ec388f,,0,0,
WebGestor/Inventario/GuiaRemision/TABD298-EL PINO 27SET.pdf,WebGestor/Inventario/GuiaRemision,TABD298-EL PINO 27SET.pdf,.pdf,37200,2025-11-10T02:16:22Z,a8e57ed9fd0ee82df9af0991537e4e42d2d83d65,,0,0,
WebGestor/Inventario/GuiaRemision/TABD299-REAL PZA PRO 27SET.pdf,WebGestor/Inventario/GuiaRemision,TABD299-REAL PZA PRO 27SET.pdf,.pdf,37497,2025-11-10T02:16:22Z,4945604b3d688b61e87d38bbede4844d473eb8ac,,0,0,
WebGestor/Inventario/GuiaRemision/TABD3-BREÑA.pdf,WebGestor/Inventario/GuiaRemision,TABD3-BREÑA.pdf,.pdf,37365,2025-11-10T02:16:22Z,4ad2142ef0741f92ea5e373ff5e3d27d5383e536,,0,0,
WebGestor/Inventario/GuiaRemision/TABD30-WANCHAQ.pdf,WebGestor/Inventario/GuiaRemision,TABD30-WANCHAQ.pdf,.pdf,38160,2025-11-10T02:16:22Z,845facb589f81fc4a72b24844eab168528b65fcc,,0,0,
WebGestor/Inventario/GuiaRemision/TABD300-MANTAS 27SET.pdf,WebGestor/Inventario/GuiaRemision,TABD300-MANTAS 27SET.pdf,.pdf,38797,2025-11-10T02:16:22Z,1907f3efae69e4e7493630f2b469fa089f85b8d0,,0,0,
WebGestor/Inventario/GuiaRemision/TABD301-REAL PZA HUANCAYO 27SET.pdf,WebGestor/Inventario/GuiaRemision,TABD301-REAL PZA HUANCAYO 27SET.pdf,.pdf,37808,2025-11-10T02:16:22Z,caeccfe284c181c549cb653a4a56a2345f7c3319,,0,0,
WebGestor/Inventario/GuiaRemision/TABD302-LAS GARDENIAS 27SET.pdf,WebGestor/Inventario/GuiaRemision,TABD302-LAS GARDENIAS 27SET.pdf,.pdf,37669,2025-11-10T02:16:22Z,dc3d291c0e4f1f8fad75ad74e0083f2f39ca182f,,0,0,
WebGestor/Inventario/GuiaRemision/TABD303-LA COLMENA RECOJO 27SET.pdf,WebGestor/Inventario/GuiaRemision,TABD303-LA COLMENA RECOJO 27SET.pdf,.pdf,37887,2025-11-10T02:16:22Z,aa6de21643c88a97c8ea7ce51d40ca90aa0e78ff,,0,0,
WebGestor/Inventario/GuiaRemision/TABD304-ANULADO.pdf,WebGestor/Inventario/GuiaRemision,TABD304-ANULADO.pdf,.pdf,37486,2025-11-10T02:16:22Z,4891b0637133a700b8dd6c967a9ffe0af6a019e9,,0,0,
WebGestor/Inventario/GuiaRemision/TABD305-BARRIO COMERCIO 29SET.pdf,WebGestor/Inventario/GuiaRemision,TABD305-BARRIO COMERCIO 29SET.pdf,.pdf,37569,2025-11-10T02:16:22Z,5efde1ed0f9b65ce3266dbc8054bcacd7c2e4e5b,,0,0,
WebGestor/Inventario/GuiaRemision/TABD306-CRONOS 29SET.pdf,WebGestor/Inventario/GuiaRemision,TABD306-CRONOS 29SET.pdf,.pdf,37466,2025-11-10T02:16:22Z,3a2445e3e78cbb1fdabce80c3bb3819c1b05f3dc,,0,0,
WebGestor/Inventario/GuiaRemision/TABD307-LIMA RECOJO 29SET.pdf,WebGestor/Inventario/GuiaRemision,TABD307-LIMA RECOJO 29SET.pdf,.pdf,37354,2025-11-10T02:16:22Z,228b3bb5b8a6c7d0365eed4c444d0b5eacc8007a,,0,0,
WebGestor/Inventario/GuiaRemision/TABD308-METRO PLAZA CASTILLA 29SET.pdf,WebGestor/Inventario/GuiaRemision,TABD308-METRO PLAZA CASTILLA 29SET.pdf,.pdf,37395,2025-11-10T02:16:22Z,c2e0d9cc131d103c00723dc1557ac0602c1efaa8,,0,0,
WebGestor/Inventario/GuiaRemision/TABD309-LA OROYA RECOJO 02 OCT.pdf,WebGestor/Inventario/GuiaRemision,TABD309-LA OROYA RECOJO 02 OCT.pdf,.pdf,37598,2025-11-10T02:16:22Z,61cc893d67c2d3f7001977610b4eaf6431fb4417,,0,0,
WebGestor/Inventario/GuiaRemision/TABD31-MALA RECOJO.pdf,WebGestor/Inventario/GuiaRemision,TABD31-MALA RECOJO.pdf,.pdf,37891,2025-11-10T02:16:22Z,bc9bf4fdabebb82d097ef1d49fe42f1b11bd1160,,0,0,
WebGestor/Inventario/GuiaRemision/TABD310-MEGA AREQUIPA 02OCT.pdf,WebGestor/Inventario/GuiaRemision,TABD310-MEGA AREQUIPA 02OCT.pdf,.pdf,37427,2025-11-10T02:16:22Z,125c01beccf48849b1b0522080b238269e56e13e,,0,0,
WebGestor/Inventario/GuiaRemision/TABD311-AREQUIPA TALENTO 02OCT.pdf,WebGestor/Inventario/GuiaRemision,TABD311-AREQUIPA TALENTO 02OCT.pdf,.pdf,38409,2025-11-10T02:16:22Z,74fe7b1fae98da5296b87f99ebfc37e42bcaad1a,,0,0,
WebGestor/Inventario/GuiaRemision/TABD312-AREQUIPA RECOJO 02OCT.pdf,WebGestor/Inventario/GuiaRemision,TABD312-AREQUIPA RECOJO 02OCT.pdf,.pdf,38054,2025-11-10T02:16:22Z,0ba974409f58e39c6f59353403747150de285f72,,0,0,
WebGestor/Inventario/GuiaRemision/TABD313-BELEN 02OCT.pdf,WebGestor/Inventario/GuiaRemision,TABD313-BELEN 02OCT.pdf,.pdf,39059,2025-11-10T02:16:22Z,e07fcee0401e8ede04f95c793fa68cee16352000,,0,0,
WebGestor/Inventario/GuiaRemision/TABD314-PROCERES 02OCT.pdf,WebGestor/Inventario/GuiaRemision,TABD314-PROCERES 02OCT.pdf,.pdf,39059,2025-11-10T02:16:22Z,e07fcee0401e8ede04f95c793fa68cee16352000,,0,0,
WebGestor/Inventario/GuiaRemision/TABD315-JESUS MARIA 03OCT.pdf,WebGestor/Inventario/GuiaRemision,TABD315-JESUS MARIA 03OCT.pdf,.pdf,37434,2025-11-10T02:16:22Z,f946616e10b6425743c178f610a22663d05083f7,,0,0,
WebGestor/Inventario/GuiaRemision/TABD316-UNIVERS. CATOL 03OCT.pdf,WebGestor/Inventario/GuiaRemision,TABD316-UNIVERS. CATOL 03OCT.pdf,.pdf,37961,2025-11-10T02:16:22Z,9eedcd5de64494b938bd2fc824ff89459baf5932,,0,0,
WebGestor/Inventario/GuiaRemision/TABD317-SULLANA 03OCT.pdf,WebGestor/Inventario/GuiaRemision,TABD317-SULLANA 03OCT.pdf,.pdf,37405,2025-11-10T02:16:22Z,ec4b289ff1b60f8484745c9ad8b68bc02442a5a4,,0,0,
WebGestor/Inventario/GuiaRemision/TABD318-PRO RECOJO 04OCT.pdf,WebGestor/Inventario/GuiaRemision,TABD318-PRO RECOJO 04OCT.pdf,.pdf,37428,2025-11-10T02:16:22Z,c9e5eeb9b3bbc693ad6a108c85bb8b8e8b9d0073,,0,0,
WebGestor/Inventario/GuiaRemision/TABD319-EL MURO 04OCT.pdf,WebGestor/Inventario/GuiaRemision,TABD319-EL MURO 04OCT.pdf,.pdf,40171,2025-11-10T02:16:22Z,53b2863ae1489da2356a0ed95895b559f5f4fb98,,0,0,
WebGestor/Inventario/GuiaRemision/TABD32-CAPON PRIVADO.pdf,WebGestor/Inventario/GuiaRemision,TABD32-CAPON PRIVADO.pdf,.pdf,36992,2025-11-10T02:16:22Z,aad6188b8b095d315a0d8fd9045a35a94ac56a57,,0,0,
WebGestor/Inventario/GuiaRemision/TABD320-VENEZUELA 1 04OCT.pdf,WebGestor/Inventario/GuiaRemision,TABD320-VENEZUELA 1 04OCT.pdf,.pdf,37462,2025-11-10T02:16:22Z,a9237114da0445e81fa465403b53d307004e1811,,0,0,
WebGestor/Inventario/GuiaRemision/TABD321-ANULADO.pdf,WebGestor/Inventario/GuiaRemision,TABD321-ANULADO.pdf,.pdf,37552,2025-11-10T02:16:22Z,f0d9ba409575a5c6eb0c828deb4c040ea0925926,,0,0,
WebGestor/Inventario/GuiaRemision/TABD322-LAMBAYEQUE 04OCT.pdf,WebGestor/Inventario/GuiaRemision,TABD322-LAMBAYEQUE 04OCT.pdf,.pdf,37537,2025-11-10T02:16:22Z,af2d2986644ecdefad6e825578259a52ed6f81ea,,0,0,
WebGestor/Inventario/GuiaRemision/TABD323-CANAVAL Y MOREYRA 04OCT.pdf,WebGestor/Inventario/GuiaRemision,TABD323-CANAVAL Y MOREYRA 04OCT.pdf,.pdf,37384,2025-11-10T02:16:22Z,4473eaf1932c91ad7972628565ce8595a2bacd08,,0,0,
WebGestor/Inventario/GuiaRemision/TABD324-REAL PLAZA PIURA RECOJO 04OCT.pdf,WebGestor/Inventario/GuiaRemision,TABD324-REAL PLAZA PIURA RECOJO 04OCT.pdf,.pdf,37124,2025-11-10T02:16:22Z,88f816d9518277d10434f5d01db1628cc4473835,,0,0,
WebGestor/Inventario/GuiaRemision/TABD325-TRUJILLO RECOJO 04OCT.pdf,WebGestor/Inventario/GuiaRemision,TABD325-TRUJILLO RECOJO 04OCT.pdf,.pdf,37492,2025-11-10T02:16:22Z,9edb887f56c5c67d3704ed935c13cba210cecbb0,,0,0,
WebGestor/Inventario/GuiaRemision/TABD326-CAVENECIA 05OCT.pdf,WebGestor/Inventario/GuiaRemision,TABD326-CAVENECIA 05OCT.pdf,.pdf,38242,2025-11-10T02:16:22Z,d64de56a43856230087d2ab903d52fff6bb569b6,,0,0,
WebGestor/Inventario/GuiaRemision/TABD327-CAVENECIA.pdf,WebGestor/Inventario/GuiaRemision,TABD327-CAVENECIA.pdf,.pdf,37583,2025-11-10T02:16:22Z,0240fb87b8b68dc13a23aee96bf8d4281e586965,,0,0,
WebGestor/Inventario/GuiaRemision/TABD33-CHEPEN.pdf,WebGestor/Inventario/GuiaRemision,TABD33-CHEPEN.pdf,.pdf,37520,2025-11-10T02:16:22Z,f643c7c7dae8643e6ffc10a1e4f918ee4a37dcd4,,0,0,
WebGestor/Inventario/GuiaRemision/TABD34-GRAN CHIMU.pdf,WebGestor/Inventario/GuiaRemision,TABD34-GRAN CHIMU.pdf,.pdf,37611,2025-11-10T02:16:22Z,43a309d529536c9bd20587a696344b8b85fce335,,0,0,
WebGestor/Inventario/GuiaRemision/TABD35-PARURO.pdf,WebGestor/Inventario/GuiaRemision,TABD35-PARURO.pdf,.pdf,37500,2025-11-10T02:16:22Z,ba138215db2715b70de062a415d8cf4c94726dd9,,0,0,
WebGestor/Inventario/GuiaRemision/TABD36-UNIVERSITARIA FREIRE.pdf,WebGestor/Inventario/GuiaRemision,TABD36-UNIVERSITARIA FREIRE.pdf,.pdf,40284,2025-11-10T02:16:22Z,9a1948346217b79a0b581e001f547225bf88a6da,,0,0,
WebGestor/Inventario/GuiaRemision/TABD37-SAN BORJA SUR.pdf,WebGestor/Inventario/GuiaRemision,TABD37-SAN BORJA SUR.pdf,.pdf,40248,2025-11-10T02:16:22Z,499f8979f7d9273772dc001c32db03e2a5c1b512,,0,0,
WebGestor/Inventario/GuiaRemision/TABD38-NICOLAS ARRIOLA1.pdf,WebGestor/Inventario/GuiaRemision,TABD38-NICOLAS ARRIOLA1.pdf,.pdf,37476,2025-11-10T02:16:22Z,21b7865d649279d7becddc30367309282a7bcf14,,0,0,
WebGestor/Inventario/GuiaRemision/TABD39-MEGAPLAZA CHIMBOTE.pdf,WebGestor/Inventario/GuiaRemision,TABD39-MEGAPLAZA CHIMBOTE.pdf,.pdf,37725,2025-11-10T02:16:22Z,37ba5b483162703730f0316b6de2f6255b1463bb,,0,0,
WebGestor/Inventario/GuiaRemision/TABD40-PANDO.pdf,WebGestor/Inventario/GuiaRemision,TABD40-PANDO.pdf,.pdf,37430,2025-11-10T02:16:22Z,f1e5331f4a42ecb8864d648371425f96694a2157,,0,0,
WebGestor/Inventario/GuiaRemision/TABD41-CANTA CALLAO.pdf,WebGestor/Inventario/GuiaRemision,TABD41-CANTA CALLAO.pdf,.pdf,37511,2025-11-10T02:16:22Z,802433b621a32c503115493e8354e81e41bd0cc6,,0,0,
WebGestor/Inventario/GuiaRemision/TABD42-AEROPUERTO.pdf,WebGestor/Inventario/GuiaRemision,TABD42-AEROPUERTO.pdf,.pdf,37359,2025-11-10T02:16:22Z,dff7ac3524f49c49d8e0a484fcca4f0c9b094e57,,0,0,
WebGestor/Inventario/GuiaRemision/TABD43-COVIDA.pdf,WebGestor/Inventario/GuiaRemision,TABD43-COVIDA.pdf,.pdf,37610,2025-11-10T02:16:22Z,4c203ab4767363a68885bbceecf369c67a3ace4b,,0,0,
WebGestor/Inventario/GuiaRemision/TABD44-EL PINO.pdf,WebGestor/Inventario/GuiaRemision,TABD44-EL PINO.pdf,.pdf,37340,2025-11-10T02:16:22Z,479d2079c8e9764392afc20cc4afcabf78efe85a,,0,0,
WebGestor/Inventario/GuiaRemision/TABD45-C.C. SAN SIDRO 14JUL.pdf,WebGestor/Inventario/GuiaRemision,TABD45-C.C. SAN SIDRO 14JUL.pdf,.pdf,37454,2025-11-10T02:16:22Z,58997cca6a5350a914f54d55146b607b23d8f62e,,0,0,
WebGestor/Inventario/GuiaRemision/TABD46-SAMUEL DE ALCAZAR 15JUL.pdf,WebGestor/Inventario/GuiaRemision,TABD46-SAMUEL DE ALCAZAR 15JUL.pdf,.pdf,37495,2025-11-10T02:16:22Z,93c41d2c1892a1738f1f921391689c8506a9e154,,0,0,
WebGestor/Inventario/GuiaRemision/TABD47-BE CHACARILLA 14JUL.pdf,WebGestor/Inventario/GuiaRemision,TABD47-BE CHACARILLA 14JUL.pdf,.pdf,40679,2025-11-10T02:16:22Z,edf3717b16833086bca2ef06320f5d12b9d6f662,,0,0,
WebGestor/Inventario/GuiaRemision/TABD48-AEROPUERTO 14JUL.pdf,WebGestor/Inventario/GuiaRemision,TABD48-AEROPUERTO 14JUL.pdf,.pdf,37373,2025-11-10T02:16:22Z,0a48b0f0fe494f1468c23a0b62ba0c84c86a6d13,,0,0,
WebGestor/Inventario/GuiaRemision/TABD49-COVIDA 14JUL.pdf,WebGestor/Inventario/GuiaRemision,TABD49-COVIDA 14JUL.pdf,.pdf,37662,2025-11-10T02:16:22Z,a3af2aada84bd921847568c5de586bd86c055978,,0,0,
WebGestor/Inventario/GuiaRemision/TABD5-BELEN.pdf,WebGestor/Inventario/GuiaRemision,TABD5-BELEN.pdf,.pdf,37751,2025-11-10T02:16:22Z,a75bdb166cfc49bc8dd556755cf1a16974fe63a6,,0,0,
WebGestor/Inventario/GuiaRemision/TABD50-SALAVERRY 14JUL.pdf,WebGestor/Inventario/GuiaRemision,TABD50-SALAVERRY 14JUL.pdf,.pdf,37562,2025-11-10T02:16:22Z,27e819d92faa4386a7a244df3f5efc52e3b9929e,,0,0,
WebGestor/Inventario/GuiaRemision/TABD51-CHOTA 14JUL.pdf,WebGestor/Inventario/GuiaRemision,TABD51-CHOTA 14JUL.pdf,.pdf,37439,2025-11-10T02:16:22Z,e26ab3f8a22abbe87dd924d3e21c8c7fa0de0a47,,0,0,
WebGestor/Inventario/GuiaRemision/TABD52-AREQUIPA 14JUL.pdf,WebGestor/Inventario/GuiaRemision,TABD52-AREQUIPA 14JUL.pdf,.pdf,37605,2025-11-10T02:16:22Z,4880b4490a265a3f4e8bf2d72f4cf8cb5a203014,,0,0,
WebGestor/Inventario/GuiaRemision/TABD53-CHORRILLOS 14 JUL.pdf,WebGestor/Inventario/GuiaRemision,TABD53-CHORRILLOS 14 JUL.pdf,.pdf,37919,2025-11-10T02:16:22Z,8d8d700ece12b15821caa8222b1ef416f85845f1,,0,0,
WebGestor/Inventario/GuiaRemision/TABD54-CHORRILLOS RECOJO 14JUL.pdf,WebGestor/Inventario/GuiaRemision,TABD54-CHORRILLOS RECOJO 14JUL.pdf,.pdf,37578,2025-11-10T02:16:22Z,70497bdab961b25c16031f12e44254b2357429d7,,0,0,
WebGestor/Inventario/GuiaRemision/TABD55-MONTEGRANDE RECOJO 14JUL.pdf,WebGestor/Inventario/GuiaRemision,TABD55-MONTEGRANDE RECOJO 14JUL.pdf,.pdf,37630,2025-11-10T02:16:22Z,3c5f16a2aa73a08187dcb68325642b1773be87f5,,0,0,
WebGestor/Inventario/GuiaRemision/TABD56-AEROPUERTO RECOJO 14JUL.pdf,WebGestor/Inventario/GuiaRemision,TABD56-AEROPUERTO RECOJO 14JUL.pdf,.pdf,37818,2025-11-10T02:16:22Z,325197972d6c0997f442fb1ee5ba1febd9de7de9,,0,0,
WebGestor/Inventario/GuiaRemision/TABD57-AV. CENTRAL 15JUL.pdf,WebGestor/Inventario/GuiaRemision,TABD57-AV. CENTRAL 15JUL.pdf,.pdf,37358,2025-11-10T02:16:22Z,961e938b6a18216e2722db3be3bfc1ae26673f28,,0,0,
WebGestor/Inventario/GuiaRemision/TABD58-MAP STA ANITA RECOJO 15JUL.pdf,WebGestor/Inventario/GuiaRemision,TABD58-MAP STA ANITA RECOJO 15JUL.pdf,.pdf,37942,2025-11-10T02:16:22Z,ebd00e4de5210924046357e35c19863d23c50b43,,0,0,
WebGestor/Inventario/GuiaRemision/TABD59-AEROPUERTO.pdf,WebGestor/Inventario/GuiaRemision,TABD59-AEROPUERTO.pdf,.pdf,37458,2025-11-10T02:16:22Z,b9bca3193cedfb127e66df1d58b034bdee14f419,,0,0,
WebGestor/Inventario/GuiaRemision/TABD60-AEROPUERTO RECOJO 17JULIO.pdf,WebGestor/Inventario/GuiaRemision,TABD60-AEROPUERTO RECOJO 17JULIO.pdf,.pdf,37870,2025-11-10T02:16:22Z,511992b199626c65eada5a7227b99b4ba1646255,,0,0,
WebGestor/Inventario/GuiaRemision/TABD61-METRO CHILCA 17JUL.pdf,WebGestor/Inventario/GuiaRemision,TABD61-METRO CHILCA 17JUL.pdf,.pdf,37491,2025-11-10T02:16:22Z,4ad7079394685bcc2b7725cbb47df7fb02b9bded,,0,0,
WebGestor/Inventario/GuiaRemision/TABD62-CORPAC 17JUL.pdf,WebGestor/Inventario/GuiaRemision,TABD62-CORPAC 17JUL.pdf,.pdf,37412,2025-11-10T02:16:22Z,d401683d88ea83dcbcad32a0a9b630417b387e6b,,0,0,
WebGestor/Inventario/GuiaRemision/TABD63-ANULADO.pdf,WebGestor/Inventario/GuiaRemision,TABD63-ANULADO.pdf,.pdf,37602,2025-11-10T02:16:22Z,fe160baf02d40c0e761e3cabf9cbd0ce52e31457,,0,0,
WebGestor/Inventario/GuiaRemision/TABD64-CC SAN MIGUEL RECOJO 17 JUL.pdf,WebGestor/Inventario/GuiaRemision,TABD64-CC SAN MIGUEL RECOJO 17 JUL.pdf,.pdf,37647,2025-11-10T02:16:22Z,ca0bb9fb85543aee23fa1c22a8d4d0627e44d4c1,,0,0,
WebGestor/Inventario/GuiaRemision/TABD65-BE CHICLAYO RECOJO 17JUL.pdf,WebGestor/Inventario/GuiaRemision,TABD65-BE CHICLAYO RECOJO 17JUL.pdf,.pdf,15967,2025-11-10T02:16:22Z,e10f71a4c3f60ed9695fe767f5e70ffff8f90e02,,0,0,
WebGestor/Inventario/GuiaRemision/TABD66-BASADRE 17JUL.pdf,WebGestor/Inventario/GuiaRemision,TABD66-BASADRE 17JUL.pdf,.pdf,15641,2025-11-10T02:16:22Z,5a2cc36059024fb56f71a48529d0cceb9b06fe4d,,0,0,
WebGestor/Inventario/GuiaRemision/TABD67-MONTEGRANDE 18JUL.pdf,WebGestor/Inventario/GuiaRemision,TABD67-MONTEGRANDE 18JUL.pdf,.pdf,37366,2025-11-10T02:16:22Z,09d1d3a5bdf4ab5e282691cb7e58aa70c0d24bfb,,0,0,
WebGestor/Inventario/GuiaRemision/TABD68-CORPAC RECOJO 18JUL.pdf,WebGestor/Inventario/GuiaRemision,TABD68-CORPAC RECOJO 18JUL.pdf,.pdf,37632,2025-11-10T02:16:22Z,dae461c125585f462d9be612de2a70bfd1256474,,0,0,
WebGestor/Inventario/GuiaRemision/TABD69-EL RETABLO RECOJO.pdf,WebGestor/Inventario/GuiaRemision,TABD69-EL RETABLO RECOJO.pdf,.pdf,39879,2025-11-10T02:16:22Z,1b78ce4d390e60c751218862f55cd9d2bd371809,,0,0,
WebGestor/Inventario/GuiaRemision/TABD70-SC BARRANCA RECOJO.pdf,WebGestor/Inventario/GuiaRemision,TABD70-SC BARRANCA RECOJO.pdf,.pdf,37571,2025-11-10T02:16:22Z,e0629dbd9e8b004f714a61b706fc0dc1cc6e174e,,0,0,
WebGestor/Inventario/GuiaRemision/TABD72-JUANJUI 19JUL.pdf,WebGestor/Inventario/GuiaRemision,TABD72-JUANJUI 19JUL.pdf,.pdf,37529,2025-11-10T02:16:22Z,7746b0fa660d674d4bd64e2017e21f86c1b2dcdb,,0,0,
WebGestor/Inventario/GuiaRemision/TABD73-SURQUILLO 19JUL.pdf,WebGestor/Inventario/GuiaRemision,TABD73-SURQUILLO 19JUL.pdf,.pdf,37437,2025-11-10T02:16:22Z,413b6fb3d0dbbce0d22431907c4fe5ad02c52c0c,,0,0,
WebGestor/Inventario/GuiaRemision/TABD74-PLAZA LIMA NORTE 19JUL.pdf,WebGestor/Inventario/GuiaRemision,TABD74-PLAZA LIMA NORTE 19JUL.pdf,.pdf,37363,2025-11-10T02:16:22Z,a6d801851d548b1586920c6ddca1f61d4d7e64aa,,0,0,
WebGestor/Inventario/GuiaRemision/TABD75-LAS BEGONIAS RECOJO 19JUL.pdf,WebGestor/Inventario/GuiaRemision,TABD75-LAS BEGONIAS RECOJO 19JUL.pdf,.pdf,37697,2025-11-10T02:16:22Z,9cd74ae210041052012bde541ca092d266157942,,0,0,
WebGestor/Inventario/GuiaRemision/TABD77-PZA SOL DE HUACHO 20JUL.pdf,WebGestor/Inventario/GuiaRemision,TABD77-PZA SOL DE HUACHO 20JUL.pdf,.pdf,37510,2025-11-10T02:16:22Z,82153f7e4036cc535754be2ed172d08042be1863,,0,0,
WebGestor/Inventario/GuiaRemision/TABD78-COVIDA 20JUL.pdf,WebGestor/Inventario/GuiaRemision,TABD78-COVIDA 20JUL.pdf,.pdf,37648,2025-11-10T02:16:22Z,ab32bf8a9e5e010e1b0377e92a6ca9ee71a52d35,,0,0,
WebGestor/Inventario/GuiaRemision/TABD79-EL PORVENIR 20JUL.pdf,WebGestor/Inventario/GuiaRemision,TABD79-EL PORVENIR 20JUL.pdf,.pdf,15964,2025-11-10T02:16:22Z,4f3c4ef59ed4de7154e614024bd4cf6f6b7b67dd,,0,0,
WebGestor/Inventario/GuiaRemision/TABD8-EL POLO.pdf,WebGestor/Inventario/GuiaRemision,TABD8-EL POLO.pdf,.pdf,37250,2025-11-10T02:16:22Z,59f601fe51fceed61cf7d3f29f49090931f8132d,,0,0,
WebGestor/Inventario/GuiaRemision/TABD80-PICHANAQUI 20JUL.pdf,WebGestor/Inventario/GuiaRemision,TABD80-PICHANAQUI 20JUL.pdf,.pdf,37370,2025-11-10T02:16:22Z,bcd3aa7c114ec2fa4477264d03619eeb3709b3a0,,0,0,
WebGestor/Inventario/GuiaRemision/TABD81-MINKA 21JUL.pdf,WebGestor/Inventario/GuiaRemision,TABD81-MINKA 21JUL.pdf,.pdf,37587,2025-11-10T02:16:22Z,7dd31848e4561761313100fe3ccaefbd4d5123e5,,0,0,
WebGestor/Inventario/GuiaRemision/TABD83-LAS TIENDAS 21JUL.pdf,WebGestor/Inventario/GuiaRemision,TABD83-LAS TIENDAS 21JUL.pdf,.pdf,37359,2025-11-10T02:16:22Z,a4e3cd865ee177568a089b4134e451ca573d5953,,0,0,
WebGestor/Inventario/GuiaRemision/TABD85-CHACARILLA 24JUL.pdf,WebGestor/Inventario/GuiaRemision,TABD85-CHACARILLA 24JUL.pdf,.pdf,37624,2025-11-10T02:16:22Z,2944f1b5182a1695969c92914b5786c85338b32f,,0,0,
WebGestor/Inventario/GuiaRemision/TABD86-CHACARILLA 24JUL.pdf,WebGestor/Inventario/GuiaRemision,TABD86-CHACARILLA 24JUL.pdf,.pdf,40142,2025-11-10T02:16:22Z,76be947fd563e357864e10520ae23a1503ecdcf6,,0,0,
WebGestor/Inventario/GuiaRemision/TABD87-MAL PZA COMAS 24JUL.pdf,WebGestor/Inventario/GuiaRemision,TABD87-MAL PZA COMAS 24JUL.pdf,.pdf,37427,2025-11-10T02:16:22Z,6cc244635c3f96325d9656d7a8f0e79eedeb2eb2,,0,0,
WebGestor/Inventario/GuiaRemision/TABD88-AREQUIPA 25JUL.pdf,WebGestor/Inventario/GuiaRemision,TABD88-AREQUIPA 25JUL.pdf,.pdf,38251,2025-11-10T02:16:22Z,4a11f31918d4f0ade0db49cba10c2ac6a4e67813,,0,0,
WebGestor/Inventario/GuiaRemision/TABD89-SAN CAMILO 25JUL.pdf,WebGestor/Inventario/GuiaRemision,TABD89-SAN CAMILO 25JUL.pdf,.pdf,37727,2025-11-10T02:16:22Z,4399f25818e4d589c8176b77aaaaa5f5eb35804b,,0,0,
WebGestor/Inventario/GuiaRemision/TABD9-EL POLO.pdf,WebGestor/Inventario/GuiaRemision,TABD9-EL POLO.pdf,.pdf,39070,2025-11-10T02:16:22Z,101e386d3877852c81f8ee741e0fbd06c7f5bdae,,0,0,
WebGestor/Inventario/GuiaRemision/TABD91-CAYMA 25JUL.pdf,WebGestor/Inventario/GuiaRemision,TABD91-CAYMA 25JUL.pdf,.pdf,38026,2025-11-10T02:16:22Z,c2ba3cf1166d74fd23e484786c4ed801384bbd7c,,0,0,
WebGestor/Inventario/GuiaRemision/TABD93- CAMANA AREQUIPA 25JUL.pdf,WebGestor/Inventario/GuiaRemision,TABD93- CAMANA AREQUIPA 25JUL.pdf,.pdf,38215,2025-11-10T02:16:22Z,9a0344f8ecea0f1d568d8c3f3e5a239dba5160e8,,0,0,
WebGestor/Inventario/GuiaRemision/TABD94-PARQUE IND. 25JUL.pdf,WebGestor/Inventario/GuiaRemision,TABD94-PARQUE IND. 25JUL.pdf,.pdf,38180,2025-11-10T02:16:22Z,d8598f52c03060bdae6c192525102c907cdc78fc,,0,0,
WebGestor/Inventario/GuiaRemision/TABD95-JLBUSTAMANTE 25JUL.pdf,WebGestor/Inventario/GuiaRemision,TABD95-JLBUSTAMANTE 25JUL.pdf,.pdf,38282,2025-11-10T02:16:22Z,c1f5ba89ee268b0aaed2a4e4cc59d6316e6bf89d,,0,0,
WebGestor/Inventario/GuiaRemision/TABD96-PEDREGAL 25JUL.pdf,WebGestor/Inventario/GuiaRemision,TABD96-PEDREGAL 25JUL.pdf,.pdf,38191,2025-11-10T02:16:22Z,8a3c52f00106791423835b8da55c60c78556645f,,0,0,
WebGestor/Inventario/GuiaRemision/TABD97-MAP AREQUIPA 25JUL.pdf,WebGestor/Inventario/GuiaRemision,TABD97-MAP AREQUIPA 25JUL.pdf,.pdf,38146,2025-11-10T02:16:22Z,41119c67ed1beaa3f286034a8a86187ea37ced96,,0,0,
WebGestor/Inventario/GuiaRemision/TABD98-CERRO COLORADO 25JUL.pdf,WebGestor/Inventario/GuiaRemision,TABD98-CERRO COLORADO 25JUL.pdf,.pdf,38013,2025-11-10T02:16:22Z,2fbaf324d50f22c4320e677a29dedab7a26135aa,,0,0,
WebGestor/Inventario/GuiaRemision/TABD99-YANAHUARA 25JUL.pdf,WebGestor/Inventario/GuiaRemision,TABD99-YANAHUARA 25JUL.pdf,.pdf,38236,2025-11-10T02:16:22Z,268786b9998be4f223dbb4d676200da01509e13d,,0,0,
WebGestor/Inventario/ImagenGasto.ashx,WebGestor/Inventario,ImagenGasto.ashx,.ashx,1432,2025-11-10T02:16:22Z,ce6beb34a5b2c1a8353434ea68bf5bd9b7997c9b,,0,0,
WebGestor/Inventario/ImagenHandler.ashx,WebGestor/Inventario,ImagenHandler.ashx,.ashx,1433,2025-11-10T02:16:22Z,585f94da341c9f87686de964a30b545e479bac0b,,0,0,
WebGestor/Inventario/Imagenes/FranlaLeft.jpg,WebGestor/Inventario/Imagenes,FranlaLeft.jpg,.jpg,5357,2025-11-10T02:16:22Z,944b1938955e00904d545c027d116e2d55fc9c36,,0,0,
WebGestor/Inventario/Imagenes/LOGO WEB HACDATA.jpg,WebGestor/Inventario/Imagenes,LOGO WEB HACDATA.jpg,.jpg,17544,2025-11-10T02:16:22Z,005587e9cc0acf841f1735fff6bc434b7ca35ef2,,0,0,
WebGestor/Inventario/Imagenes/imgInforme.jpg,WebGestor/Inventario/Imagenes,imgInforme.jpg,.jpg,144191,2025-11-10T02:16:22Z,60b16a96d59aeee5a011cbec1356d5ce43da30f3,,0,0,
WebGestor/Inventario/Informe/201_BIENESNoEncontrados_INF.txt,WebGestor/Inventario/Informe,201_BIENESNoEncontrados_INF.txt,.txt,1716,2025-11-10T02:16:22Z,a3f0bf853f64ff9e9841d001d664458831932abe,,0,0,
WebGestor/Inventario/Informe/201_BIENES_INF.txt,WebGestor/Inventario/Informe,201_BIENES_INF.txt,.txt,156,2025-11-10T02:16:22Z,9580df9b42d5e50ae538ad90f79f6d3c5b430aae,,0,0,
WebGestor/Inventario/Informe/201_BIENES_MOB.txt,WebGestor/Inventario/Informe,201_BIENES_MOB.txt,.txt,30496,2025-11-10T02:16:22Z,10a8d17523d65d70b452fd982a95ae9db3c8d449,,0,0,
WebGestor/Inventario/Informe/501_BE Miraflores_INF.txt,WebGestor/Inventario/Informe,501_BE Miraflores_INF.txt,.txt,581,2025-11-10T02:16:22Z,dd9cc25416f73698b2049c7b2b7d3a4350dfd0ab,,0,0,
WebGestor/Inventario/Informe/501_BE Miraflores_MOB.txt,WebGestor/Inventario/Informe,501_BE Miraflores_MOB.txt,.txt,1860,2025-11-10T02:16:22Z,28bff04bd46c5981d5ee50bd1f4ac9fdf490c040,,0,0,
WebGestor/Inventario/Informe/501_Movimiento Nro 002_INF.txt,WebGestor/Inventario/Informe,501_Movimiento Nro 002_INF.txt,.txt,1985,2025-11-10T02:16:22Z,36d298b3b951676e142db8b72755b94c55a6b890,,0,0,
WebGestor/Inventario/Informe/501_Movimiento Nro 002_MOB.txt,WebGestor/Inventario/Informe,501_Movimiento Nro 002_MOB.txt,.txt,7700,2025-11-10T02:16:22Z,ad71170398de5895671ee7c1107958612e36611f,,0,0,
WebGestor/Inventario/Informe/501_Movimiento Nro 003_INF.txt,WebGestor/Inventario/Informe,501_Movimiento Nro 003_INF.txt,.txt,7601,2025-11-10T02:16:22Z,228a9d4328ac628fc40dbf68f0cd55895ca8cb55,,0,0,
WebGestor/Inventario/Informe/501_Movimiento Nro 003_MOB.txt,WebGestor/Inventario/Informe,501_Movimiento Nro 003_MOB.txt,.txt,1057,2025-11-10T02:16:22Z,0355a95f98a1bd02f97700176f5b1c397d1ede0d,,0,0,
WebGestor/Inventario/Informe/501_Movimiento Nro 011 lima este_INF.txt,WebGestor/Inventario/Informe,501_Movimiento Nro 011 lima este_INF.txt,.txt,191,2025-11-10T02:16:22Z,8d1c2167a9533e1fc3387b1fa88c38b4f0a246e9,,0,0,
WebGestor/Inventario/Informe/501_Movimiento Nro 011 lima este_MOB.txt,WebGestor/Inventario/Informe,501_Movimiento Nro 011 lima este_MOB.txt,.txt,546,2025-11-10T02:16:22Z,0bc15ac3ad563ed0b52f3aebb75ca124f0ce084d,,0,0,
WebGestor/Inventario/Informe/501_Movimiento Nro 012 LIMA NORTE 250424 080524_INF.txt,WebGestor/Inventario/Informe,501_Movimiento Nro 012 LIMA NORTE 250424 080524_INF.txt,.txt,191,2025-11-10T02:16:22Z,0b01f6b77cd71f453507e7806d19bb683a97c4d4,,0,0,
WebGestor/Inventario/Informe/501_Movimiento Nro 012 LIMA NORTE 250424 080524_MOB.txt,WebGestor/Inventario/Informe,501_Movimiento Nro 012 LIMA NORTE 250424 080524_MOB.txt,.txt,108,2025-11-10T02:16:22Z,ff089bf5c5f67b72697ce2d71f516b7bda31566f,,0,0,
WebGestor/Inventario/Informe/501_Movimiento Nro 013 lima norte 250424 120524_MOB.txt,WebGestor/Inventario/Informe,501_Movimiento Nro 013 lima norte 250424 120524_MOB.txt,.txt,108,2025-11-10T02:16:22Z,e00b2097c4f69f727420a8c59ad8003cf2b838e7,,0,0,
WebGestor/Inventario/Informe/501_Movimiento Nro 014_INF.txt,WebGestor/Inventario/Informe,501_Movimiento Nro 014_INF.txt,.txt,68753,2025-11-10T02:16:22Z,2eba98158813242fa8fd05cd456da9457350649d,,0,0,
WebGestor/Inventario/Informe/501_Movimiento Nro 014_MOB.txt,WebGestor/Inventario/Informe,501_Movimiento Nro 014_MOB.txt,.txt,157861,2025-11-10T02:16:22Z,81343b3bad8b14fe261b03a385b94a0c0840dda4,,0,0,
WebGestor/Inventario/Informe/501_Movimiento Nro 018 provincias 01 al 10 julio_MOB.txt,WebGestor/Inventario/Informe,501_Movimiento Nro 018 provincias 01 al 10 julio_MOB.txt,.txt,66173,2025-11-10T02:16:22Z,35c9980727c669a3c8e54a3960a12c8172911b3e,,0,0,
WebGestor/Inventario/Informe/501_Oficina Angamos Este_INF.txt,WebGestor/Inventario/Informe,501_Oficina Angamos Este_INF.txt,.txt,763,2025-11-10T02:16:22Z,d9710660fc9c9781eda05493a024a587af67d7d2,,0,0,
WebGestor/Inventario/Informe/501_Oficina Angamos Este_MOB.txt,WebGestor/Inventario/Informe,501_Oficina Angamos Este_MOB.txt,.txt,617,2025-11-10T02:16:22Z,aec4dd5506d5c0fcaeabc17bc61a74a827eccf41,,0,0,
WebGestor/Inventario/Informe/501_Oficina Angamos Open Plaza_INF.txt,WebGestor/Inventario/Informe,501_Oficina Angamos Open Plaza_INF.txt,.txt,813,2025-11-10T02:16:22Z,7223aadb51b39ca26b73f47971233acad1fad9e9,,0,0,
WebGestor/Inventario/Informe/501_Oficina Angamos Open Plaza_MOB.txt,WebGestor/Inventario/Informe,501_Oficina Angamos Open Plaza_MOB.txt,.txt,984,2025-11-10T02:16:22Z,0985d48c0220cae600d9e82812352bc2c6432d1b,,0,0,
WebGestor/Inventario/Informe/501_Oficina Aramburu_INF.txt,WebGestor/Inventario/Informe,501_Oficina Aramburu_INF.txt,.txt,347,2025-11-10T02:16:22Z,70f1268747cbcef4de3ba6ef716d600880a19688,,0,0,
WebGestor/Inventario/Informe/501_Oficina Aramburu_MOB.txt,WebGestor/Inventario/Informe,501_Oficina Aramburu_MOB.txt,.txt,838,2025-11-10T02:16:22Z,e9596a0c36032fec28801a220ba3e89e8834cf4c,,0,0,
WebGestor/Inventario/Informe/501_Oficina C.C. Aurora_INF.txt,WebGestor/Inventario/Informe,501_Oficina C.C. Aurora_INF.txt,.txt,33,2025-11-10T02:16:22Z,2d95121d26658f15fd996de8d775619b4b3b7558,,0,0,
WebGestor/Inventario/Informe/501_Oficina C.C. Aurora_MOB.txt,WebGestor/Inventario/Informe,501_Oficina C.C. Aurora_MOB.txt,.txt,33,2025-11-10T02:16:22Z,2d95121d26658f15fd996de8d775619b4b3b7558,,0,0,
WebGestor/Inventario/Informe/501_Oficina Comandante Espinar_INF.txt,WebGestor/Inventario/Informe,501_Oficina Comandante Espinar_INF.txt,.txt,347,2025-11-10T02:16:22Z,9d011beaf19d38aa07edb4f2531000acda9a3518,,0,0,
WebGestor/Inventario/Informe/501_Oficina Comandante Espinar_MOB.txt,WebGestor/Inventario/Informe,501_Oficina Comandante Espinar_MOB.txt,.txt,1349,2025-11-10T02:16:22Z,e9cf34df96603f230495804a14e34d19e4ef469b,,0,0,
WebGestor/Inventario/Informe/501_Oficina Grimaldo del solar_INF.txt,WebGestor/Inventario/Informe,501_Oficina Grimaldo del solar_INF.txt,.txt,579,2025-11-10T02:16:22Z,688dfff53f3066d003b997dbd1a4cb20845add72,,0,0,
WebGestor/Inventario/Informe/501_Oficina Grimaldo del solar_MOB.txt,WebGestor/Inventario/Informe,501_Oficina Grimaldo del solar_MOB.txt,.txt,836,2025-11-10T02:16:22Z,f3eeed3eff5aa97b11944068567c61d4d66ab3f0,,0,0,
WebGestor/Inventario/Informe/501_Oficina Larco Tarata_INF.txt,WebGestor/Inventario/Informe,501_Oficina Larco Tarata_INF.txt,.txt,35,2025-11-10T02:16:22Z,262bbcb79f6530ebb12bca464862ee6c1a32eca6,,0,0,
WebGestor/Inventario/Informe/501_Oficina Larco Tarata_MOB.txt,WebGestor/Inventario/Informe,501_Oficina Larco Tarata_MOB.txt,.txt,619,2025-11-10T02:16:22Z,2567973d3d57971006401319a41e102b7ec33400,,0,0,
WebGestor/Inventario/Informe/501_Oficina Miraflores_INF.txt,WebGestor/Inventario/Informe,501_Oficina Miraflores_INF.txt,.txt,1127,2025-11-10T02:16:22Z,89f860d7b16c135068c04bb084682779127ac04a,,0,0,
WebGestor/Inventario/Informe/501_Oficina Miraflores_MOB.txt,WebGestor/Inventario/Informe,501_Oficina Miraflores_MOB.txt,.txt,4196,2025-11-10T02:16:22Z,de7e465ab825160e84e7e538de2d8b68c42a4714,,0,0,
WebGestor/Inventario/Informe/501_PRUEBA 1_INF.txt,WebGestor/Inventario/Informe,501_PRUEBA 1_INF.txt,.txt,581,2025-11-10T02:16:22Z,ae94831921f1b74f705abf3b2d9b869f0bafe2d0,,0,0,
WebGestor/Inventario/Informe/501_PRUEBA 1_MOB.txt,WebGestor/Inventario/Informe,501_PRUEBA 1_MOB.txt,.txt,765,2025-11-10T02:16:22Z,9af6fb06163b41fd065d8d166c53b4ea3b8d78c8,,0,0,
WebGestor/Inventario/Informe/501__INF.txt,WebGestor/Inventario/Informe,501__INF.txt,.txt,13607,2025-11-10T02:16:22Z,ba2b8b88a63d754db265c7fa7016366b71349015,,0,0,
WebGestor/Inventario/Informe/501__MOB.txt,WebGestor/Inventario/Informe,501__MOB.txt,.txt,13029,2025-11-10T02:16:22Z,32e451335d60758935677ea940cba0f81d6e8833,,0,0,
WebGestor/Inventario/Informe/501__NoEncontradoINF.txt,WebGestor/Inventario/Informe,501__NoEncontradoINF.txt,.txt,133415,2025-11-10T02:16:22Z,4cc4ab72c868fdb07d74efcb1e73d5762730049f,,0,0,
WebGestor/Inventario/Informe/501__NoEncontradoMOB.txt,WebGestor/Inventario/Informe,501__NoEncontradoMOB.txt,.txt,308460,2025-11-10T02:16:22Z,33fcbccfe4d12d0ba697d80bf6ed3e2b8c88c654,,0,0,
WebGestor/Inventario/Informe/Bienes_xPlacar_.txt,WebGestor/Inventario/Informe,Bienes_xPlacar_.txt,.txt,72130,2025-11-10T02:16:22Z,5d9c4e06dd38696fd1a2a08b3b6af5314df3f827,,0,0,
WebGestor/Inventario/Informe/Bienes_xPlacar_PE11000119.txt,WebGestor/Inventario/Informe,Bienes_xPlacar_PE11000119.txt,.txt,936,2025-11-10T02:16:22Z,91ae0c2a76e53bf2e2b062b1cdce0e4cb435a3a6,,0,0,
WebGestor/Inventario/Informe/Bienes_xPlacar_PE11000354.txt,WebGestor/Inventario/Informe,Bienes_xPlacar_PE11000354.txt,.txt,630,2025-11-10T02:16:22Z,bf0358cd8755bdcc72e5e66cb8367c55d642b789,,0,0,
WebGestor/Inventario/Informe/Bienes_xPlacar_PE11000377.txt,WebGestor/Inventario/Informe,Bienes_xPlacar_PE11000377.txt,.txt,45,2025-11-10T02:16:22Z,f854c6e0beac510510beaca3f4d1583f2db8ea68,,0,0,
WebGestor/Inventario/Informe/Bienes_xPlacar_PE11000384.txt,WebGestor/Inventario/Informe,Bienes_xPlacar_PE11000384.txt,.txt,250,2025-11-10T02:16:22Z,95d9bae38e9e2fbc407da46847054d90e40b472b,,0,0,
WebGestor/Inventario/Informe/Bienes_xPlacar_PE11000387.txt,WebGestor/Inventario/Informe,Bienes_xPlacar_PE11000387.txt,.txt,90,2025-11-10T02:16:22Z,22613fc6b1f1c02c039d41746458758a3c69e18c,,0,0,
WebGestor/Inventario/Informe/Bienes_xPlacar_PE11000960.txt,WebGestor/Inventario/Informe,Bienes_xPlacar_PE11000960.txt,.txt,207,2025-11-10T02:16:22Z,590d96d38d328d8639ca572b2c8647b69cffe334,,0,0,
WebGestor/Inventario/Informe/Etiquetas_.ppla,WebGestor/Inventario/Informe,Etiquetas_.ppla,.ppla,174937,2025-11-10T02:16:22Z,4eabd6615ac100023ed05fb07341b51790a7b935,,0,0,
WebGestor/Inventario/Informe/Etiquetas_23.ppla,WebGestor/Inventario/Informe,Etiquetas_23.ppla,.ppla,12,2025-11-10T02:16:22Z,13158c47dc3262f1353774748c7b62b5e77fae95,,0,0,
WebGestor/Inventario/Informe/Etiquetas_PE11000115.ppla,WebGestor/Inventario/Informe,Etiquetas_PE11000115.ppla,.ppla,3808,2025-11-10T02:16:22Z,adeb4603f11d5dc2e3391c4b698b2e8a8cde3f28,,0,0,
WebGestor/Inventario/Informe/Etiquetas_PE11000736.ppla,WebGestor/Inventario/Informe,Etiquetas_PE11000736.ppla,.ppla,136,2025-11-10T02:16:22Z,b36949a6f13e251717353c082eef679c34af070b,,0,0,
WebGestor/Inventario/Informe/Etiquetas_PE11000960.ppla,WebGestor/Inventario/Informe,Etiquetas_PE11000960.ppla,.ppla,676,2025-11-10T02:16:22Z,7a3aadbb5fa994d9e8e3aacea82afc92527ac92c,,0,0,
WebGestor/Inventario/Informe/INFORME_FINAL24_PE11000387.pdf,WebGestor/Inventario/Informe,INFORME_FINAL24_PE11000387.pdf,.pdf,15,2025-11-10T02:16:22Z,16c66091abdcee9db991f68d585820b50077cca5,,0,0,
WebGestor/Inventario/Informe/INFORME_FINAL_-.pdf,WebGestor/Inventario/Informe,INFORME_FINAL_-.pdf,.pdf,158247,2025-11-10T02:16:22Z,2f6ec207074d684e203305d670800c11c635cbff,,0,0,
WebGestor/Inventario/Informe/INFORME_FINAL_.pdf,WebGestor/Inventario/Informe,INFORME_FINAL_.pdf,.pdf,158321,2025-11-10T02:16:22Z,673bf5a685ca915e5c91af07fe74b1a37d2289ee,,0,0,
WebGestor/Inventario/Informe/INFORME_FINAL_1PE11000354.pdf,WebGestor/Inventario/Informe,INFORME_FINAL_1PE11000354.pdf,.pdf,254228,2025-11-10T02:16:22Z,c9aa32fafcc9a85c40144f229d1d92e099f40bda,,0,0,
WebGestor/Inventario/Informe/INFORME_FINAL_1PE11000387.pdf,WebGestor/Inventario/Informe,INFORME_FINAL_1PE11000387.pdf,.pdf,228957,2025-11-10T02:16:22Z,57e758475c81625bcfbe2cf207a8f03496fbed0d,,0,0,
WebGestor/Inventario/Informe/INFORME_FINAL_22-GAMBETA.pdf,WebGestor/Inventario/Informe,INFORME_FINAL_22-GAMBETA.pdf,.pdf,6995363,2025-11-10T02:16:23Z,2bffde8a79e30a33f5c13ae9c71155e95864af04,,0,0,
WebGestor/Inventario/Informe/INFORME_FINAL_23-SATELITE.pdf,WebGestor/Inventario/Informe,INFORME_FINAL_23-SATELITE.pdf,.pdf,150265,2025-11-10T02:16:23Z,424262ab09cf33027876bbc66f131f359f868e1d,,0,0,
WebGestor/Inventario/Informe/INFORME_FINAL_PE11000002.pdf,WebGestor/Inventario/Informe,INFORME_FINAL_PE11000002.pdf,.pdf,233945,2025-11-10T02:16:23Z,f4669cd9f6223e3cefb5b74feedee803a3ab3e64,,0,0,
WebGestor/Inventario/Informe/INFORME_FINAL_PE11000005-Oficina Mega Plaza Chimbote.pdf,WebGestor/Inventario/Informe,INFORME_FINAL_PE11000005-Oficina Mega Plaza Chimbote.pdf,.pdf,233774,2025-11-10T02:16:23Z,4ea0adf5cbbcf9fe6910deeec93c1885d9b5bbf7,,0,0,
WebGestor/Inventario/Informe/INFORME_FINAL_PE11000010-Oficina Andahuaylas.pdf,WebGestor/Inventario/Informe,INFORME_FINAL_PE11000010-Oficina Andahuaylas.pdf,.pdf,233131,2025-11-10T02:16:23Z,d958821dea72d071e74f40f6807a24b3a3b4a3b5,,0,0,
WebGestor/Inventario/Informe/INFORME_FINAL_PE11000013-Oficina Paseo de la Castellana.pdf,WebGestor/Inventario/Informe,INFORME_FINAL_PE11000013-Oficina Paseo de la Castellana.pdf,.pdf,231614,2025-11-10T02:16:23Z,f3aa3d19379545c6b926e52329c7e626a819d3b1,,0,0,
WebGestor/Inventario/Informe/INFORME_FINAL_PE11000014-Oficina Metro Chilca.pdf,WebGestor/Inventario/Informe,INFORME_FINAL_PE11000014-Oficina Metro Chilca.pdf,.pdf,226051,2025-11-10T02:16:23Z,4cdb37e31d592aa1fa22281ca7df5c4cc147304f,,0,0,
WebGestor/Inventario/Informe/INFORME_FINAL_PE11000030-Oficina Ovalo Larco Trujillo.pdf,WebGestor/Inventario/Informe,INFORME_FINAL_PE11000030-Oficina Ovalo Larco Trujillo.pdf,.pdf,278945,2025-11-10T02:16:23Z,a1622fe5278a93b36e35d2483fc4bc63398f2fe5,,0,0,
WebGestor/Inventario/Informe/INFORME_FINAL_PE11000048-Oficina Mega Express Villa El Salvador.pdf,WebGestor/Inventario/Informe,INFORME_FINAL_PE11000048-Oficina Mega Express Villa El Salvador.pdf,.pdf,224263,2025-11-10T02:16:23Z,8ffe3cd89fcc6af32ca5d61e9e21c97dbb598d08,,0,0,
WebGestor/Inventario/Informe/INFORME_FINAL_PE11000050-Oficina San Juan.pdf,WebGestor/Inventario/Informe,INFORME_FINAL_PE11000050-Oficina San Juan.pdf,.pdf,225797,2025-11-10T02:16:23Z,15b484531270a8fa692abb1231fbb2cdbc53bdda,,0,0,
WebGestor/Inventario/Informe/INFORME_FINAL_PE11000059-Oficina Legu&#237;a Chiclayo.pdf,WebGestor/Inventario/Informe,INFORME_FINAL_PE11000059-Oficina Legu&#237;a Chiclayo.pdf,.pdf,223494,2025-11-10T02:16:23Z,40e2766be14923f416428e47eff36da80c8a958d,,0,0,
WebGestor/Inventario/Informe/INFORME_FINAL_PE11000059-Oficina Leguía Chiclayo.pdf,WebGestor/Inventario/Informe,INFORME_FINAL_PE11000059-Oficina Leguía Chiclayo.pdf,.pdf,223276,2025-11-10T02:16:23Z,4aef1ff9ea184f40ed84c6cec076eef2c37bbdec,,0,0,
WebGestor/Inventario/Informe/INFORME_FINAL_PE11000081-Oficina Bagua Grande.pdf,WebGestor/Inventario/Informe,INFORME_FINAL_PE11000081-Oficina Bagua Grande.pdf,.pdf,239248,2025-11-10T02:16:23Z,9e9ec9e0fe5a579077cf368544c0a7fe1091d2f6,,0,0,
WebGestor/Inventario/Informe/INFORME_FINAL_PE11000083-Oficina Real Plaza Cusco.pdf,WebGestor/Inventario/Informe,INFORME_FINAL_PE11000083-Oficina Real Plaza Cusco.pdf,.pdf,234988,2025-11-10T02:16:23Z,60746922f11648db1aec406b86d9b58d20c3209e,,0,0,
WebGestor/Inventario/Informe/INFORME_FINAL_PE11000087-Oficina Santa Rosa - Sullana.pdf,WebGestor/Inventario/Informe,INFORME_FINAL_PE11000087-Oficina Santa Rosa - Sullana.pdf,.pdf,225199,2025-11-10T02:16:23Z,111bbe58ab4d419fa93f6cc5d6f58f9ad0f60d20,,0,0,
WebGestor/Inventario/Informe/INFORME_FINAL_PE11000094.pdf,WebGestor/Inventario/Informe,INFORME_FINAL_PE11000094.pdf,.pdf,238025,2025-11-10T02:16:23Z,9b6db6316d43fca8ded865bd58508b1b906d0c68,,0,0,
WebGestor/Inventario/Informe/INFORME_FINAL_PE11000102.pdf,WebGestor/Inventario/Informe,INFORME_FINAL_PE11000102.pdf,.pdf,280043,2025-11-10T02:16:23Z,f40970aa7b46eff98e80d52654cc1b4c72a55885,,0,0,
WebGestor/Inventario/Informe/INFORME_FINAL_PE11000107.pdf,WebGestor/Inventario/Informe,INFORME_FINAL_PE11000107.pdf,.pdf,247878,2025-11-10T02:16:23Z,d0f3882314a4c47627bd542ef7bfd4356d23af0b,,0,0,
WebGestor/Inventario/Informe/INFORME_FINAL_PE11000114.pdf,WebGestor/Inventario/Informe,INFORME_FINAL_PE11000114.pdf,.pdf,244965,2025-11-10T02:16:23Z,446ea13e70942e295193f5d1b2a4865151725e2f,,0,0,
WebGestor/Inventario/Informe/INFORME_FINAL_PE11000117.pdf,WebGestor/Inventario/Informe,INFORME_FINAL_PE11000117.pdf,.pdf,311763,2025-11-10T02:16:23Z,8f67b9dc8d49ad7b4be891eaa158b8dec6141adf,,0,0,
WebGestor/Inventario/Informe/INFORME_FINAL_PE11000118.pdf,WebGestor/Inventario/Informe,INFORME_FINAL_PE11000118.pdf,.pdf,251032,2025-11-10T02:16:23Z,6005cc69e9d4d38b5f502a608f9f5559172b624d,,0,0,
WebGestor/Inventario/Informe/INFORME_FINAL_PE11000119.pdf,WebGestor/Inventario/Informe,INFORME_FINAL_PE11000119.pdf,.pdf,247667,2025-11-10T02:16:23Z,3e173396af7c993a6bc70ee6d810807a4220cfa0,,0,0,
WebGestor/Inventario/Informe/INFORME_FINAL_PE11000120.pdf,WebGestor/Inventario/Informe,INFORME_FINAL_PE11000120.pdf,.pdf,259312,2025-11-10T02:16:23Z,185bec85df2a8b5feea936cf667f1a96a749feb6,,0,0,
WebGestor/Inventario/Informe/INFORME_FINAL_PE11000121-Oficina Club Regatas Lima.pdf,WebGestor/Inventario/Informe,INFORME_FINAL_PE11000121-Oficina Club Regatas Lima.pdf,.pdf,217890,2025-11-10T02:16:23Z,0bf332aa1d309db84b54494b2f3f0e28541ae9b1,,0,0,
WebGestor/Inventario/Informe/INFORME_FINAL_PE11000122.pdf,WebGestor/Inventario/Informe,INFORME_FINAL_PE11000122.pdf,.pdf,238159,2025-11-10T02:16:23Z,d98c24a18a1a3687c40bb9e80ffcd2867cb6248b,,0,0,
WebGestor/Inventario/Informe/INFORME_FINAL_PE11000123.pdf,WebGestor/Inventario/Informe,INFORME_FINAL_PE11000123.pdf,.pdf,266241,2025-11-10T02:16:23Z,e4508426116afe45e0966ea0bcab890a72372b6d,,0,0,
WebGestor/Inventario/Informe/INFORME_FINAL_PE11000125-Oficina Chorillos.pdf,WebGestor/Inventario/Informe,INFORME_FINAL_PE11000125-Oficina Chorillos.pdf,.pdf,222601,2025-11-10T02:16:23Z,016380536e71dd1ff7ff20735590b850057edece,,0,0,
WebGestor/Inventario/Informe/INFORME_FINAL_PE11000127.pdf,WebGestor/Inventario/Informe,INFORME_FINAL_PE11000127.pdf,.pdf,272626,2025-11-10T02:16:23Z,b1d4d70c9eb7459875c61c23de133844f1de513a,,0,0,
WebGestor/Inventario/Informe/INFORME_FINAL_PE11000133-Oficina Villa Ma.del Triunfo.pdf,WebGestor/Inventario/Informe,INFORME_FINAL_PE11000133-Oficina Villa Ma.del Triunfo.pdf,.pdf,244102,2025-11-10T02:16:23Z,9163513db5225be09dc58ad9a5e2bbf6f564d1b4,,0,0,
WebGestor/Inventario/Informe/INFORME_FINAL_PE11000135-Oficina San Juan de Miraflores.pdf,WebGestor/Inventario/Informe,INFORME_FINAL_PE11000135-Oficina San Juan de Miraflores.pdf,.pdf,261004,2025-11-10T02:16:23Z,99ec90a5da964fb7d8369d3b45b74ac90c9962a8,,0,0,
WebGestor/Inventario/Informe/INFORME_FINAL_PE11000137-Oficina Villa Marina.pdf,WebGestor/Inventario/Informe,INFORME_FINAL_PE11000137-Oficina Villa Marina.pdf,.pdf,250013,2025-11-10T02:16:23Z,d27d9f846c1c963af94448dce56ba553a7645862,,0,0,
WebGestor/Inventario/Informe/INFORME_FINAL_PE11000138.pdf,WebGestor/Inventario/Informe,INFORME_FINAL_PE11000138.pdf,.pdf,256063,2025-11-10T02:16:23Z,9398bad21e5f9b19be37424a6e61ea68575dffb4,,0,0,
WebGestor/Inventario/Informe/INFORME_FINAL_PE11000140.pdf,WebGestor/Inventario/Informe,INFORME_FINAL_PE11000140.pdf,.pdf,231791,2025-11-10T02:16:23Z,49ce6860c9a3d47faeb6fb073bc35fc468cadaa9,,0,0,
WebGestor/Inventario/Informe/INFORME_FINAL_PE11000142.pdf,WebGestor/Inventario/Informe,INFORME_FINAL_PE11000142.pdf,.pdf,250504,2025-11-10T02:16:23Z,61bf9ec5708cecfc936fe880cbd02433cfbbe109,,0,0,
WebGestor/Inventario/Informe/INFORME_FINAL_PE11000148.pdf,WebGestor/Inventario/Informe,INFORME_FINAL_PE11000148.pdf,.pdf,239873,2025-11-10T02:16:23Z,5a6ff390a0665d3ef85765498c25d73998e97f26,,0,0,
WebGestor/Inventario/Informe/INFORME_FINAL_PE11000149.pdf,WebGestor/Inventario/Informe,INFORME_FINAL_PE11000149.pdf,.pdf,200525,2025-11-10T02:16:23Z,cdf1055e82c734655b4d91e821087b71473ed7a3,,0,0,
WebGestor/Inventario/Informe/INFORME_FINAL_PE11000150-Oficina Higuereta.pdf,WebGestor/Inventario/Informe,INFORME_FINAL_PE11000150-Oficina Higuereta.pdf,.pdf,247979,2025-11-10T02:16:23Z,12f98f4f7c9b319d4d5fb0b63412b76b6214be08,,0,0,
WebGestor/Inventario/Informe/INFORME_FINAL_PE11000151.pdf,WebGestor/Inventario/Informe,INFORME_FINAL_PE11000151.pdf,.pdf,219104,2025-11-10T02:16:23Z,863ffd32abfb8e17d3d72cf934e8c53433b39d34,,0,0,
WebGestor/Inventario/Informe/INFORME_FINAL_PE11000153.pdf,WebGestor/Inventario/Informe,INFORME_FINAL_PE11000153.pdf,.pdf,208359,2025-11-10T02:16:23Z,acdd98fa5d2f61015a9d54d8d0b7e27c41342cc3,,0,0,
WebGestor/Inventario/Informe/INFORME_FINAL_PE11000156.pdf,WebGestor/Inventario/Informe,INFORME_FINAL_PE11000156.pdf,.pdf,228245,2025-11-10T02:16:23Z,a969b08fbf8dc8728c13d294ebfc87d96e8a38c8,,0,0,
WebGestor/Inventario/Informe/INFORME_FINAL_PE11000157-Oficina C.C. Las Gardenias.pdf,WebGestor/Inventario/Informe,INFORME_FINAL_PE11000157-Oficina C.C. Las Gardenias.pdf,.pdf,225055,2025-11-10T02:16:23Z,8fb0e0a5df45ead78b44cc658b463ff117120abb,,0,0,
WebGestor/Inventario/Informe/INFORME_FINAL_PE11000159-Oficina Hunter.pdf,WebGestor/Inventario/Informe,INFORME_FINAL_PE11000159-Oficina Hunter.pdf,.pdf,214466,2025-11-10T02:16:23Z,6cf851f2f0dc56a632896b683449c15d4cf45d46,,0,0,
WebGestor/Inventario/Informe/INFORME_FINAL_PE11000161.pdf,WebGestor/Inventario/Informe,INFORME_FINAL_PE11000161.pdf,.pdf,232154,2025-11-10T02:16:23Z,45b433df99b15aa27a676edb88689483b425b4a0,,0,0,
WebGestor/Inventario/Informe/INFORME_FINAL_PE11000165.pdf,WebGestor/Inventario/Informe,INFORME_FINAL_PE11000165.pdf,.pdf,219109,2025-11-10T02:16:23Z,5e77462fd73e5e9beb5665dfc4c83b517509316d,,0,0,
WebGestor/Inventario/Informe/INFORME_FINAL_PE11000166.pdf,WebGestor/Inventario/Informe,INFORME_FINAL_PE11000166.pdf,.pdf,226747,2025-11-10T02:16:23Z,844a3cd77039f8a2f6484536eca8ce4df61c04ba,,0,0,
WebGestor/Inventario/Informe/INFORME_FINAL_PE11000169.pdf,WebGestor/Inventario/Informe,INFORME_FINAL_PE11000169.pdf,.pdf,226315,2025-11-10T02:16:23Z,3842e0439171c26949d8143a33ed1a395cd2028b,,0,0,
WebGestor/Inventario/Informe/INFORME_FINAL_PE11000170.pdf,WebGestor/Inventario/Informe,INFORME_FINAL_PE11000170.pdf,.pdf,214744,2025-11-10T02:16:23Z,df26c0851388231d761132cabbc406cd762221d6,,0,0,
WebGestor/Inventario/Informe/INFORME_FINAL_PE11000171-Oficina Los Rosales.pdf,WebGestor/Inventario/Informe,INFORME_FINAL_PE11000171-Oficina Los Rosales.pdf,.pdf,241616,2025-11-10T02:16:23Z,e55d22dc758ac75034ba077ffd4d5fbc58581bfb,,0,0,
WebGestor/Inventario/Informe/INFORME_FINAL_PE11000174-Oficina Mega Plaza.pdf,WebGestor/Inventario/Informe,INFORME_FINAL_PE11000174-Oficina Mega Plaza.pdf,.pdf,292502,2025-11-10T02:16:23Z,86a75b997abb0e6005e0ba90451385c74f12beb7,,0,0,
WebGestor/Inventario/Informe/INFORME_FINAL_PE11000179.pdf,WebGestor/Inventario/Informe,INFORME_FINAL_PE11000179.pdf,.pdf,228191,2025-11-10T02:16:23Z,fcc8e345dedb23891d9c040da973afce2089c292,,0,0,
WebGestor/Inventario/Informe/INFORME_FINAL_PE11000180.pdf,WebGestor/Inventario/Informe,INFORME_FINAL_PE11000180.pdf,.pdf,236615,2025-11-10T02:16:23Z,2ed35d2ccdf3269abe97c5aba279d45ed337cd64,,0,0,
WebGestor/Inventario/Informe/INFORME_FINAL_PE11000182.pdf,WebGestor/Inventario/Informe,INFORME_FINAL_PE11000182.pdf,.pdf,204971,2025-11-10T02:16:23Z,5043deb13bd1f602f24bcc2cd13e1f443548d428,,0,0,
WebGestor/Inventario/Informe/INFORME_FINAL_PE11000184.pdf,WebGestor/Inventario/Informe,INFORME_FINAL_PE11000184.pdf,.pdf,267484,2025-11-10T02:16:23Z,7aa7a2813050eb5e2c70c728a783fabc48722b1b,,0,0,
WebGestor/Inventario/Informe/INFORME_FINAL_PE11000187.pdf,WebGestor/Inventario/Informe,INFORME_FINAL_PE11000187.pdf,.pdf,230440,2025-11-10T02:16:23Z,6761f8caba296a55058e278692d3a95e3935ceab,,0,0,
WebGestor/Inventario/Informe/INFORME_FINAL_PE11000189.pdf,WebGestor/Inventario/Informe,INFORME_FINAL_PE11000189.pdf,.pdf,237292,2025-11-10T02:16:23Z,3cda31e8424be8b8613a3fdf457be22c0847c1e0,,0,0,
WebGestor/Inventario/Informe/INFORME_FINAL_PE11000190.pdf,WebGestor/Inventario/Informe,INFORME_FINAL_PE11000190.pdf,.pdf,296300,2025-11-10T02:16:23Z,04c001d471b3f92e52e0a2985d1613a0e085cfca,,0,0,
WebGestor/Inventario/Informe/INFORME_FINAL_PE11000192.pdf,WebGestor/Inventario/Informe,INFORME_FINAL_PE11000192.pdf,.pdf,285724,2025-11-10T02:16:23Z,9e6d2a1a11fb3a5f8689ffbddf4a4df0e198a6a6,,0,0,
WebGestor/Inventario/Informe/INFORME_FINAL_PE11000194-Oficina Chacarilla.pdf,WebGestor/Inventario/Informe,INFORME_FINAL_PE11000194-Oficina Chacarilla.pdf,.pdf,282819,2025-11-10T02:16:23Z,ef44530d697b522cfa35d54a9b36e436457fb2ad,,0,0,
WebGestor/Inventario/Informe/INFORME_FINAL_PE11000200-Oficina Cusco.pdf,WebGestor/Inventario/Informe,INFORME_FINAL_PE11000200-Oficina Cusco.pdf,.pdf,467208,2025-11-10T02:16:23Z,a7b5ba169a7468d37bbd58df277307e8f7acf90a,,0,0,
WebGestor/Inventario/Informe/INFORME_FINAL_PE11000201-Oficina Wanchaq.pdf,WebGestor/Inventario/Informe,INFORME_FINAL_PE11000201-Oficina Wanchaq.pdf,.pdf,270442,2025-11-10T02:16:23Z,2ca7ef0359b4f712cb1a0dd68d5da74ba525ec28,,0,0,
WebGestor/Inventario/Informe/INFORME_FINAL_PE11000202-Oficina Ayacucho.pdf,WebGestor/Inventario/Informe,INFORME_FINAL_PE11000202-Oficina Ayacucho.pdf,.pdf,280165,2025-11-10T02:16:23Z,94da60026dc616bce5ca2ab18e4ddfd86e1baf89,,0,0,
WebGestor/Inventario/Informe/INFORME_FINAL_PE11000203-Oficina San Martin - Ica.pdf,WebGestor/Inventario/Informe,INFORME_FINAL_PE11000203-Oficina San Martin - Ica.pdf,.pdf,256690,2025-11-10T02:16:23Z,cad17aceb92e36a23ec1dd3755129fbf0c17f94c,,0,0,
WebGestor/Inventario/Informe/INFORME_FINAL_PE11000204-BE Cusco.pdf,WebGestor/Inventario/Informe,INFORME_FINAL_PE11000204-BE Cusco.pdf,.pdf,216338,2025-11-10T02:16:23Z,e4339c79b1d2809a41255c0a6254594e533fc83e,,0,0,
WebGestor/Inventario/Informe/INFORME_FINAL_PE11000205-Oficina Tintaya.pdf,WebGestor/Inventario/Informe,INFORME_FINAL_PE11000205-Oficina Tintaya.pdf,.pdf,246345,2025-11-10T02:16:23Z,44deafe6499dc21f943ccc8615345f6084f948c1,,0,0,
WebGestor/Inventario/Informe/INFORME_FINAL_PE11000208-OF. HUAYRUROPATA.pdf,WebGestor/Inventario/Informe,INFORME_FINAL_PE11000208-OF. HUAYRUROPATA.pdf,.pdf,217839,2025-11-10T02:16:23Z,3580b1553b976d409a6924206a8568cc5f029569,,0,0,
WebGestor/Inventario/Informe/INFORME_FINAL_PE11000210-Oficina Huanuco.pdf,WebGestor/Inventario/Informe,INFORME_FINAL_PE11000210-Oficina Huanuco.pdf,.pdf,265245,2025-11-10T02:16:23Z,81332f9a104cbf64ff6d844e15c644bcaa3d6695,,0,0,
WebGestor/Inventario/Informe/INFORME_FINAL_PE11000211-Oficina Cañete.pdf,WebGestor/Inventario/Informe,INFORME_FINAL_PE11000211-Oficina Cañete.pdf,.pdf,228909,2025-11-10T02:16:23Z,b9056e01dfde61e955ade348e3f602def109ae8f,,0,0,
WebGestor/Inventario/Informe/INFORME_FINAL_PE11000214.pdf,WebGestor/Inventario/Informe,INFORME_FINAL_PE11000214.pdf,.pdf,263773,2025-11-10T02:16:23Z,b47f7e75777cbd07e398b1e470c79188669de218,,0,0,
WebGestor/Inventario/Informe/INFORME_FINAL_PE11000215-Oficina Chincha.pdf,WebGestor/Inventario/Informe,INFORME_FINAL_PE11000215-Oficina Chincha.pdf,.pdf,298533,2025-11-10T02:16:23Z,8a74aa8c3349e39b33a20f07ee790922bf95436d,,0,0,
WebGestor/Inventario/Informe/INFORME_FINAL_PE11000218-Oficina Quillabamba.pdf,WebGestor/Inventario/Informe,INFORME_FINAL_PE11000218-Oficina Quillabamba.pdf,.pdf,247848,2025-11-10T02:16:23Z,46e32fe719a717f87517085539a9b94fb219e0b8,,0,0,
WebGestor/Inventario/Informe/INFORME_FINAL_PE11000220-Oficina Arequipa.pdf,WebGestor/Inventario/Informe,INFORME_FINAL_PE11000220-Oficina Arequipa.pdf,.pdf,434416,2025-11-10T02:16:23Z,da93834d09ff156e8e01439102d1267370f641a8,,0,0,
WebGestor/Inventario/Informe/INFORME_FINAL_PE11000221-Oficina San Camilo.pdf,WebGestor/Inventario/Informe,INFORME_FINAL_PE11000221-Oficina San Camilo.pdf,.pdf,246415,2025-11-10T02:16:23Z,55e9eb7b3d784046f7e21bba1c5a77e7b8706065,,0,0,
WebGestor/Inventario/Informe/INFORME_FINAL_PE11000222-Oficina Miraflores - Arequipa.pdf,WebGestor/Inventario/Informe,INFORME_FINAL_PE11000222-Oficina Miraflores - Arequipa.pdf,.pdf,244681,2025-11-10T02:16:23Z,f431962950fe892dcf8628c710260e14d978e506,,0,0,
WebGestor/Inventario/Informe/INFORME_FINAL_PE11000223-Oficina Cayma.pdf,WebGestor/Inventario/Informe,INFORME_FINAL_PE11000223-Oficina Cayma.pdf,.pdf,370353,2025-11-10T02:16:23Z,008f8c28dda01c5d8de5e555bdf196002f60955f,,0,0,
WebGestor/Inventario/Informe/INFORME_FINAL_PE11000224-PE11000224.pdf,WebGestor/Inventario/Informe,INFORME_FINAL_PE11000224-PE11000224.pdf,.pdf,217842,2025-11-10T02:16:23Z,5c8dbcc3820621b845e74154786bd2e58ff14193,,0,0,
WebGestor/Inventario/Informe/INFORME_FINAL_PE11000225-Oficina Camana - Arequipa.pdf,WebGestor/Inventario/Informe,INFORME_FINAL_PE11000225-Oficina Camana - Arequipa.pdf,.pdf,243566,2025-11-10T02:16:23Z,7043378902a461250fd01eb462728e539cf41f97,,0,0,
WebGestor/Inventario/Informe/INFORME_FINAL_PE11000226-Oficina Parque Industrial.pdf,WebGestor/Inventario/Informe,INFORME_FINAL_PE11000226-Oficina Parque Industrial.pdf,.pdf,249967,2025-11-10T02:16:23Z,b7dfedb2dab4d45a378e4f314daac25db1182c28,,0,0,
WebGestor/Inventario/Informe/INFORME_FINAL_PE11000228-Oficina Juliaca.pdf,WebGestor/Inventario/Informe,INFORME_FINAL_PE11000228-Oficina Juliaca.pdf,.pdf,344531,2025-11-10T02:16:23Z,fb886fd6da33ae91e1d6b3b856a453559c20c1d3,,0,0,
WebGestor/Inventario/Informe/INFORME_FINAL_PE11000229-Oficina Puno.pdf,WebGestor/Inventario/Informe,INFORME_FINAL_PE11000229-Oficina Puno.pdf,.pdf,291361,2025-11-10T02:16:23Z,32af58581f56f1946f6dcaf581e38bbd37f1aa1c,,0,0,
WebGestor/Inventario/Informe/INFORME_FINAL_PE11000231-Oficina Ilo.pdf,WebGestor/Inventario/Informe,INFORME_FINAL_PE11000231-Oficina Ilo.pdf,.pdf,215641,2025-11-10T02:16:23Z,d35e2d465843dfa1b6c93116b2d38c608bff8966,,0,0,
WebGestor/Inventario/Informe/INFORME_FINAL_PE11000232-Oficina Tacna.pdf,WebGestor/Inventario/Informe,INFORME_FINAL_PE11000232-Oficina Tacna.pdf,.pdf,321324,2025-11-10T02:16:23Z,514fadd89f857cd08caf5bc5cf9724b3ee3aaadb,,0,0,
WebGestor/Inventario/Informe/INFORME_FINAL_PE11000233-Oficina 7 de Junio.pdf,WebGestor/Inventario/Informe,INFORME_FINAL_PE11000233-Oficina 7 de Junio.pdf,.pdf,255549,2025-11-10T02:16:23Z,9efb3011606e9f250faf709e69e4dac4e0629c15,,0,0,
WebGestor/Inventario/Informe/INFORME_FINAL_PE11000234-Of. Parque Industrial Villa el Salvador.pdf,WebGestor/Inventario/Informe,INFORME_FINAL_PE11000234-Of. Parque Industrial Villa el Salvador.pdf,.pdf,227966,2025-11-10T02:16:23Z,e5adbca752be3bbbf454c784385b378c5989040f,,0,0,
WebGestor/Inventario/Informe/INFORME_FINAL_PE11000235-Oficina Huancayo.pdf,WebGestor/Inventario/Informe,INFORME_FINAL_PE11000235-Oficina Huancayo.pdf,.pdf,453709,2025-11-10T02:16:23Z,18bf44a818e61f05e1fe8cddd9cbd9b56c2b9992,,0,0,
WebGestor/Inventario/Informe/INFORME_FINAL_PE11000236-Oficina La Oroya.pdf,WebGestor/Inventario/Informe,INFORME_FINAL_PE11000236-Oficina La Oroya.pdf,.pdf,238667,2025-11-10T02:16:23Z,84e8008422da2c03c543fafc7f6031823234fd9a,,0,0,
WebGestor/Inventario/Informe/INFORME_FINAL_PE11000237-Oficina El Tambo.pdf,WebGestor/Inventario/Informe,INFORME_FINAL_PE11000237-Oficina El Tambo.pdf,.pdf,264211,2025-11-10T02:16:23Z,56f9f993b0e69a1d439931812bc9c40f698ac840,,0,0,
WebGestor/Inventario/Informe/INFORME_FINAL_PE11000238-Oficina La Merced.pdf,WebGestor/Inventario/Informe,INFORME_FINAL_PE11000238-Oficina La Merced.pdf,.pdf,232530,2025-11-10T02:16:23Z,a7012bbedd46a6ba15b0b42a54d68b09a548aa32,,0,0,
WebGestor/Inventario/Informe/INFORME_FINAL_PE11000239-BE Arequipa.pdf,WebGestor/Inventario/Informe,INFORME_FINAL_PE11000239-BE Arequipa.pdf,.pdf,229258,2025-11-10T02:16:23Z,4a1ca970876d031606227a0af13c8e7c609420dc,,0,0,
WebGestor/Inventario/Informe/INFORME_FINAL_PE11000240-Oficina Ica.pdf,WebGestor/Inventario/Informe,INFORME_FINAL_PE11000240-Oficina Ica.pdf,.pdf,333297,2025-11-10T02:16:23Z,103a9bc0dd7ec6c00015bcb16a16675d419e0641,,0,0,
WebGestor/Inventario/Informe/INFORME_FINAL_PE11000241-Oficina Pisco.pdf,WebGestor/Inventario/Informe,INFORME_FINAL_PE11000241-Oficina Pisco.pdf,.pdf,236081,2025-11-10T02:16:23Z,fa6627a35accc468438cb0b578b99d1dbdd591f7,,0,0,
WebGestor/Inventario/Informe/INFORME_FINAL_PE11000245-Oficina Mega Plaza Piura.pdf,WebGestor/Inventario/Informe,INFORME_FINAL_PE11000245-Oficina Mega Plaza Piura.pdf,.pdf,274922,2025-11-10T02:16:23Z,65c7aeea96fcc78188dcb9873bba21f12cfd4d00,,0,0,
WebGestor/Inventario/Informe/INFORME_FINAL_PE11000246-Oficina Husares de Junin -Trujillo.pdf,WebGestor/Inventario/Informe,INFORME_FINAL_PE11000246-Oficina Husares de Junin -Trujillo.pdf,.pdf,266111,2025-11-10T02:16:23Z,d6dd132a9ccd2bc4c5e0b0ae731916e645184c95,,0,0,
WebGestor/Inventario/Informe/INFORME_FINAL_PE11000247-Oficina Chepen.pdf,WebGestor/Inventario/Informe,INFORME_FINAL_PE11000247-Oficina Chepen.pdf,.pdf,230515,2025-11-10T02:16:23Z,186cae293b2c56e90402ab0c8e147a108f779399,,0,0,
WebGestor/Inventario/Informe/INFORME_FINAL_PE11000248-Oficina El Quinde.pdf,WebGestor/Inventario/Informe,INFORME_FINAL_PE11000248-Oficina El Quinde.pdf,.pdf,248317,2025-11-10T02:16:23Z,6554553ac7fd627420c233603f0a7c500ad4ffb3,,0,0,
WebGestor/Inventario/Informe/INFORME_FINAL_PE11000249-Oficina Trujillo Pizarro.pdf,WebGestor/Inventario/Informe,INFORME_FINAL_PE11000249-Oficina Trujillo Pizarro.pdf,.pdf,606331,2025-11-10T02:16:23Z,69ee699c029c4f32a92432d4ff03445ed31cf6f3,,0,0,
WebGestor/Inventario/Informe/INFORME_FINAL_PE11000250-Oficina Primavera.pdf,WebGestor/Inventario/Informe,INFORME_FINAL_PE11000250-Oficina Primavera.pdf,.pdf,260458,2025-11-10T02:16:23Z,9f9fbe78616a4e48b6895efd290545d0b52bb241,,0,0,
WebGestor/Inventario/Informe/INFORME_FINAL_PE11000251-Oficina Mercado Mayorista - Trujillo.pdf,WebGestor/Inventario/Informe,INFORME_FINAL_PE11000251-Oficina Mercado Mayorista - Trujillo.pdf,.pdf,247926,2025-11-10T02:16:23Z,1b249ef04f39b3ec8e2afae94b9bf6ae74eb4b13,,0,0,
WebGestor/Inventario/Informe/INFORME_FINAL_PE11000252.pdf,WebGestor/Inventario/Informe,INFORME_FINAL_PE11000252.pdf,.pdf,216533,2025-11-10T02:16:23Z,f201fa7018f7371dd3a6dc98027bb171fe18b5eb,,0,0,
WebGestor/Inventario/Informe/INFORME_FINAL_PE11000254-Oficina Larco - Trujillo.pdf,WebGestor/Inventario/Informe,INFORME_FINAL_PE11000254-Oficina Larco - Trujillo.pdf,.pdf,241862,2025-11-10T02:16:23Z,83846911d3b6286e79570f0a1d2ab4b5e3a16229,,0,0,
WebGestor/Inventario/Informe/INFORME_FINAL_PE11000258-Oficina Larapa.pdf,WebGestor/Inventario/Informe,INFORME_FINAL_PE11000258-Oficina Larapa.pdf,.pdf,242916,2025-11-10T02:16:23Z,8b7a7fc30ae111d1aa2eb9a27e6647fe2dbfdc64,,0,0,
WebGestor/Inventario/Informe/INFORME_FINAL_PE11000260-Oficina Huaraz Ancash.pdf,WebGestor/Inventario/Informe,INFORME_FINAL_PE11000260-Oficina Huaraz Ancash.pdf,.pdf,265450,2025-11-10T02:16:23Z,16a12b812e2bb73d2b9f4a63a8eb9938f70f87ab,,0,0,
WebGestor/Inventario/Informe/INFORME_FINAL_PE11000261-Oficina Mall del Sur.pdf,WebGestor/Inventario/Informe,INFORME_FINAL_PE11000261-Oficina Mall del Sur.pdf,.pdf,214815,2025-11-10T02:16:23Z,453fa83cc95743b2f7ed2fc27ccc8ec3085b0dcf,,0,0,
WebGestor/Inventario/Informe/INFORME_FINAL_PE11000263-Oficina Puerto Maldonado.pdf,WebGestor/Inventario/Informe,INFORME_FINAL_PE11000263-Oficina Puerto Maldonado.pdf,.pdf,248003,2025-11-10T02:16:23Z,b2e91253b596a1a8fa388df080b376d14970067c,,0,0,
WebGestor/Inventario/Informe/INFORME_FINAL_PE11000264-Oficina Chancay.pdf,WebGestor/Inventario/Informe,INFORME_FINAL_PE11000264-Oficina Chancay.pdf,.pdf,219781,2025-11-10T02:16:23Z,6b06b776f2c7528bf9f92601b4393615d23ca5b9,,0,0,
WebGestor/Inventario/Informe/INFORME_FINAL_PE11000265-Oficina Tumbes.pdf,WebGestor/Inventario/Informe,INFORME_FINAL_PE11000265-Oficina Tumbes.pdf,.pdf,275310,2025-11-10T02:16:23Z,34c79bbe97662937e628bb603500b8bf446ddbbf,,0,0,
WebGestor/Inventario/Informe/INFORME_FINAL_PE11000266-Oficina C.C. Real Plaza Huancayo.pdf,WebGestor/Inventario/Informe,INFORME_FINAL_PE11000266-Oficina C.C. Real Plaza Huancayo.pdf,.pdf,226282,2025-11-10T02:16:23Z,054c2763034c363638c411f6b2efe6241f2c57e0,,0,0,
WebGestor/Inventario/Informe/INFORME_FINAL_PE11000267-Oficina Piura.pdf,WebGestor/Inventario/Informe,INFORME_FINAL_PE11000267-Oficina Piura.pdf,.pdf,371311,2025-11-10T02:16:23Z,a2e2d95e82ba2e305055d1c1d446cc6fd9c2ad44,,0,0,
WebGestor/Inventario/Informe/INFORME_FINAL_PE11000268-Oficina Mercado Modelo - Piura.pdf,WebGestor/Inventario/Informe,INFORME_FINAL_PE11000268-Oficina Mercado Modelo - Piura.pdf,.pdf,252089,2025-11-10T02:16:23Z,37efd06888bdbd8ca2bbe24596a74de3db09bcd7,,0,0,
WebGestor/Inventario/Informe/INFORME_FINAL_PE11000270-Oficina Talara.pdf,WebGestor/Inventario/Informe,INFORME_FINAL_PE11000270-Oficina Talara.pdf,.pdf,245305,2025-11-10T02:16:23Z,b09f83a789b057e809e78c83658735e4db184b86,,0,0,
WebGestor/Inventario/Informe/INFORME_FINAL_PE11000271-Oficina Paita.pdf,WebGestor/Inventario/Informe,INFORME_FINAL_PE11000271-Oficina Paita.pdf,.pdf,249690,2025-11-10T02:16:23Z,20dc45d731bd8a33aaedc2ee844dfbbc1c7d2c5e,,0,0,
WebGestor/Inventario/Informe/INFORME_FINAL_PE11000272-Oficina Nuevo Chimbote.pdf,WebGestor/Inventario/Informe,INFORME_FINAL_PE11000272-Oficina Nuevo Chimbote.pdf,.pdf,234953,2025-11-10T02:16:23Z,69e8cfd61ee0dbc98de080784b38877ed66c426c,,0,0,
WebGestor/Inventario/Informe/INFORME_FINAL_PE11000273-Oficina Huaral.pdf,WebGestor/Inventario/Informe,INFORME_FINAL_PE11000273-Oficina Huaral.pdf,.pdf,229540,2025-11-10T02:16:23Z,f5cc4344394df8ab8e2763f7a731957e3756308e,,0,0,
WebGestor/Inventario/Informe/INFORME_FINAL_PE11000274-Oficina Sullana.pdf,WebGestor/Inventario/Informe,INFORME_FINAL_PE11000274-Oficina Sullana.pdf,.pdf,258963,2025-11-10T02:16:23Z,8c6573629739ac3791a72e3e7ed34cefbe8bf498,,0,0,
WebGestor/Inventario/Informe/INFORME_FINAL_PE11000275-Oficina Huacho.pdf,WebGestor/Inventario/Informe,INFORME_FINAL_PE11000275-Oficina Huacho.pdf,.pdf,291022,2025-11-10T02:16:23Z,7318bfd63188147081428d56f5bbc3bb5ee940d3,,0,0,
WebGestor/Inventario/Informe/INFORME_FINAL_PE11000276-Oficina Barranca.pdf,WebGestor/Inventario/Informe,INFORME_FINAL_PE11000276-Oficina Barranca.pdf,.pdf,237830,2025-11-10T02:16:23Z,060f0b12ca920ddd4ff538c6f973c8fe771512fc,,0,0,
WebGestor/Inventario/Informe/INFORME_FINAL_PE11000277-Oficina Cajamarca.pdf,WebGestor/Inventario/Informe,INFORME_FINAL_PE11000277-Oficina Cajamarca.pdf,.pdf,332417,2025-11-10T02:16:23Z,96680c4a2a7f8cb24f1e2db4d4df409591e66fa8,,0,0,
WebGestor/Inventario/Informe/INFORME_FINAL_PE11000278-BE Piura.pdf,WebGestor/Inventario/Informe,INFORME_FINAL_PE11000278-BE Piura.pdf,.pdf,217593,2025-11-10T02:16:23Z,480f34c3b03bab75e28a02216788202e98225a6b,,0,0,
WebGestor/Inventario/Informe/INFORME_FINAL_PE11000279-BE Chiclayo.pdf,WebGestor/Inventario/Informe,INFORME_FINAL_PE11000279-BE Chiclayo.pdf,.pdf,223564,2025-11-10T02:16:23Z,53517582af392102775d92c830b9646e4ee94376,,0,0,
WebGestor/Inventario/Informe/INFORME_FINAL_PE11000280-BE Trujillo.pdf,WebGestor/Inventario/Informe,INFORME_FINAL_PE11000280-BE Trujillo.pdf,.pdf,240582,2025-11-10T02:16:23Z,9b7340ca6a50d3dd7ddbd69a16e4fd1307657863,,0,0,
WebGestor/Inventario/Informe/INFORME_FINAL_PE11000281-Oficina Jaen.pdf,WebGestor/Inventario/Informe,INFORME_FINAL_PE11000281-Oficina Jaen.pdf,.pdf,286693,2025-11-10T02:16:23Z,90a20e75ee97a94056e24a2be3c9766473edb989,,0,0,
WebGestor/Inventario/Informe/INFORME_FINAL_PE11000285-Oficina Chiclayo.pdf,WebGestor/Inventario/Informe,INFORME_FINAL_PE11000285-Oficina Chiclayo.pdf,.pdf,450001,2025-11-10T02:16:23Z,afe13733600b01c73290cda16f679959cec82e6e,,0,0,
WebGestor/Inventario/Informe/INFORME_FINAL_PE11000287-Oficina Mercado Modelo - Chiclayo.pdf,WebGestor/Inventario/Informe,INFORME_FINAL_PE11000287-Oficina Mercado Modelo - Chiclayo.pdf,.pdf,235311,2025-11-10T02:16:23Z,aa625e6415feca4396c51df701069cadf4f7ccef,,0,0,
WebGestor/Inventario/Informe/INFORME_FINAL_PE11000288-Oficina Moshoqueque.pdf,WebGestor/Inventario/Informe,INFORME_FINAL_PE11000288-Oficina Moshoqueque.pdf,.pdf,242242,2025-11-10T02:16:23Z,2b3d2e8abbe52cc7ca1b37c17e36324e2310c530,,0,0,
WebGestor/Inventario/Informe/INFORME_FINAL_PE11000291-Oficina Pacasmayo.pdf,WebGestor/Inventario/Informe,INFORME_FINAL_PE11000291-Oficina Pacasmayo.pdf,.pdf,257239,2025-11-10T02:16:23Z,bb5c0fd4d5639cb815d825abc2f68d4aa2e0b8a5,,0,0,
WebGestor/Inventario/Informe/INFORME_FINAL_PE11000295-Oficina Chimbote.pdf,WebGestor/Inventario/Informe,INFORME_FINAL_PE11000295-Oficina Chimbote.pdf,.pdf,399961,2025-11-10T02:16:23Z,91e36350e5425ec2f0aacb639d347a3a6e135f2b,,0,0,
WebGestor/Inventario/Informe/INFORME_FINAL_PE11000297-Oficina Mercado Modelo Chimbote.pdf,WebGestor/Inventario/Informe,INFORME_FINAL_PE11000297-Oficina Mercado Modelo Chimbote.pdf,.pdf,256085,2025-11-10T02:16:23Z,3af5c86e89cd95e0c3f6316b13e044fe5a5f4058,,0,0,
WebGestor/Inventario/Informe/INFORME_FINAL_PE11000299-OF.ESP EXP BELLAVISTA SM.pdf,WebGestor/Inventario/Informe,INFORME_FINAL_PE11000299-OF.ESP EXP BELLAVISTA SM.pdf,.pdf,227486,2025-11-10T02:16:23Z,5d486f013b876c8925a9ebb0ea38f4ff72dc225f,,0,0,
WebGestor/Inventario/Informe/INFORME_FINAL_PE11000301-Oficina Iquitos.pdf,WebGestor/Inventario/Informe,INFORME_FINAL_PE11000301-Oficina Iquitos.pdf,.pdf,441841,2025-11-10T02:16:23Z,7d613bef4734d2ae0d762da2da80988dee367deb,,0,0,
WebGestor/Inventario/Informe/INFORME_FINAL_PE11000304-Oficina Belen.pdf,WebGestor/Inventario/Informe,INFORME_FINAL_PE11000304-Oficina Belen.pdf,.pdf,279176,2025-11-10T02:16:23Z,de697e11954e4860c9776d74364e19e4eae7c8c2,,0,0,
WebGestor/Inventario/Informe/INFORME_FINAL_PE11000305-BE Iquitos.pdf,WebGestor/Inventario/Informe,INFORME_FINAL_PE11000305-BE Iquitos.pdf,.pdf,191357,2025-11-10T02:16:23Z,b9c56d2be11c3027e42f56505ab7951a5c812360,,0,0,
WebGestor/Inventario/Informe/INFORME_FINAL_PE11000306-Oficina Pucallpa.pdf,WebGestor/Inventario/Informe,INFORME_FINAL_PE11000306-Oficina Pucallpa.pdf,.pdf,346767,2025-11-10T02:16:23Z,ac5c6805498e853a053f7cc7aedfb327a82a54ab,,0,0,
WebGestor/Inventario/Informe/INFORME_FINAL_PE11000310-Oficina Tarapoto.pdf,WebGestor/Inventario/Informe,INFORME_FINAL_PE11000310-Oficina Tarapoto.pdf,.pdf,377214,2025-11-10T02:16:23Z,808c0dd3eed7316018cca3a386e749e8debb82e0,,0,0,
WebGestor/Inventario/Informe/INFORME_FINAL_PE11000311-BE Chincha.pdf,WebGestor/Inventario/Informe,INFORME_FINAL_PE11000311-BE Chincha.pdf,.pdf,210121,2025-11-10T02:16:23Z,bd7f8be8c0bd6ea939bc62ac26b50a02d5fe94c5,,0,0,
WebGestor/Inventario/Informe/INFORME_FINAL_PE11000314-Oficina Moyobamba.pdf,WebGestor/Inventario/Informe,INFORME_FINAL_PE11000314-Oficina Moyobamba.pdf,.pdf,277780,2025-11-10T02:16:23Z,a041918586abe441603e4d64e151f2927991d88b,,0,0,
WebGestor/Inventario/Informe/INFORME_FINAL_PE11000317-Oficina Lima Plaza Sur.pdf,WebGestor/Inventario/Informe,INFORME_FINAL_PE11000317-Oficina Lima Plaza Sur.pdf,.pdf,217376,2025-11-10T02:16:23Z,6e3b97c0d31e3f31fe25447af67fc707499e9e34,,0,0,
WebGestor/Inventario/Informe/INFORME_FINAL_PE11000318-Oficina Tingo Maria.pdf,WebGestor/Inventario/Informe,INFORME_FINAL_PE11000318-Oficina Tingo Maria.pdf,.pdf,257434,2025-11-10T02:16:23Z,c3438f003c4e195b81362502772d227d628ef823,,0,0,
WebGestor/Inventario/Informe/INFORME_FINAL_PE11000320.pdf,WebGestor/Inventario/Informe,INFORME_FINAL_PE11000320.pdf,.pdf,232591,2025-11-10T02:16:23Z,92796509ddb4cab66db73b7cb472876f5bc5ae7a,,0,0,
WebGestor/Inventario/Informe/INFORME_FINAL_PE11000321-Oficina Cerro de Pasco.pdf,WebGestor/Inventario/Informe,INFORME_FINAL_PE11000321-Oficina Cerro de Pasco.pdf,.pdf,276198,2025-11-10T02:16:23Z,714019ad2aec405f5dcfc9fa255606165cca8d53,,0,0,
WebGestor/Inventario/Informe/INFORME_FINAL_PE11000323-Oficina Villa El Salvador.pdf,WebGestor/Inventario/Informe,INFORME_FINAL_PE11000323-Oficina Villa El Salvador.pdf,.pdf,230769,2025-11-10T02:16:23Z,6042fa03e342339327c875604b9591591853c9dd,,0,0,
WebGestor/Inventario/Informe/INFORME_FINAL_PE11000324-Oficina Yurimaguas.pdf,WebGestor/Inventario/Informe,INFORME_FINAL_PE11000324-Oficina Yurimaguas.pdf,.pdf,258969,2025-11-10T02:16:23Z,86aa224d5d56c01fe9ce8a3f8d4dbfddb0fd062e,,0,0,
WebGestor/Inventario/Informe/INFORME_FINAL_PE11000327-Oficina Juanjui.pdf,WebGestor/Inventario/Informe,INFORME_FINAL_PE11000327-Oficina Juanjui.pdf,.pdf,249257,2025-11-10T02:16:23Z,b8078fdbff293ad51a4347567daa2db06e497c59,,0,0,
WebGestor/Inventario/Informe/INFORME_FINAL_PE11000333.pdf,WebGestor/Inventario/Informe,INFORME_FINAL_PE11000333.pdf,.pdf,423841,2025-11-10T02:16:23Z,ced630cd35ca0aa131b75ed122d5fdfba5b6ddd6,,0,0,
WebGestor/Inventario/Informe/INFORME_FINAL_PE11000338-Oficina Vargas Machuca.pdf,WebGestor/Inventario/Informe,INFORME_FINAL_PE11000338-Oficina Vargas Machuca.pdf,.pdf,228164,2025-11-10T02:16:23Z,256ff92bf6d22dfb1ad1cc5bcb9ece9eb359780e,,0,0,
WebGestor/Inventario/Informe/INFORME_FINAL_PE11000344.pdf,WebGestor/Inventario/Informe,INFORME_FINAL_PE11000344.pdf,.pdf,211445,2025-11-10T02:16:23Z,ac49fc9c669743386032d80f50fd8b1ac3923c9d,,0,0,
WebGestor/Inventario/Informe/INFORME_FINAL_PE11000348-Oficina Especial Real Plaza Chiclayo.pdf,WebGestor/Inventario/Informe,INFORME_FINAL_PE11000348-Oficina Especial Real Plaza Chiclayo.pdf,.pdf,237453,2025-11-10T02:16:23Z,27d84a5b6b9a464170a4790b2a519446d1204ba4,,0,0,
WebGestor/Inventario/Informe/INFORME_FINAL_PE11000350.pdf,WebGestor/Inventario/Informe,INFORME_FINAL_PE11000350.pdf,.pdf,261186,2025-11-10T02:16:23Z,ba939e6d6744890a90d921f122448bc49af09977,,0,0,
WebGestor/Inventario/Informe/INFORME_FINAL_PE11000352.pdf,WebGestor/Inventario/Informe,INFORME_FINAL_PE11000352.pdf,.pdf,213286,2025-11-10T02:16:23Z,24654accf08864f301f5e1e25346ec48b9e31b33,,0,0,
WebGestor/Inventario/Informe/INFORME_FINAL_PE11000353.pdf,WebGestor/Inventario/Informe,INFORME_FINAL_PE11000353.pdf,.pdf,203591,2025-11-10T02:16:23Z,c5f96cfffd55867574975ae46aef4b4faa8d3820,,0,0,
WebGestor/Inventario/Informe/INFORME_FINAL_PE11000354.pdf,WebGestor/Inventario/Informe,INFORME_FINAL_PE11000354.pdf,.pdf,254546,2025-11-10T02:16:23Z,5da9cf07eed9db0fc33d480e90a60223c97df05f,,0,0,
WebGestor/Inventario/Informe/INFORME_FINAL_PE11000359.pdf,WebGestor/Inventario/Informe,INFORME_FINAL_PE11000359.pdf,.pdf,231805,2025-11-10T02:16:23Z,170410e232387542751357d4e8b6a083ed9a6b25,,0,0,
WebGestor/Inventario/Informe/INFORME_FINAL_PE11000364.pdf,WebGestor/Inventario/Informe,INFORME_FINAL_PE11000364.pdf,.pdf,214368,2025-11-10T02:16:23Z,73ca7a775f8c48a4bfafb61b65b870daa14034c2,,0,0,
WebGestor/Inventario/Informe/INFORME_FINAL_PE11000365-Oficina Abancay.pdf,WebGestor/Inventario/Informe,INFORME_FINAL_PE11000365-Oficina Abancay.pdf,.pdf,223973,2025-11-10T02:16:23Z,3d68c95a4b5c8d4fb898facff682dfeb25f71c1c,,0,0,
WebGestor/Inventario/Informe/INFORME_FINAL_PE11000366.pdf,WebGestor/Inventario/Informe,INFORME_FINAL_PE11000366.pdf,.pdf,220062,2025-11-10T02:16:23Z,16d2b23e845cc1b54532e2f0f1c422e960daa6e0,,0,0,
WebGestor/Inventario/Informe/INFORME_FINAL_PE11000367.pdf,WebGestor/Inventario/Informe,INFORME_FINAL_PE11000367.pdf,.pdf,204908,2025-11-10T02:16:23Z,b1428bd9634f0280ff60c77493d0272287bdf98a,,0,0,
WebGestor/Inventario/Informe/INFORME_FINAL_PE11000368.pdf,WebGestor/Inventario/Informe,INFORME_FINAL_PE11000368.pdf,.pdf,219869,2025-11-10T02:16:23Z,962ebd955406c615d8810298a9c0e234cd6b133d,,0,0,
WebGestor/Inventario/Informe/INFORME_FINAL_PE11000372.pdf,WebGestor/Inventario/Informe,INFORME_FINAL_PE11000372.pdf,.pdf,222376,2025-11-10T02:16:23Z,d687b848a71f9e8948f0e226cd9629275cc7e814,,0,0,
WebGestor/Inventario/Informe/INFORME_FINAL_PE11000377.pdf,WebGestor/Inventario/Informe,INFORME_FINAL_PE11000377.pdf,.pdf,246175,2025-11-10T02:16:23Z,88513ad89cbe342582f8aba02e109fc9361d2ca3,,0,0,
WebGestor/Inventario/Informe/INFORME_FINAL_PE11000378.pdf,WebGestor/Inventario/Informe,INFORME_FINAL_PE11000378.pdf,.pdf,241588,2025-11-10T02:16:23Z,cb9c72ed601fdb2bf0ac02999722c758c2177dc5,,0,0,
WebGestor/Inventario/Informe/INFORME_FINAL_PE11000380-BE Chacarilla.pdf,WebGestor/Inventario/Informe,INFORME_FINAL_PE11000380-BE Chacarilla.pdf,.pdf,233438,2025-11-10T02:16:23Z,8a28535e36e3160ad59bdaf11df78aca2a7dfae9,,0,0,
WebGestor/Inventario/Informe/INFORME_FINAL_PE11000383.pdf,WebGestor/Inventario/Informe,INFORME_FINAL_PE11000383.pdf,.pdf,227239,2025-11-10T02:16:23Z,6e08160f386c75d4782679e52b1265d63332746b,,0,0,
WebGestor/Inventario/Informe/INFORME_FINAL_PE11000384.pdf,WebGestor/Inventario/Informe,INFORME_FINAL_PE11000384.pdf,.pdf,252448,2025-11-10T02:16:23Z,7bd2c550c056d4a2e011a7b21b6e66dd527abc91,,0,0,
WebGestor/Inventario/Informe/INFORME_FINAL_PE11000387.pdf,WebGestor/Inventario/Informe,INFORME_FINAL_PE11000387.pdf,.pdf,228981,2025-11-10T02:16:23Z,f6b45f5aae1b36a544f274913edba98f2bbdf849,,0,0,
WebGestor/Inventario/Informe/INFORME_FINAL_PE11000426.pdf,WebGestor/Inventario/Informe,INFORME_FINAL_PE11000426.pdf,.pdf,216588,2025-11-10T02:16:23Z,edbb6c56ac36bb296db9617a17e6e252bfe1e3ea,,0,0,
WebGestor/Inventario/Informe/INFORME_FINAL_PE11000427-Oficina Bolognesi.pdf,WebGestor/Inventario/Informe,INFORME_FINAL_PE11000427-Oficina Bolognesi.pdf,.pdf,249390,2025-11-10T02:16:23Z,961bd197b531e272f9dbbb7948e9d3401c303ad7,,0,0,
WebGestor/Inventario/Informe/INFORME_FINAL_PE11000436.pdf,WebGestor/Inventario/Informe,INFORME_FINAL_PE11000436.pdf,.pdf,159385,2025-11-10T02:16:23Z,f1978f10ca812abbd6fab621bd2059747ed6361e,,0,0,
WebGestor/Inventario/Informe/INFORME_FINAL_PE11000441.pdf,WebGestor/Inventario/Informe,INFORME_FINAL_PE11000441.pdf,.pdf,207885,2025-11-10T02:16:23Z,27509842da8dab3a34181e42b4ed4c197b7481d7,,0,0,
WebGestor/Inventario/Informe/INFORME_FINAL_PE11000442-Oficina Lambayeque.pdf,WebGestor/Inventario/Informe,INFORME_FINAL_PE11000442-Oficina Lambayeque.pdf,.pdf,230028,2025-11-10T02:16:23Z,c3cb99443f8e1bd3b532fa5aa7ed4b29840f5afa,,0,0,
WebGestor/Inventario/Informe/INFORME_FINAL_PE11000467.pdf,WebGestor/Inventario/Informe,INFORME_FINAL_PE11000467.pdf,.pdf,289144,2025-11-10T02:16:23Z,d0d2765f2253e4a0cc785b40697e7255023d8072,,0,0,
WebGestor/Inventario/Informe/INFORME_FINAL_PE11000480.pdf,WebGestor/Inventario/Informe,INFORME_FINAL_PE11000480.pdf,.pdf,241489,2025-11-10T02:16:23Z,738cd45977b36682ca82fb012a82bd3d8e86b9af,,0,0,
WebGestor/Inventario/Informe/INFORME_FINAL_PE11000486.pdf,WebGestor/Inventario/Informe,INFORME_FINAL_PE11000486.pdf,.pdf,345837,2025-11-10T02:16:23Z,ff655c93cc55305600721f96a25865ec099efefd,,0,0,
WebGestor/Inventario/Informe/INFORME_FINAL_PE11000508.pdf,WebGestor/Inventario/Informe,INFORME_FINAL_PE11000508.pdf,.pdf,242390,2025-11-10T02:16:23Z,2dde8eb95c18839dec8d07f92b8d8f35fd6fb64f,,0,0,
WebGestor/Inventario/Informe/INFORME_FINAL_PE11000518-Oficina Velasco Astete.pdf,WebGestor/Inventario/Informe,INFORME_FINAL_PE11000518-Oficina Velasco Astete.pdf,.pdf,226623,2025-11-10T02:16:23Z,f9a199d8efb141063af01e9b4ad0367302e39dfd,,0,0,
WebGestor/Inventario/Informe/INFORME_FINAL_PE11000521-Oficina Strip Center Proceres.pdf,WebGestor/Inventario/Informe,INFORME_FINAL_PE11000521-Oficina Strip Center Proceres.pdf,.pdf,236088,2025-11-10T02:16:23Z,6af772e82569e6d7b74f0088e214bed0c0e08443,,0,0,
WebGestor/Inventario/Informe/INFORME_FINAL_PE11000524.pdf,WebGestor/Inventario/Informe,INFORME_FINAL_PE11000524.pdf,.pdf,224129,2025-11-10T02:16:23Z,e18981f4edec4e70ac37595a98b2a3897bcb5b3c,,0,0,
WebGestor/Inventario/Informe/INFORME_FINAL_PE11000554-Oficina Open Plaza Piura.pdf,WebGestor/Inventario/Informe,INFORME_FINAL_PE11000554-Oficina Open Plaza Piura.pdf,.pdf,258144,2025-11-10T02:16:23Z,9d46eaacf6903c451066d7059484a084493e5207,,0,0,
WebGestor/Inventario/Informe/INFORME_FINAL_PE11000564.pdf,WebGestor/Inventario/Informe,INFORME_FINAL_PE11000564.pdf,.pdf,234513,2025-11-10T02:16:23Z,5499c123b1324bf08d6cdd7633ba818c0cd69f0b,,0,0,
WebGestor/Inventario/Informe/INFORME_FINAL_PE11000584-Oficina Real Plaza Juliaca.pdf,WebGestor/Inventario/Informe,INFORME_FINAL_PE11000584-Oficina Real Plaza Juliaca.pdf,.pdf,232774,2025-11-10T02:16:23Z,757f799357bc92ee5438b75dec0b5dff2131307c,,0,0,
WebGestor/Inventario/Informe/INFORME_FINAL_PE11000597-Oficina Pichanaqui.pdf,WebGestor/Inventario/Informe,INFORME_FINAL_PE11000597-Oficina Pichanaqui.pdf,.pdf,215790,2025-11-10T02:16:23Z,24d930674d9c43a09281886167cccdacf76f654b,,0,0,
WebGestor/Inventario/Informe/INFORME_FINAL_PE11000616.pdf,WebGestor/Inventario/Informe,INFORME_FINAL_PE11000616.pdf,.pdf,224054,2025-11-10T02:16:23Z,ccc99ade07def6610d32b03993f414579d593350,,0,0,
WebGestor/Inventario/Informe/INFORME_FINAL_PE11000621-Oficina Moquegua.pdf,WebGestor/Inventario/Informe,INFORME_FINAL_PE11000621-Oficina Moquegua.pdf,.pdf,205206,2025-11-10T02:16:23Z,5a12114f4e987d659a2e03c155988938c4a28542,,0,0,
WebGestor/Inventario/Informe/INFORME_FINAL_PE11000628-Oficina Satipo.pdf,WebGestor/Inventario/Informe,INFORME_FINAL_PE11000628-Oficina Satipo.pdf,.pdf,237658,2025-11-10T02:16:23Z,366e0c80dbb97ee33eb18ed34013c9b7f4e78e63,,0,0,
WebGestor/Inventario/Informe/INFORME_FINAL_PE11000643-Oficina Tarma.pdf,WebGestor/Inventario/Informe,INFORME_FINAL_PE11000643-Oficina Tarma.pdf,.pdf,227972,2025-11-10T02:16:23Z,ff3859d42ca85d582195ab9df4561233009ad560,,0,0,
WebGestor/Inventario/Informe/INFORME_FINAL_PE11000648-Oficina Chota.pdf,WebGestor/Inventario/Informe,INFORME_FINAL_PE11000648-Oficina Chota.pdf,.pdf,210228,2025-11-10T02:16:23Z,0cbd355e43cd2257e868e5e7a933aac017164ec7,,0,0,
WebGestor/Inventario/Informe/INFORME_FINAL_PE11000654-Oficina Plaza del Sol de Huacho.pdf,WebGestor/Inventario/Informe,INFORME_FINAL_PE11000654-Oficina Plaza del Sol de Huacho.pdf,.pdf,223298,2025-11-10T02:16:23Z,6bdf8898409900d8e6c7541e4da5dcd2df7d5e61,,0,0,
WebGestor/Inventario/Informe/INFORME_FINAL_PE11000667-Oficina Real Plaza Piura.pdf,WebGestor/Inventario/Informe,INFORME_FINAL_PE11000667-Oficina Real Plaza Piura.pdf,.pdf,236454,2025-11-10T02:16:23Z,5d1f3a8be49d7b4a41c872f5d676ca3d19a9c017,,0,0,
WebGestor/Inventario/Informe/INFORME_FINAL_PE11000713-Oficina Caminos del Inca.pdf,WebGestor/Inventario/Informe,INFORME_FINAL_PE11000713-Oficina Caminos del Inca.pdf,.pdf,220748,2025-11-10T02:16:23Z,d19fabe1dc84fdfcfe8d8a2526fced61d74bdbbc,,0,0,
WebGestor/Inventario/Informe/INFORME_FINAL_PE11000716.pdf,WebGestor/Inventario/Informe,INFORME_FINAL_PE11000716.pdf,.pdf,256730,2025-11-10T02:16:23Z,fd3456b4b9de200e6442ea78da4f78de33408349,,0,0,
WebGestor/Inventario/Informe/INFORME_FINAL_PE11000717-Oficina Jose Luis Bustamante y Rivero.pdf,WebGestor/Inventario/Informe,INFORME_FINAL_PE11000717-Oficina Jose Luis Bustamante y Rivero.pdf,.pdf,248748,2025-11-10T02:16:23Z,f670f03b2ffe55a30578e7c3caa638b9a998f2b3,,0,0,
WebGestor/Inventario/Informe/INFORME_FINAL_PE11000732.pdf,WebGestor/Inventario/Informe,INFORME_FINAL_PE11000732.pdf,.pdf,263822,2025-11-10T02:16:23Z,f814cd507a9d6ff46dad8fc81211068895e54adb,,0,0,
WebGestor/Inventario/Informe/INFORME_FINAL_PE11000737.pdf,WebGestor/Inventario/Informe,INFORME_FINAL_PE11000737.pdf,.pdf,252052,2025-11-10T02:16:23Z,076950adbadf0bdf4b8fbd6ce7846b07470b1062,,0,0,
WebGestor/Inventario/Informe/INFORME_FINAL_PE11000751-Oficina El Trigal.pdf,WebGestor/Inventario/Informe,INFORME_FINAL_PE11000751-Oficina El Trigal.pdf,.pdf,224395,2025-11-10T02:16:23Z,938caf40d9c16b7ec80e9ef00c1eb3221b179006,,0,0,
WebGestor/Inventario/Informe/INFORME_FINAL_PE11000755-Oficina Universidad San Pablo - Arequipa.pdf,WebGestor/Inventario/Informe,INFORME_FINAL_PE11000755-Oficina Universidad San Pablo - Arequipa.pdf,.pdf,173651,2025-11-10T02:16:23Z,3ab128365833f85dbcfed6cc8c3c78e75a8ab6c2,,0,0,
WebGestor/Inventario/Informe/INFORME_FINAL_PE11000760-Oficina La Floresta.pdf,WebGestor/Inventario/Informe,INFORME_FINAL_PE11000760-Oficina La Floresta.pdf,.pdf,246430,2025-11-10T02:16:23Z,3726c7b847be0cbfe9adedb3a013e8ab3458c1c7,,0,0,
WebGestor/Inventario/Informe/INFORME_FINAL_PE11000763-Oficina El pedregal.pdf,WebGestor/Inventario/Informe,INFORME_FINAL_PE11000763-Oficina El pedregal.pdf,.pdf,227614,2025-11-10T02:16:23Z,8819a62487caceec2fd8d5ea41f832eca793893e,,0,0,
WebGestor/Inventario/Informe/INFORME_FINAL_PE11000764-Oficina Mall Aventura Plaza Arequipa.pdf,WebGestor/Inventario/Informe,INFORME_FINAL_PE11000764-Oficina Mall Aventura Plaza Arequipa.pdf,.pdf,228687,2025-11-10T02:16:23Z,cc7dac84aa6bcc2636bd6c42c31432dc9d787557,,0,0,
WebGestor/Inventario/Informe/INFORME_FINAL_PE11000767-OF CN EMPRESAS Y PYM.pdf,WebGestor/Inventario/Informe,INFORME_FINAL_PE11000767-OF CN EMPRESAS Y PYM.pdf,.pdf,202813,2025-11-10T02:16:23Z,3712f07086623c4f2e2c610f9043e06c87c442ff,,0,0,
WebGestor/Inventario/Informe/INFORME_FINAL_PE11000767-Pymes Higuereta.pdf,WebGestor/Inventario/Informe,INFORME_FINAL_PE11000767-Pymes Higuereta.pdf,.pdf,202807,2025-11-10T02:16:23Z,3690142d54c6556cf91da0e683e6aa5d335451d7,,0,0,
WebGestor/Inventario/Informe/INFORME_FINAL_PE11000778-Oficina Cerro Colorado.pdf,WebGestor/Inventario/Informe,INFORME_FINAL_PE11000778-Oficina Cerro Colorado.pdf,.pdf,244995,2025-11-10T02:16:23Z,b1b1f4d73ce3d50e348de815e2291b436fd2b1f7,,0,0,
WebGestor/Inventario/Informe/INFORME_FINAL_PE11000787-Oficina Monte Grande.pdf,WebGestor/Inventario/Informe,INFORME_FINAL_PE11000787-Oficina Monte Grande.pdf,.pdf,226265,2025-11-10T02:16:23Z,34bf1342eef1b0717a77a502ff5e777039b1c677,,0,0,
WebGestor/Inventario/Informe/INFORME_FINAL_PE11000792.pdf,WebGestor/Inventario/Informe,INFORME_FINAL_PE11000792.pdf,.pdf,190574,2025-11-10T02:16:23Z,21e6e14c9bf40b39cb69445aed8b920ad1067ff6,,0,0,
WebGestor/Inventario/Informe/INFORME_FINAL_PE11000796-Oficina Metro Santa Elena.pdf,WebGestor/Inventario/Informe,INFORME_FINAL_PE11000796-Oficina Metro Santa Elena.pdf,.pdf,220800,2025-11-10T02:16:23Z,67b0af9eeb4b100cae1807e03d0136a5ff3099c5,,0,0,
WebGestor/Inventario/Informe/INFORME_FINAL_PE11000797-Oficina Barrio Comercio.pdf,WebGestor/Inventario/Informe,INFORME_FINAL_PE11000797-Oficina Barrio Comercio.pdf,.pdf,239811,2025-11-10T02:16:23Z,dcd6d71b11ab4cdbc077320a312b6dd4dcd0cfcb,,0,0,
WebGestor/Inventario/Informe/INFORME_FINAL_PE11000827-Oficina Plaza de Armas Huanuco.pdf,WebGestor/Inventario/Informe,INFORME_FINAL_PE11000827-Oficina Plaza de Armas Huanuco.pdf,.pdf,251920,2025-11-10T02:16:23Z,229dee6db75c09ce90ae16949674f7296d3ea263,,0,0,
WebGestor/Inventario/Informe/INFORME_FINAL_PE11000841-Oficina Especial Senati.pdf,WebGestor/Inventario/Informe,INFORME_FINAL_PE11000841-Oficina Especial Senati.pdf,.pdf,186071,2025-11-10T02:16:23Z,300968a06273ec1d57aecaa6525bdb0c184ec63f,,0,0,
WebGestor/Inventario/Informe/INFORME_FINAL_PE11000843-Oficina Ovalo Papal.pdf,WebGestor/Inventario/Informe,INFORME_FINAL_PE11000843-Oficina Ovalo Papal.pdf,.pdf,231648,2025-11-10T02:16:23Z,952648a1637f3a53caa197c24ec6bc9380518820,,0,0,
WebGestor/Inventario/Informe/INFORME_FINAL_PE11000849-Oficina Cedros de Villa.pdf,WebGestor/Inventario/Informe,INFORME_FINAL_PE11000849-Oficina Cedros de Villa.pdf,.pdf,210674,2025-11-10T02:16:23Z,030451e01930a77160cb78700e0796deb95bf186,,0,0,
WebGestor/Inventario/Informe/INFORME_FINAL_PE11000857-Oficina Valle Sharon.pdf,WebGestor/Inventario/Informe,INFORME_FINAL_PE11000857-Oficina Valle Sharon.pdf,.pdf,242788,2025-11-10T02:16:23Z,e1a99a21ae37354af49d79f7181767d4e5d0e081,,0,0,
WebGestor/Inventario/Informe/INFORME_FINAL_PE11000868-Oficina Mala.pdf,WebGestor/Inventario/Informe,INFORME_FINAL_PE11000868-Oficina Mala.pdf,.pdf,210731,2025-11-10T02:16:23Z,f5030f850faaa3b20e199922e34497f46f30d333,,0,0,
WebGestor/Inventario/Informe/INFORME_FINAL_PE11000872-Oficina Parque de la amistad.pdf,WebGestor/Inventario/Informe,INFORME_FINAL_PE11000872-Oficina Parque de la amistad.pdf,.pdf,221423,2025-11-10T02:16:23Z,f13bb821eb804d01ba2fa863834df7309a0df5d1,,0,0,
WebGestor/Inventario/Informe/INFORME_FINAL_PE11000876.pdf,WebGestor/Inventario/Informe,INFORME_FINAL_PE11000876.pdf,.pdf,252801,2025-11-10T02:16:23Z,4eba323598ccd446b593ad8339b01a81f9c64ce3,,0,0,
WebGestor/Inventario/Informe/INFORME_FINAL_PE11000891-Oficina Rioja.pdf,WebGestor/Inventario/Informe,INFORME_FINAL_PE11000891-Oficina Rioja.pdf,.pdf,217801,2025-11-10T02:16:23Z,e77e49306049c1bf7abe92f4a708fbc90facea84,,0,0,
WebGestor/Inventario/Informe/INFORME_FINAL_PE11000900-Oficina Mall Plaza Trujillo.pdf,WebGestor/Inventario/Informe,INFORME_FINAL_PE11000900-Oficina Mall Plaza Trujillo.pdf,.pdf,241252,2025-11-10T02:16:23Z,c9af6b8a4d13eccae5c84afa88566d7fdd67f8e4,,0,0,
WebGestor/Inventario/Informe/INFORME_FINAL_PE11000908-Oficina Yanahuara.pdf,WebGestor/Inventario/Informe,INFORME_FINAL_PE11000908-Oficina Yanahuara.pdf,.pdf,237100,2025-11-10T02:16:23Z,e15bf478b2c5e7c4464b5c034542166a07593276,,0,0,
WebGestor/Inventario/Informe/INFORME_FINAL_PE11000918-Oficina Real Plaza Trujillo.pdf,WebGestor/Inventario/Informe,INFORME_FINAL_PE11000918-Oficina Real Plaza Trujillo.pdf,.pdf,242003,2025-11-10T02:16:23Z,9ccd31296efe983c02cbd0889e323f50ee735549,,0,0,
WebGestor/Inventario/Informe/INFORME_FINAL_PE11000933-Oficina Lurín.pdf,WebGestor/Inventario/Informe,INFORME_FINAL_PE11000933-Oficina Lurín.pdf,.pdf,250397,2025-11-10T02:16:23Z,986b7392bbecc4c987854c287ffe140586213036,,0,0,
WebGestor/Inventario/Informe/INFORME_FINAL_PE11000939.pdf,WebGestor/Inventario/Informe,INFORME_FINAL_PE11000939.pdf,.pdf,232313,2025-11-10T02:16:23Z,1c34731c0fcf9f1ab0e2a52abe98c74583b29a5c,,0,0,
WebGestor/Inventario/Informe/INFORME_FINAL_PE11000960-Oficina Plaza San Jose.pdf,WebGestor/Inventario/Informe,INFORME_FINAL_PE11000960-Oficina Plaza San Jose.pdf,.pdf,228152,2025-11-10T02:16:23Z,9c6b426a02ce328603cb59c801fb01949f1436cd,,0,0,
WebGestor/Inventario/Informe/INFORME_FINAL_PE11000960.pdf,WebGestor/Inventario/Informe,INFORME_FINAL_PE11000960.pdf,.pdf,257804,2025-11-10T02:16:23Z,3884730db7e58cc8d757123b98c5ad2362420e0e,,0,0,
WebGestor/Inventario/Informe/INFORME_FINAL_PE11000967-BE Huancayo.pdf,WebGestor/Inventario/Informe,INFORME_FINAL_PE11000967-BE Huancayo.pdf,.pdf,215223,2025-11-10T02:16:23Z,2e882ebd0b16a8f8b5d7973da52cd9a728368587,,0,0,
WebGestor/Inventario/Informe/INFORME_FINAL_PE11000976-Oficina Las Bambas.pdf,WebGestor/Inventario/Informe,INFORME_FINAL_PE11000976-Oficina Las Bambas.pdf,.pdf,230868,2025-11-10T02:16:23Z,1666ed20ddbbfaf8dafb58cc68ca9c6132279566,,0,0,
WebGestor/Inventario/Informe/INFORME_FINAL_PE11000982-Oficina Open Plaza Pucallpa.pdf,WebGestor/Inventario/Informe,INFORME_FINAL_PE11000982-Oficina Open Plaza Pucallpa.pdf,.pdf,236458,2025-11-10T02:16:23Z,1f30e93793882ff6fc7c340510cf4f915930377f,,0,0,
WebGestor/Inventario/Informe/INFORME_FINAL_PE11002001-Mantas Cusco.pdf,WebGestor/Inventario/Informe,INFORME_FINAL_PE11002001-Mantas Cusco.pdf,.pdf,183829,2025-11-10T02:16:23Z,8f6c1cadd4c2a68d0f359576cf9a19296042979f,,0,0,
WebGestor/Inventario/Informe/INFORME_FINAL_PE11003249-GERENCIA DIVISIONAL CENTRO ORIENTE.pdf,WebGestor/Inventario/Informe,INFORME_FINAL_PE11003249-GERENCIA DIVISIONAL CENTRO ORIENTE.pdf,.pdf,181961,2025-11-10T02:16:23Z,eebadcd0cfa1d872f75914e1c13d913fa4686385,,0,0,
WebGestor/Inventario/Informe/INFORME_FINAL_PE11003630-GERENCIA DIVISIONAL SUR.pdf,WebGestor/Inventario/Informe,INFORME_FINAL_PE11003630-GERENCIA DIVISIONAL SUR.pdf,.pdf,238875,2025-11-10T02:16:23Z,81e9dd024c128caabd424fec9f2d7fc25233523b,,0,0,
WebGestor/Inventario/Informe/INFORME_FINAL_PE11003668-GERENCIA DIVISIONAL NORTE.pdf,WebGestor/Inventario/Informe,INFORME_FINAL_PE11003668-GERENCIA DIVISIONAL NORTE.pdf,.pdf,254061,2025-11-10T02:16:23Z,9eacff4f5c3f5263bcd9fdcbfea68853a1901e73,,0,0,
WebGestor/Inventario/InvReport_Recepcion.aspx,WebGestor/Inventario,InvReport_Recepcion.aspx,.aspx,2190,2025-11-10T02:16:23Z,9e1f3565e3a5ba61b73c584c520aa09c93a70ad5,17,1,1,WebGestor/Inventario/InvReport_Recepcion.aspx.vb
WebGestor/Inventario/InvReport_Recepcion.aspx.vb,WebGestor/Inventario,InvReport_Recepcion.aspx.vb,.vb,1560,2025-11-10T02:16:23Z,5fd436a0862c45af2a6e47e0a44ec47f5a46611f,27,0,0,
WebGestor/Inventario/Inv_Definiciones_Tablas.aspx,WebGestor/Inventario,Inv_Definiciones_Tablas.aspx,.aspx,70752,2025-11-10T02:16:23Z,693dea2ea1ccd9d332abb5db0dee9b24eb779319,917,1,1,WebGestor/Inventario/Inv_Definiciones_Tablas.aspx.vb
WebGestor/Inventario/Inv_Definiciones_Tablas.aspx.designer.vb,WebGestor/Inventario,Inv_Definiciones_Tablas.aspx.designer.vb,.vb,42094,2025-11-10T02:16:23Z,63f174c0bfbd2b970d32bbb883074825c2c9f51e,124,0,0,
WebGestor/Inventario/Inv_Definiciones_Tablas.aspx.vb,WebGestor/Inventario,Inv_Definiciones_Tablas.aspx.vb,.vb,67592,2025-11-10T02:16:23Z,23c1ec127ff8aaba54825032d2a4b1c4726028d4,1045,0,0,
WebGestor/Inventario/Inventario.aspx,WebGestor/Inventario,Inventario.aspx,.aspx,26907,2025-11-10T02:16:23Z,34fcd7fbdfed0532774feb5360b734d8cc4511e0,369,1,1,WebGestor/Inventario/Inventario.aspx.vb
WebGestor/Inventario/Inventario.aspx.vb,WebGestor/Inventario,Inventario.aspx.vb,.vb,10781,2025-11-10T02:16:23Z,e4f9158471c7c6945ffc8d69c9f82f69b75ee85e,210,0,0,
WebGestor/Inventario/Inventario_.aspx,WebGestor/Inventario,Inventario_.aspx,.aspx,37698,2025-11-10T02:16:23Z,e809bd20e9a6e79714750e779f5dc533b669d16e,435,1,1,WebGestor/Inventario/Inventario_.aspx.vb
WebGestor/Inventario/Inventario_.aspx.vb,WebGestor/Inventario,Inventario_.aspx.vb,.vb,41930,2025-11-10T02:16:23Z,8622feeff3560e0c371b65a9704d2e8278f5f2fa,698,0,0,
WebGestor/Inventario/Inventario_Almacen_Salida.aspx,WebGestor/Inventario,Inventario_Almacen_Salida.aspx,.aspx,51730,2025-11-10T02:16:23Z,5f0947ebda27457ec5be18a020f11b88f1f3d14a,661,1,1,WebGestor/Inventario/Inventario_Almacen_Salida.aspx.vb
WebGestor/Inventario/Inventario_Almacen_Salida.aspx.vb,WebGestor/Inventario,Inventario_Almacen_Salida.aspx.vb,.vb,259086,2025-11-10T02:16:23Z,0edcd4000cb1b1f0ad439c5f26f8bf2db2186ec3,2746,0,0,
WebGestor/Inventario/Inventario_Articulo_Foto.aspx,WebGestor/Inventario,Inventario_Articulo_Foto.aspx,.aspx,41434,2025-11-10T02:16:23Z,da0897b1271b50411ef13c17ccd4e0c886af70e7,558,1,1,WebGestor/Inventario/Inventario_Articulo_Foto.aspx.vb
WebGestor/Inventario/Inventario_Articulo_Foto.aspx.vb,WebGestor/Inventario,Inventario_Articulo_Foto.aspx.vb,.vb,35054,2025-11-10T02:16:23Z,f91896a752764bbd4f97009049c155c3eef32508,592,0,0,
WebGestor/Inventario/Inventario_Articulo_Imagen.aspx,WebGestor/Inventario,Inventario_Articulo_Imagen.aspx,.aspx,5266,2025-11-10T02:16:23Z,e811bd96c09344abe06120193dbe23cb88a431cb,73,1,1,WebGestor/Inventario/Inventario_Articulo_Imagen.aspx.vb
WebGestor/Inventario/Inventario_Articulo_Imagen.aspx.vb,WebGestor/Inventario,Inventario_Articulo_Imagen.aspx.vb,.vb,11894,2025-11-10T02:16:23Z,b7522ae14dce302ad7898e17d4ad5da72fe35bd1,182,0,0,
WebGestor/Inventario/Inventario_BienesNuevos_NoConsiderar.aspx,WebGestor/Inventario,Inventario_BienesNuevos_NoConsiderar.aspx,.aspx,25261,2025-11-10T02:16:23Z,56c8287b0568660c11d118be5df5badd62690027,341,1,1,WebGestor/Inventario/Inventario_BienesNuevos_NoConsiderar.aspx.vb
WebGestor/Inventario/Inventario_BienesNuevos_NoConsiderar.aspx.vb,WebGestor/Inventario,Inventario_BienesNuevos_NoConsiderar.aspx.vb,.vb,21231,2025-11-10T02:16:23Z,1328352b8ba4bd4173b979780f16408525f3fb19,406,0,0,
WebGestor/Inventario/Inventario_CCosto_Salida.aspx,WebGestor/Inventario,Inventario_CCosto_Salida.aspx,.aspx,57108,2025-11-10T02:16:23Z,4ff993ca7ad91102ae8c9ef263bfee4513adda15,776,1,1,WebGestor/Inventario/Inventario_CCosto_Salida.aspx.vb
WebGestor/Inventario/Inventario_CCosto_Salida.aspx.vb,WebGestor/Inventario,Inventario_CCosto_Salida.aspx.vb,.vb,94588,2025-11-10T02:16:23Z,c4adb70dd16a20f01f2b83595d8577281acd63f7,1354,0,0,
WebGestor/Inventario/Inventario_CCosto_Salida_Generar.aspx,WebGestor/Inventario,Inventario_CCosto_Salida_Generar.aspx,.aspx,51099,2025-11-10T02:16:23Z,d8ab7f3c354852b74220e1faf60886e574340b38,645,1,1,WebGestor/Inventario/Inventario_CCosto_Salida_Generar.aspx.vb
WebGestor/Inventario/Inventario_CCosto_Salida_Generar.aspx.vb,WebGestor/Inventario,Inventario_CCosto_Salida_Generar.aspx.vb,.vb,149098,2025-11-10T02:16:23Z,44140207e4cf3326c88c121b44ec6e95e77ccf7b,1916,0,0,
WebGestor/Inventario/Inventario_CargaFoto_xBiene.aspx,WebGestor/Inventario,Inventario_CargaFoto_xBiene.aspx,.aspx,35967,2025-11-10T02:16:23Z,cd69c66c50c824371ffb8248ffd6bfb9b873a7a3,494,1,1,WebGestor/Inventario/Inventario_CargaFoto_xBiene.aspx.vb
WebGestor/Inventario/Inventario_CargaFoto_xBiene.aspx.vb,WebGestor/Inventario,Inventario_CargaFoto_xBiene.aspx.vb,.vb,35498,2025-11-10T02:16:23Z,2cf4ee145bb8027f9fe0468bec005826e2303fc3,562,0,0,
WebGestor/Inventario/Inventario_Carga_Atms.aspx,WebGestor/Inventario,Inventario_Carga_Atms.aspx,.aspx,3421,2025-11-10T02:16:23Z,2fd6199db284967033684ac5e925f5995403fcb6,54,1,1,WebGestor/Inventario/Inventario_Carga_Atms.aspx.vb
WebGestor/Inventario/Inventario_Carga_Atms.aspx.vb,WebGestor/Inventario,Inventario_Carga_Atms.aspx.vb,.vb,10283,2025-11-10T02:16:23Z,66eb1ef3764c3d03d352125c513081e716c8311d,172,0,0,
WebGestor/Inventario/Inventario_Carga_DatosIniciales.aspx,WebGestor/Inventario,Inventario_Carga_DatosIniciales.aspx,.aspx,1680,2025-11-10T02:16:23Z,ff35a252ab404b05183626a191dbe7d47d05829a,30,1,1,WebGestor/Inventario/Inventario_Carga_DatosIniciales.aspx.vb
WebGestor/Inventario/Inventario_Carga_DatosIniciales.aspx.vb,WebGestor/Inventario,Inventario_Carga_DatosIniciales.aspx.vb,.vb,50585,2025-11-10T02:16:23Z,d73f756ab57bd34a7e2a6ac92281e422c529aa4d,664,0,0,
WebGestor/Inventario/Inventario_Carga_Individual.aspx,WebGestor/Inventario,Inventario_Carga_Individual.aspx,.aspx,41401,2025-11-10T02:16:23Z,c68e7b4643700c2dd5819cee575b3d52910b1348,529,1,1,WebGestor/Inventario/Inventario_Carga_Individual.aspx.vb
WebGestor/Inventario/Inventario_Carga_Individual.aspx.vb,WebGestor/Inventario,Inventario_Carga_Individual.aspx.vb,.vb,57657,2025-11-10T02:16:23Z,41f7e2c6689337acf1a46c72df26f25eca31f89b,848,0,0,
WebGestor/Inventario/Inventario_Carga_Informacion.aspx,WebGestor/Inventario,Inventario_Carga_Informacion.aspx,.aspx,7921,2025-11-10T02:16:23Z,be25fe409b4decb01701a92e0cfd6ceb195ea9ad,122,1,1,WebGestor/Inventario/Inventario_Carga_Informacion.aspx.vb
WebGestor/Inventario/Inventario_Carga_Informacion.aspx.vb,WebGestor/Inventario,Inventario_Carga_Informacion.aspx.vb,.vb,4198,2025-11-10T02:16:23Z,cb6ea331cf9fb9989ea21a4cf95d3cdfc27a25c3,102,0,0,
WebGestor/Inventario/Inventario_Carga_MovGps.aspx,WebGestor/Inventario,Inventario_Carga_MovGps.aspx,.aspx,16028,2025-11-10T02:16:23Z,bfa1cd20ff2764b70b5b093d123cff2fde520bcb,232,1,1,WebGestor/Inventario/Inventario_Carga_MovGps.aspx.vb
WebGestor/Inventario/Inventario_Carga_MovGps.aspx.vb,WebGestor/Inventario,Inventario_Carga_MovGps.aspx.vb,.vb,58159,2025-11-10T02:16:23Z,8960348a20dec1f227df6dea61c9bfd68595da50,776,0,0,
WebGestor/Inventario/Inventario_Cargar_Valor_Libro.aspx,WebGestor/Inventario,Inventario_Cargar_Valor_Libro.aspx,.aspx,4103,2025-11-10T02:16:23Z,e1e52f66e20390bb67a66fc4fd0d6e5f92a24a03,62,1,1,WebGestor/Inventario/Inventario_Cargar_Valor_Libro.aspx.vb
WebGestor/Inventario/Inventario_Cargar_Valor_Libro.aspx.vb,WebGestor/Inventario,Inventario_Cargar_Valor_Libro.aspx.vb,.vb,5829,2025-11-10T02:16:23Z,371044db23c38319549e85abafd730c7a048cd29,117,0,0,
WebGestor/Inventario/Inventario_CatalogoArticulo.aspx,WebGestor/Inventario,Inventario_CatalogoArticulo.aspx,.aspx,6662,2025-11-10T02:16:23Z,0f0cbb16556b182709e97726bd43402b1e5e552b,98,1,1,WebGestor/Inventario/Inventario_CatalogoArticulo.aspx.vb
WebGestor/Inventario/Inventario_CatalogoArticulo.aspx.vb,WebGestor/Inventario,Inventario_CatalogoArticulo.aspx.vb,.vb,2544,2025-11-10T02:16:23Z,860e4d9d58eabc5bdb681c41dfdaf89c96b300c2,50,0,0,
WebGestor/Inventario/Inventario_Clasificacion.aspx,WebGestor/Inventario,Inventario_Clasificacion.aspx,.aspx,11918,2025-11-10T02:16:23Z,ad6bec3a5c83f2f567457ce880772d9b61fa17bf,162,1,1,WebGestor/Inventario/Inventario_Clasificacion.aspx.vb
WebGestor/Inventario/Inventario_Clasificacion.aspx.vb,WebGestor/Inventario,Inventario_Clasificacion.aspx.vb,.vb,11785,2025-11-10T02:16:23Z,d838aed7c654f3d24a8e26f40992255c4c050422,255,0,0,
WebGestor/Inventario/Inventario_Conciliacion_Masiva.aspx,WebGestor/Inventario,Inventario_Conciliacion_Masiva.aspx,.aspx,15318,2025-11-10T02:16:23Z,6bbf2473ddd18c7c30a0b8706eaee734617099bd,202,1,1,WebGestor/Inventario/Inventario_Conciliacion_Masiva.aspx.vb
WebGestor/Inventario/Inventario_Conciliacion_Masiva.aspx.vb,WebGestor/Inventario,Inventario_Conciliacion_Masiva.aspx.vb,.vb,33124,2025-11-10T02:16:23Z,3eb79d5af1cf985166496c614db349e998acc87d,525,0,0,
WebGestor/Inventario/Inventario_Conciliados_OtrosBienes.aspx,WebGestor/Inventario,Inventario_Conciliados_OtrosBienes.aspx,.aspx,12487,2025-11-10T02:16:23Z,72393a201a9ddf10ee77ef32bb19d810628a8f57,171,1,1,WebGestor/Inventario/Inventario_Conciliados_OtrosBienes.aspx.vb
WebGestor/Inventario/Inventario_Conciliados_OtrosBienes.aspx.vb,WebGestor/Inventario,Inventario_Conciliados_OtrosBienes.aspx.vb,.vb,29466,2025-11-10T02:16:23Z,f8d85223d9682bc85b6d6570481cf265ff033263,460,0,0,
WebGestor/Inventario/Inventario_Datos_del_Bien.aspx,WebGestor/Inventario,Inventario_Datos_del_Bien.aspx,.aspx,47219,2025-11-10T02:16:23Z,3e7363465a8baf0e64cdf23f1f56142d5841152c,547,1,1,WebGestor/Inventario/Inventario_Datos_del_Bien.aspx.vb
WebGestor/Inventario/Inventario_Datos_del_Bien.aspx.designer.vb,WebGestor/Inventario,Inventario_Datos_del_Bien.aspx.designer.vb,.vb,29788,2025-11-10T02:16:23Z,5ee98f7c8880a5db361d1362e3f55270d7c935d3,89,0,0,
WebGestor/Inventario/Inventario_Datos_del_Bien.aspx.vb,WebGestor/Inventario,Inventario_Datos_del_Bien.aspx.vb,.vb,31547,2025-11-10T02:16:23Z,4d7a2f62978a0a4da90f789510579483a8ec3319,552,0,0,
WebGestor/Inventario/Inventario_Define_CentroCostos.aspx,WebGestor/Inventario,Inventario_Define_CentroCostos.aspx,.aspx,31571,2025-11-10T02:16:23Z,78e239ee873584afdf36b59405cd04a32ff076c6,391,1,1,WebGestor/Inventario/Inventario_Define_CentroCostos.aspx.vb
WebGestor/Inventario/Inventario_Define_CentroCostos.aspx.vb,WebGestor/Inventario,Inventario_Define_CentroCostos.aspx.vb,.vb,31434,2025-11-10T02:16:23Z,a4bfd222b5e293fa648468a8bd3d44e817e4e5f6,547,0,0,
WebGestor/Inventario/Inventario_Definicion.aspx,WebGestor/Inventario,Inventario_Definicion.aspx,.aspx,7108,2025-11-10T02:16:23Z,43d5fd601c2b6c3ff6d316d47b3e3f1ad61b1a07,111,1,1,WebGestor/Inventario/Inventario_Definicion.aspx.vb
WebGestor/Inventario/Inventario_Definicion.aspx.designer.vb,WebGestor/Inventario,Inventario_Definicion.aspx.designer.vb,.vb,5631,2025-11-10T02:16:23Z,2a6ea77810576d41309de116126ed13a2aaceb52,20,0,0,
WebGestor/Inventario/Inventario_Definicion.aspx.vb,WebGestor/Inventario,Inventario_Definicion.aspx.vb,.vb,4567,2025-11-10T02:16:23Z,76ccdbddddc51e022dc04080a0da6c608e115666,107,0,0,
WebGestor/Inventario/Inventario_Definiciones_Tablas.aspx,WebGestor/Inventario,Inventario_Definiciones_Tablas.aspx,.aspx,10848,2025-11-10T02:16:23Z,8da32e61603c27e266cb1699b3390fe5bbf36798,146,1,1,WebGestor/Inventario/Inventario_Definiciones_Tablas.aspx.vb
WebGestor/Inventario/Inventario_Definiciones_Tablas.aspx.vb,WebGestor/Inventario,Inventario_Definiciones_Tablas.aspx.vb,.vb,16495,2025-11-10T02:16:23Z,e44b399f9f976ad8132f37a4721e8953a8d4d925,350,0,0,
WebGestor/Inventario/Inventario_Definir_Zonas.aspx,WebGestor/Inventario,Inventario_Definir_Zonas.aspx,.aspx,22897,2025-11-10T02:16:23Z,31a2bb7695e57323bbe7b2ad3879122228307236,286,1,1,WebGestor/Inventario/Inventario_Definir_Zonas.aspx.vb
WebGestor/Inventario/Inventario_Definir_Zonas.aspx.vb,WebGestor/Inventario,Inventario_Definir_Zonas.aspx.vb,.vb,14329,2025-11-10T02:16:23Z,3307876ca7d780573ad0c3359175e4bca159c64f,239,0,0,
WebGestor/Inventario/Inventario_Descargas.aspx,WebGestor/Inventario,Inventario_Descargas.aspx,.aspx,289,2025-11-10T02:16:23Z,ebc4f82950446de907f5575daedf22209320dfad,3,1,1,WebGestor/Inventario/Inventario_Descargas.aspx.vb
WebGestor/Inventario/Inventario_Descargas.aspx.vb,WebGestor/Inventario,Inventario_Descargas.aspx.vb,.vb,835,2025-11-10T02:16:23Z,83859d01b915b23d1418af11ba42818f0da06bba,15,0,0,
WebGestor/Inventario/Inventario_Emergente.aspx,WebGestor/Inventario,Inventario_Emergente.aspx,.aspx,21033,2025-11-10T02:16:23Z,b7de8651ded0344756a1c1cbd530de1e78311302,243,1,1,WebGestor/Inventario/Inventario_Emergente.aspx.vb
WebGestor/Inventario/Inventario_Emergente.aspx.vb,WebGestor/Inventario,Inventario_Emergente.aspx.vb,.vb,38305,2025-11-10T02:16:23Z,dca898e89e552c7b3f640a838c54a16a009c16b4,498,0,0,
WebGestor/Inventario/Inventario_EquiposConciliados.aspx,WebGestor/Inventario,Inventario_EquiposConciliados.aspx,.aspx,108033,2025-11-10T02:16:23Z,4a57be7c64d0ac44b57b89268ff185c4b8560631,1082,1,1,WebGestor/Inventario/Inventario_EquiposConciliados.aspx.vb
WebGestor/Inventario/Inventario_EquiposConciliados.aspx.designer.vb,WebGestor/Inventario,Inventario_EquiposConciliados.aspx.designer.vb,.vb,36845,2025-11-10T02:16:23Z,5ba490d2f4fbada7b714d2f6351ccaeabe9a273b,110,0,0,
WebGestor/Inventario/Inventario_EquiposConciliados.aspx.vb,WebGestor/Inventario,Inventario_EquiposConciliados.aspx.vb,.vb,63836,2025-11-10T02:16:23Z,5dab5c825b3c62e5b32c839b9a1550d00d414a1b,1041,0,0,
WebGestor/Inventario/Inventario_EquiposxAlmacen.aspx,WebGestor/Inventario,Inventario_EquiposxAlmacen.aspx,.aspx,28690,2025-11-10T02:16:23Z,f97bc0a54214197cc55e1495468075d2b0515dcf,375,1,1,WebGestor/Inventario/Inventario_EquiposxAlmacen.aspx.vb
WebGestor/Inventario/Inventario_EquiposxAlmacen.aspx.vb,WebGestor/Inventario,Inventario_EquiposxAlmacen.aspx.vb,.vb,24682,2025-11-10T02:16:23Z,c5087057086738b3488cb89b97cd5f1da6bb08ba,436,0,0,
WebGestor/Inventario/Inventario_Estadistica.aspx,WebGestor/Inventario,Inventario_Estadistica.aspx,.aspx,5807,2025-11-10T02:16:23Z,f973e6036d21c7633342cc5fcfc3ef44330090a9,82,1,1,WebGestor/Inventario/Inventario_Estadistica.aspx.vb
WebGestor/Inventario/Inventario_Estadistica.aspx.vb,WebGestor/Inventario,Inventario_Estadistica.aspx.vb,.vb,8461,2025-11-10T02:16:23Z,bd8195692015c716e57cbd735fca032b426d2b2d,154,0,0,
WebGestor/Inventario/Inventario_ExportarExcel.aspx,WebGestor/Inventario,Inventario_ExportarExcel.aspx,.aspx,297,2025-11-10T02:16:23Z,c1629a2fbb55be005cd40c5024e7ef6c453bf992,3,1,1,WebGestor/Inventario/Inventario_ExportarExcel.aspx.vb
WebGestor/Inventario/Inventario_ExportarExcel.aspx.vb,WebGestor/Inventario,Inventario_ExportarExcel.aspx.vb,.vb,1471,2025-11-10T02:16:23Z,7b7544d7e1f5634fab94da9d32f9c7ec2c1dbbb9,26,0,0,
WebGestor/Inventario/Inventario_Flujo_Atencion_Diaria.aspx,WebGestor/Inventario,Inventario_Flujo_Atencion_Diaria.aspx,.aspx,11749,2025-11-10T02:16:23Z,daecca2d872486f682c33d7b316f340f221ecfd8,145,1,1,WebGestor/Inventario/Inventario_Flujo_Atencion_Diaria.aspx.vb
WebGestor/Inventario/Inventario_Flujo_Atencion_Diaria.aspx.vb,WebGestor/Inventario,Inventario_Flujo_Atencion_Diaria.aspx.vb,.vb,2849,2025-11-10T02:16:23Z,88cb5efd54f43e00699d004bce6441e6b4f3e622,61,0,0,
WebGestor/Inventario/Inventario_GPS.aspx,WebGestor/Inventario,Inventario_GPS.aspx,.aspx,16313,2025-11-10T02:16:23Z,96c87aae73674c58c9e1b38061cf19108136d55a,246,1,1,WebGestor/Inventario/Inventario_GPS.aspx.vb
WebGestor/Inventario/Inventario_GPS.aspx.vb,WebGestor/Inventario,Inventario_GPS.aspx.vb,.vb,48786,2025-11-10T02:16:23Z,0f330ba10e05f88648f1809b6cec2f76d66bdcc2,723,0,0,
WebGestor/Inventario/Inventario_Galeria_Fotos_xBien.aspx,WebGestor/Inventario,Inventario_Galeria_Fotos_xBien.aspx,.aspx,1568,2025-11-10T02:16:23Z,b13fcb92125d0c79c9e6af20399f8ce0d72c3804,28,1,1,WebGestor/Inventario/Inventario_Galeria_Fotos_xBien.aspx.vb
WebGestor/Inventario/Inventario_Galeria_Fotos_xBien.aspx.vb,WebGestor/Inventario,Inventario_Galeria_Fotos_xBien.aspx.vb,.vb,2373,2025-11-10T02:16:23Z,54bf27d977535dd27d7aff81be0ec58b7e4bb58e,46,0,0,
WebGestor/Inventario/Inventario_Garantia_Equipos.aspx,WebGestor/Inventario,Inventario_Garantia_Equipos.aspx,.aspx,19602,2025-11-10T02:16:23Z,eec4ee3ed344f6141ebf97257a1040649edfd4ac,159,1,1,WebGestor/Inventario/Inventario_Garantia_Equipos.aspx.vb
WebGestor/Inventario/Inventario_Garantia_Equipos.aspx.vb,WebGestor/Inventario,Inventario_Garantia_Equipos.aspx.vb,.vb,8203,2025-11-10T02:16:23Z,8902726477b2ab1407082d133304c5113a3fd816,140,0,0,
WebGestor/Inventario/Inventario_Gastos.aspx,WebGestor/Inventario,Inventario_Gastos.aspx,.aspx,37952,2025-11-10T02:16:23Z,2463fdf5ed4892a9c4c6d2e79614e393bbb60a96,533,1,1,WebGestor/Inventario/Inventario_Gastos.aspx.vb
WebGestor/Inventario/Inventario_Gastos.aspx.vb,WebGestor/Inventario,Inventario_Gastos.aspx.vb,.vb,24718,2025-11-10T02:16:23Z,3de8388dfdf5cc8a0d0ea4d2fc9669ae87644ecc,373,0,0,
WebGestor/Inventario/Inventario_GenerarGuia.aspx,WebGestor/Inventario,Inventario_GenerarGuia.aspx,.aspx,50097,2025-11-10T02:16:23Z,52dc27160e258aef57b97aa4f1890b46ee17fd6b,659,1,1,WebGestor/Inventario/Inventario_GenerarGuia.aspx.vb
WebGestor/Inventario/Inventario_GenerarGuia.aspx.vb,WebGestor/Inventario,Inventario_GenerarGuia.aspx.vb,.vb,90213,2025-11-10T02:16:23Z,a7d9252e90b73c6ca58d2c47a2c366395b68f16e,1042,0,0,
WebGestor/Inventario/Inventario_GenerarGuia_SinSalida.aspx,WebGestor/Inventario,Inventario_GenerarGuia_SinSalida.aspx,.aspx,64139,2025-11-10T02:16:23Z,3ba88d2a50981ecc96a6436dce601f38442e9cac,820,1,1,WebGestor/Inventario/Inventario_GenerarGuia_SinSalida.aspx.vb
WebGestor/Inventario/Inventario_GenerarGuia_SinSalida.aspx.vb,WebGestor/Inventario,Inventario_GenerarGuia_SinSalida.aspx.vb,.vb,131887,2025-11-10T02:16:23Z,890256e2be2a15bc4b90925360d7b50060eea4d2,1420,0,0,
WebGestor/Inventario/Inventario_GenerarLista.aspx,WebGestor/Inventario,Inventario_GenerarLista.aspx,.aspx,44177,2025-11-10T02:16:23Z,8b1c67c49c103f1c15900ec1643543756a365970,608,1,1,WebGestor/Inventario/Inventario_GenerarLista.aspx.vb
WebGestor/Inventario/Inventario_GenerarLista.aspx.vb,WebGestor/Inventario,Inventario_GenerarLista.aspx.vb,.vb,21498,2025-11-10T02:16:23Z,be3d3a4a85a61894a5dc1b479de74492bc30497f,404,0,0,
WebGestor/Inventario/Inventario_Geolocalizacion_xBien.aspx,WebGestor/Inventario,Inventario_Geolocalizacion_xBien.aspx,.aspx,1764,2025-11-10T02:16:23Z,1b4342e30e9b2920a0ae79564221d21ed6e9c0d3,33,1,1,WebGestor/Inventario/Inventario_Geolocalizacion_xBien.aspx.vb
WebGestor/Inventario/Inventario_Geolocalizacion_xBien.aspx.vb,WebGestor/Inventario,Inventario_Geolocalizacion_xBien.aspx.vb,.vb,294,2025-11-10T02:16:23Z,47ea9ed3d013aaf6afeb4f6fadbae57829da3afd,8,0,0,
WebGestor/Inventario/Inventario_GuiaRemision_Masiva.aspx,WebGestor/Inventario,Inventario_GuiaRemision_Masiva.aspx,.aspx,54799,2025-11-10T02:16:23Z,63dc175c1ef19db4f4d89cfe6fc0c578cb08e516,714,1,1,WebGestor/Inventario/Inventario_GuiaRemision_Masiva.aspx.vb
WebGestor/Inventario/Inventario_GuiaRemision_Masiva.aspx.vb,WebGestor/Inventario,Inventario_GuiaRemision_Masiva.aspx.vb,.vb,70395,2025-11-10T02:16:23Z,56aabe059f0818b3fa9bac68d999bb68426db548,752,0,0,
WebGestor/Inventario/Inventario_GuiaRemision_Transporte.aspx,WebGestor/Inventario,Inventario_GuiaRemision_Transporte.aspx,.aspx,21391,2025-11-10T02:16:23Z,6acd9e22362fdf9b4e5f97e50c45605ccb8f5686,296,1,1,WebGestor/Inventario/Inventario_GuiaRemision_Transporte.aspx.vb
WebGestor/Inventario/Inventario_GuiaRemision_Transporte.aspx.vb,WebGestor/Inventario,Inventario_GuiaRemision_Transporte.aspx.vb,.vb,9519,2025-11-10T02:16:23Z,d5a2216ba7bccd5ea9c295c60bc53aac8389cd04,193,0,0,
WebGestor/Inventario/Inventario_Guia_Transportista.aspx,WebGestor/Inventario,Inventario_Guia_Transportista.aspx,.aspx,32708,2025-11-10T02:16:23Z,c444bf5b729b5807a070196220bf923e0be0d3c1,407,1,1,WebGestor/Inventario/Inventario_Guia_Transportista.aspx.vb
WebGestor/Inventario/Inventario_Guia_Transportista.aspx.vb,WebGestor/Inventario,Inventario_Guia_Transportista.aspx.vb,.vb,13752,2025-11-10T02:16:23Z,ccb26beeb0701e54e6af4c689114b1b05ebdac28,240,0,0,
WebGestor/Inventario/Inventario_Imprimir_Placas.aspx,WebGestor/Inventario,Inventario_Imprimir_Placas.aspx,.aspx,2927,2025-11-10T02:16:23Z,123c27344977347c0b4a2b53ea01d79a015b7897,51,1,1,WebGestor/Inventario/Inventario_Imprimir_Placas.aspx.vb
WebGestor/Inventario/Inventario_Imprimir_Placas.aspx.vb,WebGestor/Inventario,Inventario_Imprimir_Placas.aspx.vb,.vb,16401,2025-11-10T02:16:23Z,25eb5bf9b0407938728c82a6b8806b0dd7c0aac0,253,0,0,
WebGestor/Inventario/Inventario_Informacion_Bienes.aspx,WebGestor/Inventario,Inventario_Informacion_Bienes.aspx,.aspx,16049,2025-11-10T02:16:23Z,ab774aa7861b0cbfefddf5097f3388ada0601145,195,1,1,WebGestor/Inventario/Inventario_Informacion_Bienes.aspx.vb
WebGestor/Inventario/Inventario_Informacion_Bienes.aspx.vb,WebGestor/Inventario,Inventario_Informacion_Bienes.aspx.vb,.vb,4613,2025-11-10T02:16:23Z,52fb4906ee6f9e92a060b4a4f67e9904f54b8bd3,84,0,0,
WebGestor/Inventario/Inventario_Ingreso_Bienes_Desuso.aspx,WebGestor/Inventario,Inventario_Ingreso_Bienes_Desuso.aspx,.aspx,61907,2025-11-10T02:16:23Z,b42253f64bc9d28872f50b83021e6a9ff9ea1ef6,772,1,1,WebGestor/Inventario/Inventario_Ingreso_Bienes_Desuso.aspx.vb
WebGestor/Inventario/Inventario_Ingreso_Bienes_Desuso.aspx.vb,WebGestor/Inventario,Inventario_Ingreso_Bienes_Desuso.aspx.vb,.vb,443478,2025-11-10T02:16:23Z,5a6459e09c652ddf13e1822f2ba094a62a3cfeef,3856,0,0,
WebGestor/Inventario/Inventario_Ingreso_Equipos.aspx,WebGestor/Inventario,Inventario_Ingreso_Equipos.aspx,.aspx,43248,2025-11-10T02:16:23Z,6ae9c8b6dbd733bedfb8700323d38ccbc22a4b59,562,1,1,WebGestor/Inventario/Inventario_Ingreso_Equipos.aspx.vb
WebGestor/Inventario/Inventario_Ingreso_Equipos.aspx.vb,WebGestor/Inventario,Inventario_Ingreso_Equipos.aspx.vb,.vb,39656,2025-11-10T02:16:23Z,a63bc4b917bb7f0df5d075426ff5a2c1f61f1170,707,0,0,
WebGestor/Inventario/Inventario_Ingreso_Equipos_Registrar.aspx,WebGestor/Inventario,Inventario_Ingreso_Equipos_Registrar.aspx,.aspx,57618,2025-11-10T02:16:23Z,6b040b4dd18a3aad93925f859a7d9c14abf07cd7,684,1,1,WebGestor/Inventario/Inventario_Ingreso_Equipos_Registrar.aspx.vb
WebGestor/Inventario/Inventario_Ingreso_Equipos_Registrar.aspx.vb,WebGestor/Inventario,Inventario_Ingreso_Equipos_Registrar.aspx.vb,.vb,89587,2025-11-10T02:16:23Z,163cbe9563674cc70f566c9f2140f89584a20eab,1326,0,0,
WebGestor/Inventario/Inventario_Ingreso_Placas.aspx,WebGestor/Inventario,Inventario_Ingreso_Placas.aspx,.aspx,9544,2025-11-10T02:16:23Z,f97fcd6c183e5aeb6b96e53162b292289e33d837,129,1,1,WebGestor/Inventario/Inventario_Ingreso_Placas.aspx.vb
WebGestor/Inventario/Inventario_Ingreso_Placas.aspx.designer.vb,WebGestor/Inventario,Inventario_Ingreso_Placas.aspx.designer.vb,.vb,9063,2025-11-10T02:16:23Z,db466424648c070fdb5ea8d6e551bd833fdea2bd,30,0,0,
WebGestor/Inventario/Inventario_Ingreso_Placas.aspx.vb,WebGestor/Inventario,Inventario_Ingreso_Placas.aspx.vb,.vb,8898,2025-11-10T02:16:23Z,3cbd8374952eaf573c7d85dfcb6545b60ebc7166,192,0,0,
WebGestor/Inventario/Inventario_Ingreso_Series.aspx,WebGestor/Inventario,Inventario_Ingreso_Series.aspx,.aspx,27707,2025-11-10T02:16:23Z,e8a15846ac3e2580db5300e4a9ee92849e488158,289,1,1,WebGestor/Inventario/Inventario_Ingreso_Series.aspx.vb
WebGestor/Inventario/Inventario_Ingreso_Series.aspx.vb,WebGestor/Inventario,Inventario_Ingreso_Series.aspx.vb,.vb,71168,2025-11-10T02:16:23Z,f4bb9626d047b5e75ca1268df6c1e869e2a7b525,1038,0,0,
WebGestor/Inventario/Inventario_Interface_GPS.aspx,WebGestor/Inventario,Inventario_Interface_GPS.aspx,.aspx,25682,2025-11-10T02:16:23Z,5fe738f2e4f73c542ac7c49972a8c0cd0c1924ef,368,1,1,WebGestor/Inventario/Inventario_Interface_GPS.aspx.vb
WebGestor/Inventario/Inventario_Interface_GPS.aspx.vb,WebGestor/Inventario,Inventario_Interface_GPS.aspx.vb,.vb,100513,2025-11-10T02:16:23Z,1ed14513f95421973f91edbca9c8a37cc4de7840,1428,0,0,
WebGestor/Inventario/Inventario_Kardex.aspx,WebGestor/Inventario,Inventario_Kardex.aspx,.aspx,45599,2025-11-10T02:16:23Z,34f076a465b072154287340046738ff3a7764d9d,505,1,1,WebGestor/Inventario/Inventario_Kardex.aspx.vb
WebGestor/Inventario/Inventario_Kardex.aspx.vb,WebGestor/Inventario,Inventario_Kardex.aspx.vb,.vb,25525,2025-11-10T02:16:23Z,6aac7970c4123d3b5941b52bb2dd866f89972885,320,0,0,
WebGestor/Inventario/Inventario_ListaTablaMovimientos_ParaGps.aspx,WebGestor/Inventario,Inventario_ListaTablaMovimientos_ParaGps.aspx,.aspx,3412,2025-11-10T02:16:23Z,f1798083f72e8cd9954aa84231ad8a5c4ffc0779,49,1,1,WebGestor/Inventario/Inventario_ListaTablaMovimientos_ParaGps.aspx.vb
WebGestor/Inventario/Inventario_ListaTablaMovimientos_ParaGps.aspx.vb,WebGestor/Inventario,Inventario_ListaTablaMovimientos_ParaGps.aspx.vb,.vb,1329,2025-11-10T02:16:23Z,7f0269bef6b3aaa3beb9ab2c554cab02dfa6d0df,31,0,0,
WebGestor/Inventario/Inventario_Lista_BienesInventariado.aspx,WebGestor/Inventario,Inventario_Lista_BienesInventariado.aspx,.aspx,23644,2025-11-10T02:16:23Z,c2f0e783ba9636015d0dd98eac83ae5af0dee786,315,1,1,WebGestor/Inventario/Inventario_Lista_BienesInventariado.aspx.vb
WebGestor/Inventario/Inventario_Lista_BienesInventariado.aspx.vb,WebGestor/Inventario,Inventario_Lista_BienesInventariado.aspx.vb,.vb,22333,2025-11-10T02:16:23Z,5ed247d8b9400a164fe9b41977b6f2a6b4b18701,436,0,0,
WebGestor/Inventario/Inventario_Lista_EquiposATratar.aspx,WebGestor/Inventario,Inventario_Lista_EquiposATratar.aspx,.aspx,15617,2025-11-10T02:16:23Z,f62e0c87f1fabddbf55ca35662fd57157bf92f8b,210,1,1,WebGestor/Inventario/Inventario_Lista_EquiposATratar.aspx.vb
WebGestor/Inventario/Inventario_Lista_EquiposATratar.aspx.vb,WebGestor/Inventario,Inventario_Lista_EquiposATratar.aspx.vb,.vb,4890,2025-11-10T02:16:23Z,c0c25e18f7d11da8e0ab6a58b1c2def224982017,106,0,0,
WebGestor/Inventario/Inventario_Lista_Oficina_SinUbicaciones.aspx,WebGestor/Inventario,Inventario_Lista_Oficina_SinUbicaciones.aspx,.aspx,2734,2025-11-10T02:16:23Z,dde581b0a0687971d8ea9f3776ea75db6158166c,48,1,1,WebGestor/Inventario/Inventario_Lista_Oficina_SinUbicaciones.aspx.vb
WebGestor/Inventario/Inventario_Lista_Oficina_SinUbicaciones.aspx.vb,WebGestor/Inventario,Inventario_Lista_Oficina_SinUbicaciones.aspx.vb,.vb,4796,2025-11-10T02:16:23Z,dd4c2c16980f567e47c2a76cd9a0d323efb8e9e3,88,0,0,
WebGestor/Inventario/Inventario_Monitoreo.aspx,WebGestor/Inventario,Inventario_Monitoreo.aspx,.aspx,34147,2025-11-10T02:16:23Z,7d4a69161109a94c12b1ab0953e80302e5f3ba47,498,1,1,WebGestor/Inventario/Inventario_Monitoreo.aspx.vb
WebGestor/Inventario/Inventario_Monitoreo.aspx.vb,WebGestor/Inventario,Inventario_Monitoreo.aspx.vb,.vb,18935,2025-11-10T02:16:23Z,5e15371f4ed7e9e43f29b0dee12dd7ee35c383aa,371,0,0,
WebGestor/Inventario/Inventario_Movimiento_Equipos.aspx,WebGestor/Inventario,Inventario_Movimiento_Equipos.aspx,.aspx,39739,2025-11-10T02:16:23Z,e8595f004d0dfa0164216c56012f85cb61e50af3,529,1,1,WebGestor/Inventario/Inventario_Movimiento_Equipos.aspx.vb
WebGestor/Inventario/Inventario_Movimiento_Equipos.aspx.vb,WebGestor/Inventario,Inventario_Movimiento_Equipos.aspx.vb,.vb,18482,2025-11-10T02:16:23Z,93b57237b36b27e766b8ae1524e84d7fb460bcbb,276,0,0,
WebGestor/Inventario/Inventario_Pedido_Listado.aspx,WebGestor/Inventario,Inventario_Pedido_Listado.aspx,.aspx,5851,2025-11-10T02:16:23Z,0e328b7bd250f11bf54916a0ec78e9f46bcb01ef,75,1,1,WebGestor/Inventario/Inventario_Pedido_Listado.aspx.vb
WebGestor/Inventario/Inventario_Pedido_Listado.aspx.vb,WebGestor/Inventario,Inventario_Pedido_Listado.aspx.vb,.vb,12401,2025-11-10T02:16:23Z,69c1151548d75ff07590ede4a060b94a4ad712d9,208,0,0,
WebGestor/Inventario/Inventario_Pedidos.aspx,WebGestor/Inventario,Inventario_Pedidos.aspx,.aspx,27668,2025-11-10T02:16:23Z,c53f13bfb8e5848196c28c0aee8f8c2ca3a5d58d,366,1,1,WebGestor/Inventario/Inventario_Pedidos.aspx.vb
WebGestor/Inventario/Inventario_Pedidos.aspx.vb,WebGestor/Inventario,Inventario_Pedidos.aspx.vb,.vb,13732,2025-11-10T02:16:23Z,7fc4adbd74b2db106c53b2e825db45e1500ba386,265,0,0,
WebGestor/Inventario/Inventario_PopPud_DatosOficina.aspx,WebGestor/Inventario,Inventario_PopPud_DatosOficina.aspx,.aspx,7777,2025-11-10T02:16:23Z,b37fba27657fa8cab71b6e902d4d367ccbbecf01,110,1,1,WebGestor/Inventario/Inventario_PopPud_DatosOficina.aspx.vb
WebGestor/Inventario/Inventario_PopPud_DatosOficina.aspx.vb,WebGestor/Inventario,Inventario_PopPud_DatosOficina.aspx.vb,.vb,2876,2025-11-10T02:16:23Z,1964f1467dab70e7b03f6a09f443e82e206ad277,58,0,0,
WebGestor/Inventario/Inventario_Programacion.aspx,WebGestor/Inventario,Inventario_Programacion.aspx,.aspx,1583,2025-11-10T02:16:23Z,bee5446ea270e63d0b980771dac8c936f104a2b1,29,1,1,WebGestor/Inventario/Inventario_Programacion.aspx.vb
WebGestor/Inventario/Inventario_Programacion.aspx.vb,WebGestor/Inventario,Inventario_Programacion.aspx.vb,.vb,96,2025-11-10T02:16:23Z,981290e6ec8646a9979dae70752a847c143427e4,4,0,0,
WebGestor/Inventario/Inventario_Recepcion_IngSeries.aspx,WebGestor/Inventario,Inventario_Recepcion_IngSeries.aspx,.aspx,27905,2025-11-10T02:16:23Z,6adf8043156af49b84ecbf8e2f9ace92c947c9a1,297,1,1,WebGestor/Inventario/Inventario_Recepcion_IngSeries.aspx.vb
WebGestor/Inventario/Inventario_Recepcion_IngSeries.aspx.vb,WebGestor/Inventario,Inventario_Recepcion_IngSeries.aspx.vb,.vb,72984,2025-11-10T02:16:23Z,d955da913a788a2ebd18d6a8e6175aba87f78830,1079,0,0,
WebGestor/Inventario/Inventario_Recepcion_Listado.aspx,WebGestor/Inventario,Inventario_Recepcion_Listado.aspx,.aspx,59999,2025-11-10T02:16:23Z,d32ffa9ec46ce3232dab2daf6d961fbcf1b06050,819,1,1,WebGestor/Inventario/Inventario_Recepcion_Listado.aspx.vb
WebGestor/Inventario/Inventario_Recepcion_Listado.aspx.vb,WebGestor/Inventario,Inventario_Recepcion_Listado.aspx.vb,.vb,98885,2025-11-10T02:16:23Z,4b06e0605009ccbc8e76b577231a58de7a1db16b,1389,0,0,
WebGestor/Inventario/Inventario_Recepcion_Registrar.aspx,WebGestor/Inventario,Inventario_Recepcion_Registrar.aspx,.aspx,70723,2025-11-10T02:16:23Z,a7837b3a27ef197b7f5ea3c75c705b7dc24bf874,834,1,1,WebGestor/Inventario/Inventario_Recepcion_Registrar.aspx.vb
WebGestor/Inventario/Inventario_Recepcion_Registrar.aspx.vb,WebGestor/Inventario,Inventario_Recepcion_Registrar.aspx.vb,.vb,105711,2025-11-10T02:16:23Z,f2fa0a786257d07ed5317efa07fc5516ce23ad7b,1534,0,0,
WebGestor/Inventario/Inventario_Regularizar_Equipos.aspx,WebGestor/Inventario,Inventario_Regularizar_Equipos.aspx,.aspx,15211,2025-11-10T02:16:23Z,213c8883b806c599eccea6e666cc0434d887fae0,206,1,1,WebGestor/Inventario/Inventario_Regularizar_Equipos.aspx.vb
WebGestor/Inventario/Inventario_Regularizar_Equipos.aspx.vb,WebGestor/Inventario,Inventario_Regularizar_Equipos.aspx.vb,.vb,31473,2025-11-10T02:16:23Z,f22aea13f7ce96a49cb3bd3c93d5c59eda51eaf2,462,0,0,
WebGestor/Inventario/Inventario_Relacion_BienesInv.aspx,WebGestor/Inventario,Inventario_Relacion_BienesInv.aspx,.aspx,21581,2025-11-10T02:16:23Z,1b9c663698c7be92443d73d9b971569ee23d34e3,287,1,1,WebGestor/Inventario/Inventario_Relacion_BienesInv.aspx.vb
WebGestor/Inventario/Inventario_Relacion_BienesInv.aspx.vb,WebGestor/Inventario,Inventario_Relacion_BienesInv.aspx.vb,.vb,100232,2025-11-10T02:16:23Z,786cd5d15f73a3a9e857cc78411149f4109efd22,1617,0,0,
WebGestor/Inventario/Inventario_Relacion_Equipos_Prestados.aspx,WebGestor/Inventario,Inventario_Relacion_Equipos_Prestados.aspx,.aspx,24801,2025-11-10T02:16:23Z,db5012c2b63b3adf33a0de60695ea018c0d76470,292,1,1,WebGestor/Inventario/Inventario_Relacion_Equipos_Prestados.aspx.vb
WebGestor/Inventario/Inventario_Relacion_Equipos_Prestados.aspx.vb,WebGestor/Inventario,Inventario_Relacion_Equipos_Prestados.aspx.vb,.vb,11291,2025-11-10T02:16:23Z,f7db2ee9d3f73804de25ad1f201d17c7dfd4383b,171,0,0,
WebGestor/Inventario/Inventario_Relacion_GuiaInterna.aspx,WebGestor/Inventario,Inventario_Relacion_GuiaInterna.aspx,.aspx,31255,2025-11-10T02:16:23Z,2d7664fbcfbe4c530f74704bb53f43f3149a8bb6,450,1,1,WebGestor/Inventario/Inventario_Relacion_GuiaInterna.aspx.vb
WebGestor/Inventario/Inventario_Relacion_GuiaInterna.aspx.vb,WebGestor/Inventario,Inventario_Relacion_GuiaInterna.aspx.vb,.vb,36166,2025-11-10T02:16:23Z,3c0125d327e1879eb2680599b2bda81af5122f2d,561,0,0,
WebGestor/Inventario/Inventario_Relacion_GuiaRemision.aspx,WebGestor/Inventario,Inventario_Relacion_GuiaRemision.aspx,.aspx,32996,2025-11-10T02:16:23Z,1f6e3ac0a5aeb674f2972d32330cc820a6127f34,469,1,1,WebGestor/Inventario/Inventario_Relacion_GuiaRemision.aspx.vb
WebGestor/Inventario/Inventario_Relacion_GuiaRemision.aspx.vb,WebGestor/Inventario,Inventario_Relacion_GuiaRemision.aspx.vb,.vb,44395,2025-11-10T02:16:23Z,806065dcc6563d3ab33d26bb5c9fcedb06ca2233,665,0,0,
WebGestor/Inventario/Inventario_Relacion_Movimientos.aspx,WebGestor/Inventario,Inventario_Relacion_Movimientos.aspx,.aspx,20990,2025-11-10T02:16:23Z,8c369510109246b63b5f9ab46ec84ba1ee812ed2,282,1,1,WebGestor/Inventario/Inventario_Relacion_Movimientos.aspx.vb
WebGestor/Inventario/Inventario_Relacion_Movimientos.aspx.vb,WebGestor/Inventario,Inventario_Relacion_Movimientos.aspx.vb,.vb,16270,2025-11-10T02:16:23Z,33d8bcbdc77c428b31059bf4ff7fe4db1dcde76c,260,0,0,
WebGestor/Inventario/Inventario_Relacion_Salidas_Almacent.aspx,WebGestor/Inventario,Inventario_Relacion_Salidas_Almacent.aspx,.aspx,28660,2025-11-10T02:16:23Z,5cf27295c9273cff3ebb52ca47df63d841d8dcf1,362,1,1,WebGestor/Inventario/Inventario_Relacion_Salidas_Almacent.aspx.vb
WebGestor/Inventario/Inventario_Relacion_Salidas_Almacent.aspx.vb,WebGestor/Inventario,Inventario_Relacion_Salidas_Almacent.aspx.vb,.vb,16882,2025-11-10T02:16:23Z,170ae3d105e4692dd242f1e19448b1725f02325b,290,0,0,
WebGestor/Inventario/Inventario_Relacion_Salidas_CCosto.aspx,WebGestor/Inventario,Inventario_Relacion_Salidas_CCosto.aspx,.aspx,16722,2025-11-10T02:16:23Z,ab42e28899293165f93b78bcdc9305dd5d127f7f,230,1,1,WebGestor/Inventario/Inventario_Relacion_Salidas_CCosto.aspx.vb
WebGestor/Inventario/Inventario_Relacion_Salidas_CCosto.aspx.vb,WebGestor/Inventario,Inventario_Relacion_Salidas_CCosto.aspx.vb,.vb,13007,2025-11-10T02:16:23Z,c048fd656af2300ecd28e35cd7ac6e56aa9584fc,227,0,0,
WebGestor/Inventario/Inventario_Resumen.aspx,WebGestor/Inventario,Inventario_Resumen.aspx,.aspx,25344,2025-11-10T02:16:23Z,3a4371bbfc0cbccae1191c4900596e598461abf7,360,1,1,WebGestor/Inventario/Inventario_Resumen.aspx.vb
WebGestor/Inventario/Inventario_Resumen.aspx.vb,WebGestor/Inventario,Inventario_Resumen.aspx.vb,.vb,113155,2025-11-10T02:16:23Z,131db66d406390fa0f95621c568a7fe9e2197096,1815,0,0,
WebGestor/Inventario/Inventario_Resumen_Estadistica.aspx,WebGestor/Inventario,Inventario_Resumen_Estadistica.aspx,.aspx,10257,2025-11-10T02:16:23Z,73d4cb64ef794a143035ab748c266f23d776f33f,133,1,1,WebGestor/Inventario/Inventario_Resumen_Estadistica.aspx.vb
WebGestor/Inventario/Inventario_Resumen_Estadistica.aspx.vb,WebGestor/Inventario,Inventario_Resumen_Estadistica.aspx.vb,.vb,9282,2025-11-10T02:16:23Z,6c34ed5528574becef2916fc2e2c88cc410c9811,167,0,0,
WebGestor/Inventario/Inventario_Resumen_Oficinas.aspx,WebGestor/Inventario,Inventario_Resumen_Oficinas.aspx,.aspx,16047,2025-11-10T02:16:23Z,95d5957d946d117f65d8e2b3e1531fc8c5962603,260,1,1,WebGestor/Inventario/Inventario_Resumen_Oficinas.aspx.vb
WebGestor/Inventario/Inventario_Resumen_Oficinas.aspx.vb,WebGestor/Inventario,Inventario_Resumen_Oficinas.aspx.vb,.vb,9509,2025-11-10T02:16:23Z,ecef60567f9c780e65e8f0bcce4b41df624ffcc4,168,0,0,
WebGestor/Inventario/Inventario_SalidaIngreso_Alavez.aspx,WebGestor/Inventario,Inventario_SalidaIngreso_Alavez.aspx,.aspx,40858,2025-11-10T02:16:23Z,8636e4094a41f320cf15f6233d113066c588129a,517,1,1,WebGestor/Inventario/Inventario_SalidaIngreso_Alavez.aspx.vb
WebGestor/Inventario/Inventario_SalidaIngreso_Alavez.aspx.vb,WebGestor/Inventario,Inventario_SalidaIngreso_Alavez.aspx.vb,.vb,174771,2025-11-10T02:16:23Z,e6d4e792b457862e32ac961b8b3cbeed07651a09,1842,0,0,
WebGestor/Inventario/Inventario_SalidasEnv_xRecibir.aspx,WebGestor/Inventario,Inventario_SalidasEnv_xRecibir.aspx,.aspx,27728,2025-11-10T02:16:23Z,cd151c4539ab27c9f6b9945e0d691dbb42836c9b,312,1,1,WebGestor/Inventario/Inventario_SalidasEnv_xRecibir.aspx.vb
WebGestor/Inventario/Inventario_SalidasEnv_xRecibir.aspx.vb,WebGestor/Inventario,Inventario_SalidasEnv_xRecibir.aspx.vb,.vb,46700,2025-11-10T02:16:23Z,e64b9cc5e694de5ff3c639aa7ae97d01185fdb62,550,0,0,
WebGestor/Inventario/Inventario_Stock_Articulos.aspx,WebGestor/Inventario,Inventario_Stock_Articulos.aspx,.aspx,28095,2025-11-10T02:16:23Z,05f3126dc54c56c84a6bd3cbcc27d4d95490e0de,367,1,1,WebGestor/Inventario/Inventario_Stock_Articulos.aspx.vb
WebGestor/Inventario/Inventario_Stock_Articulos.aspx.vb,WebGestor/Inventario,Inventario_Stock_Articulos.aspx.vb,.vb,32260,2025-11-10T02:16:23Z,b04c3ee4fa79e6279a23be99372667405ae60b2a,472,0,0,
WebGestor/Inventario/Inventario_Ubicacion.aspx,WebGestor/Inventario,Inventario_Ubicacion.aspx,.aspx,58198,2025-11-10T02:16:23Z,39923743ddc11076ea655ddc3bb9eaf0559a8094,774,1,1,WebGestor/Inventario/Inventario_Ubicacion.aspx.vb
WebGestor/Inventario/Inventario_Ubicacion.aspx.designer.vb,WebGestor/Inventario,Inventario_Ubicacion.aspx.designer.vb,.vb,23083,2025-11-10T02:16:23Z,810a65c87c163429568a352d0e475219afc7554b,70,0,0,
WebGestor/Inventario/Inventario_Ubicacion.aspx.vb,WebGestor/Inventario,Inventario_Ubicacion.aspx.vb,.vb,52200,2025-11-10T02:16:23Z,b1740a33169da2cc93350aa36c610350604ff527,895,0,0,
WebGestor/Inventario/Inventario_Verificacion_Nueva.aspx,WebGestor/Inventario,Inventario_Verificacion_Nueva.aspx,.aspx,93456,2025-11-10T02:16:23Z,5a1ffe6e9b8e136f0e500725b6f7de1403995280,1205,1,1,WebGestor/Inventario/Inventario_Verificacion_Nueva.aspx.vb
WebGestor/Inventario/Inventario_Verificacion_Nueva.aspx.vb,WebGestor/Inventario,Inventario_Verificacion_Nueva.aspx.vb,.vb,129108,2025-11-10T02:16:23Z,a649a261ca1f3a22d9460aaefebf86198b1ede80,2062,0,0,
WebGestor/Inventario/Inventario_Verificar.aspx,WebGestor/Inventario,Inventario_Verificar.aspx,.aspx,125785,2025-11-10T02:16:23Z,cb5e4cf206166ae1d7f67d5ac5a4da885fc0cefa,1613,1,1,WebGestor/Inventario/Inventario_Verificar.aspx.vb
WebGestor/Inventario/Inventario_Verificar.aspx.designer.vb,WebGestor/Inventario,Inventario_Verificar.aspx.designer.vb,.vb,33285,2025-11-10T02:16:23Z,4d29eac29f1318e2ec8aedd99ef8d4352f9bcf21,99,0,0,
WebGestor/Inventario/Inventario_Verificar.aspx.vb,WebGestor/Inventario,Inventario_Verificar.aspx.vb,.vb,182042,2025-11-10T02:16:23Z,cf74579ba52c5df7b224c7e66365e2831196a835,2796,0,0,
WebGestor/Inventario/Inventario_Verificar_Masivo.aspx,WebGestor/Inventario,Inventario_Verificar_Masivo.aspx,.aspx,27306,2025-11-10T02:16:23Z,6c38d027a89041898193939367c5726e74f337aa,352,1,1,WebGestor/Inventario/Inventario_Verificar_Masivo.aspx.vb
WebGestor/Inventario/Inventario_Verificar_Masivo.aspx.vb,WebGestor/Inventario,Inventario_Verificar_Masivo.aspx.vb,.vb,37185,2025-11-10T02:16:23Z,c1382f82cfaee355998666ac2cf3ecb227182e2e,569,0,0,
WebGestor/Inventario/Inventario_Verificar_SinImagen.aspx,WebGestor/Inventario,Inventario_Verificar_SinImagen.aspx,.aspx,83307,2025-11-10T02:16:23Z,186788a1bc881c874be56f1234df0d19544fadf9,1075,1,1,WebGestor/Inventario/Inventario_Verificar_SinImagen.aspx.vb
WebGestor/Inventario/Inventario_Verificar_SinImagen.aspx.vb,WebGestor/Inventario,Inventario_Verificar_SinImagen.aspx.vb,.vb,110546,2025-11-10T02:16:23Z,8d18cf1355b252820103fe08df6ef92751aa0739,1792,0,0,
WebGestor/Inventario/Invnetario_Relacion_EquiposConciliados.aspx,WebGestor/Inventario,Invnetario_Relacion_EquiposConciliados.aspx,.aspx,12031,2025-11-10T02:16:23Z,4543ea7d4b7c56bb1eaa60ce7682d1643e8108e5,162,1,1,WebGestor/Inventario/Invnetario_Relacion_EquiposConciliados.aspx.vb
WebGestor/Inventario/Invnetario_Relacion_EquiposConciliados.aspx.vb,WebGestor/Inventario,Invnetario_Relacion_EquiposConciliados.aspx.vb,.vb,9240,2025-11-10T02:16:23Z,8d5f05c4d0db0234b1de0ffa54a5a04dcf9b78c5,181,0,0,
WebGestor/Inventario/Manejador.ashx,WebGestor/Inventario,Manejador.ashx,.ashx,1007,2025-11-10T02:16:23Z,7bd535a06da85ff5279bdff12197ca7700fc9cb1,,0,0,
WebGestor/Inventario/Master_Inventario.master,WebGestor/Inventario,Master_Inventario.master,.master,6138,2025-11-10T02:16:23Z,95d63119041448abfae8d5f240f7783adc65a2b2,90,0,0,
WebGestor/Inventario/Master_Inventario.master.vb,WebGestor/Inventario,Master_Inventario.master.vb,.vb,96,2025-11-10T02:16:23Z,e5c91b60f2637bf51013a52745c45a1dc0be2659,4,0,0,
WebGestor/Inventario/PagPrincipal_Inv.master,WebGestor/Inventario,PagPrincipal_Inv.master,.master,8693,2025-11-10T02:16:23Z,633e36ae3701725379c0da289eadf6084c4eaac3,130,0,0,
WebGestor/Inventario/PagPrincipal_Inv.master.vb,WebGestor/Inventario,PagPrincipal_Inv.master.vb,.vb,871,2025-11-10T02:16:23Z,be053a852147f6e8fdaa3c01e24aa9ed57cb2b8d,19,0,0,
WebGestor/Inventario/ProductoSku.ashx,WebGestor/Inventario,ProductoSku.ashx,.ashx,2972,2025-11-10T02:16:23Z,c64a5be3b76b6572341f16b14706e1dd19d8e7bc,,0,0,
WebGestor/Inventario/RecepGuiaHandler.ashx,WebGestor/Inventario,RecepGuiaHandler.ashx,.ashx,1441,2025-11-10T02:16:23Z,ee4744275564b0380697ce6544bff1cf75083927,,0,0,
WebGestor/Inventario/RecepcionHandler.ashx,WebGestor/Inventario,RecepcionHandler.ashx,.ashx,1439,2025-11-10T02:16:23Z,3f0b2651a801846af3ce47147f0549690c6a75c8,,0,0,
WebGestor/Inventario/Report_Recepcion.rdlc,WebGestor/Inventario,Report_Recepcion.rdlc,.rdlc,44018,2025-11-10T02:16:23Z,d02b0409307864d5eec613b29c1595b76f38fc0e,,0,0,
WebGestor/Inventario/SerieImagen.ashx,WebGestor/Inventario,SerieImagen.ashx,.ashx,1437,2025-11-10T02:16:23Z,436aae80d7e149ba30fa0f6dded8ef2e1efe6d59,,0,0,
WebGestor/Inventario/TomarFoto.aspx,WebGestor/Inventario,TomarFoto.aspx,.aspx,5293,2025-11-10T02:16:23Z,1908833ab0c6709c8f1da8d6e8526ca30fe39b9f,156,1,1,WebGestor/Inventario/TomarFoto.aspx.vb
WebGestor/Inventario/TomarFoto.aspx.vb,WebGestor/Inventario,TomarFoto.aspx.vb,.vb,82,2025-11-10T02:16:23Z,c2c11016a71ccb91caeb08294a6ad9dd234288cf,4,0,0,
WebGestor/Inventario/fotoUpload.ashx,WebGestor/Inventario,fotoUpload.ashx,.ashx,969,2025-11-10T02:16:23Z,57f668de7c8fa8349e98e5560e591c30d1eb2360,,0,0,
WebGestor/Inventario/inventario_Regularizar_UbicacionCarga.aspx,WebGestor/Inventario,inventario_Regularizar_UbicacionCarga.aspx,.aspx,12215,2025-11-10T02:16:23Z,ecb632b746a01db358361267966a9ee7212e693d,181,1,1,WebGestor/Inventario/inventario_Regularizar_UbicacionCarga.aspx.vb
WebGestor/Inventario/inventario_Regularizar_UbicacionCarga.aspx.vb,WebGestor/Inventario,inventario_Regularizar_UbicacionCarga.aspx.vb,.vb,6746,2025-11-10T02:16:23Z,d30dfa8d1d34723ddaf6f22fbb20ffd949ef7103,141,0,0,
WebGestor/Js/Java.js,WebGestor/Js,Java.js,.js,125,2025-11-10T02:16:23Z,05c87c41caa6617f42d8744900f58acd4401ef2f,,0,0,
WebGestor/Js/Popup.js,WebGestor/Js,Popup.js,.js,340,2025-11-10T02:16:23Z,334be3b2beff6a664170e2ed94af5c51d2687636,,0,0,
WebGestor/Js/PopupArticulos.js,WebGestor/Js,PopupArticulos.js,.js,245,2025-11-10T02:16:23Z,ae9fe8ecd92cb6e885f1920666eb50fb21a58fca,,0,0,
WebGestor/Js/bootstrap.js,WebGestor/Js,bootstrap.js,.js,47875,2025-11-10T02:16:23Z,9b05f022da878c4ab12b19756908d0875b3f0b8f,,0,0,
WebGestor/Js/bootstrap.min.js,WebGestor/Js,bootstrap.min.js,.js,36868,2025-11-10T02:16:23Z,791aa054a026bddc0de92bad6cf7a1c6e73713d5,,0,0,
WebGestor/Js/bootstrapValidator.js,WebGestor/Js,bootstrapValidator.js,.js,325844,2025-11-10T02:16:23Z,7dacae23df82c35bf141fc5a65220dab6a6def7b,,0,0,
WebGestor/Js/dataTables.bootstrap.min.js,WebGestor/Js,dataTables.bootstrap.min.js,.js,1960,2025-11-10T02:16:23Z,96b84dcf1939df2247fa5a1573bbfc000bbf8cbd,,0,0,
WebGestor/Js/highcharts-3d.js,WebGestor/Js,highcharts-3d.js,.js,37116,2025-11-10T02:16:23Z,7ef5484da7bf295cb463e07bbdaaf845f01a4e91,,0,0,
WebGestor/Js/highcharts-3d.js.map,WebGestor/Js,highcharts-3d.js.map,.map,101372,2025-11-10T02:16:23Z,e9610c42d91604533647571f6683aee47f44c1e8,,0,0,
WebGestor/Js/highcharts-3d.src.js,WebGestor/Js,highcharts-3d.src.js,.js,139209,2025-11-10T02:16:23Z,52727128d3f589fe2fb0a5af5917757834fd5b6e,,0,0,
WebGestor/Js/highcharts-more.js,WebGestor/Js,highcharts-more.js,.js,30963,2025-11-10T02:16:23Z,01a63f9f17411875a95d99a03d52b75e6cda0659,,0,0,
WebGestor/Js/highcharts-more.js.map,WebGestor/Js,highcharts-more.js.map,.map,71864,2025-11-10T02:16:23Z,0d65d681b33c43ed74afc393d0487cfa340fe809,,0,0,
WebGestor/Js/highcharts-more.src.js,WebGestor/Js,highcharts-more.src.js,.js,163243,2025-11-10T02:16:23Z,9de83d254016e4396f62d1531c6ad296b5c63a95,,0,0,
WebGestor/Js/highcharts.js,WebGestor/Js,highcharts.js,.js,201255,2025-11-10T02:16:23Z,4de657fafd039285926ee51deb7f109bd7286cac,,0,0,
WebGestor/Js/highcharts.js.map,WebGestor/Js,highcharts.js.map,.map,496177,2025-11-10T02:16:23Z,927aac08c3fa6c7f7c5ffb6d025c7f5247d0f5a2,,0,0,
WebGestor/Js/highcharts.src.js,WebGestor/Js,highcharts.src.js,.js,1389387,2025-11-10T02:16:23Z,0fde71d282ed4525558e944a6071c9ce54abcfdf,,0,0,
WebGestor/Js/jquery.dataTables.min.js,WebGestor/Js,jquery.dataTables.min.js,.js,82628,2025-11-10T02:16:23Z,bcd0bf8b78612c28aa1ec1a40c1239a1a936b1e6,,0,0,
WebGestor/Js/jquery.min.js,WebGestor/Js,jquery.min.js,.js,293650,2025-11-10T02:16:23Z,8c40b54364ae63eeb1a94031ed7778ebd210fbfa,,0,0,
WebGestor/Js/locationpicker.jquery.js,WebGestor/Js,locationpicker.jquery.js,.js,19133,2025-11-10T02:16:23Z,473eed3f4273922bc2671da1dabdcebc6872b08c,,0,0,
WebGestor/Js/main.js,WebGestor/Js,main.js,.js,1748,2025-11-10T02:16:23Z,64e357d92d06796c0eb14d560e1ab5dd1b69dbdb,,0,0,
WebGestor/Js/validacliente.js,WebGestor/Js,validacliente.js,.js,268,2025-11-10T02:16:23Z,d624f81e2553af90de9eeee4352199ad4bf25de0,,0,0,
WebGestor/MP_Principal.master,WebGestor,MP_Principal.master,.master,17673,2025-11-10T02:16:23Z,505864d872b609ad22716b18ccc8d96366625ad8,343,0,0,
WebGestor/MP_Principal.master.vb,WebGestor,MP_Principal.master.vb,.vb,8012,2025-11-10T02:16:23Z,ef444b56a30d5a9901e39faba0f5963080902252,128,0,0,
WebGestor/MProyLeft.ascx,WebGestor,MProyLeft.ascx,.ascx,1121,2025-11-10T02:16:23Z,bdd2f52d892bd9ad84969f84dd395f0faa9063d9,24,0,0,
WebGestor/MProyLeft.ascx.vb,WebGestor,MProyLeft.ascx.vb,.vb,8786,2025-11-10T02:16:23Z,8cfb9423a83a2eb63b381c8168a6f28f49a7563f,136,0,0,
WebGestor/MProyRight.ascx,WebGestor,MProyRight.ascx,.ascx,1382,2025-11-10T02:16:23Z,d37daa8850113c7dd799bb906860abe7fa760082,26,0,0,
WebGestor/MProyRight.ascx.vb,WebGestor,MProyRight.ascx.vb,.vb,6085,2025-11-10T02:16:23Z,4c274bcd897d0a8db94411fb58d9348518b8ad9c,107,0,0,
WebGestor/MapaWeb.aspx,WebGestor,MapaWeb.aspx,.aspx,2532,2025-11-10T02:16:23Z,c3b791f556fa36e2067b81edc1bc3c62f8eac766,56,1,1,WebGestor/MapaWeb.aspx.vb
WebGestor/MapaWeb.aspx.vb,WebGestor,MapaWeb.aspx.vb,.vb,69,2025-11-10T02:16:23Z,1311325c11313b5ee1a2b6bc4ff162450e5b8f28,4,0,0,
WebGestor/MasterPage_Ejemplo.master,WebGestor,MasterPage_Ejemplo.master,.master,1407,2025-11-10T02:16:23Z,50bb44090004d1cc00da28b4c37515a5da156cc5,35,0,0,
WebGestor/MasterPage_Ejemplo.master.vb,WebGestor,MasterPage_Ejemplo.master.vb,.vb,86,2025-11-10T02:16:23Z,b405949919d893f86bd7694cc691bf56b5620de1,4,0,0,
WebGestor/Menu/Contacto.aspx,WebGestor/Menu,Contacto.aspx,.aspx,13450,2025-11-10T02:16:23Z,82cdfc9768a475d91c565071e47a1a0a416c454a,213,1,1,WebGestor/Menu/Contacto.aspx.vb
WebGestor/Menu/Contacto.aspx.vb,WebGestor/Menu,Contacto.aspx.vb,.vb,5483,2025-11-10T02:16:23Z,d783b4ce4293ec6ca5f1c006ce96e2fa96295740,104,0,0,
WebGestor/Menu/Detalle.aspx,WebGestor/Menu,Detalle.aspx,.aspx,13612,2025-11-10T02:16:23Z,e5c365ae4e5ad9f381802b5c0b8a22fd88f9f5f9,178,1,1,WebGestor/Menu/Detalle.aspx.vb
WebGestor/Menu/Detalle.aspx.vb,WebGestor/Menu,Detalle.aspx.vb,.vb,15209,2025-11-10T02:16:23Z,e1dd53414436f698023db321e3498e50f847204d,180,0,0,
WebGestor/Menu/HEstiloMenu.css,WebGestor/Menu,HEstiloMenu.css,.css,112,2025-11-10T02:16:23Z,c4520f29fac688287b67afe7a38ca0a803c16071,,0,0,
WebGestor/Menu/IngresarElemento.aspx,WebGestor/Menu,IngresarElemento.aspx,.aspx,13213,2025-11-10T02:16:23Z,bd96c1204c99037efbbbfad311fb0fd95490aba4,215,1,1,WebGestor/Menu/IngresarElemento.aspx.vb
WebGestor/Menu/IngresarElemento.aspx.vb,WebGestor/Menu,IngresarElemento.aspx.vb,.vb,13080,2025-11-10T02:16:23Z,50ee5efaf98fd6e3e1e481a856af26566f5d304b,188,0,0,
WebGestor/Menu/Menu.ascx.vb,WebGestor/Menu,Menu.ascx.vb,.vb,3833,2025-11-10T02:16:23Z,73e3895a29f72aab20ffef9d32842d0ffcc475d5,73,0,0,
WebGestor/Menu/MenuPrincipal.ascx,WebGestor/Menu,MenuPrincipal.ascx,.ascx,1365,2025-11-10T02:16:23Z,6dac92ddfec18db7945e8c5b6a261b472e5f8edc,25,0,0,
WebGestor/Menu/MenuPrincipal.ascx.vb,WebGestor/Menu,MenuPrincipal.ascx.vb,.vb,3945,2025-11-10T02:16:23Z,c5c66ac3ce34ed07dbe4b7a6abeb8ff4cd5ece73,82,0,0,
WebGestor/Menu/PagMenu.master,WebGestor/Menu,PagMenu.master,.master,5740,2025-11-10T02:16:23Z,0f285db67aabedf8224a0ea3192cb73439e98367,76,0,0,
WebGestor/Menu/PagMenu.master.vb,WebGestor/Menu,PagMenu.master.vb,.vb,1881,2025-11-10T02:16:23Z,537d03bbfcc712d6f3e64851f9861b8b144eed0a,35,0,0,
WebGestor/Menu/Subscriptor.aspx,WebGestor/Menu,Subscriptor.aspx,.aspx,10091,2025-11-10T02:16:23Z,a5485e96e82a367da0937e67ad393be55a65de80,163,1,1,WebGestor/Menu/Subscriptor.aspx.vb
WebGestor/Menu/Subscriptor.aspx.vb,WebGestor/Menu,Subscriptor.aspx.vb,.vb,5831,2025-11-10T02:16:23Z,07c02ac6f4cab598928bffebe078ee4d87c4eb68,126,0,0,
WebGestor/Menu/TECNOLOGIAS VERDE.JPG,WebGestor/Menu,TECNOLOGIAS VERDE.JPG,.JPG,2551,2025-11-10T02:16:23Z,dba7d2064b8bff383116ae4ece94ea57e57e6413,,0,0,
WebGestor/Menu/_Default.aspx,WebGestor/Menu,_Default.aspx,.aspx,10675,2025-11-10T02:16:23Z,68351debe4037621008927908af3f3053f55143f,36,1,1,WebGestor/Menu/_Default.aspx.vb
WebGestor/Menu/_Default.aspx.vb,WebGestor/Menu,_Default.aspx.vb,.vb,31056,2025-11-10T02:16:23Z,08732f38a21b6392178db1136c9920568414eeb8,433,0,0,
WebGestor/Menu/menu.ascx,WebGestor/Menu,menu.ascx,.ascx,1350,2025-11-10T02:16:23Z,83b16918f607b1d53bee9f214efec42b38fa8cd4,27,0,0,
WebGestor/MenuEstiloEj.css,WebGestor,MenuEstiloEj.css,.css,6567,2025-11-10T02:16:23Z,d33cfce454531d111ec156579cc87905408f195b,,0,0,
WebGestor/MenuWeb/Imagenes_1TE/cuarto1.jpg,WebGestor/MenuWeb/Imagenes_1TE,cuarto1.jpg,.jpg,5673,2025-11-10T02:16:23Z,527929c5313bba9f7852c95afff9feadbf6ad1b2,,0,0,
WebGestor/MenuWeb/Imagenes_3TG/m10.JPG,WebGestor/MenuWeb/Imagenes_3TG,m10.JPG,.JPG,26193,2025-11-10T02:16:23Z,147b73563f5575d0dedf4a5ba5f5caa2870b161a,,0,0,
WebGestor/MenuWeb/Imagenes_3TG/m11.jpg,WebGestor/MenuWeb/Imagenes_3TG,m11.jpg,.jpg,13784,2025-11-10T02:16:23Z,1bea4930cf32101836f508360dc836fb10775e4c,,0,0,
WebGestor/MenuWeb/Imagenes_3TG/m12.jpg,WebGestor/MenuWeb/Imagenes_3TG,m12.jpg,.jpg,9908,2025-11-10T02:16:23Z,f38f11fe2b888155611ee8ad75424b5c6336c737,,0,0,
WebGestor/MenuWeb/Imagenes_3TG/m14.jpg,WebGestor/MenuWeb/Imagenes_3TG,m14.jpg,.jpg,655479,2025-11-10T02:16:23Z,08c703934e1c7ca75c169f2c126168591af8ee4f,,0,0,
WebGestor/MenuWeb/Imagenes_3TG/m15.jpg,WebGestor/MenuWeb/Imagenes_3TG,m15.jpg,.jpg,73730,2025-11-10T02:16:23Z,e6f84417d1503b60c15fa1b71b13731db114d84a,,0,0,
WebGestor/MenuWeb/Imagenes_3TG/m20.jpg,WebGestor/MenuWeb/Imagenes_3TG,m20.jpg,.jpg,186846,2025-11-10T02:16:23Z,e4474cdee1aa602e9365eb93e6f6f239fcd89348,,0,0,
WebGestor/MenuWeb/Imagenes_3TG/m21.jpg,WebGestor/MenuWeb/Imagenes_3TG,m21.jpg,.jpg,161795,2025-11-10T02:16:23Z,d0d1f22546f98eebe0a60912b87c2b6b40888f1a,,0,0,
WebGestor/MenuWeb/Imagenes_3TG/m22.jpg,WebGestor/MenuWeb/Imagenes_3TG,m22.jpg,.jpg,59815,2025-11-10T02:16:23Z,baa666ed96c65c299a9877481d8adbebfbffdf87,,0,0,
WebGestor/MenuWeb/Imagenes_3TG/m27.jpg,WebGestor/MenuWeb/Imagenes_3TG,m27.jpg,.jpg,392269,2025-11-10T02:16:23Z,d0088ff69543978efa9c9e0cef5aaf2ae6f47ede,,0,0,
WebGestor/MenuWeb/Imagenes_3TG/m28.jpg,WebGestor/MenuWeb/Imagenes_3TG,m28.jpg,.jpg,138586,2025-11-10T02:16:23Z,5866d01ba58ef670fdd8aba0f89d647f24da6633,,0,0,
WebGestor/MenuWeb/Imagenes_3TG/m29.jpg,WebGestor/MenuWeb/Imagenes_3TG,m29.jpg,.jpg,205863,2025-11-10T02:16:23Z,051951fb5e8305a84de4a8dcc82dbc3c8b5ffd9c,,0,0,
WebGestor/MenuWeb/Imagenes_3TG/m34.jpg,WebGestor/MenuWeb/Imagenes_3TG,m34.jpg,.jpg,4051,2025-11-10T02:16:23Z,1dae1e475ada244be9604c0c5deb389937ace43b,,0,0,
WebGestor/MenuWeb/Imagenes_3TG/m36.jpg,WebGestor/MenuWeb/Imagenes_3TG,m36.jpg,.jpg,18193,2025-11-10T02:16:23Z,32436e5c478d0f2689b33cdf29011d90e0e88654,,0,0,
WebGestor/MenuWeb/Imagenes_3TG/m37.jpg,WebGestor/MenuWeb/Imagenes_3TG,m37.jpg,.jpg,9363,2025-11-10T02:16:23Z,48ffbbe224f1cedea7ab2f5a5d953c0fd76536c2,,0,0,
WebGestor/MenuWeb/Imagenes_3TG/m39.jpg,WebGestor/MenuWeb/Imagenes_3TG,m39.jpg,.jpg,58894,2025-11-10T02:16:23Z,a1e0f89e90e5e2ff0ed54cea78e6ca9723fc36db,,0,0,
WebGestor/MenuWeb/Imagenes_3TG/m4.JPG,WebGestor/MenuWeb/Imagenes_3TG,m4.JPG,.JPG,3884,2025-11-10T02:16:23Z,c96455c3f95556fe5c758296e9e883c404dd13c1,,0,0,
WebGestor/MenuWeb/Imagenes_3TG/m41.jpg,WebGestor/MenuWeb/Imagenes_3TG,m41.jpg,.jpg,19219,2025-11-10T02:16:23Z,581413bbd6e051236178de16eaedb65835f1edad,,0,0,
WebGestor/MenuWeb/Imagenes_3TG/m42.jpg,WebGestor/MenuWeb/Imagenes_3TG,m42.jpg,.jpg,294368,2025-11-10T02:16:23Z,8ea313a40d0d1101c114c9b8872b7f87c13ed476,,0,0,
WebGestor/MenuWeb/Imagenes_3TG/m43.jpg,WebGestor/MenuWeb/Imagenes_3TG,m43.jpg,.jpg,44370,2025-11-10T02:16:23Z,a79ad322d04d70d26b8a17e30fc4cb1460296b87,,0,0,
WebGestor/MenuWeb/Imagenes_3TG/m44.jpg,WebGestor/MenuWeb/Imagenes_3TG,m44.jpg,.jpg,13856,2025-11-10T02:16:23Z,daffd19d24304afc54430ef41f332216178d391d,,0,0,
WebGestor/MenuWeb/Imagenes_3TG/m45.jpg,WebGestor/MenuWeb/Imagenes_3TG,m45.jpg,.jpg,59009,2025-11-10T02:16:23Z,c8fdf032fe3485c651ccb5915efa14700ce4b6d8,,0,0,
WebGestor/MenuWeb/Imagenes_3TG/m46.jpg,WebGestor/MenuWeb/Imagenes_3TG,m46.jpg,.jpg,61871,2025-11-10T02:16:23Z,79b7097afc656446762da29220e37d5ea527600b,,0,0,
WebGestor/MenuWeb/Imagenes_3TG/m47.jpg,WebGestor/MenuWeb/Imagenes_3TG,m47.jpg,.jpg,60460,2025-11-10T02:16:23Z,efd2c786b8a6bdaf5cf63ee7a20302cb587488ea,,0,0,
WebGestor/MenuWeb/Imagenes_3TG/m48.jpg,WebGestor/MenuWeb/Imagenes_3TG,m48.jpg,.jpg,60085,2025-11-10T02:16:23Z,b6758222fe5816fa4d3dea1903041a9f7d30fdfd,,0,0,
WebGestor/MenuWeb/Imagenes_3TG/m49.jpg,WebGestor/MenuWeb/Imagenes_3TG,m49.jpg,.jpg,322949,2025-11-10T02:16:23Z,48303595aee8e83fba9741a82b17f5aeef4c18cb,,0,0,
WebGestor/MenuWeb/Imagenes_3TG/m50.jpg,WebGestor/MenuWeb/Imagenes_3TG,m50.jpg,.jpg,57468,2025-11-10T02:16:23Z,4d7966e9279ae85908aa2e12e3ace36bfaa396d1,,0,0,
WebGestor/MenuWeb/Imagenes_3TG/m51.jpg,WebGestor/MenuWeb/Imagenes_3TG,m51.jpg,.jpg,57468,2025-11-10T02:16:23Z,4d7966e9279ae85908aa2e12e3ace36bfaa396d1,,0,0,
WebGestor/MenuWeb/Imagenes_3TG/m52.jpg,WebGestor/MenuWeb/Imagenes_3TG,m52.jpg,.jpg,58134,2025-11-10T02:16:23Z,9d79ca7e21993c23082fdd175ea417090d9f8b54,,0,0,
WebGestor/MenuWeb/Imagenes_3TG/m55.jpg,WebGestor/MenuWeb/Imagenes_3TG,m55.jpg,.jpg,41246,2025-11-10T02:16:23Z,b890ee0b4f3298ed31027051060bef995b83769f,,0,0,
WebGestor/MenuWeb/Imagenes_3TG/m57.jpg,WebGestor/MenuWeb/Imagenes_3TG,m57.jpg,.jpg,5650,2025-11-10T02:16:23Z,9532ebea8b993aa9fe1c4d08f84097201a776875,,0,0,
WebGestor/MenuWeb/Imagenes_3TG/m59.jpg,WebGestor/MenuWeb/Imagenes_3TG,m59.jpg,.jpg,155840,2025-11-10T02:16:23Z,bb4fdf8fed5b612226fba092b76a50a4bab0e166,,0,0,
WebGestor/MenuWeb/Imagenes_3TG/m6.jpg,WebGestor/MenuWeb/Imagenes_3TG,m6.jpg,.jpg,5749,2025-11-10T02:16:23Z,0816db7af79835ca79cd09a31a7c48a1c7725193,,0,0,
WebGestor/MenuWeb/Imagenes_3TG/m60.jpg,WebGestor/MenuWeb/Imagenes_3TG,m60.jpg,.jpg,41701,2025-11-10T02:16:23Z,2747f832fe5ec0329e4e244c3446d2c6d7d767df,,0,0,
WebGestor/MenuWeb/Imagenes_3TG/m61.jpg,WebGestor/MenuWeb/Imagenes_3TG,m61.jpg,.jpg,11535,2025-11-10T02:16:23Z,754be9e5aab0d19aecb7b4e2d9d0b7e4d4dce8d7,,0,0,
WebGestor/MenuWeb/Imagenes_3TG/m62.jpg,WebGestor/MenuWeb/Imagenes_3TG,m62.jpg,.jpg,167357,2025-11-10T02:16:23Z,859f8534190a182b1eb59fa4b2244ab16e29b568,,0,0,
WebGestor/MenuWeb/Imagenes_3TG/m64.jpg,WebGestor/MenuWeb/Imagenes_3TG,m64.jpg,.jpg,145867,2025-11-10T02:16:23Z,880ac87cf24dcb7d6fe5ff2e1a150fdb2bf3c5eb,,0,0,
WebGestor/MenuWeb/Imagenes_3TG/m68.jpg,WebGestor/MenuWeb/Imagenes_3TG,m68.jpg,.jpg,14336,2025-11-10T02:16:23Z,914b8ebcb73c4eb1aaeed282dd8a29bd7e31e9ec,,0,0,
WebGestor/MenuWeb/Imagenes_3TG/m69.jpg,WebGestor/MenuWeb/Imagenes_3TG,m69.jpg,.jpg,19464,2025-11-10T02:16:23Z,bb388ef1078479622e619125c6739cb1f75ab459,,0,0,
WebGestor/MenuWeb/Imagenes_3TG/m70.jpg,WebGestor/MenuWeb/Imagenes_3TG,m70.jpg,.jpg,28170,2025-11-10T02:16:23Z,00f0fa40b9004169d740428786b89032c4e5a9ce,,0,0,
WebGestor/MenuWeb/Imagenes_3TG/m71.jpg,WebGestor/MenuWeb/Imagenes_3TG,m71.jpg,.jpg,85803,2025-11-10T02:16:23Z,23b8313b1d4df41a1ada6466ecb91fe80669f266,,0,0,
WebGestor/MenuWeb/Imagenes_3TG/m74.jpg,WebGestor/MenuWeb/Imagenes_3TG,m74.jpg,.jpg,149784,2025-11-10T02:16:23Z,d5c45883119b8f1bea991a0673ec0e1cbb1b7a2c,,0,0,
WebGestor/MenuWeb/Imagenes_3TG/m75.jpg,WebGestor/MenuWeb/Imagenes_3TG,m75.jpg,.jpg,6627,2025-11-10T02:16:23Z,a1396ec014ae78ca32d13216b441133ef5d894cf,,0,0,
WebGestor/MenuWeb/Imagenes_3TG/m76.jpg,WebGestor/MenuWeb/Imagenes_3TG,m76.jpg,.jpg,59515,2025-11-10T02:16:23Z,15274721ccf97cb2d732ab9cefe214537a1fa25b,,0,0,
WebGestor/MenuWeb/Imagenes_3TG/m77.jpg,WebGestor/MenuWeb/Imagenes_3TG,m77.jpg,.jpg,2631,2025-11-10T02:16:23Z,ab9173e455e5ea339c443f2019e9a271b882c638,,0,0,
WebGestor/MenuWeb/Imagenes_3TG/m78.jpg,WebGestor/MenuWeb/Imagenes_3TG,m78.jpg,.jpg,9469,2025-11-10T02:16:23Z,e03d0ab1f2425105fd092e15cb95996facb2c1b6,,0,0,
WebGestor/MenuWeb/Imagenes_3TG/m79.jpg,WebGestor/MenuWeb/Imagenes_3TG,m79.jpg,.jpg,3313,2025-11-10T02:16:23Z,268ecee78fc9d8a4d9ae48b10d929b5499832747,,0,0,
WebGestor/MenuWeb/Imagenes_3TG/m8.jpg,WebGestor/MenuWeb/Imagenes_3TG,m8.jpg,.jpg,13924,2025-11-10T02:16:23Z,03b8f6a37c4f61b2706638d63e44f37f3bb953de,,0,0,
WebGestor/MenuWeb/Imagenes_3TG/m80.jpg,WebGestor/MenuWeb/Imagenes_3TG,m80.jpg,.jpg,2922,2025-11-10T02:16:23Z,5575035f09c2b83b2965c75a7d6e06e1d2911596,,0,0,
WebGestor/MenuWeb/Imagenes_3TG/m81.jpg,WebGestor/MenuWeb/Imagenes_3TG,m81.jpg,.jpg,4832,2025-11-10T02:16:23Z,7efcf96a9f228578e2e8d1d6bfdf8ec1a7f05953,,0,0,
WebGestor/MenuWeb/Imagenes_3TG/m82.jpg,WebGestor/MenuWeb/Imagenes_3TG,m82.jpg,.jpg,3208,2025-11-10T02:16:23Z,e0739e616f8d82707ea980d88a585137946088f4,,0,0,
WebGestor/MenuWeb/Imagenes_3TG/m83.jpg,WebGestor/MenuWeb/Imagenes_3TG,m83.jpg,.jpg,47290,2025-11-10T02:16:23Z,38d50793d59c3884618fcc12c6a8dde70081f839,,0,0,
WebGestor/MenuWeb/Imagenes_3TG/m84.jpg,WebGestor/MenuWeb/Imagenes_3TG,m84.jpg,.jpg,133746,2025-11-10T02:16:23Z,05a23a897426326ae1b9a8ce966654282cb95a70,,0,0,
WebGestor/MenuWeb/Imagenes_3TG/m85.jpg,WebGestor/MenuWeb/Imagenes_3TG,m85.jpg,.jpg,17686,2025-11-10T02:16:23Z,7c8d1f45d93cca1c7be670f4815b13ca75a1c687,,0,0,
WebGestor/MenuWeb/Imagenes_3TG/m86.jpg,WebGestor/MenuWeb/Imagenes_3TG,m86.jpg,.jpg,43614,2025-11-10T02:16:23Z,136458ef501e3b5d27612b892022ebfb7db72c74,,0,0,
WebGestor/MenuWeb/Imagenes_3TG/m87.jpg,WebGestor/MenuWeb/Imagenes_3TG,m87.jpg,.jpg,20218,2025-11-10T02:16:23Z,64eea737cc96bb08c9556b79a1473f6c2cbe6dd1,,0,0,
WebGestor/MenuWeb/Imagenes_3TG/m88.jpg,WebGestor/MenuWeb/Imagenes_3TG,m88.jpg,.jpg,7648,2025-11-10T02:16:23Z,06504e44497a56f3b8fac679b9498acd95af6d78,,0,0,
WebGestor/MenuWeb/Imagenes_3TG/m89.jpg,WebGestor/MenuWeb/Imagenes_3TG,m89.jpg,.jpg,5728,2025-11-10T02:16:23Z,ee05f12cb7d968914ac7828fccc013df0df42dd8,,0,0,
WebGestor/MenuWeb/Imagenes_3TG/m9.JPG,WebGestor/MenuWeb/Imagenes_3TG,m9.JPG,.JPG,50115,2025-11-10T02:16:23Z,53ab4741a56764d6680f20c07efc7c9b4c19318c,,0,0,
WebGestor/MenuWeb/Imagenes_3TG/m92.jpg,WebGestor/MenuWeb/Imagenes_3TG,m92.jpg,.jpg,3656,2025-11-10T02:16:23Z,65243517169e0aab0b7dfde39465e07ca8a7eddf,,0,0,
WebGestor/MenuWeb/Imagenes_3TG/m93.jpg,WebGestor/MenuWeb/Imagenes_3TG,m93.jpg,.jpg,2929,2025-11-10T02:16:23Z,7d20fb0c84a9021c0bebe48dfce1f62deeb8ca42,,0,0,
WebGestor/MenuWeb/ImagesAusp_1TE/Auspi1.JPG,WebGestor/MenuWeb/ImagesAusp_1TE,Auspi1.JPG,.JPG,2510342,2025-11-10T02:16:23Z,b20b9bb206d7d903c89a00b69342cfa28e0a0737,,0,0,
WebGestor/MenuWeb/ImagesAusp_1TE/Thumbs.db,WebGestor/MenuWeb/ImagesAusp_1TE,Thumbs.db,.db,82944,2025-11-10T02:16:23Z,ffe54b14496a19707794c90d52dec07819b6a75e,,0,0,
WebGestor/MenuWeb/MenuWeb_Definicion.aspx,WebGestor/MenuWeb,MenuWeb_Definicion.aspx,.aspx,34541,2025-11-10T02:16:23Z,78c5c23c39cc5b95a0436441a6fc2a881a8a1829,224,1,1,WebGestor/MenuWeb/MenuWeb_Definicion.aspx.vb
WebGestor/MenuWeb/MenuWeb_Definicion.aspx.vb,WebGestor/MenuWeb,MenuWeb_Definicion.aspx.vb,.vb,41947,2025-11-10T02:16:23Z,504c7085fa956cc82e72ade8a73366c46a70dcb6,680,0,0,
WebGestor/MenuWeb/MenuWeb_Elementos.aspx,WebGestor/MenuWeb,MenuWeb_Elementos.aspx,.aspx,12746,2025-11-10T02:16:23Z,251e4f585525026860123a271c61cb1cdea8b38f,215,1,1,WebGestor/MenuWeb/MenuWeb_Elementos.aspx.vb
WebGestor/MenuWeb/MenuWeb_Elementos.aspx.vb,WebGestor/MenuWeb,MenuWeb_Elementos.aspx.vb,.vb,14053,2025-11-10T02:16:23Z,cea7308b5edc5132ee647ccc7f46daac19c56ac8,236,0,0,
WebGestor/MenuWeb/MenuWeb_Registra_Auspiciador.aspx,WebGestor/MenuWeb,MenuWeb_Registra_Auspiciador.aspx,.aspx,18433,2025-11-10T02:16:23Z,5d600a50554c721e90d4992875ea3a70297a58b2,280,1,1,WebGestor/MenuWeb/MenuWeb_Registra_Auspiciador.aspx.vb
WebGestor/MenuWeb/MenuWeb_Registra_Auspiciador.aspx.vb,WebGestor/MenuWeb,MenuWeb_Registra_Auspiciador.aspx.vb,.vb,6520,2025-11-10T02:16:23Z,4c9b6c67a2119ecff1363c63860ebb308c9bf3f7,108,0,0,
WebGestor/MenuWeb/MenuWeb_Registra_Elemento.aspx,WebGestor/MenuWeb,MenuWeb_Registra_Elemento.aspx,.aspx,27134,2025-11-10T02:16:23Z,fd9dded58994cc07c85833425660ce4dd0874f07,347,1,1,WebGestor/MenuWeb/MenuWeb_Registra_Elemento.aspx.vb
WebGestor/MenuWeb/MenuWeb_Registra_Elemento.aspx.vb,WebGestor/MenuWeb,MenuWeb_Registra_Elemento.aspx.vb,.vb,9259,2025-11-10T02:16:23Z,ef7184b1305ac98c38f71b7ea35d8a63a2ee96e9,133,0,0,
WebGestor/MenuWeb/PagPrincipal_MenuWeb.master,WebGestor/MenuWeb,PagPrincipal_MenuWeb.master,.master,6546,2025-11-10T02:16:23Z,44e08c8d41e70acfd017d44da6d8fe05eae374fe,86,0,0,
WebGestor/MenuWeb/PagPrincipal_MenuWeb.master.vb,WebGestor/MenuWeb,PagPrincipal_MenuWeb.master.vb,.vb,839,2025-11-10T02:16:23Z,7f12e864a48359313252de8ac26784a278a6e6b8,19,0,0,
WebGestor/MesaAyuda/AdminProblemas_Creacion.aspx,WebGestor/MesaAyuda,AdminProblemas_Creacion.aspx,.aspx,62946,2025-11-10T02:16:23Z,a0b34f33fadb8fa2f71aa52aa0f70d4294537f40,251,1,1,WebGestor/MesaAyuda/AdminProblemas_Creacion.aspx.vb
WebGestor/MesaAyuda/AdminProblemas_Creacion.aspx.vb,WebGestor/MesaAyuda,AdminProblemas_Creacion.aspx.vb,.vb,54468,2025-11-10T02:16:23Z,b435aec1104c6548b76fbe6bf9f6f05c2d49b6fc,839,0,0,
WebGestor/MesaAyuda/AdminProblemas_Creacion2.aspx,WebGestor/MesaAyuda,AdminProblemas_Creacion2.aspx,.aspx,26197,2025-11-10T02:16:23Z,19bce5172199997388b09acd2345bf975a8b9a03,351,1,1,WebGestor/MesaAyuda/AdminProblemas_Creacion2.aspx.vb
WebGestor/MesaAyuda/AdminProblemas_Creacion2.aspx.vb,WebGestor/MesaAyuda,AdminProblemas_Creacion2.aspx.vb,.vb,35066,2025-11-10T02:16:23Z,85ebbe39edbeb6f5f1e1d2120fb96cf87b42da0f,504,0,0,
WebGestor/MesaAyuda/AdminProblemas_Creacion21.aspx,WebGestor/MesaAyuda,AdminProblemas_Creacion21.aspx,.aspx,25336,2025-11-10T02:16:23Z,b8462864a27c52e9e0234934dd74578bb7786514,348,1,1,WebGestor/MesaAyuda/AdminProblemas_Creacion21.aspx.vb
WebGestor/MesaAyuda/AdminProblemas_Creacion21.aspx.vb,WebGestor/MesaAyuda,AdminProblemas_Creacion21.aspx.vb,.vb,34869,2025-11-10T02:16:23Z,5ace6c1ea70d6b28799e9fab432ca3b500fe9b20,527,0,0,
WebGestor/MesaAyuda/AdminProblemas_Creacion_Edicion.aspx,WebGestor/MesaAyuda,AdminProblemas_Creacion_Edicion.aspx,.aspx,65231,2025-11-10T02:16:23Z,d89e7d784980d734fab45cadfd7a470f139cca54,245,1,1,WebGestor/MesaAyuda/AdminProblemas_Creacion_Edicion.aspx.vb
WebGestor/MesaAyuda/AdminProblemas_Creacion_Edicion.aspx.vb,WebGestor/MesaAyuda,AdminProblemas_Creacion_Edicion.aspx.vb,.vb,53502,2025-11-10T02:16:23Z,41916fd792dce492b6a9772339b3457bca5effa2,844,0,0,
WebGestor/MesaAyuda/AdminProblemas_DefineTablas1.aspx,WebGestor/MesaAyuda,AdminProblemas_DefineTablas1.aspx,.aspx,24732,2025-11-10T02:16:23Z,e6919bdd28c95ed23bdd45748af1e31ab91d287a,192,1,1,WebGestor/MesaAyuda/AdminProblemas_DefineTablas1.aspx.vb
WebGestor/MesaAyuda/AdminProblemas_DefineTablas1.aspx.vb,WebGestor/MesaAyuda,AdminProblemas_DefineTablas1.aspx.vb,.vb,17701,2025-11-10T02:16:23Z,48a52ff4dde07386c1cf1649d5cd129e80f8dceb,347,0,0,
WebGestor/MesaAyuda/AdminProblemas_DefineTablas2.aspx,WebGestor/MesaAyuda,AdminProblemas_DefineTablas2.aspx,.aspx,29379,2025-11-10T02:16:23Z,413030ca277c21217e62e93e4af1b0f3f838a7f9,173,1,1,WebGestor/MesaAyuda/AdminProblemas_DefineTablas2.aspx.vb
WebGestor/MesaAyuda/AdminProblemas_DefineTablas2.aspx.vb,WebGestor/MesaAyuda,AdminProblemas_DefineTablas2.aspx.vb,.vb,22838,2025-11-10T02:16:23Z,b6654357e4b072e0a699dd6d3ea848de354aeb97,424,0,0,
WebGestor/MesaAyuda/AdminProblemas_Define_BaseDatos.aspx,WebGestor/MesaAyuda,AdminProblemas_Define_BaseDatos.aspx,.aspx,20862,2025-11-10T02:16:23Z,1737238d7101bd700f832dac5807eea00e51db2b,272,1,1,WebGestor/MesaAyuda/AdminProblemas_Define_BaseDatos.aspx.vb
WebGestor/MesaAyuda/AdminProblemas_Define_BaseDatos.aspx.vb,WebGestor/MesaAyuda,AdminProblemas_Define_BaseDatos.aspx.vb,.vb,19832,2025-11-10T02:16:23Z,068d88b8221c8d795dfc8f03dd53b9915cd957ec,301,0,0,
WebGestor/MesaAyuda/AdminProblemas_Define_Personas.aspx,WebGestor/MesaAyuda,AdminProblemas_Define_Personas.aspx,.aspx,19090,2025-11-10T02:16:23Z,4740c51f830180abe9d02facb3e4b1802a7bc9e3,207,1,1,WebGestor/MesaAyuda/AdminProblemas_Define_Personas.aspx.vb
WebGestor/MesaAyuda/AdminProblemas_Define_Personas.aspx.vb,WebGestor/MesaAyuda,AdminProblemas_Define_Personas.aspx.vb,.vb,18205,2025-11-10T02:16:23Z,111e7feaa8f9bf37a1dc1215f1c01199d36a51f6,262,0,0,
WebGestor/MesaAyuda/AdminProblemas_DiferenciasTiempo.aspx,WebGestor/MesaAyuda,AdminProblemas_DiferenciasTiempo.aspx,.aspx,6746,2025-11-10T02:16:23Z,7589ca3ffcae5b01c14922a1e1c9008494a9e20a,93,1,1,WebGestor/MesaAyuda/AdminProblemas_DiferenciasTiempo.aspx.vb
WebGestor/MesaAyuda/AdminProblemas_DiferenciasTiempo.aspx.vb,WebGestor/MesaAyuda,AdminProblemas_DiferenciasTiempo.aspx.vb,.vb,2476,2025-11-10T02:16:23Z,22e6a41dd88d51bfeae0a28f9df125086b0bab82,36,0,0,
WebGestor/MesaAyuda/AdminProblemas_Lista_Enlace_TemasAyuda.aspx,WebGestor/MesaAyuda,AdminProblemas_Lista_Enlace_TemasAyuda.aspx,.aspx,10114,2025-11-10T02:16:23Z,366d3dbd24e7ad3dd2d593fa5ab571187949fbba,141,1,1,WebGestor/MesaAyuda/AdminProblemas_Lista_Enlace_TemasAyuda.aspx.vb
WebGestor/MesaAyuda/AdminProblemas_Lista_Enlace_TemasAyuda.aspx.vb,WebGestor/MesaAyuda,AdminProblemas_Lista_Enlace_TemasAyuda.aspx.vb,.vb,5635,2025-11-10T02:16:23Z,77cd1331ba9004655be5ceb8094f4f9610c0206a,115,0,0,
WebGestor/MesaAyuda/AdminProblemas_Listado.aspx,WebGestor/MesaAyuda,AdminProblemas_Listado.aspx,.aspx,59725,2025-11-10T02:16:23Z,d924a8b256d4f685de20d537a66ca903bb164851,238,1,1,WebGestor/MesaAyuda/AdminProblemas_Listado.aspx.vb
WebGestor/MesaAyuda/AdminProblemas_Listado.aspx.vb,WebGestor/MesaAyuda,AdminProblemas_Listado.aspx.vb,.vb,54036,2025-11-10T02:16:23Z,6548e6050b07794390f7cd02502a50c1f96d695b,855,0,0,
WebGestor/MesaAyuda/AdminProblemas_Registrar.aspx,WebGestor/MesaAyuda,AdminProblemas_Registrar.aspx,.aspx,83777,2025-11-10T02:16:23Z,6dc69610fa32ed5c8f9f1480c37c346dacec0faf,1173,1,1,WebGestor/MesaAyuda/AdminProblemas_Registrar.aspx.vb
WebGestor/MesaAyuda/AdminProblemas_Registrar.aspx.vb,WebGestor/MesaAyuda,AdminProblemas_Registrar.aspx.vb,.vb,53339,2025-11-10T02:16:23Z,2bb69e44cef57370d84d19af697a165ae4954c7a,790,0,0,
WebGestor/MesaAyuda/AdminProblemas_Registrar_Fecha.aspx,WebGestor/MesaAyuda,AdminProblemas_Registrar_Fecha.aspx,.aspx,85724,2025-11-10T02:16:23Z,e31240ce298b0c2fa85306e724ec3398c912a174,1200,1,1,WebGestor/MesaAyuda/AdminProblemas_Registrar_Fecha.aspx.vb
WebGestor/MesaAyuda/AdminProblemas_Registrar_Fecha.aspx.vb,WebGestor/MesaAyuda,AdminProblemas_Registrar_Fecha.aspx.vb,.vb,54325,2025-11-10T02:16:23Z,84baf97e6bfc21cdc5d12c00d232bd4f74984119,797,0,0,
WebGestor/MesaAyuda/AdminProblemas_Registrar_Usuario.aspx,WebGestor/MesaAyuda,AdminProblemas_Registrar_Usuario.aspx,.aspx,48439,2025-11-10T02:16:23Z,4ea7b2b3165cf18d03b28333a3ccca232868416b,724,1,1,WebGestor/MesaAyuda/AdminProblemas_Registrar_Usuario.aspx.vb
WebGestor/MesaAyuda/AdminProblemas_Registrar_Usuario.aspx.vb,WebGestor/MesaAyuda,AdminProblemas_Registrar_Usuario.aspx.vb,.vb,42776,2025-11-10T02:16:23Z,9828adcfe5ace521dc5509b006d0a4f69a1fe360,633,0,0,
WebGestor/MesaAyuda/AdminProblemas_Reportar.aspx,WebGestor/MesaAyuda,AdminProblemas_Reportar.aspx,.aspx,24006,2025-11-10T02:16:23Z,c18d44d7d2afbd3498570a62eb3819c0c93a85fb,412,1,1,WebGestor/MesaAyuda/AdminProblemas_Reportar.aspx.vb
WebGestor/MesaAyuda/AdminProblemas_Reportar.aspx.vb,WebGestor/MesaAyuda,AdminProblemas_Reportar.aspx.vb,.vb,18852,2025-11-10T02:16:23Z,21017e3f855d87b9fa98b69b66517476558bf767,311,0,0,
WebGestor/MesaAyuda/Archivos/ANULACION DE RECEPCION.JPG,WebGestor/MesaAyuda/Archivos,ANULACION DE RECEPCION.JPG,.JPG,68265,2025-11-10T02:16:23Z,919800666be1d3cc97b5a78c6899fe95ea2c3b74,,0,0,
WebGestor/MesaAyuda/Archivos/ANULACION RECEPCION DE EQUIPO 342.JPG,WebGestor/MesaAyuda/Archivos,ANULACION RECEPCION DE EQUIPO 342.JPG,.JPG,58018,2025-11-10T02:16:23Z,04f1b5b15a77ffeee6bafcb922b503599ecf86bb,,0,0,
WebGestor/MesaAyuda/Archivos/ANULACION SALIDA VERIFICAR.JPG,WebGestor/MesaAyuda/Archivos,ANULACION SALIDA VERIFICAR.JPG,.JPG,81064,2025-11-10T02:16:23Z,58fb0e3cd86c60c362ce5e545c1d073096cb4c00,,0,0,
WebGestor/MesaAyuda/Archivos/ANULACION SALIDA.JPG,WebGestor/MesaAyuda/Archivos,ANULACION SALIDA.JPG,.JPG,61771,2025-11-10T02:16:23Z,18ea01e30fc2003baaffb820d65c5b5d52923dbe,,0,0,
WebGestor/MesaAyuda/Archivos/ANULAR SALIDA ERROR 3704.JPG,WebGestor/MesaAyuda/Archivos,ANULAR SALIDA ERROR 3704.JPG,.JPG,99861,2025-11-10T02:16:23Z,9c33c97863e02f82c988caaf21e447fd1a91b7e3,,0,0,
WebGestor/MesaAyuda/Archivos/CAMBIO DE MONEDA ORDENE DE COMPRA.JPG,WebGestor/MesaAyuda/Archivos,CAMBIO DE MONEDA ORDENE DE COMPRA.JPG,.JPG,64287,2025-11-10T02:16:23Z,ae1b4161e49b98e6ddecba1c8bf099cf4c730fd9,,0,0,
WebGestor/MesaAyuda/Archivos/CAMBIO DE PROVEEDOR.JPG,WebGestor/MesaAyuda/Archivos,CAMBIO DE PROVEEDOR.JPG,.JPG,28092,2025-11-10T02:16:23Z,fc3fcb5e27e0cbaee6bde4b4c9cce9a02fe59a58,,0,0,
WebGestor/MesaAyuda/Archivos/Copia de ANEXO2+RM1212011+ACTFEB2013.xlsx,WebGestor/MesaAyuda/Archivos,Copia de ANEXO2+RM1212011+ACTFEB2013.xlsx,.xlsx,554640,2025-11-10T02:16:23Z,fbf04aaad2cb0c400d60809695c139b8becef8f7,,0,0,
WebGestor/MesaAyuda/Archivos/DEVOLUCION DE EQUIPO AL PROVEEDOR.JPG,WebGestor/MesaAyuda/Archivos,DEVOLUCION DE EQUIPO AL PROVEEDOR.JPG,.JPG,150654,2025-11-10T02:16:23Z,6bcf78a677cc9c98874063884245df0011f1a207,,0,0,
WebGestor/MesaAyuda/Archivos/DEVOLUCION POR PRESTAMO 2.JPG,WebGestor/MesaAyuda/Archivos,DEVOLUCION POR PRESTAMO 2.JPG,.JPG,63526,2025-11-10T02:16:23Z,dcc1c657e28d0a8cb529a104f1f5c9bbc75ac28c,,0,0,
WebGestor/MesaAyuda/Archivos/ERROR DE BUSQUEDA.JPG,WebGestor/MesaAyuda/Archivos,ERROR DE BUSQUEDA.JPG,.JPG,114501,2025-11-10T02:16:23Z,d0c0a4b5c14e95b612e913cf3fef9b27d5512f73,,0,0,
WebGestor/MesaAyuda/Archivos/ERROR DE RECEPCION ACCESORIO.JPG,WebGestor/MesaAyuda/Archivos,ERROR DE RECEPCION ACCESORIO.JPG,.JPG,45371,2025-11-10T02:16:23Z,38ce3a1d6c6d610a809b62e4390b1c9cdeef4227,,0,0,
WebGestor/MesaAyuda/Archivos/ERROR DEVOLUCION POR PRESTAMO.JPG,WebGestor/MesaAyuda/Archivos,ERROR DEVOLUCION POR PRESTAMO.JPG,.JPG,74621,2025-11-10T02:16:23Z,fc871f1e2f41a3633fdc0665c840912cd2ee7721,,0,0,
WebGestor/MesaAyuda/Archivos/ERROR GENERA OC.JPG,WebGestor/MesaAyuda/Archivos,ERROR GENERA OC.JPG,.JPG,121707,2025-11-10T02:16:23Z,d129bd92b2c0e8ff0757c4acdfa2bf54281dacca,,0,0,
WebGestor/MesaAyuda/Archivos/ERROR RECEPCION.bmp,WebGestor/MesaAyuda/Archivos,ERROR RECEPCION.bmp,.bmp,782806,2025-11-10T02:16:23Z,427e810ed4083407595ce284aa035e0a6214178e,,0,0,
WebGestor/MesaAyuda/Archivos/GUIA 10428.JPG,WebGestor/MesaAyuda/Archivos,GUIA 10428.JPG,.JPG,71764,2025-11-10T02:16:23Z,10df9ef1c6b47c3d445db85552ecec8a25f56e2e,,0,0,
WebGestor/MesaAyuda/Archivos/GUIA A CORREGIR.JPG,WebGestor/MesaAyuda/Archivos,GUIA A CORREGIR.JPG,.JPG,35693,2025-11-10T02:16:23Z,e8b3ebc949c66d12db5007a594a756586969c503,,0,0,
WebGestor/MesaAyuda/Archivos/INCLUSION SUMA EN ORDEN DE COMPRA.JPG,WebGestor/MesaAyuda/Archivos,INCLUSION SUMA EN ORDEN DE COMPRA.JPG,.JPG,86484,2025-11-10T02:16:23Z,f0dcc428c1e82e52efd9cabc60e08da9f686355f,,0,0,
WebGestor/MesaAyuda/Archivos/MENSAJE DE USUARIO CADUCADO GESTOR PLUS.docx,WebGestor/MesaAyuda/Archivos,MENSAJE DE USUARIO CADUCADO GESTOR PLUS.docx,.docx,97110,2025-11-10T02:16:23Z,f5a33eddc2c062c914b6b7b24d152f28996b5c64,,0,0,
WebGestor/MesaAyuda/Archivos/ORDEN DE COMPRA REGISTRO DE FACTURA.JPG,WebGestor/MesaAyuda/Archivos,ORDEN DE COMPRA REGISTRO DE FACTURA.JPG,.JPG,126957,2025-11-10T02:16:23Z,f7941209bab964711bbbccfaba3cdfb8e7e24cfb,,0,0,
WebGestor/MesaAyuda/Archivos/ORDEN DE VENTA SIN ESTADO.JPG,WebGestor/MesaAyuda/Archivos,ORDEN DE VENTA SIN ESTADO.JPG,.JPG,125958,2025-11-10T02:16:23Z,b89ef37363daa7e34a0222b96f8818c4d023f22c,,0,0,
WebGestor/MesaAyuda/Archivos/PROCESO ANULACION.JPG,WebGestor/MesaAyuda/Archivos,PROCESO ANULACION.JPG,.JPG,150840,2025-11-10T02:16:23Z,ed47eb2f69ada9edfaa745e3da4e1cc444f5f7a4,,0,0,
WebGestor/MesaAyuda/Archivos/RECEPCION  ERROR 11.JPG,WebGestor/MesaAyuda/Archivos,RECEPCION  ERROR 11.JPG,.JPG,36525,2025-11-10T02:16:23Z,bd0d05e81ca8346fa4ddfc4b29abe0d73778da60,,0,0,
WebGestor/MesaAyuda/Archivos/RELACION OC OV.JPG,WebGestor/MesaAyuda/Archivos,RELACION OC OV.JPG,.JPG,138266,2025-11-10T02:16:23Z,cfaff6bacb3d79a8c1bf472bb88c3abc909897f9,,0,0,
WebGestor/MesaAyuda/Archivos/REPORTE DE COSTOS DE ARTICULO.JPG,WebGestor/MesaAyuda/Archivos,REPORTE DE COSTOS DE ARTICULO.JPG,.JPG,23655,2025-11-10T02:16:23Z,21f46c40a386bd2bb1155f86925daec1d0be07f6,,0,0,
WebGestor/MesaAyuda/Archivos/REPORTE DE GUIA DE REMISION.JPG,WebGestor/MesaAyuda/Archivos,REPORTE DE GUIA DE REMISION.JPG,.JPG,60012,2025-11-10T02:16:23Z,0ae52d36a728b2830464b7c65d6f9e295e7ca690,,0,0,
WebGestor/MesaAyuda/Archivos/SALIDA A PROVEEDOR NO ENCUENTRA ARTICULOS.bmp,WebGestor/MesaAyuda/Archivos,SALIDA A PROVEEDOR NO ENCUENTRA ARTICULOS.bmp,.bmp,789314,2025-11-10T02:16:23Z,c07924b360164f9640bfabd32d6606c05eb75d2e,,0,0,
WebGestor/MesaAyuda/Archivos/SALIDA DE MERCADERIA -21.bmp,WebGestor/MesaAyuda/Archivos,SALIDA DE MERCADERIA -21.bmp,.bmp,788310,2025-11-10T02:16:23Z,c3f2b18479e2d9f7e3cd664bfbf755aaf02d6e0a,,0,0,
WebGestor/MesaAyuda/Archivos/SALIDA DE MERCADERIA.JPG,WebGestor/MesaAyuda/Archivos,SALIDA DE MERCADERIA.JPG,.JPG,40937,2025-11-10T02:16:23Z,b15915ef7d30e9a5633d44fe527c9194ad140a63,,0,0,
WebGestor/MesaAyuda/Archivos/SALIDA NO GENERA.JPG,WebGestor/MesaAyuda/Archivos,SALIDA NO GENERA.JPG,.JPG,77778,2025-11-10T02:16:23Z,a70621258f6bedf46de6410b0e3ffbd4db56e79c,,0,0,
WebGestor/MesaAyuda/Archivos/SERIES DUPLICADAS.bmp,WebGestor/MesaAyuda/Archivos,SERIES DUPLICADAS.bmp,.bmp,2516094,2025-11-10T02:16:23Z,b7c2d5110e79bbe668abc6b3bf1e966681c8229f,,0,0,
WebGestor/MesaAyuda/Archivos/STOCK ART 1079.JPG,WebGestor/MesaAyuda/Archivos,STOCK ART 1079.JPG,.JPG,50502,2025-11-10T02:16:23Z,ed3b3da040a437412610157533d617f2fa8ca64a,,0,0,
WebGestor/MesaAyuda/Archivos/STOCK COMPROMETIDO.bmp,WebGestor/MesaAyuda/Archivos,STOCK COMPROMETIDO.bmp,.bmp,762326,2025-11-10T02:16:23Z,6b18857b1c62673b0db7aad023f6528443d62306,,0,0,
WebGestor/MesaAyuda/Archivos/STOCK ERROR.JPG,WebGestor/MesaAyuda/Archivos,STOCK ERROR.JPG,.JPG,88978,2025-11-10T02:16:23Z,473a75fb91a29beaf492e2293af779c40b65d507,,0,0,
WebGestor/MesaAyuda/Archivos/STOCK PARLANTES ERROR.JPG,WebGestor/MesaAyuda/Archivos,STOCK PARLANTES ERROR.JPG,.JPG,6795,2025-11-10T02:16:23Z,d35464c0ddbd9c3987676049c94e58e6c7218ad8,,0,0,
WebGestor/MesaAyuda/Archivos/Thumbs.db,WebGestor/MesaAyuda/Archivos,Thumbs.db,.db,92160,2025-11-10T02:16:23Z,f3db193665a5faa321b2a96d48f198db81aac9a9,,0,0,
WebGestor/MesaAyuda/Archivos/autoriza orden de venta.JPG,WebGestor/MesaAyuda/Archivos,autoriza orden de venta.JPG,.JPG,199768,2025-11-10T02:16:23Z,7ae569a6847abbfce08289678861b1be5b59fc2a,,0,0,
WebGestor/MesaAyuda/Archivos/buttonhover2.gif,WebGestor/MesaAyuda/Archivos,buttonhover2.gif,.gif,1177,2025-11-10T02:16:23Z,737fbd9fadce100ede1d8762bb8c715dd86873d9,,0,0,
WebGestor/MesaAyuda/Archivos/imag1.bmp,WebGestor/MesaAyuda/Archivos,imag1.bmp,.bmp,2294370,2025-11-10T02:16:23Z,48fb58ce64c521c6a289d8b1a9a41622e4c04e71,,0,0,
WebGestor/MesaAyuda/Copia de ANEXO2+RM1212011+ACTFEB2013.xlsx,WebGestor/MesaAyuda,Copia de ANEXO2+RM1212011+ACTFEB2013.xlsx,.xlsx,554640,2025-11-10T02:16:23Z,fbf04aaad2cb0c400d60809695c139b8becef8f7,,0,0,
WebGestor/MesaAyuda/PagPrincipal_MesaAyuda.master,WebGestor/MesaAyuda,PagPrincipal_MesaAyuda.master,.master,6293,2025-11-10T02:16:23Z,c199cc9f11d412d1afcf9f25ec1b48256153b55d,86,0,0,
WebGestor/MesaAyuda/PagPrincipal_MesaAyuda.master.vb,WebGestor/MesaAyuda,PagPrincipal_MesaAyuda.master.vb,.vb,841,2025-11-10T02:16:23Z,4ce72268648b2bede7804a2e85baa6b24dab992c,19,0,0,
WebGestor/MesaAyuda/imag1.bmp,WebGestor/MesaAyuda,imag1.bmp,.bmp,2294370,2025-11-10T02:16:23Z,48fb58ce64c521c6a289d8b1a9a41622e4c04e71,,0,0,
WebGestor/My Project/Application.Designer.vb,WebGestor/My Project,Application.Designer.vb,.vb,416,2025-11-10T02:16:23Z,358ebc23598a365991e1715d5c4fadcfc73987cd,3,0,0,
WebGestor/My Project/Application.myapp,WebGestor/My Project,Application.myapp,.myapp,471,2025-11-10T02:16:23Z,38d9f1f87eed79bf895fe233ce2a4fb1566ad63d,,0,0,
WebGestor/My Project/AssemblyInfo.vb,WebGestor/My Project,AssemblyInfo.vb,.vb,1236,2025-11-10T02:16:23Z,784d54054c9ab1ae8c872209bc4eb0e8938a12d1,13,0,0,
WebGestor/My Project/MyExtensions/MyWebExtension.vb,WebGestor/My Project/MyExtensions,MyWebExtension.vb,.vb,3490,2025-11-10T02:16:23Z,94ed03eb7cc11e4d4b1194ec9466abc5da68c278,52,0,0,
WebGestor/My Project/Resources.Designer.vb,WebGestor/My Project,Resources.Designer.vb,.vb,2780,2025-11-10T02:16:23Z,50df4433d08700310b63f123a0cffbf02246c8ba,32,0,0,
WebGestor/My Project/Resources.resx,WebGestor/My Project,Resources.resx,.resx,5496,2025-11-10T02:16:23Z,2eb85b51ad18de7a69439fcc26be077a4735859b,,0,0,
WebGestor/My Project/Settings.Designer.vb,WebGestor/My Project,Settings.Designer.vb,.vb,2901,2025-11-10T02:16:23Z,da1360cb313df6c8a50f391dac09756913182b94,52,0,0,
WebGestor/My Project/Settings.settings,WebGestor/My Project,Settings.settings,.settings,272,2025-11-10T02:16:23Z,ac69df072032a81c4a3b9861805d43d26f9b2096,,0,0,
WebGestor/OperadorLogistico/Inventario_Archivo_Telefonica.aspx,WebGestor/OperadorLogistico,Inventario_Archivo_Telefonica.aspx,.aspx,10888,2025-11-10T02:16:23Z,e44b59a1431e549310c2cb28a7ec86d8b406121e,185,1,1,WebGestor/OperadorLogistico/Inventario_Archivo_Telefonica.aspx.vb
WebGestor/OperadorLogistico/Inventario_Archivo_Telefonica.aspx.vb,WebGestor/OperadorLogistico,Inventario_Archivo_Telefonica.aspx.vb,.vb,3073,2025-11-10T02:16:23Z,5f0f6263c713835e3a4efa1655537fa0391e4b6b,70,0,0,
WebGestor/OperadorLogistico/Inventario_CargaAgenda.aspx,WebGestor/OperadorLogistico,Inventario_CargaAgenda.aspx,.aspx,4307,2025-11-10T02:16:23Z,722b73ccd241719d391a633e644a721c79e19f6a,77,1,1,WebGestor/OperadorLogistico/Inventario_CargaAgenda.aspx.vb
WebGestor/OperadorLogistico/Inventario_CargaAgenda.aspx.vb,WebGestor/OperadorLogistico,Inventario_CargaAgenda.aspx.vb,.vb,9108,2025-11-10T02:16:23Z,082cb39b1f11305a62ab5c2fac87a905518a21fa,143,0,0,
WebGestor/OperadorLogistico/Inventario_GuiaArchivo.aspx,WebGestor/OperadorLogistico,Inventario_GuiaArchivo.aspx,.aspx,10550,2025-11-10T02:16:23Z,c99974d105747cdf03c157521d1ea1421055fc28,177,1,1,WebGestor/OperadorLogistico/Inventario_GuiaArchivo.aspx.vb
WebGestor/OperadorLogistico/Inventario_GuiaArchivo.aspx.vb,WebGestor/OperadorLogistico,Inventario_GuiaArchivo.aspx.vb,.vb,1901,2025-11-10T02:16:23Z,98647071e9a51a9349845e93f0aeb14556cf5e27,44,0,0,
WebGestor/OperadorLogistico/Inventario_GuiaRemision.aspx,WebGestor/OperadorLogistico,Inventario_GuiaRemision.aspx,.aspx,36316,2025-11-10T02:16:23Z,d4512324463df4398bb6cc201985cf2c7ba9678f,437,1,1,WebGestor/OperadorLogistico/Inventario_GuiaRemision.aspx.vb
WebGestor/OperadorLogistico/Inventario_GuiaRemision.aspx.vb,WebGestor/OperadorLogistico,Inventario_GuiaRemision.aspx.vb,.vb,17843,2025-11-10T02:16:23Z,90cd260118d079cc71253ebde3d33e12d6c7a7e5,325,0,0,
WebGestor/OperadorLogistico/Inventario_GuiaRemision_Admin.aspx,WebGestor/OperadorLogistico,Inventario_GuiaRemision_Admin.aspx,.aspx,37756,2025-11-10T02:16:23Z,5c99a30829fe79fba8c9c7aa91a632b2d7410aeb,449,1,1,WebGestor/OperadorLogistico/Inventario_GuiaRemision_Admin.aspx.vb
WebGestor/OperadorLogistico/Inventario_GuiaRemision_Admin.aspx.vb,WebGestor/OperadorLogistico,Inventario_GuiaRemision_Admin.aspx.vb,.vb,16628,2025-11-10T02:16:23Z,25dbf9c9676bdee45d40db349a42deabacfd033d,320,0,0,
WebGestor/OperadorLogistico/Inventario_GuiaRemision_CargaArch.aspx,WebGestor/OperadorLogistico,Inventario_GuiaRemision_CargaArch.aspx,.aspx,29231,2025-11-10T02:16:23Z,74a4b4ab1173b531b6e34a62233c2d6c560ce703,388,1,1,WebGestor/OperadorLogistico/Inventario_GuiaRemision_CargaArch.aspx.vb
WebGestor/OperadorLogistico/Inventario_GuiaRemision_CargaArch.aspx.vb,WebGestor/OperadorLogistico,Inventario_GuiaRemision_CargaArch.aspx.vb,.vb,7190,2025-11-10T02:16:23Z,a564e5990352646ba99002888713360e40b4e168,128,0,0,
WebGestor/OperadorLogistico/Inventario_GuiaRemision_CargaArch_Admin.aspx,WebGestor/OperadorLogistico,Inventario_GuiaRemision_CargaArch_Admin.aspx,.aspx,30366,2025-11-10T02:16:23Z,dc688fc03259414cb398ea1bcbbf3ca9ca60aa9a,405,1,1,WebGestor/OperadorLogistico/Inventario_GuiaRemision_CargaArch_Admin.aspx.vb
WebGestor/OperadorLogistico/Inventario_GuiaRemision_CargaArch_Admin.aspx.vb,WebGestor/OperadorLogistico,Inventario_GuiaRemision_CargaArch_Admin.aspx.vb,.vb,7829,2025-11-10T02:16:23Z,0f525cf11695a890c8684d5d1c85a44edfebed75,141,0,0,
WebGestor/OperadorLogistico/Inventario_GuiaRemision_Update.aspx,WebGestor/OperadorLogistico,Inventario_GuiaRemision_Update.aspx,.aspx,35938,2025-11-10T02:16:23Z,e288c350318fa6f0cc805c8b0a172100d826eaf0,423,1,1,WebGestor/OperadorLogistico/Inventario_GuiaRemision_Update.aspx.vb
WebGestor/OperadorLogistico/Inventario_GuiaRemision_Update.aspx.vb,WebGestor/OperadorLogistico,Inventario_GuiaRemision_Update.aspx.vb,.vb,16982,2025-11-10T02:16:23Z,ffe2e827197643e0f28fd0c32a0e662505957bb7,304,0,0,
WebGestor/OperadorLogistico/Inventario_Personas.aspx,WebGestor/OperadorLogistico,Inventario_Personas.aspx,.aspx,17532,2025-11-10T02:16:23Z,d12b008745f159fac648ea742f700a19b8e0526a,187,1,1,WebGestor/OperadorLogistico/Inventario_Personas.aspx.vb
WebGestor/OperadorLogistico/Inventario_Personas.aspx.vb,WebGestor/OperadorLogistico,Inventario_Personas.aspx.vb,.vb,5460,2025-11-10T02:16:23Z,67cf9563bf5097a411be609b1ccfaa1888015be6,97,0,0,
WebGestor/OperadorLogistico/Inventario_Personas_xFechaEntrega.aspx,WebGestor/OperadorLogistico,Inventario_Personas_xFechaEntrega.aspx,.aspx,22613,2025-11-10T02:16:23Z,628cd5e405edb9ecef87a9db0ca2ed4ed7906a6b,351,1,1,WebGestor/OperadorLogistico/Inventario_Personas_xFechaEntrega.aspx.vb
WebGestor/OperadorLogistico/Inventario_Personas_xFechaEntrega.aspx.vb,WebGestor/OperadorLogistico,Inventario_Personas_xFechaEntrega.aspx.vb,.vb,6685,2025-11-10T02:16:23Z,a7f92141a55f2c788558619c315bff20044e0446,133,0,0,
WebGestor/OperadorLogistico/PagPrincipal_OpLogistico.master,WebGestor/OperadorLogistico,PagPrincipal_OpLogistico.master,.master,6362,2025-11-10T02:16:23Z,580ebbcc545450857056746544ecf9e19cf57022,88,0,0,
WebGestor/OperadorLogistico/PagPrincipal_OpLogistico.master.vb,WebGestor/OperadorLogistico,PagPrincipal_OpLogistico.master.vb,.vb,844,2025-11-10T02:16:23Z,5d8f59d570fccfccb1f49e262459e36fa48ed353,18,0,0,
WebGestor/PagPrincipal.master,WebGestor,PagPrincipal.master,.master,7057,2025-11-10T02:16:23Z,3705f673dff280d62ae9fdb32677764d38deb5da,123,0,0,
WebGestor/PagPrincipal.master.vb,WebGestor,PagPrincipal.master.vb,.vb,868,2025-11-10T02:16:23Z,5065d2fbdb7c117390cea43d0e52b464fdfdcf62,18,0,0,
WebGestor/PagPrincipal_A.master,WebGestor,PagPrincipal_A.master,.master,13314,2025-11-10T02:16:23Z,257df9eec4a42385f3d858f1c3a0610bbe7a0a32,324,0,0,
WebGestor/PagPrincipal_A.master.vb,WebGestor,PagPrincipal_A.master.vb,.vb,1003,2025-11-10T02:16:23Z,ec6194bd440dff4254e58b34be50c858838a3e6b,21,0,0,
WebGestor/PaginaMaestra_Web.master,WebGestor,PaginaMaestra_Web.master,.master,1881,2025-11-10T02:16:23Z,e75e7ce9c06ea1e6da0f0b28e1e5557187c35aea,37,0,0,
WebGestor/PaginaMaestra_Web.master.vb,WebGestor,PaginaMaestra_Web.master.vb,.vb,273,2025-11-10T02:16:23Z,e2fa59dc877a2286e6b4af9162be62b13a78a385,8,0,0,
WebGestor/PaginaPrincipal.aspx,WebGestor,PaginaPrincipal.aspx,.aspx,4751,2025-11-10T02:16:23Z,7157bf9f3f0ecd264c4c18a2e416175d55ab7509,71,1,1,WebGestor/PaginaPrincipal.aspx.vb
WebGestor/PaginaPrincipal.aspx.vb,WebGestor,PaginaPrincipal.aspx.vb,.vb,8103,2025-11-10T02:16:23Z,742fa4b41877472434030b514070b738b9c36a45,124,0,0,
WebGestor/PersonalAgenda/Agenda_Citas.aspx,WebGestor/PersonalAgenda,Agenda_Citas.aspx,.aspx,64692,2025-11-10T02:16:23Z,7fb0253c7c335e505ceba1e1eee176f284592c0d,565,1,1,WebGestor/PersonalAgenda/Agenda_Citas.aspx.vb
WebGestor/PersonalAgenda/Agenda_Citas.aspx.vb,WebGestor/PersonalAgenda,Agenda_Citas.aspx.vb,.vb,65202,2025-11-10T02:16:23Z,6e48628146604fbcf20c23f36cc00dcadff7ed5f,1001,0,0,
WebGestor/PersonalAgenda/Agenda_Entrevista.aspx,WebGestor/PersonalAgenda,Agenda_Entrevista.aspx,.aspx,78117,2025-11-10T02:16:23Z,358a14428d521d5b1086befe50fec881a1e1e399,656,1,1,WebGestor/PersonalAgenda/Agenda_Entrevista.aspx.vb
WebGestor/PersonalAgenda/Agenda_Entrevista.aspx.vb,WebGestor/PersonalAgenda,Agenda_Entrevista.aspx.vb,.vb,69195,2025-11-10T02:16:23Z,cbda0be93d89047a7381b429cc77fd14964e0f71,964,0,0,
WebGestor/PersonalAgenda/Agenda_Tablas.aspx,WebGestor/PersonalAgenda,Agenda_Tablas.aspx,.aspx,31821,2025-11-10T02:16:23Z,e918a5abc6f7e59afc893d6330b42793fa9da5ae,238,1,1,WebGestor/PersonalAgenda/Agenda_Tablas.aspx.vb
WebGestor/PersonalAgenda/Agenda_Tablas.aspx.vb,WebGestor/PersonalAgenda,Agenda_Tablas.aspx.vb,.vb,66553,2025-11-10T02:16:23Z,dd245ae4c2a62ed1b6f851bdbdeaf513cf1f7ac8,1128,0,0,
WebGestor/PersonalAgenda/PagPrincipal_PersonalAgenda.master,WebGestor/PersonalAgenda,PagPrincipal_PersonalAgenda.master,.master,7854,2025-11-10T02:16:23Z,38ddebc0b6d768061182bc4c73d74368276a2338,109,0,0,
WebGestor/PersonalAgenda/PagPrincipal_PersonalAgenda.master.vb,WebGestor/PersonalAgenda,PagPrincipal_PersonalAgenda.master.vb,.vb,846,2025-11-10T02:16:23Z,158fee5d11ea646d1b8cdc05829fe88aa89372bf,19,0,0,
WebGestor/Properties/AssemblyInfo.cs,WebGestor/Properties,AssemblyInfo.cs,.cs,1490,2025-11-10T02:16:23Z,a87e7d0d96fca91444c2eb0ec4519068575b1b0a,,0,0,
WebGestor/README.md,WebGestor,README.md,.md,8085,2025-11-10T02:16:23Z,d31d049d3949972e3d98f3d543f51c41e3a52a2b,,0,0,
WebGestor/Reportes/CasReporte_EvMOficina.rpt,WebGestor/Reportes,CasReporte_EvMOficina.rpt,.rpt,32768,2025-11-10T02:16:23Z,585b45a7a44b4cae5cfd9e78a7224c4087e117e3,,0,0,
WebGestor/Reportes/IncTotal.rpt,WebGestor/Reportes,IncTotal.rpt,.rpt,16384,2025-11-10T02:16:23Z,ce5ba54706bab88c08e9c7fbb08a3205b98df77c,,0,0,
WebGestor/Reportes/IxC.rpt,WebGestor/Reportes,IxC.rpt,.rpt,16384,2025-11-10T02:16:23Z,0023e673c2678e327030a54ca16e8bf6fd8cab18,,0,0,
WebGestor/Reportes/IxE.rpt,WebGestor/Reportes,IxE.rpt,.rpt,16384,2025-11-10T02:16:23Z,eca9759b976003bc287b15a223e31cb8fb143c5f,,0,0,
WebGestor/Reportes/IxO.rpt,WebGestor/Reportes,IxO.rpt,.rpt,16384,2025-11-10T02:16:23Z,04c93d3f24190b8eac6a039dfda571eb7c276fdc,,0,0,
WebGestor/Reportes/Registro_ConsultaXOficina.rpt,WebGestor/Reportes,Registro_ConsultaXOficina.rpt,.rpt,16384,2025-11-10T02:16:23Z,8bf414a78e4556b1f8e0ed13a6bd38ef14e71245,,0,0,
WebGestor/Reportes/Registro_ProductoXOficina.rpt,WebGestor/Reportes,Registro_ProductoXOficina.rpt,.rpt,16384,2025-11-10T02:16:23Z,3aa8ab2853a2d39fe5804ea88c53bfa7ec519848,,0,0,
WebGestor/Reportes/Registro_RankingTerritorial.rpt,WebGestor/Reportes,Registro_RankingTerritorial.rpt,.rpt,16384,2025-11-10T02:16:23Z,936c49a8f1e474ec74ef5783817174b09902a56d,,0,0,
WebGestor/Reportes/Registro_TematicasXOficina.rpt,WebGestor/Reportes,Registro_TematicasXOficina.rpt,.rpt,16384,2025-11-10T02:16:23Z,9aa5dcaa939f29366a20c697bda96fdb757dfc2f,,0,0,
WebGestor/Reportes/Registro_TerritorialXOficinas.rpt,WebGestor/Reportes,Registro_TerritorialXOficinas.rpt,.rpt,16384,2025-11-10T02:16:23Z,a68bec864c451aad7c86f6e9758dce657c933f2f,,0,0,
WebGestor/Reportes/RepCas_CargosContactan.rpt,WebGestor/Reportes,RepCas_CargosContactan.rpt,.rpt,16384,2025-11-10T02:16:23Z,692b33cd5886a7ba4639e81f24e448fcfc452185,,0,0,
WebGestor/Reportes/RepCas_OfxProducto.rpt,WebGestor/Reportes,RepCas_OfxProducto.rpt,.rpt,32768,2025-11-10T02:16:23Z,59f453441d94a17c7d4b9ab280ef0ae595fbfc58,,0,0,
WebGestor/Reportes/ResumenBD.rpt,WebGestor/Reportes,ResumenBD.rpt,.rpt,16384,2025-11-10T02:16:23Z,8bb8ddbfa122ccdbe59b9bab7eeb73a77b35f3e6,,0,0,
WebGestor/Salida.aspx,WebGestor,Salida.aspx,.aspx,424,2025-11-10T02:16:23Z,624ba12d39fff6e7e6622af3e4723215fda881a7,13,1,1,WebGestor/Salida.aspx.vb
WebGestor/Salida.aspx.vb,WebGestor,Salida.aspx.vb,.vb,853,2025-11-10T02:16:23Z,a4e88045931d12c16e3c1aafc534600666b4fc99,22,0,0,
WebGestor/Scripts/WebForms/DetailsView.js,WebGestor/Scripts/WebForms,DetailsView.js,.js,1309,2025-11-10T02:16:23Z,24e41b8834e5307ce2d8408c91c78cba5d3e440d,,0,0,
WebGestor/Scripts/WebForms/Focus.js,WebGestor/Scripts/WebForms,Focus.js,.js,2974,2025-11-10T02:16:23Z,0d4130530d5cf4e83b9a27cc728945e7c3fe9a45,,0,0,
WebGestor/Scripts/WebForms/GridView.js,WebGestor/Scripts/WebForms,GridView.js,.js,1467,2025-11-10T02:16:23Z,93114c8d9b15cae92f22ba9c92eac283db38822a,,0,0,
WebGestor/Scripts/WebForms/MSAjax/MicrosoftAjax.js,WebGestor/Scripts/WebForms/MSAjax,MicrosoftAjax.js,.js,99264,2025-11-10T02:16:23Z,0a81dab50e017769b626248196e6f5c42cf757dd,,0,0,
WebGestor/Scripts/WebForms/MSAjax/MicrosoftAjaxApplicationServices.js,WebGestor/Scripts/WebForms/MSAjax,MicrosoftAjaxApplicationServices.js,.js,8966,2025-11-10T02:16:23Z,e0a9f60390fc108fac4b0faa1c8a0fa0774c2e16,,0,0,
WebGestor/Scripts/WebForms/MSAjax/MicrosoftAjaxComponentModel.js,WebGestor/Scripts/WebForms/MSAjax,MicrosoftAjaxComponentModel.js,.js,24209,2025-11-10T02:16:23Z,ee3310adc060a6d97343ec70b01265ba12fa819e,,0,0,
WebGestor/Scripts/WebForms/MSAjax/MicrosoftAjaxCore.js,WebGestor/Scripts/WebForms/MSAjax,MicrosoftAjaxCore.js,.js,26939,2025-11-10T02:16:23Z,7b75747b3ed4bbe21878da2b3a1324437ea71d92,,0,0,
WebGestor/Scripts/WebForms/MSAjax/MicrosoftAjaxGlobalization.js,WebGestor/Scripts/WebForms/MSAjax,MicrosoftAjaxGlobalization.js,.js,20028,2025-11-10T02:16:23Z,ee5b5f6ef3ef6cbfb433a48ca36d5f670be3a843,,0,0,
WebGestor/Scripts/WebForms/MSAjax/MicrosoftAjaxHistory.js,WebGestor/Scripts/WebForms/MSAjax,MicrosoftAjaxHistory.js,.js,6721,2025-11-10T02:16:23Z,8577858a63cc01ac7fb74ec7d7e3967e0081277f,,0,0,
WebGestor/Scripts/WebForms/MSAjax/MicrosoftAjaxNetwork.js,WebGestor/Scripts/WebForms/MSAjax,MicrosoftAjaxNetwork.js,.js,12825,2025-11-10T02:16:23Z,4a2b42e1155b0874c5027e81c4ffb9fc20e68d6a,,0,0,
WebGestor/Scripts/WebForms/MSAjax/MicrosoftAjaxSerialization.js,WebGestor/Scripts/WebForms/MSAjax,MicrosoftAjaxSerialization.js,.js,5787,2025-11-10T02:16:23Z,a4c4db9717b4aff2f027988c1ccd0da56f0b13de,,0,0,
WebGestor/Scripts/WebForms/MSAjax/MicrosoftAjaxTimer.js,WebGestor/Scripts/WebForms/MSAjax,MicrosoftAjaxTimer.js,.js,2616,2025-11-10T02:16:23Z,0c5f90ea28ec3d869eb3298f16de1d312f8fcba7,,0,0,
WebGestor/Scripts/WebForms/MSAjax/MicrosoftAjaxWebForms.js,WebGestor/Scripts/WebForms/MSAjax,MicrosoftAjaxWebForms.js,.js,39542,2025-11-10T02:16:23Z,57b4b64c2b92668679eed1bc7d97264a8c458b6b,,0,0,
WebGestor/Scripts/WebForms/MSAjax/MicrosoftAjaxWebServices.js,WebGestor/Scripts/WebForms/MSAjax,MicrosoftAjaxWebServices.js,.js,4798,2025-11-10T02:16:23Z,3587a0e9d7c8fe724d37a37c392deeb7ba70f8e7,,0,0,
WebGestor/Scripts/WebForms/Menu.js,WebGestor/Scripts/WebForms,Menu.js,.js,32413,2025-11-10T02:16:23Z,119577293c5f280241ac63fc2ca7377a41443601,,0,0,
WebGestor/Scripts/WebForms/MenuStandards.js,WebGestor/Scripts/WebForms,MenuStandards.js,.js,27105,2025-11-10T02:16:23Z,ffb2e9ccaea45794e817368fe51768d8accbc30c,,0,0,
WebGestor/Scripts/WebForms/SmartNav.js,WebGestor/Scripts/WebForms,SmartNav.js,.js,10539,2025-11-10T02:16:23Z,2294655d7bb19d9951d6c13f90096b99136e9f70,,0,0,
WebGestor/Scripts/WebForms/TreeView.js,WebGestor/Scripts/WebForms,TreeView.js,.js,9190,2025-11-10T02:16:23Z,327e58513a193eed2528ca6b14e2f3fdd82d3374,,0,0,
WebGestor/Scripts/WebForms/WebForms.js,WebGestor/Scripts/WebForms,WebForms.js,.js,21842,2025-11-10T02:16:23Z,45479425c998c41addd7f6584b7ed1180fc35bfb,,0,0,
WebGestor/Scripts/WebForms/WebParts.js,WebGestor/Scripts/WebForms,WebParts.js,.js,26599,2025-11-10T02:16:23Z,a0c6078591ffa06921dd22e1aff56d3c3d1d5320,,0,0,
WebGestor/Scripts/WebForms/WebUIValidation.js,WebGestor/Scripts/WebForms,WebUIValidation.js,.js,26337,2025-11-10T02:16:23Z,4e655fa5b33e255a6fd2e12a86506392a095cc02,,0,0,
WebGestor/Scripts/bootstrap.js,WebGestor/Scripts,bootstrap.js,.js,69707,2025-11-10T02:16:23Z,3b965a36a6b08854ad6eddedf85c5319fd392b4a,,0,0,
WebGestor/Scripts/bootstrap.min.js,WebGestor/Scripts,bootstrap.min.js,.js,37045,2025-11-10T02:16:23Z,430a443d74830fe9be26efca431f448c1b3740f9,,0,0,
WebGestor/Scripts/jquery-3.3.1.intellisense.js,WebGestor/Scripts,jquery-3.3.1.intellisense.js,.js,159646,2025-11-10T02:16:23Z,a1b6b0e965d56a7490efbdffa83d730fa513adbe,,0,0,
WebGestor/Scripts/jquery-3.3.1.js,WebGestor/Scripts,jquery-3.3.1.js,.js,271751,2025-11-10T02:16:23Z,46a436eba01c79acdb225757ed80bf54bad6416b,,0,0,
WebGestor/Scripts/jquery-3.3.1.min.js,WebGestor/Scripts,jquery-3.3.1.min.js,.js,86927,2025-11-10T02:16:23Z,0dc32db4aa9c5f03f3b38c47d883dbd4fed13aae,,0,0,
WebGestor/Scripts/jquery-3.3.1.min.map,WebGestor/Scripts,jquery-3.3.1.min.map,.map,132370,2025-11-10T02:16:23Z,4a0954f42d51f0a5aca0bd5293bc4e27cddb7acb,,0,0,
WebGestor/Scripts/jquery-3.3.1.slim.js,WebGestor/Scripts,jquery-3.3.1.slim.js,.js,218897,2025-11-10T02:16:23Z,1263f61eb65762f1af35c9b3f392ad18de4b3c33,,0,0,
WebGestor/Scripts/jquery-3.3.1.slim.min.js,WebGestor/Scripts,jquery-3.3.1.slim.min.js,.js,69917,2025-11-10T02:16:23Z,bc5836992c0b260496ba520fe1336d499bf06eb7,,0,0,
WebGestor/Scripts/jquery-3.3.1.slim.min.map,WebGestor/Scripts,jquery-3.3.1.slim.min.map,.map,105346,2025-11-10T02:16:23Z,e98a47011cad45698b353b0fced9bf8aab9782c6,,0,0,
WebGestor/Scripts/modernizr-2.8.3.js,WebGestor/Scripts,modernizr-2.8.3.js,.js,51351,2025-11-10T02:16:23Z,7d1cea058027485e9ccf1a92e38823acb05c0659,,0,0,
WebGestor/Servicio/BaseDatos_Busqueda.aspx,WebGestor/Servicio,BaseDatos_Busqueda.aspx,.aspx,13545,2025-11-10T02:16:23Z,6f832d7bfd23ab448d537d87543689741d8cd06d,104,1,1,WebGestor/Servicio/BaseDatos_Busqueda.aspx.vb
WebGestor/Servicio/BaseDatos_Busqueda.aspx.vb,WebGestor/Servicio,BaseDatos_Busqueda.aspx.vb,.vb,12850,2025-11-10T02:16:23Z,561c01725ea846ac179670579d2facaad2228e16,213,0,0,
WebGestor/Servicio/BaseDatos_Definicion.aspx,WebGestor/Servicio,BaseDatos_Definicion.aspx,.aspx,16426,2025-11-10T02:16:23Z,3f84176482254d56ceb15420fd10b6b7a45359ae,82,1,1,WebGestor/Servicio/BaseDatos_Definicion.aspx.vb
WebGestor/Servicio/BaseDatos_Definicion.aspx.vb,WebGestor/Servicio,BaseDatos_Definicion.aspx.vb,.vb,19607,2025-11-10T02:16:23Z,749d87d5b3aec02b64563cdb35d3cddd5cb8a187,302,0,0,
WebGestor/Servicio/Gestion_Inspeccion_Desplazamiento.aspx,WebGestor/Servicio,Gestion_Inspeccion_Desplazamiento.aspx,.aspx,40265,2025-11-10T02:16:23Z,625566577a89b068ed4f3d3176fca4e06a045b1a,608,1,1,WebGestor/Servicio/Gestion_Inspeccion_Desplazamiento.aspx.vb
WebGestor/Servicio/Gestion_Inspeccion_Desplazamiento.aspx.vb,WebGestor/Servicio,Gestion_Inspeccion_Desplazamiento.aspx.vb,.vb,13958,2025-11-10T02:16:23Z,9d4bdf292c0b5f3011b10e112a11f131644e9d9b,196,0,0,
WebGestor/Servicio/Inspeccion_Centro_Costos.aspx,WebGestor/Servicio,Inspeccion_Centro_Costos.aspx,.aspx,31728,2025-11-10T02:16:23Z,931c9c5f3181a6077baeaf59d0c03f4f6452c28b,212,1,1,WebGestor/Servicio/Inspeccion_Centro_Costos.aspx.vb
WebGestor/Servicio/Inspeccion_Centro_Costos.aspx.vb,WebGestor/Servicio,Inspeccion_Centro_Costos.aspx.vb,.vb,29254,2025-11-10T02:16:23Z,a0ede3af63997e286dccd0c3751ab7374ec02b01,258,0,0,
WebGestor/Servicio/Inspeccion_Detalle.aspx,WebGestor/Servicio,Inspeccion_Detalle.aspx,.aspx,127164,2025-11-10T02:16:23Z,f00000609b788aa35d712a0167b86887c55e2ebc,483,1,1,WebGestor/Servicio/Inspeccion_Detalle.aspx.vb
WebGestor/Servicio/Inspeccion_Detalle.aspx.vb,WebGestor/Servicio,Inspeccion_Detalle.aspx.vb,.vb,125940,2025-11-10T02:16:23Z,31bbfb948f3358a52abe357b67cafa40aa0750c7,1857,0,0,
WebGestor/Servicio/Inspeccion_Documentos_Ayuda.aspx,WebGestor/Servicio,Inspeccion_Documentos_Ayuda.aspx,.aspx,33636,2025-11-10T02:16:23Z,6393dbda69d27f5126f806fe7c946c798ea4bc0f,472,1,1,WebGestor/Servicio/Inspeccion_Documentos_Ayuda.aspx.vb
WebGestor/Servicio/Inspeccion_Documentos_Ayuda.aspx.vb,WebGestor/Servicio,Inspeccion_Documentos_Ayuda.aspx.vb,.vb,10020,2025-11-10T02:16:23Z,4bd76158f7bfac7c24f02a91acb8979266b35355,176,0,0,
WebGestor/Servicio/Inspeccion_Equipo_Mantenimiento.aspx,WebGestor/Servicio,Inspeccion_Equipo_Mantenimiento.aspx,.aspx,27488,2025-11-10T02:16:23Z,d3367bebb1f1bf73775e0a59273839280f63d1a2,166,1,1,WebGestor/Servicio/Inspeccion_Equipo_Mantenimiento.aspx.vb
WebGestor/Servicio/Inspeccion_Equipo_Mantenimiento.aspx.vb,WebGestor/Servicio,Inspeccion_Equipo_Mantenimiento.aspx.vb,.vb,17018,2025-11-10T02:16:23Z,1da153622e90f166cc0c198ff03d309474f96a19,229,0,0,
WebGestor/Servicio/Inspeccion_ListaDetalleOficina.aspx,WebGestor/Servicio,Inspeccion_ListaDetalleOficina.aspx,.aspx,34900,2025-11-10T02:16:23Z,903e8ed7950b95bc371d3b6c9f46c5d9abf436f0,556,1,1,WebGestor/Servicio/Inspeccion_ListaDetalleOficina.aspx.vb
WebGestor/Servicio/Inspeccion_ListaDetalleOficina.aspx.vb,WebGestor/Servicio,Inspeccion_ListaDetalleOficina.aspx.vb,.vb,12497,2025-11-10T02:16:23Z,79f289b2948f0ecc0dbd5897f5e30f56ef10e6f5,245,0,0,
WebGestor/Servicio/Inspeccion_Lista_DatosAdicionales.aspx,WebGestor/Servicio,Inspeccion_Lista_DatosAdicionales.aspx,.aspx,52746,2025-11-10T02:16:23Z,5511c463a137b5d285bbc4dc64bf7d72880b7a5a,776,1,1,WebGestor/Servicio/Inspeccion_Lista_DatosAdicionales.aspx.vb
WebGestor/Servicio/Inspeccion_Lista_DatosAdicionales.aspx.vb,WebGestor/Servicio,Inspeccion_Lista_DatosAdicionales.aspx.vb,.vb,31311,2025-11-10T02:16:23Z,a048fed0ab2764677d34980d99ba250b2657fe17,419,0,0,
WebGestor/Servicio/Inspeccion_Lista_DatosAdicionales_Usuarios.aspx,WebGestor/Servicio,Inspeccion_Lista_DatosAdicionales_Usuarios.aspx,.aspx,41357,2025-11-10T02:16:23Z,8d41e1f107dfe11e61f0e935ee8fb104c4769b32,621,1,1,WebGestor/Servicio/Inspeccion_Lista_DatosAdicionales_Usuarios.aspx.vb
WebGestor/Servicio/Inspeccion_Lista_DatosAdicionales_Usuarios.aspx.vb,WebGestor/Servicio,Inspeccion_Lista_DatosAdicionales_Usuarios.aspx.vb,.vb,14216,2025-11-10T02:16:23Z,2dea2ce7828bfef40e9e5fbe2f03c2fde5725dba,195,0,0,
WebGestor/Servicio/Inspeccion_Lista_Documento.aspx,WebGestor/Servicio,Inspeccion_Lista_Documento.aspx,.aspx,23806,2025-11-10T02:16:23Z,bbc306806a2d81b088fbb1a67bec95127c441012,369,1,1,WebGestor/Servicio/Inspeccion_Lista_Documento.aspx.vb
WebGestor/Servicio/Inspeccion_Lista_Documento.aspx.vb,WebGestor/Servicio,Inspeccion_Lista_Documento.aspx.vb,.vb,8015,2025-11-10T02:16:23Z,23d60d71501e3f48f9f06c7b7aff8d1eb7464e83,119,0,0,
WebGestor/Servicio/Inspeccion_Lista_OfPendiente.aspx,WebGestor/Servicio,Inspeccion_Lista_OfPendiente.aspx,.aspx,35020,2025-11-10T02:16:23Z,a7c8ea2bb7f87912764f71146ab7dafcdc5c9bda,241,1,1,WebGestor/Servicio/Inspeccion_Lista_OfPendiente.aspx.vb
WebGestor/Servicio/Inspeccion_Lista_OfPendiente.aspx.vb,WebGestor/Servicio,Inspeccion_Lista_OfPendiente.aspx.vb,.vb,19410,2025-11-10T02:16:23Z,39d8fa2aa862b3da20e724216f867d3516c351e0,289,0,0,
WebGestor/Servicio/Inspeccion_Listado.aspx,WebGestor/Servicio,Inspeccion_Listado.aspx,.aspx,20236,2025-11-10T02:16:23Z,e6f92dfc444f0af67f03d72870ad8cd02782e655,325,1,1,WebGestor/Servicio/Inspeccion_Listado.aspx.vb
WebGestor/Servicio/Inspeccion_Listado.aspx.vb,WebGestor/Servicio,Inspeccion_Listado.aspx.vb,.vb,6654,2025-11-10T02:16:23Z,d36ccac18f282a8f78b9e520e72cff8704eeff4d,112,0,0,
WebGestor/Servicio/Inspeccion_RegistrarVisitas.aspx,WebGestor/Servicio,Inspeccion_RegistrarVisitas.aspx,.aspx,40559,2025-11-10T02:16:23Z,a4d26af504203d578f38b28fd7e40757f842d790,590,1,1,WebGestor/Servicio/Inspeccion_RegistrarVisitas.aspx.vb
WebGestor/Servicio/Inspeccion_RegistrarVisitas.aspx.vb,WebGestor/Servicio,Inspeccion_RegistrarVisitas.aspx.vb,.vb,15412,2025-11-10T02:16:23Z,08c7626dce3f89c4ce46401641d8a0fc6ceba461,204,0,0,
WebGestor/Servicio/Inspeccion_Reporte_ReqAd.aspx,WebGestor/Servicio,Inspeccion_Reporte_ReqAd.aspx,.aspx,36679,2025-11-10T02:16:23Z,927e9023f3b7bd066839fa28984108c7ab92341f,568,1,1,WebGestor/Servicio/Inspeccion_Reporte_ReqAd.aspx.vb
WebGestor/Servicio/Inspeccion_Reporte_ReqAd.aspx.vb,WebGestor/Servicio,Inspeccion_Reporte_ReqAd.aspx.vb,.vb,27403,2025-11-10T02:16:23Z,75928a5c9cb30ff82f6e8ad6654db65158d59c05,393,0,0,
WebGestor/Servicio/Inspeccion_Resumen.aspx,WebGestor/Servicio,Inspeccion_Resumen.aspx,.aspx,20254,2025-11-10T02:16:23Z,2422dec67540c352f17eb9c04e37e5b7169fe59c,325,1,1,WebGestor/Servicio/Inspeccion_Resumen.aspx.vb
WebGestor/Servicio/Inspeccion_Resumen.aspx.vb,WebGestor/Servicio,Inspeccion_Resumen.aspx.vb,.vb,7051,2025-11-10T02:16:23Z,1f35977bcd400477acab0e94bd4bb1e132e0005c,118,0,0,
WebGestor/Servicio/PagPrincipal_Servicio.master,WebGestor/Servicio,PagPrincipal_Servicio.master,.master,6348,2025-11-10T02:16:23Z,c64ca75b289ff3eaf9db58a9b86fa9059aed120b,88,0,0,
WebGestor/Servicio/PagPrincipal_Servicio.master.vb,WebGestor/Servicio,PagPrincipal_Servicio.master.vb,.vb,840,2025-11-10T02:16:23Z,41d907af683a61e7c8b9dd1914c5569b97b24b29,19,0,0,
WebGestor/Servicio/Temas/IMAGEN.jpeg,WebGestor/Servicio/Temas,IMAGEN.jpeg,.jpeg,5074,2025-11-10T02:16:23Z,932c335b10181d6e4096636bf3cc4140ef28ef44,,0,0,
WebGestor/Servicio/Temas/att empresa.sql,WebGestor/Servicio/Temas,att empresa.sql,.sql,609,2025-11-10T02:16:23Z,6f08a23b28e7a2d7b995646aa1346acfead17419,,0,0,
WebGestor/ServicioIntegral/Imagenes/DEPA1.JPG,WebGestor/ServicioIntegral/Imagenes,DEPA1.JPG,.JPG,7019,2025-11-10T02:16:23Z,8e43ed01a9040a0d5d8fbb013efbaadae5dffc46,,0,0,
WebGestor/ServicioIntegral/Imagenes/NECESIDADES INFORMATICAS.jpg,WebGestor/ServicioIntegral/Imagenes,NECESIDADES INFORMATICAS.jpg,.jpg,24792,2025-11-10T02:16:23Z,19267cfedb475ed9d1ef814c82296348c0b02d06,,0,0,
WebGestor/ServicioIntegral/Imagenes/boton isotipo web-01.jpg,WebGestor/ServicioIntegral/Imagenes,boton isotipo web-01.jpg,.jpg,18774,2025-11-10T02:16:23Z,c07af0df1965697d8464107c2c4b54f8f563121d,,0,0,
WebGestor/ServicioIntegral/PagPrincipal_Servicio.master,WebGestor/ServicioIntegral,PagPrincipal_Servicio.master,.master,6548,2025-11-10T02:16:23Z,b1ab3e2bf1c41e068a223da8f15b136f1c5f60cd,86,0,0,
WebGestor/ServicioIntegral/PagPrincipal_Servicio.master.vb,WebGestor/ServicioIntegral,PagPrincipal_Servicio.master.vb,.vb,840,2025-11-10T02:16:23Z,41d907af683a61e7c8b9dd1914c5569b97b24b29,19,0,0,
WebGestor/ServicioIntegral/SIntegral_Registrar_Servicio.aspx,WebGestor/ServicioIntegral,SIntegral_Registrar_Servicio.aspx,.aspx,29065,2025-11-10T02:16:23Z,31f2808f2f6387048a97c32ec447d255de7e6949,368,1,1,WebGestor/ServicioIntegral/SIntegral_Registrar_Servicio.aspx.vb
WebGestor/ServicioIntegral/SIntegral_Registrar_Servicio.aspx.vb,WebGestor/ServicioIntegral,SIntegral_Registrar_Servicio.aspx.vb,.vb,9559,2025-11-10T02:16:23Z,68db47876bd3676e679dd976599c3dcb11cea17f,175,0,0,
WebGestor/ServicioIntegral/SIntegral_Servicio.aspx,WebGestor/ServicioIntegral,SIntegral_Servicio.aspx,.aspx,17575,2025-11-10T02:16:23Z,b44addba4587a8f2002b05ae501a71a3dec7539c,105,1,1,WebGestor/ServicioIntegral/SIntegral_Servicio.aspx.vb
WebGestor/ServicioIntegral/SIntegral_Servicio.aspx.vb,WebGestor/ServicioIntegral,SIntegral_Servicio.aspx.vb,.vb,6559,2025-11-10T02:16:23Z,f43df97b77c1d594cb733c81816091ad6f56793d,118,0,0,
WebGestor/ServicioIntegral/SIntegral_Servicio_Detalle_.aspx,WebGestor/ServicioIntegral,SIntegral_Servicio_Detalle_.aspx,.aspx,7741,2025-11-10T02:16:23Z,4f83687ee7d5ae91d8166fbed702d03d2792a937,99,1,1,WebGestor/ServicioIntegral/SIntegral_Servicio_Detalle_.aspx.vb
WebGestor/ServicioIntegral/SIntegral_Servicio_Detalle_.aspx.vb,WebGestor/ServicioIntegral,SIntegral_Servicio_Detalle_.aspx.vb,.vb,3064,2025-11-10T02:16:23Z,2d0380f168e3f320a7d3dd60521a3390eeb9135b,65,0,0,
WebGestor/ServicioIntegral/SIntegral_Servicio_Proveedor.aspx,WebGestor/ServicioIntegral,SIntegral_Servicio_Proveedor.aspx,.aspx,21551,2025-11-10T02:16:23Z,466de0b1b1ac5d8e88f83b129bd720c3ce92052e,189,1,1,WebGestor/ServicioIntegral/SIntegral_Servicio_Proveedor.aspx.vb
WebGestor/ServicioIntegral/SIntegral_Servicio_Proveedor.aspx.vb,WebGestor/ServicioIntegral,SIntegral_Servicio_Proveedor.aspx.vb,.vb,12391,2025-11-10T02:16:23Z,4e9cc753fdc86d1bf0c60b090350a47d56aa929a,112,0,0,
WebGestor/Sistema/General_Relacion_Categoria_Usuario.aspx,WebGestor/Sistema,General_Relacion_Categoria_Usuario.aspx,.aspx,16643,2025-11-10T02:16:23Z,803ba4973763d51a8c4e931d7aa197a9e6f17760,251,1,1,WebGestor/Sistema/General_Relacion_Categoria_Usuario.aspx.vb
WebGestor/Sistema/General_Relacion_Categoria_Usuario.aspx.vb,WebGestor/Sistema,General_Relacion_Categoria_Usuario.aspx.vb,.vb,7104,2025-11-10T02:16:23Z,2e8f24609ca792428d151ae70255074e13de4aeb,142,0,0,
WebGestor/Sistema/Mantenimiento_TablasEspeciales.aspx,WebGestor/Sistema,Mantenimiento_TablasEspeciales.aspx,.aspx,22188,2025-11-10T02:16:23Z,0845713830fdfc1eba9f41e14a144a47c2dfb836,158,1,1,WebGestor/Sistema/Mantenimiento_TablasEspeciales.aspx.vb
WebGestor/Sistema/Mantenimiento_TablasEspeciales.aspx.vb,WebGestor/Sistema,Mantenimiento_TablasEspeciales.aspx.vb,.vb,19689,2025-11-10T02:16:23Z,0dbee704df9aa8b7e7b6b0082b2895bc40a7b908,269,0,0,
WebGestor/Sistema/Mantenimiento_TablasEspeciales_Activar.aspx,WebGestor/Sistema,Mantenimiento_TablasEspeciales_Activar.aspx,.aspx,13444,2025-11-10T02:16:23Z,07be9b5df25709d309546b19fbde63fd6ca7b4e2,186,1,1,WebGestor/Sistema/Mantenimiento_TablasEspeciales_Activar.aspx.vb
WebGestor/Sistema/Mantenimiento_TablasEspeciales_Activar.aspx.vb,WebGestor/Sistema,Mantenimiento_TablasEspeciales_Activar.aspx.vb,.vb,10262,2025-11-10T02:16:23Z,aa51289500f2a856fb17f635c1a7f8591c2b9840,155,0,0,
WebGestor/Sistema/PagPrincipal.master,WebGestor/Sistema,PagPrincipal.master,.master,6267,2025-11-10T02:16:23Z,2a4f938a08c73c27a565c39ec197199ac050de02,87,0,0,
WebGestor/Sistema/PagPrincipal.master.vb,WebGestor/Sistema,PagPrincipal.master.vb,.vb,835,2025-11-10T02:16:23Z,e326501fa97f47161f2807e3617ca4455bd6acf3,19,0,0,
WebGestor/Sistema/Personal_Mostrar.aspx,WebGestor/Sistema,Personal_Mostrar.aspx,.aspx,17057,2025-11-10T02:16:23Z,3c21bbc6a7f55222a539262f028f70aaa84bbb01,268,1,1,WebGestor/Sistema/Personal_Mostrar.aspx.vb
WebGestor/Sistema/Personal_Mostrar.aspx.vb,WebGestor/Sistema,Personal_Mostrar.aspx.vb,.vb,31980,2025-11-10T02:16:23Z,f5d2f6241266188e2a5692e379cadbf8e4d9b907,534,0,0,
WebGestor/Sistema/SegSistem_Exportar_Datos.aspx,WebGestor/Sistema,SegSistem_Exportar_Datos.aspx,.aspx,294,2025-11-10T02:16:23Z,b65e394047c9e31cbc4833e4b88c21601cb1c24c,3,1,1,WebGestor/Sistema/SegSistem_Exportar_Datos.aspx.vb
WebGestor/Sistema/SegSistem_Exportar_Datos.aspx.vb,WebGestor/Sistema,SegSistem_Exportar_Datos.aspx.vb,.vb,5494,2025-11-10T02:16:23Z,13d3335397a65c5f843e82ddc2223962909d1d0c,67,0,0,
WebGestor/Sistema/SegSistema_CambioContraseña.aspx,WebGestor/Sistema,SegSistema_CambioContraseña.aspx,.aspx,8452,2025-11-10T02:16:23Z,309655016e4c8b4aebcd8d49d6db51931703e330,121,1,1,WebGestor/Sistema/SegSistema_CambioContraseña.aspx.vb
WebGestor/Sistema/SegSistema_CambioContraseña.aspx.vb,WebGestor/Sistema,SegSistema_CambioContraseña.aspx.vb,.vb,1975,2025-11-10T02:16:23Z,20c8904dc8ee9be26d9a2bddf0b219b6a5b0295c,48,0,0,
WebGestor/Sistema/SegSistema_Mant_Modulos.aspx,WebGestor/Sistema,SegSistema_Mant_Modulos.aspx,.aspx,13322,2025-11-10T02:16:23Z,786167bdfc25bd3178f7fac9a27708886771764c,187,1,1,WebGestor/Sistema/SegSistema_Mant_Modulos.aspx.vb
WebGestor/Sistema/SegSistema_Mant_Modulos.aspx.vb,WebGestor/Sistema,SegSistema_Mant_Modulos.aspx.vb,.vb,10384,2025-11-10T02:16:23Z,fd0c2bab13cfe779c3a57138dae7ba71b6757cb8,200,0,0,
WebGestor/Sistema/SegSistema_Mant_Paginas.aspx,WebGestor/Sistema,SegSistema_Mant_Paginas.aspx,.aspx,14625,2025-11-10T02:16:23Z,54aa77ef44574df7a66cad8c489f95c976ca8795,102,1,1,WebGestor/Sistema/SegSistema_Mant_Paginas.aspx.vb
WebGestor/Sistema/SegSistema_Mant_Paginas.aspx.vb,WebGestor/Sistema,SegSistema_Mant_Paginas.aspx.vb,.vb,7989,2025-11-10T02:16:23Z,f7bd4b83eaa82baf787223d62beb95166036cb51,128,0,0,
WebGestor/Sistema/SegSistema_Mant_Perfiles.aspx,WebGestor/Sistema,SegSistema_Mant_Perfiles.aspx,.aspx,34251,2025-11-10T02:16:23Z,114a4b323d41bec3dd2bb199d29a6b62a539a028,316,1,1,WebGestor/Sistema/SegSistema_Mant_Perfiles.aspx.vb
WebGestor/Sistema/SegSistema_Mant_Perfiles.aspx.vb,WebGestor/Sistema,SegSistema_Mant_Perfiles.aspx.vb,.vb,14799,2025-11-10T02:16:23Z,0db2ff068aa8b83eb22906a133969f075f4ab0e8,279,0,0,
WebGestor/Sistema/SegSistema_Mant_Usuarios.aspx,WebGestor/Sistema,SegSistema_Mant_Usuarios.aspx,.aspx,40854,2025-11-10T02:16:23Z,cf50e9a9f59e9135d46fc82e287346bc0184bb71,438,1,1,WebGestor/Sistema/SegSistema_Mant_Usuarios.aspx.vb
WebGestor/Sistema/SegSistema_Mant_Usuarios.aspx.vb,WebGestor/Sistema,SegSistema_Mant_Usuarios.aspx.vb,.vb,47438,2025-11-10T02:16:23Z,21c783a171d565fc43d17e85aeb1ef6ad1243cdc,632,0,0,
WebGestor/Sistema/SegSistema_MensajeOk.aspx,WebGestor/Sistema,SegSistema_MensajeOk.aspx,.aspx,2780,2025-11-10T02:16:23Z,a8d713a18e1000b000a78d38bc13bb0d792e3699,56,1,1,WebGestor/Sistema/SegSistema_MensajeOk.aspx.vb
WebGestor/Sistema/SegSistema_MensajeOk.aspx.vb,WebGestor/Sistema,SegSistema_MensajeOk.aspx.vb,.vb,630,2025-11-10T02:16:23Z,484c718be66907c826f6eb1922887cc6b421271b,14,0,0,
WebGestor/Sistema/SegSistema_MenuPrincipal.aspx,WebGestor/Sistema,SegSistema_MenuPrincipal.aspx,.aspx,298,2025-11-10T02:16:23Z,b3b5ade86dc80bf1c9cb83dd626cb96b8921f8d2,3,1,1,WebGestor/Sistema/SegSistema_MenuPrincipal.aspx.vb
WebGestor/Sistema/SegSistema_MenuPrincipal.aspx.vb,WebGestor/Sistema,SegSistema_MenuPrincipal.aspx.vb,.vb,86,2025-11-10T02:16:23Z,e3d5d503c639025769bd3e9ec9d27a3222b9b293,4,0,0,
WebGestor/Sistema/SegSistema_NuevoUsuario.aspx,WebGestor/Sistema,SegSistema_NuevoUsuario.aspx,.aspx,35838,2025-11-10T02:16:23Z,e923fdbcb68e6f37875c6120080f9ec549ad5728,545,1,1,WebGestor/Sistema/SegSistema_NuevoUsuario.aspx.vb
WebGestor/Sistema/SegSistema_NuevoUsuario.aspx.vb,WebGestor/Sistema,SegSistema_NuevoUsuario.aspx.vb,.vb,20110,2025-11-10T02:16:23Z,3572cb826e1616c557e66c78819ed1b4a01d2d9e,351,0,0,
WebGestor/Sistema/SegSistema_OlvidoContraseña.aspx,WebGestor/Sistema,SegSistema_OlvidoContraseña.aspx,.aspx,5473,2025-11-10T02:16:23Z,aa80c67322d6c6b16791bc336cf34aa21cfb0949,97,1,1,WebGestor/Sistema/SegSistema_OlvidoContraseña.aspx.vb
WebGestor/Sistema/SegSistema_OlvidoContraseña.aspx.vb,WebGestor/Sistema,SegSistema_OlvidoContraseña.aspx.vb,.vb,3334,2025-11-10T02:16:23Z,3ccf51384573f1fa153d44980d1e3ff76ad4a0df,82,0,0,
WebGestor/Sistema/Tablas_Especiales_Mantenimiento.aspx,WebGestor/Sistema,Tablas_Especiales_Mantenimiento.aspx,.aspx,18830,2025-11-10T02:16:23Z,ae6bba2884c6bb1553c27c2d0f88fe4e097f0e02,231,1,1,WebGestor/Sistema/Tablas_Especiales_Mantenimiento.aspx.vb
WebGestor/Sistema/Tablas_Especiales_Mantenimiento.aspx.vb,WebGestor/Sistema,Tablas_Especiales_Mantenimiento.aspx.vb,.vb,34724,2025-11-10T02:16:23Z,455de672cea61ccef2b5402ea205e9264efd7170,493,0,0,
WebGestor/Site.Master,WebGestor,Site.Master,.Master,3513,2025-11-10T02:16:23Z,35c4aef890d99df5ace5afc322e5a33fbcc8e5f9,65,0,0,
WebGestor/Site.Master.designer.vb,WebGestor,Site.Master.designer.vb,.vb,809,2025-11-10T02:16:23Z,7c27d51903f34c41f68d1031ec82f176c7032d62,6,0,0,
WebGestor/Site.Master.vb,WebGestor,Site.Master.vb,.vb,171,2025-11-10T02:16:23Z,05fc3ead20a8cd8117d50ee8e0a22c3f6a0d2d43,5,0,0,
WebGestor/Site.Mobile.Master,WebGestor,Site.Mobile.Master,.Master,888,2025-11-10T02:16:23Z,485b90bf83e3127d260b29dea27e80f08f308034,22,0,0,
WebGestor/Site.Mobile.Master.designer.vb,WebGestor,Site.Mobile.Master.designer.vb,.vb,2506,2025-11-10T02:16:23Z,63dcdece34c2b50f062222da247a9f5fd4325482,11,0,0,
WebGestor/Site.Mobile.Master.vb,WebGestor,Site.Mobile.Master.vb,.vb,187,2025-11-10T02:16:23Z,0135625417a68275f78a7fa2db58dca6c75e29f8,5,0,0,
WebGestor/Temas/CONSOLIDADO DE DICIEMBRE.xls,WebGestor/Temas,CONSOLIDADO DE DICIEMBRE.xls,.xls,5055488,2025-11-10T02:16:23Z,5ed55422a01fa9aabcae488bf46b277141f9af54,,0,0,
WebGestor/TemplateApp/blank.html,WebGestor/TemplateApp,blank.html,.html,26472,2025-11-10T02:16:23Z,7580583f2d2e9c2c1dec39d01928f32501c3118b,,0,0,
WebGestor/TerminaSesion.aspx,WebGestor,TerminaSesion.aspx,.aspx,2548,2025-11-10T02:16:23Z,6eb661a14664067d759a530db54ee941f80bdb23,48,1,1,WebGestor/TerminaSesion.aspx.vb
WebGestor/TerminaSesion.aspx.vb,WebGestor,TerminaSesion.aspx.vb,.vb,72,2025-11-10T02:16:23Z,dbdd6c8d9b506e718ffbe393b301e2f8c5af2928,3,0,0,
WebGestor/UploadedFiles/Copia de REQUERIMIENTOS STEFANINI.xlsx,WebGestor/UploadedFiles,Copia de REQUERIMIENTOS STEFANINI.xlsx,.xlsx,13893,2025-11-10T02:16:23Z,61a0e81a984d28569c440e371288d1e1887dc94f,,0,0,
WebGestor/Ventas/Graficos.aspx,WebGestor/Ventas,Graficos.aspx,.aspx,8254,2025-11-10T02:16:23Z,501990d302b8fd0a61cdfb12a794da6a325e89b5,148,1,1,WebGestor/Ventas/Graficos.aspx.vb
WebGestor/Ventas/Graficos.aspx.vb,WebGestor/Ventas,Graficos.aspx.vb,.vb,17042,2025-11-10T02:16:23Z,0f907a6f62c772b8910b03f3438acb6bb506cc66,352,0,0,
WebGestor/Ventas/MasterPage.master,WebGestor/Ventas,MasterPage.master,.master,529,2025-11-10T02:16:23Z,94b9c38a3221fae9d5769b11d2b0181c1052a963,18,0,0,
WebGestor/Ventas/MasterPage.master.vb,WebGestor/Ventas,MasterPage.master.vb,.vb,85,2025-11-10T02:16:23Z,64cd5d882df186764a3256257d153161d4c5bdf7,4,0,0,
WebGestor/Ventas/PagPrincipal_Nuevo.master,WebGestor/Ventas,PagPrincipal_Nuevo.master,.master,6464,2025-11-10T02:16:23Z,6b774a9905ace7d13d552cb987426f30e97b78f2,95,0,0,
WebGestor/Ventas/PagPrincipal_Nuevo.master.vb,WebGestor/Ventas,PagPrincipal_Nuevo.master.vb,.vb,841,2025-11-10T02:16:23Z,e8f6af8a1ebad79f2c4e8a233c6097912f312449,19,0,0,
WebGestor/Ventas/PagPrincipal_Venta.master,WebGestor/Ventas,PagPrincipal_Venta.master,.master,6341,2025-11-10T02:16:23Z,a75c644e240897431b514fc12644012a1d6c2b49,88,0,0,
WebGestor/Ventas/PagPrincipal_Venta.master.vb,WebGestor/Ventas,PagPrincipal_Venta.master.vb,.vb,837,2025-11-10T02:16:23Z,7c71aa0391172710b0ea03879f40dc4ccd67e8fc,19,0,0,
WebGestor/Ventas/Ventas_BusArticulos.aspx,WebGestor/Ventas,Ventas_BusArticulos.aspx,.aspx,6694,2025-11-10T02:16:23Z,41a85fb48cd081a424de6c14d97d39ea36994c66,97,1,1,WebGestor/Ventas/Ventas_BusArticulos.aspx.vb
WebGestor/Ventas/Ventas_BusArticulos.aspx.vb,WebGestor/Ventas,Ventas_BusArticulos.aspx.vb,.vb,2542,2025-11-10T02:16:23Z,4d5bf676423d0521aec53204630afa919e1ade6d,50,0,0,
WebGestor/Ventas/Ventas_Cotizar_Proveedor.aspx,WebGestor/Ventas,Ventas_Cotizar_Proveedor.aspx,.aspx,12997,2025-11-10T02:16:23Z,d4b5fb26ca4e4f07e2125c2e9add3860644c26f3,228,1,1,WebGestor/Ventas/Ventas_Cotizar_Proveedor.aspx.vb
WebGestor/Ventas/Ventas_Cotizar_Proveedor.aspx.vb,WebGestor/Ventas,Ventas_Cotizar_Proveedor.aspx.vb,.vb,7377,2025-11-10T02:16:23Z,6421ac38261bc9e342658165dafea0881a38ce10,88,0,0,
WebGestor/Ventas/Ventas_Delivery.aspx,WebGestor/Ventas,Ventas_Delivery.aspx,.aspx,39012,2025-11-10T02:16:23Z,70300bc94920685be02dd4284a083c86ea49196f,510,1,1,WebGestor/Ventas/Ventas_Delivery.aspx.vb
WebGestor/Ventas/Ventas_Delivery.aspx.vb,WebGestor/Ventas,Ventas_Delivery.aspx.vb,.vb,59346,2025-11-10T02:16:23Z,61e693836893b5113e49f5dab8f5d2768f23f611,843,0,0,
WebGestor/Ventas/Ventas_Grafica.aspx,WebGestor/Ventas,Ventas_Grafica.aspx,.aspx,2517,2025-11-10T02:16:23Z,40610f6822f937686b7533aac3d2ab3258e7150a,45,1,1,WebGestor/Ventas/Ventas_Grafica.aspx.vb
WebGestor/Ventas/Ventas_Grafica.aspx.vb,WebGestor/Ventas,Ventas_Grafica.aspx.vb,.vb,9563,2025-11-10T02:16:23Z,2756984d59c6e0118b8bcf1ab2c8fdfcb45f1b97,229,0,0,
WebGestor/Ventas/Ventas_Ingresa_OrdenCompra.aspx,WebGestor/Ventas,Ventas_Ingresa_OrdenCompra.aspx,.aspx,13918,2025-11-10T02:16:23Z,1e68faf4aa95dff474348ab566046d8ccb997255,245,1,1,WebGestor/Ventas/Ventas_Ingresa_OrdenCompra.aspx.vb
WebGestor/Ventas/Ventas_Ingresa_OrdenCompra.aspx.vb,WebGestor/Ventas,Ventas_Ingresa_OrdenCompra.aspx.vb,.vb,4800,2025-11-10T02:16:23Z,14c083871108f3d3940a1f47bbee86f15650e200,79,0,0,
WebGestor/Ventas/Ventas_Punto.aspx,WebGestor/Ventas,Ventas_Punto.aspx,.aspx,20749,2025-11-10T02:16:23Z,ca46293d13953bafc3cf246918ff15bc326727ed,324,1,1,WebGestor/Ventas/Ventas_Punto.aspx.vb
WebGestor/Ventas/Ventas_Punto.aspx.vb,WebGestor/Ventas,Ventas_Punto.aspx.vb,.vb,11225,2025-11-10T02:16:23Z,a674aa31bf7a1bef3d483f25f3c93823ff5f3e2c,215,0,0,
WebGestor/Ventas/Ventas_Punto_Cliente.aspx,WebGestor/Ventas,Ventas_Punto_Cliente.aspx,.aspx,10153,2025-11-10T02:16:23Z,e0b7ba9696eb038ad4aa0c5d63e5dbb77077703c,128,1,1,WebGestor/Ventas/Ventas_Punto_Cliente.aspx.vb
WebGestor/Ventas/Ventas_Punto_Cliente.aspx.vb,WebGestor/Ventas,Ventas_Punto_Cliente.aspx.vb,.vb,4105,2025-11-10T02:16:23Z,bc31c856179aa18598238fe1ada0b9a99f8b9d51,65,0,0,
WebGestor/Ventas/Ventas_Registro_Oportunidades.aspx,WebGestor/Ventas,Ventas_Registro_Oportunidades.aspx,.aspx,31728,2025-11-10T02:16:23Z,64e9bacdc65cef6014bf0687d45b597da608e669,408,1,1,WebGestor/Ventas/Ventas_Registro_Oportunidades.aspx.vb
WebGestor/Ventas/Ventas_Registro_Oportunidades.aspx.vb,WebGestor/Ventas,Ventas_Registro_Oportunidades.aspx.vb,.vb,22734,2025-11-10T02:16:23Z,6f84f12ba8a7cc8ffd655c70533c6e81f84ba6e0,377,0,0,
WebGestor/ViewSwitcher.ascx,WebGestor,ViewSwitcher.ascx,.ascx,250,2025-11-10T02:16:23Z,ac63bd64e57b748c2aad8ed3f7df6f0c918806ee,4,0,0,
WebGestor/ViewSwitcher.ascx.designer.vb,WebGestor,ViewSwitcher.ascx.designer.vb,.vb,462,2025-11-10T02:16:23Z,bc4ea10ba84537dd21f9b363307789cfb20c7abf,5,0,0,
WebGestor/ViewSwitcher.ascx.vb,WebGestor,ViewSwitcher.ascx.vb,.vb,1577,2025-11-10T02:16:23Z,7a6e0f21dc9b00ac3629bbc4bbb4d40698fb3df1,41,0,0,
WebGestor/Web.Debug.config,WebGestor,Web.Debug.config,.config,1301,2025-11-10T02:16:23Z,5479cf1d9fd34fe2ac53143c11ef8ef42bb5afb1,,0,0,
WebGestor/Web.Release.config,WebGestor,Web.Release.config,.config,1361,2025-11-10T02:16:23Z,f9b3c4c79b4dfca993f300213880b5aecbd907d7,,0,0,
WebGestor/Web.config,WebGestor,Web.config,.config,6135,2025-11-10T02:16:23Z,d347d359f43bd396a69623578ff435ccdbe45370,,0,0,
WebGestor/Web2.config,WebGestor,Web2.config,.config,4222,2025-11-10T02:16:23Z,697f78e8a03261794672a72b692daa8e3602650b,,0,0,
WebGestor/WebCam_Plugin/jquery.webcam.js,WebGestor/WebCam_Plugin,jquery.webcam.js,.js,2439,2025-11-10T02:16:23Z,c83a41c4246098ecc589eac43030006a362dc9e0,,0,0,
WebGestor/WebCam_Plugin/jscam.swf,WebGestor/WebCam_Plugin,jscam.swf,.swf,5230,2025-11-10T02:16:23Z,3715d0113fce7895316cc84f419f272a3e12733c,,0,0,
WebGestor/WebCam_Plugin/jscam_canvas_only.swf,WebGestor/WebCam_Plugin,jscam_canvas_only.swf,.swf,1546,2025-11-10T02:16:23Z,5764abc171cf95f28d2f8b44b1d623e845851958,,0,0,
WebGestor/WebGestor.vbproj,WebGestor,WebGestor.vbproj,.vbproj,47400,2025-11-10T02:16:23Z,7718ee85d68143464376f78fac9a18bd88c80fda,,0,0,
WebGestor/XMLServidor 1.txt,WebGestor,XMLServidor 1.txt,.txt,806,2025-11-10T02:16:23Z,9289991d2bceadf9f3c616634ddd86b613ace339,,0,0,
WebGestor/XMLServidor.xml,WebGestor,XMLServidor.xml,.xml,680,2025-11-10T02:16:23Z,53612461da509bcbd08ae732c29a8a2739f245d0,,0,0,
WebGestor/bootstrap-4.5.2-dist/bootstrap-4.5.2-dist/css/bootstrap-grid.css,WebGestor/bootstrap-4.5.2-dist/bootstrap-4.5.2-dist/css,bootstrap-grid.css,.css,67472,2025-11-10T02:16:23Z,85ca9901ecb5009e54abd499c24081a5a583041a,,0,0,
WebGestor/bootstrap-4.5.2-dist/bootstrap-4.5.2-dist/css/bootstrap-grid.css.map,WebGestor/bootstrap-4.5.2-dist/bootstrap-4.5.2-dist/css,bootstrap-grid.css.map,.map,157550,2025-11-10T02:16:23Z,1f2ee50a0df1cbfc94052e871d2406faf2b539b2,,0,0,
WebGestor/bootstrap-4.5.2-dist/bootstrap-4.5.2-dist/css/bootstrap-grid.min.css,WebGestor/bootstrap-4.5.2-dist/bootstrap-4.5.2-dist/css,bootstrap-grid.min.css,.css,50636,2025-11-10T02:16:23Z,b06ce384d2950a5a1e61ab7153c05bd1da08c333,,0,0,
WebGestor/bootstrap-4.5.2-dist/bootstrap-4.5.2-dist/css/bootstrap-grid.min.css.map,WebGestor/bootstrap-4.5.2-dist/bootstrap-4.5.2-dist/css,bootstrap-grid.min.css.map,.map,115008,2025-11-10T02:16:23Z,ae1831d68c8b87a813896b88ec617bab4b941516,,0,0,
WebGestor/bootstrap-4.5.2-dist/bootstrap-4.5.2-dist/css/bootstrap-reboot.css,WebGestor/bootstrap-4.5.2-dist/bootstrap-4.5.2-dist/css,bootstrap-reboot.css,.css,4764,2025-11-10T02:16:23Z,7c80bab49a037c9ab1828ef555470f051da82849,,0,0,
WebGestor/bootstrap-4.5.2-dist/bootstrap-4.5.2-dist/css/bootstrap-reboot.css.map,WebGestor/bootstrap-4.5.2-dist/bootstrap-4.5.2-dist/css,bootstrap-reboot.css.map,.map,76950,2025-11-10T02:16:23Z,1ba41cd5ad4e59dbc168243b289106b9dd925e4f,,0,0,
WebGestor/bootstrap-4.5.2-dist/bootstrap-4.5.2-dist/css/bootstrap-reboot.min.css,WebGestor/bootstrap-4.5.2-dist/bootstrap-4.5.2-dist/css,bootstrap-reboot.min.css,.css,3903,2025-11-10T02:16:23Z,163be9df28c3fd63e619a9a56f90ff5458cebdad,,0,0,
WebGestor/bootstrap-4.5.2-dist/bootstrap-4.5.2-dist/css/bootstrap-reboot.min.css.map,WebGestor/bootstrap-4.5.2-dist/bootstrap-4.5.2-dist/css,bootstrap-reboot.min.css.map,.map,32346,2025-11-10T02:16:23Z,691f6161e71b70cbcba805acc6eab880ad5da4db,,0,0,
WebGestor/bootstrap-4.5.2-dist/bootstrap-4.5.2-dist/css/bootstrap.css,WebGestor/bootstrap-4.5.2-dist/bootstrap-4.5.2-dist/css,bootstrap.css,.css,198134,2025-11-10T02:16:23Z,cdbfca39dffaa451db7e57c5e1ffca17f7b0653d,,0,0,
WebGestor/bootstrap-4.5.2-dist/bootstrap-4.5.2-dist/css/bootstrap.css.map,WebGestor/bootstrap-4.5.2-dist/bootstrap-4.5.2-dist/css,bootstrap.css.map,.map,507852,2025-11-10T02:16:23Z,962f05906189f5f26825f79bf16f4e90316845b5,,0,0,
WebGestor/bootstrap-4.5.2-dist/bootstrap-4.5.2-dist/css/bootstrap.min.css,WebGestor/bootstrap-4.5.2-dist/bootstrap-4.5.2-dist/css,bootstrap.min.css,.css,160301,2025-11-10T02:16:23Z,6e6746c7141fbb2a245d055b8354942a5061a459,,0,0,
WebGestor/bootstrap-4.5.2-dist/bootstrap-4.5.2-dist/css/bootstrap.min.css.map,WebGestor/bootstrap-4.5.2-dist/bootstrap-4.5.2-dist/css,bootstrap.min.css.map,.map,646357,2025-11-10T02:16:23Z,091c63dc0cb038691e98ef8a66a98c27076fde30,,0,0,
WebGestor/bootstrap-4.5.2-dist/bootstrap-4.5.2-dist/js/bootstrap.bundle.js,WebGestor/bootstrap-4.5.2-dist/bootstrap-4.5.2-dist/js,bootstrap.bundle.js,.js,228437,2025-11-10T02:16:23Z,53bf5e095c3daa49c64f806278aa96f0acbd8a47,,0,0,
WebGestor/bootstrap-4.5.2-dist/bootstrap-4.5.2-dist/js/bootstrap.bundle.js.map,WebGestor/bootstrap-4.5.2-dist/bootstrap-4.5.2-dist/js,bootstrap.bundle.js.map,.map,410255,2025-11-10T02:16:23Z,f1558936fcb44e837ebc955f36823cf6bfa14afc,,0,0,
WebGestor/bootstrap-4.5.2-dist/bootstrap-4.5.2-dist/js/bootstrap.bundle.min.js,WebGestor/bootstrap-4.5.2-dist/bootstrap-4.5.2-dist/js,bootstrap.bundle.min.js,.js,80927,2025-11-10T02:16:23Z,386ea8bd17f21149c4e3a2303665fe6398e4e7d0,,0,0,
WebGestor/bootstrap-4.5.2-dist/bootstrap-4.5.2-dist/js/bootstrap.bundle.min.js.map,WebGestor/bootstrap-4.5.2-dist/bootstrap-4.5.2-dist/js,bootstrap.bundle.min.js.map,.map,315990,2025-11-10T02:16:23Z,7276a8ea5394021ea0eb007cff95d3f0f97bed41,,0,0,
WebGestor/bootstrap-4.5.2-dist/bootstrap-4.5.2-dist/js/bootstrap.js,WebGestor/bootstrap-4.5.2-dist/bootstrap-4.5.2-dist/js,bootstrap.js,.js,135565,2025-11-10T02:16:23Z,61544861ba070434a605df349fa27119f1651f2b,,0,0,
WebGestor/bootstrap-4.5.2-dist/bootstrap-4.5.2-dist/js/bootstrap.js.map,WebGestor/bootstrap-4.5.2-dist/bootstrap-4.5.2-dist/js,bootstrap.js.map,.map,255140,2025-11-10T02:16:23Z,304397c245084cf2693e0d1a0d29f693e1876bd2,,0,0,
WebGestor/bootstrap-4.5.2-dist/bootstrap-4.5.2-dist/js/bootstrap.min.js,WebGestor/bootstrap-4.5.2-dist/bootstrap-4.5.2-dist/js,bootstrap.min.js,.js,60044,2025-11-10T02:16:23Z,0cc93b8421d89c24a889642428b363cb831de78a,,0,0,
WebGestor/bootstrap-4.5.2-dist/bootstrap-4.5.2-dist/js/bootstrap.min.js.map,WebGestor/bootstrap-4.5.2-dist/bootstrap-4.5.2-dist/js,bootstrap.min.js.map,.map,192261,2025-11-10T02:16:23Z,b31b70602792660c6242a8cfeb6d6ac49942552f,,0,0,
WebGestor/bootstrap/css/bootstrap.css,WebGestor/bootstrap/css,bootstrap.css,.css,141622,2025-11-10T02:16:23Z,f2183455571b19311a235bd5aa204e694ade8e94,,0,0,
WebGestor/bootstrap/css/bootstrap.css.map,WebGestor/bootstrap/css,bootstrap.css.map,.map,380986,2025-11-10T02:16:23Z,2e1d08a9694cd5a694eabca746cfad95fb99653e,,0,0,
WebGestor/bootstrap/css/bootstrap.min.css,WebGestor/bootstrap/css,bootstrap.min.css,.css,89478,2025-11-10T02:16:23Z,7d506539b2ac63371a083119b9252eb70ab87c5c,,0,0,
WebGestor/bootstrap/estilos.css,WebGestor/bootstrap,estilos.css,.css,6864,2025-11-10T02:16:23Z,61e184705c0dd6abba30bca1af5223f9d3e13d9e,,0,0,
WebGestor/bootstrap/fonts/glyphicons-halflings-regular.eot,WebGestor/bootstrap/fonts,glyphicons-halflings-regular.eot,.eot,20127,2025-11-10T02:16:23Z,86b6f62b7853e67d3e635f6512a5a5efc58ea3c3,,0,0,
WebGestor/bootstrap/fonts/glyphicons-halflings-regular.svg,WebGestor/bootstrap/fonts,glyphicons-halflings-regular.svg,.svg,108738,2025-11-10T02:16:23Z,de51a8494180a6db074af2dee2383f0a363c5b08,,0,0,
WebGestor/bootstrap/fonts/glyphicons-halflings-regular.ttf,WebGestor/bootstrap/fonts,glyphicons-halflings-regular.ttf,.ttf,45404,2025-11-10T02:16:23Z,44bc1850f570972267b169ae18f1cb06b611ffa2,,0,0,
WebGestor/bootstrap/fonts/glyphicons-halflings-regular.woff,WebGestor/bootstrap/fonts,glyphicons-halflings-regular.woff,.woff,23424,2025-11-10T02:16:23Z,278e49a86e634da6f2a02f3b47dd9d2a8f26210f,,0,0,
WebGestor/bootstrap/fonts/glyphicons-halflings-regular.woff2,WebGestor/bootstrap/fonts,glyphicons-halflings-regular.woff2,.woff2,18028,2025-11-10T02:16:23Z,ca35b697d99cae4d1b60f2d60fcd37771987eb07,,0,0,
WebGestor/bootstrap/js/bootstrap.js,WebGestor/bootstrap/js,bootstrap.js,.js,67546,2025-11-10T02:16:23Z,542cfd539f0cad650342c8cab8baf1cdbcd5fea6,,0,0,
WebGestor/bootstrap/js/bootstrap.min.js,WebGestor/bootstrap/js,bootstrap.min.js,.js,35951,2025-11-10T02:16:23Z,27947c0c0fa837da9bdfdfc36f649c25f54bd1c0,,0,0,
WebGestor/bootstrap/js/jquery-3.5.1.slim.min.js,WebGestor/bootstrap/js,jquery-3.5.1.slim.min.js,.js,72380,2025-11-10T02:16:23Z,cf8d9821552d51bb50ce572e696aba1309065800,,0,0,
WebGestor/bootstrap/js/npm.js,WebGestor/bootstrap/js,npm.js,.js,484,2025-11-10T02:16:23Z,e2b7590d6ec1fdac66b01fdf66ae0879f53b1262,,0,0,
WebGestor/bootstrap/js/popper.min.js,WebGestor/bootstrap/js,popper.min.js,.js,21233,2025-11-10T02:16:23Z,313789ca0e31b654784dbba8b0f83f364f8683b4,,0,0,
WebGestor/build/bootstrap-less/mixins.less,WebGestor/build/bootstrap-less,mixins.less,.less,1102,2025-11-10T02:16:23Z,a49d4252e22d52e96361c2995c8b2683e6d9ecb9,,0,0,
WebGestor/build/bootstrap-less/mixins/alerts.less,WebGestor/build/bootstrap-less/mixins,alerts.less,.less,257,2025-11-10T02:16:23Z,f43c9ea829ba306aa1f7fdbff2bbaeceb96943fe,,0,0,
WebGestor/build/bootstrap-less/mixins/background-variant.less,WebGestor/build/bootstrap-less/mixins,background-variant.less,.less,139,2025-11-10T02:16:23Z,fbc42dfd819b5045499d6d5a1b6a8b1b805e00de,,0,0,
WebGestor/build/bootstrap-less/mixins/border-radius.less,WebGestor/build/bootstrap-less/mixins,border-radius.less,.less,468,2025-11-10T02:16:23Z,5f5ea29a19bda7b337077ac8fffd714f6f1dfa73,,0,0,
WebGestor/build/bootstrap-less/mixins/buttons.less,WebGestor/build/bootstrap-less/mixins,buttons.less,.less,1080,2025-11-10T02:16:23Z,7e8b1f091502f9492eec18b70c01b5c0632f3d63,,0,0,
WebGestor/build/bootstrap-less/mixins/center-block.less,WebGestor/build/bootstrap-less/mixins,center-block.less,.less,120,2025-11-10T02:16:23Z,363e836fcda8b776364ec8049da1d3ff7120bb3b,,0,0,
WebGestor/build/bootstrap-less/mixins/clearfix.less,WebGestor/build/bootstrap-less/mixins,clearfix.less,.less,605,2025-11-10T02:16:23Z,ef40094d9c0cea82b6c4915121b3e8f93cd6867b,,0,0,
WebGestor/build/bootstrap-less/mixins/forms.less,WebGestor/build/bootstrap-less/mixins,forms.less,.less,2641,2025-11-10T02:16:23Z,6adc4591e33f9dca0cfb6b4ca24e4047a47c2c59,,0,0,
WebGestor/build/bootstrap-less/mixins/gradients.less,WebGestor/build/bootstrap-less/mixins,gradients.less,.less,4388,2025-11-10T02:16:23Z,8040ecb7c9f3705a7eed9a093c0f5f0154144cc2,,0,0,
WebGestor/build/bootstrap-less/mixins/grid-framework.less,WebGestor/build/bootstrap-less/mixins,grid-framework.less,.less,2784,2025-11-10T02:16:23Z,c8425c864ee60fa19f5c1427f79ae0d2ac545775,,0,0,
WebGestor/build/bootstrap-less/mixins/grid.less,WebGestor/build/bootstrap-less/mixins,grid.less,.less,3094,2025-11-10T02:16:23Z,73cb66e7b1780a47bca6e3fc3b5283305cd94953,,0,0,
WebGestor/build/bootstrap-less/mixins/hide-text.less,WebGestor/build/bootstrap-less/mixins,hide-text.less,.less,579,2025-11-10T02:16:23Z,b14164a276a65676eddc5e797c8305f7dbfa20e1,,0,0,
WebGestor/build/bootstrap-less/mixins/image.less,WebGestor/build/bootstrap-less/mixins,image.less,.less,1062,2025-11-10T02:16:23Z,302533996b8a1293fc35eb2241f1da78cc3011d6,,0,0,
WebGestor/build/bootstrap-less/mixins/labels.less,WebGestor/build/bootstrap-less/mixins,labels.less,.less,161,2025-11-10T02:16:23Z,437d55a64a782308ad457c7024886e38f5a1e0fa,,0,0,
WebGestor/build/bootstrap-less/mixins/list-group.less,WebGestor/build/bootstrap-less/mixins,list-group.less,.less,533,2025-11-10T02:16:23Z,098e396c7a9227ac71c41a9a3c4e265d99f0ff2c,,0,0,
WebGestor/build/bootstrap-less/mixins/nav-divider.less,WebGestor/build/bootstrap-less/mixins,nav-divider.less,.less,232,2025-11-10T02:16:23Z,1ccd93c3ff076c1e688765dfaa87aeac62390bd1,,0,0,
WebGestor/build/bootstrap-less/mixins/nav-vertical-align.less,WebGestor/build/bootstrap-less/mixins,nav-vertical-align.less,.less,364,2025-11-10T02:16:23Z,c07f50d6d875842330045ac3c2ac8e9ed3c31f93,,0,0,
WebGestor/build/bootstrap-less/mixins/opacity.less,WebGestor/build/bootstrap-less/mixins,opacity.less,.less,148,2025-11-10T02:16:23Z,a85a83b702c721c21be0ee8e3740b1e0e2fc745f,,0,0,
WebGestor/build/bootstrap-less/mixins/pagination.less,WebGestor/build/bootstrap-less/mixins,pagination.less,.less,438,2025-11-10T02:16:23Z,17545524380bffdf2e818bb7396b0e05db98800c,,0,0,
WebGestor/build/bootstrap-less/mixins/panels.less,WebGestor/build/bootstrap-less/mixins,panels.less,.less,537,2025-11-10T02:16:23Z,cf146220c27aab6ff498d234df8672b4cb6328ba,,0,0,
WebGestor/build/bootstrap-less/mixins/progress-bar.less,WebGestor/build/bootstrap-less/mixins,progress-bar.less,.less,191,2025-11-10T02:16:23Z,634a3c87979c4fe56550e4cb9111d722c1e773af,,0,0,
WebGestor/build/bootstrap-less/mixins/reset-filter.less,WebGestor/build/bootstrap-less/mixins,reset-filter.less,.less,248,2025-11-10T02:16:23Z,6b5a0d3cc4c261e8d4b99eaa534fc61570cacf1e,,0,0,
WebGestor/build/bootstrap-less/mixins/resize.less,WebGestor/build/bootstrap-less/mixins,resize.less,.less,196,2025-11-10T02:16:23Z,70dbe3557a5a717a825b2a9186ec62dab5957686,,0,0,
WebGestor/build/bootstrap-less/mixins/responsive-visibility.less,WebGestor/build/bootstrap-less/mixins,responsive-visibility.less,.less,343,2025-11-10T02:16:23Z,adb6a8a43812e8e4717feba549f756cb60d01d26,,0,0,
WebGestor/build/bootstrap-less/mixins/size.less,WebGestor/build/bootstrap-less/mixins,size.less,.less,127,2025-11-10T02:16:23Z,be8be9a5ea4045c0c6fae1c4a9a933b14fa9d77c,,0,0,
WebGestor/build/bootstrap-less/mixins/tab-focus.less,WebGestor/build/bootstrap-less/mixins,tab-focus.less,.less,159,2025-11-10T02:16:23Z,b2cce3349f44307965f27a6acd890fac5e61678f,,0,0,
WebGestor/build/bootstrap-less/mixins/table-row.less,WebGestor/build/bootstrap-less/mixins,table-row.less,.less,700,2025-11-10T02:16:23Z,c95a6b50bf82e762c25badbf9738b8058995131e,,0,0,
WebGestor/build/bootstrap-less/mixins/text-emphasis.less,WebGestor/build/bootstrap-less/mixins,text-emphasis.less,.less,116,2025-11-10T02:16:23Z,6dc662365296d22d84c674db3cfdab67d351910d,,0,0,
WebGestor/build/bootstrap-less/mixins/text-overflow.less,WebGestor/build/bootstrap-less/mixins,text-overflow.less,.less,162,2025-11-10T02:16:23Z,54d68679f6b9e2c34df9ff38fbbd52742394bb9b,,0,0,
WebGestor/build/bootstrap-less/mixins/vendor-prefixes.less,WebGestor/build/bootstrap-less/mixins,vendor-prefixes.less,.less,6650,2025-11-10T02:16:23Z,d3adf4b7fa1eb5078519f003f3c931ec871ca17f,,0,0,
WebGestor/build/bootstrap-less/variables.less,WebGestor/build/bootstrap-less,variables.less,.less,27053,2025-11-10T02:16:23Z,8884e2ffb47af1266dde9d3f581ca21cc08e10d6,,0,0,
WebGestor/build/less/404_500_errors.less,WebGestor/build/less,404_500_errors.less,.less,700,2025-11-10T02:16:23Z,597805a5282c44d7d39ea3a7b8168464c8fd92c8,,0,0,
WebGestor/build/less/AdminLTE.less,WebGestor/build/less,AdminLTE.less,.less,1563,2025-11-10T02:16:23Z,42b760a586b93938b53c26b6a6c51214c3d8a1d0,,0,0,
WebGestor/build/less/alerts.less,WebGestor/build/less,alerts.less,.less,645,2025-11-10T02:16:23Z,5bcd8d2f9810934bd9a5469c4a064269f00315da,,0,0,
WebGestor/build/less/bootstrap-social.less,WebGestor/build/less,bootstrap-social.less,.less,2827,2025-11-10T02:16:23Z,e62d477d2221bbed63594bf3a10d4c5cbc0729a6,,0,0,
WebGestor/build/less/boxes.less,WebGestor/build/less,boxes.less,.less,7565,2025-11-10T02:16:23Z,8e62751159de744649300c75eec33d91d1e07c75,,0,0,
WebGestor/build/less/buttons.less,WebGestor/build/less,buttons.less,.less,3120,2025-11-10T02:16:23Z,71c29dd121e857d94024c9425600cce1358f5392,,0,0,
WebGestor/build/less/callout.less,WebGestor/build/less,callout.less,.less,845,2025-11-10T02:16:23Z,61fdea83e913db75ddad6c4419b39723ed98b681,,0,0,
WebGestor/build/less/carousel.less,WebGestor/build/less,carousel.less,.less,249,2025-11-10T02:16:23Z,95d0fb398a065cee1a0e7b578826aff29f40d620,,0,0,
WebGestor/build/less/control-sidebar.less,WebGestor/build/less,control-sidebar.less,.less,5548,2025-11-10T02:16:23Z,1ebb6220ac65207c0e1b64b7c343f9d6415d9b9a,,0,0,
WebGestor/build/less/core.less,WebGestor/build/less,core.less,.less,2726,2025-11-10T02:16:23Z,11122db1021f8f2bc7bccf0f17b7c3981bef57fe,,0,0,
WebGestor/build/less/direct-chat.less,WebGestor/build/less,direct-chat.less,.less,3033,2025-11-10T02:16:23Z,0e4d2cf530198f1dce8217dec7ff8930403cff16,,0,0,
WebGestor/build/less/dropdown.less,WebGestor/build/less,dropdown.less,.less,6906,2025-11-10T02:16:23Z,33e3d851c9c937acc996682dc4dc78fd5f9a08ea,,0,0,
WebGestor/build/less/forms.less,WebGestor/build/less,forms.less,.less,1296,2025-11-10T02:16:23Z,32f3f72bdbfa130ec74240e3a938923ff7134ef9,,0,0,
WebGestor/build/less/fullcalendar.less,WebGestor/build/less,fullcalendar.less,.less,1516,2025-11-10T02:16:23Z,29d98d2e872c344f71092305904dd8c1b82cb972,,0,0,
WebGestor/build/less/header.less,WebGestor/build/less,header.less,.less,4921,2025-11-10T02:16:23Z,c5e997f8ffbb83907d363cd19850267137e8bfbe,,0,0,
WebGestor/build/less/info-box.less,WebGestor/build/less,info-box.less,.less,1087,2025-11-10T02:16:23Z,657a0aba1fcd7f18b14c4c65dcd8b46090dcdc8a,,0,0,
WebGestor/build/less/invoice.less,WebGestor/build/less,invoice.less,.less,200,2025-11-10T02:16:23Z,41ab73a68d52d92ac9f0c3a99d1633a4fbdf953b,,0,0,
WebGestor/build/less/labels.less,WebGestor/build/less,labels.less,.less,315,2025-11-10T02:16:23Z,95833995b0c85fdece157a67015bda3108ff2bf4,,0,0,
WebGestor/build/less/lockscreen.less,WebGestor/build/less,lockscreen.less,.less,1156,2025-11-10T02:16:23Z,19ebbf19634615aaa7b8bc73210ae7e2236d7d2e,,0,0,
WebGestor/build/less/login_and_register.less,WebGestor/build/less,login_and_register.less,.less,721,2025-11-10T02:16:23Z,f7a8fdde02fefa937907eadfc768b6f753fbc592,,0,0,
WebGestor/build/less/mailbox.less,WebGestor/build/less,mailbox.less,.less,1209,2025-11-10T02:16:23Z,34669bc2f8c3ddc4df80af6b86c4a9304c0ff1b3,,0,0,
WebGestor/build/less/miscellaneous.less,WebGestor/build/less,miscellaneous.less,.less,6123,2025-11-10T02:16:23Z,45d4dbcae32069afdc720bd4d83761ddc7fe5783,,0,0,
WebGestor/build/less/mixins.less,WebGestor/build/less,mixins.less,.less,7156,2025-11-10T02:16:23Z,8be5b23fb67382a63495602151c4441a0b672d21,,0,0,
WebGestor/build/less/modal.less,WebGestor/build/less,modal.less,.less,1317,2025-11-10T02:16:23Z,e60f78f85a6f7d595ee918989a7eaa1ca328f4a0,,0,0,
WebGestor/build/less/navs.less,WebGestor/build/less,navs.less,.less,3027,2025-11-10T02:16:23Z,af85854970b08fc0ce4276a8a4757f9c08603c48,,0,0,
WebGestor/build/less/print.less,WebGestor/build/less,print.less,.less,962,2025-11-10T02:16:23Z,c6e4c540bc49d2e9be835dfe3a448ca4240539c8,,0,0,
WebGestor/build/less/products.less,WebGestor/build/less,products.less,.less,783,2025-11-10T02:16:23Z,ed0affc77f29b4a13e421ec23979e9ab776c6efe,,0,0,
WebGestor/build/less/progress-bars.less,WebGestor/build/less,progress-bars.less,.less,1682,2025-11-10T02:16:23Z,e175bc442f7be0a72fedd19ecc151ca93a31e74e,,0,0,
WebGestor/build/less/sidebar-mini.less,WebGestor/build/less,sidebar-mini.less,.less,3290,2025-11-10T02:16:23Z,df835d88d203ec8e7b737fd89f4af8a0dcb79b2d,,0,0,
WebGestor/build/less/sidebar.less,WebGestor/build/less,sidebar.less,.less,2740,2025-11-10T02:16:23Z,8317be6200992c051ea9af8f43e080ac2a36d4f6,,0,0,
WebGestor/build/less/skins/_all-skins.less,WebGestor/build/less/skins,_all-skins.less,.less,381,2025-11-10T02:16:23Z,3a020078418e2a2f337082bd4d00ee13c64ded36,,0,0,
WebGestor/build/less/skins/skin-black-light.less,WebGestor/build/less/skins,skin-black-light.less,.less,1329,2025-11-10T02:16:23Z,cb7d5a441b7513ec7f05b5f4eaaeba3719881753,,0,0,
WebGestor/build/less/skins/skin-black.less,WebGestor/build/less/skins,skin-black.less,.less,1318,2025-11-10T02:16:23Z,82cdb34afba1dc42792a0f4c09d2a27cbe012407,,0,0,
WebGestor/build/less/skins/skin-blue-light.less,WebGestor/build/less/skins,skin-blue-light.less,.less,1196,2025-11-10T02:16:23Z,fe9a600be21e796488a75ef7ed07648377dafce1,,0,0,
WebGestor/build/less/skins/skin-blue.less,WebGestor/build/less/skins,skin-blue.less,.less,1157,2025-11-10T02:16:23Z,fc268c4bfa13a1d205f4c6b113759946602a1651,,0,0,
WebGestor/build/less/skins/skin-green-light.less,WebGestor/build/less/skins,skin-green-light.less,.less,1035,2025-11-10T02:16:23Z,60ea2bd2eeabb40f8eb9b28a912d09bdc620ddcb,,0,0,
WebGestor/build/less/skins/skin-green.less,WebGestor/build/less/skins,skin-green.less,.less,1052,2025-11-10T02:16:23Z,91043f68d171258e4cdf86f0c705d9d883189bfd,,0,0,
WebGestor/build/less/skins/skin-purple-light.less,WebGestor/build/less/skins,skin-purple-light.less,.less,1043,2025-11-10T02:16:23Z,124448402e2c309664e1aa1593e22534f0c51cc4,,0,0,
WebGestor/build/less/skins/skin-purple.less,WebGestor/build/less/skins,skin-purple.less,.less,1058,2025-11-10T02:16:23Z,e4a6dc8b34879c8e02fa65e2bed49c92a2640834,,0,0,
WebGestor/build/less/skins/skin-red-light.less,WebGestor/build/less/skins,skin-red-light.less,.less,1026,2025-11-10T02:16:23Z,531fe77033076cdc29cfe91d7b1fcaa47d523529,,0,0,
WebGestor/build/less/skins/skin-red.less,WebGestor/build/less/skins,skin-red.less,.less,1031,2025-11-10T02:16:23Z,5a44dac84b3c1137f0a0dc5f5f189e8a64d05111,,0,0,
WebGestor/build/less/skins/skin-yellow-light.less,WebGestor/build/less/skins,skin-yellow-light.less,.less,1053,2025-11-10T02:16:23Z,de950af8e8ac1e96f11c448952099656cf9e6b99,,0,0,
WebGestor/build/less/skins/skin-yellow.less,WebGestor/build/less/skins,skin-yellow.less,.less,1058,2025-11-10T02:16:23Z,289dacd3b7724cda8740fbefec2a6c65107b03c9,,0,0,
WebGestor/build/less/small-box.less,WebGestor/build/less,small-box.less,.less,1441,2025-11-10T02:16:23Z,b1030389cfd6fd76205621477d575161c762f162,,0,0,
WebGestor/build/less/table.less,WebGestor/build/less,table.less,.less,900,2025-11-10T02:16:23Z,ba3661145e07275069ef1fef9a68a3edb05aae89,,0,0,
WebGestor/build/less/timeline.less,WebGestor/build/less,timeline.less,.less,1760,2025-11-10T02:16:23Z,1e4efe9081da86bd0886071b62f80d6c3477397c,,0,0,
WebGestor/build/less/users-list.less,WebGestor/build/less,users-list.less,.less,606,2025-11-10T02:16:23Z,d4cdb5ba15e26bd3ce6b3f6ad2c90c78749b7152,,0,0,
WebGestor/build/less/variables.less,WebGestor/build/less,variables.less,.less,3415,2025-11-10T02:16:23Z,5eb63a8754f1a6bdca101528e202d77533664f4e,,0,0,
WebGestor/camara.aspx,WebGestor,camara.aspx,.aspx,3711,2025-11-10T02:16:23Z,0328a53367814ebbe8917e33790a3943e6e7b6f1,81,1,1,WebGestor/camara.aspx.vb
WebGestor/camara.aspx.vb,WebGestor,camara.aspx.vb,.vb,5121,2025-11-10T02:16:23Z,3f1b29dd7eb7903c113b5837d870ce1ca7654f9a,115,0,0,
WebGestor/camaraUpload.ashx,WebGestor,camaraUpload.ashx,.ashx,1000,2025-11-10T02:16:23Z,7a76f0283bdac0f43f90d2bb7d140b9c0d17457d,,0,0,
WebGestor/camara_.ashx,WebGestor,camara_.ashx,.ashx,1643,2025-11-10T02:16:23Z,12edc0c4e029ef9ad6d7298a7d0c36816186b17c,,0,0,
WebGestor/dist/css/AdminLTE.css,WebGestor/dist/css,AdminLTE.css,.css,100231,2025-11-10T02:16:23Z,e2b099c84d15767a62f0073fb3836538b3c2a252,,0,0,
WebGestor/dist/css/AdminLTE.min.css,WebGestor/dist/css,AdminLTE.min.css,.css,111564,2025-11-10T02:16:23Z,87c2b08b6903410c4b93bdaf9b21a16d3fc932c8,,0,0,
WebGestor/dist/css/skins/_all-skins.css,WebGestor/dist/css/skins,_all-skins.css,.css,49294,2025-11-10T02:16:23Z,dd2a9db611972970b885b7895e888fa14bb4f30f,,0,0,
WebGestor/dist/css/skins/_all-skins.min.css,WebGestor/dist/css/skins,_all-skins.min.css,.css,54921,2025-11-10T02:16:23Z,0dfa6fca19d11a3a5e99c1df00aed41633fb5cdc,,0,0,
WebGestor/dist/css/skins/skin-black-light.css,WebGestor/dist/css/skins,skin-black-light.css,.css,4992,2025-11-10T02:16:23Z,4a4e76cd9526608c47c66525faa81c136022bb91,,0,0,
WebGestor/dist/css/skins/skin-black-light.min.css,WebGestor/dist/css/skins,skin-black-light.min.css,.css,4234,2025-11-10T02:16:23Z,a2f12473adb59228b1290cefbbb1de3ee7abc48e,,0,0,
WebGestor/dist/css/skins/skin-black.css,WebGestor/dist/css/skins,skin-black.css,.css,4076,2025-11-10T02:16:23Z,5c5dccf9009f71fb96f07025d5536a8f7854d900,,0,0,
WebGestor/dist/css/skins/skin-black.min.css,WebGestor/dist/css/skins,skin-black.min.css,.css,3409,2025-11-10T02:16:23Z,1a9708bc479fc664684f183bece008c5c790cfab,,0,0,
WebGestor/dist/css/skins/skin-blue-light.css,WebGestor/dist/css/skins,skin-blue-light.css,.css,4663,2025-11-10T02:16:23Z,f76a7886fdeaec4eb9b08a08fa98ffe44856030b,,0,0,
WebGestor/dist/css/skins/skin-blue-light.min.css,WebGestor/dist/css/skins,skin-blue-light.min.css,.css,4031,2025-11-10T02:16:23Z,54403f47986d5d99ad42694702513088f1adb006,,0,0,
WebGestor/dist/css/skins/skin-blue.css,WebGestor/dist/css/skins,skin-blue.css,.css,3715,2025-11-10T02:16:23Z,e7f22020a94cc29f4c4dbe7daccfac8d7ade20cd,,0,0,
WebGestor/dist/css/skins/skin-blue.min.css,WebGestor/dist/css/skins,skin-blue.min.css,.css,3182,2025-11-10T02:16:23Z,69232fb81b47d277a89e66cb93c605431fa11a3f,,0,0,
WebGestor/dist/css/skins/skin-green-light.css,WebGestor/dist/css/skins,skin-green-light.css,.css,4427,2025-11-10T02:16:23Z,456e893a8c228cbe8417f2d14f9c2c82731a29ef,,0,0,
WebGestor/dist/css/skins/skin-green-light.min.css,WebGestor/dist/css/skins,skin-green-light.min.css,.css,3834,2025-11-10T02:16:23Z,c3ea9107917ea97118d68c20cc78f8c1259a38e9,,0,0,
WebGestor/dist/css/skins/skin-green.css,WebGestor/dist/css/skins,skin-green.css,.css,3535,2025-11-10T02:16:23Z,96798364e2722cede9039f1aff8c096f800a4e2d,,0,0,
WebGestor/dist/css/skins/skin-green.min.css,WebGestor/dist/css/skins,skin-green.min.css,.css,3033,2025-11-10T02:16:23Z,6d9610d9495b6a290276485622f1e3194a5fb98d,,0,0,
WebGestor/dist/css/skins/skin-purple-light.css,WebGestor/dist/css/skins,skin-purple-light.css,.css,4478,2025-11-10T02:16:23Z,02d9474dd2313821791ca82d3e9679aea6f211e1,,0,0,
WebGestor/dist/css/skins/skin-purple-light.min.css,WebGestor/dist/css/skins,skin-purple-light.min.css,.css,3883,2025-11-10T02:16:23Z,a38176ff115fedbf3556a008d362969e701a5e4b,,0,0,
WebGestor/dist/css/skins/skin-purple.css,WebGestor/dist/css/skins,skin-purple.css,.css,3579,2025-11-10T02:16:23Z,36c25e2845dc5b53c3c23119513e349535ef1a79,,0,0,
WebGestor/dist/css/skins/skin-purple.min.css,WebGestor/dist/css/skins,skin-purple.min.css,.css,3075,2025-11-10T02:16:23Z,2508a5bef6f7825c2ce78d038b4a6059ca488c13,,0,0,
WebGestor/dist/css/skins/skin-red-light.css,WebGestor/dist/css/skins,skin-red-light.css,.css,4325,2025-11-10T02:16:23Z,7b487adc3f98bf8f5138d6b68e68bf680645b683,,0,0,
WebGestor/dist/css/skins/skin-red-light.min.css,WebGestor/dist/css/skins,skin-red-light.min.css,.css,3736,2025-11-10T02:16:23Z,41440745b72977f5e401376bb517fe85cafa5f3e,,0,0,
WebGestor/dist/css/skins/skin-red.css,WebGestor/dist/css/skins,skin-red.css,.css,3447,2025-11-10T02:16:23Z,9f74da264a97c6d72e0845173bb806ecdd49ac13,,0,0,
WebGestor/dist/css/skins/skin-red.min.css,WebGestor/dist/css/skins,skin-red.min.css,.css,2949,2025-11-10T02:16:23Z,45c826a1ded69ac4e2a5a757a9cbd2707bf57fa3,,0,0,
WebGestor/dist/css/skins/skin-yellow-light.css,WebGestor/dist/css/skins,skin-yellow-light.css,.css,4478,2025-11-10T02:16:23Z,f8b1fa48310b771db52738244b09c0f90fd2a34e,,0,0,
WebGestor/dist/css/skins/skin-yellow-light.min.css,WebGestor/dist/css/skins,skin-yellow-light.min.css,.css,3883,2025-11-10T02:16:23Z,7954aa42b98e553e45d8b2e79661df3c1e3fee67,,0,0,
WebGestor/dist/css/skins/skin-yellow.css,WebGestor/dist/css/skins,skin-yellow.css,.css,3579,2025-11-10T02:16:23Z,f5627e11805d801adce1670a99c8b06bc1cd6051,,0,0,
WebGestor/dist/css/skins/skin-yellow.min.css,WebGestor/dist/css/skins,skin-yellow.min.css,.css,3075,2025-11-10T02:16:23Z,0dfbddad67216da734df74f3bc47b1155a4dec7d,,0,0,
WebGestor/dist/img/avatar.png,WebGestor/dist/img,avatar.png,.png,27738,2025-11-10T02:16:23Z,f15ac0d2a3ddfee14028ff1736c635f3225cf91c,,0,0,
WebGestor/dist/img/avatar04.png,WebGestor/dist/img,avatar04.png,.png,44586,2025-11-10T02:16:23Z,f19600277985493d6635d09cc1cac8ed7aacdf02,,0,0,
WebGestor/dist/img/avatar2.png,WebGestor/dist/img,avatar2.png,.png,28512,2025-11-10T02:16:23Z,50ecbe0a95b03b7f9e7dd51f0893f80ce4c4212d,,0,0,
WebGestor/dist/img/avatar3.png,WebGestor/dist/img,avatar3.png,.png,32476,2025-11-10T02:16:23Z,0f1dd5a428446094256b2f3cb16278bd58786f0c,,0,0,
WebGestor/dist/img/avatar5.png,WebGestor/dist/img,avatar5.png,.png,24988,2025-11-10T02:16:23Z,7aa146b7d1927bd539dd3dbb9c5c5b7c80307ea8,,0,0,
WebGestor/dist/img/boxed-bg.jpg,WebGestor/dist/img,boxed-bg.jpg,.jpg,123770,2025-11-10T02:16:23Z,3035a22cec8e49613fc2b5b58880067960688e79,,0,0,
WebGestor/dist/img/boxed-bg.png,WebGestor/dist/img,boxed-bg.png,.png,43694,2025-11-10T02:16:23Z,84bc265bc6c53141f9656878b371ca93543090c0,,0,0,
WebGestor/dist/img/credit/american-express.png,WebGestor/dist/img/credit,american-express.png,.png,2796,2025-11-10T02:16:23Z,bf9519ff191a1eaab2c704032971c142443976c8,,0,0,
WebGestor/dist/img/credit/cirrus.png,WebGestor/dist/img/credit,cirrus.png,.png,1872,2025-11-10T02:16:23Z,00887d9cbc5c6fadfc57be1a064265e36707edb5,,0,0,
WebGestor/dist/img/credit/mastercard.png,WebGestor/dist/img/credit,mastercard.png,.png,1988,2025-11-10T02:16:23Z,3062a5862cc1aac8a98973d266a7a9bdf0eb2836,,0,0,
WebGestor/dist/img/credit/mestro.png,WebGestor/dist/img/credit,mestro.png,.png,1981,2025-11-10T02:16:23Z,9935fbdc23b416a6fc5a0896bfce2d84757238c6,,0,0,
WebGestor/dist/img/credit/paypal.png,WebGestor/dist/img/credit,paypal.png,.png,2664,2025-11-10T02:16:23Z,13cba4a8a5d76ac6a245bbfe8ff2917a25dcfeca,,0,0,
WebGestor/dist/img/credit/paypal2.png,WebGestor/dist/img/credit,paypal2.png,.png,1416,2025-11-10T02:16:23Z,5661fe833a0bea0a63a8504bf933e78ef65dd0d0,,0,0,
WebGestor/dist/img/credit/visa.png,WebGestor/dist/img/credit,visa.png,.png,1199,2025-11-10T02:16:23Z,59282f364ff16c8464c4ff90edb27936ebca28d1,,0,0,
WebGestor/dist/img/default-50x50.gif,WebGestor/dist/img,default-50x50.gif,.gif,184,2025-11-10T02:16:23Z,c3779e4aeb123953c7decb12949abdd17b1d3f27,,0,0,
WebGestor/dist/img/icons.png,WebGestor/dist/img,icons.png,.png,1896,2025-11-10T02:16:23Z,ea0a778be1fbac18e44778031dee0ea0a359f422,,0,0,
WebGestor/dist/img/photo1.png,WebGestor/dist/img,photo1.png,.png,1639025,2025-11-10T02:16:23Z,13fe94cd21ddbb98bd1cf91486e00d0852c3e48a,,0,0,
WebGestor/dist/img/photo2.png,WebGestor/dist/img,photo2.png,.png,1427229,2025-11-10T02:16:23Z,e4a3e86671bf2001f036998a938a7aae97a379f3,,0,0,
WebGestor/dist/img/sprite-skin-flat.png,WebGestor/dist/img,sprite-skin-flat.png,.png,352,2025-11-10T02:16:23Z,53cbe56c075cba056dd3ee009d1eaa92161d6830,,0,0,
WebGestor/dist/img/sprite-skin-nice.png,WebGestor/dist/img,sprite-skin-nice.png,.png,1022,2025-11-10T02:16:23Z,274a093212f92bfaf099c1b7c3f2effa26bf6770,,0,0,
WebGestor/dist/img/user1-128x128.jpg,WebGestor/dist/img,user1-128x128.jpg,.jpg,3377,2025-11-10T02:16:23Z,5f2d014ff084c102867bd592b50d0c11e974892d,,0,0,
WebGestor/dist/img/user2-160x160.jpg,WebGestor/dist/img,user2-160x160.jpg,.jpg,8042,2025-11-10T02:16:23Z,e4aeba0e08ac30570f5097de39728ff1704e2c35,,0,0,
WebGestor/dist/img/user3-128x128.jpg,WebGestor/dist/img,user3-128x128.jpg,.jpg,4025,2025-11-10T02:16:23Z,d05603af31613a61549444774e78e640654ef486,,0,0,
WebGestor/dist/img/user4-128x128.jpg,WebGestor/dist/img,user4-128x128.jpg,.jpg,3482,2025-11-10T02:16:23Z,7a70da454d4f95b05466951eb451eaadc5c65351,,0,0,
WebGestor/dist/img/user5-128x128.jpg,WebGestor/dist/img,user5-128x128.jpg,.jpg,6492,2025-11-10T02:16:23Z,52430a11dd26a23a0ce513777909d4fcfb9c395a,,0,0,
WebGestor/dist/img/user6-128x128.jpg,WebGestor/dist/img,user6-128x128.jpg,.jpg,4863,2025-11-10T02:16:23Z,f40722976d9c40aa5f58867c2c1840972e12d36f,,0,0,
WebGestor/dist/img/user7-128x128.jpg,WebGestor/dist/img,user7-128x128.jpg,.jpg,7066,2025-11-10T02:16:23Z,c1ca70741632880e223ae32c41e4b0f0e25de719,,0,0,
WebGestor/dist/img/user8-128x128.jpg,WebGestor/dist/img,user8-128x128.jpg,.jpg,5728,2025-11-10T02:16:23Z,09edbc1c2ea2f60897be8368f54cc9d55bbefd21,,0,0,
WebGestor/dist/js/app.js,WebGestor/dist/js,app.js,.js,20841,2025-11-10T02:16:23Z,a1b97b0bbc67a97caf202c85d40afd74fda02394,,0,0,
WebGestor/dist/js/app.min.js,WebGestor/dist/js,app.min.js,.js,8745,2025-11-10T02:16:23Z,21e8f44cbec02aa2e2b2b8d49299ec9265acce6f,,0,0,
WebGestor/dist/js/demo.js,WebGestor/dist/js,demo.js,.js,17873,2025-11-10T02:16:23Z,42a4a80e5923aa03a01560da98e2b2b8ecdcd9df,,0,0,
WebGestor/dist/js/pages/dashboard.js,WebGestor/dist/js/pages,dashboard.js,.js,6387,2025-11-10T02:16:23Z,6c82c242f83b54819d94fb6b0e13aea0316d9941,,0,0,
WebGestor/dist/js/pages/dashboard2.js,WebGestor/dist/js/pages,dashboard2.js,.js,8932,2025-11-10T02:16:23Z,56465a49775051d79509de65f397ad0ab440b634,,0,0,
WebGestor/favicon.ico,WebGestor,favicon.ico,.ico,32038,2025-11-10T02:16:23Z,1c0c85678ae963bc96d0b7fbe1eb89074cf1fbe0,,0,0,
WebGestor/fonts.css,WebGestor,fonts.css,.css,1079,2025-11-10T02:16:23Z,b0ae74374793868e95e7f20361a4d52371cab328,,0,0,
WebGestor/fonts/glyphicons-halflings-regular.eot,WebGestor/fonts,glyphicons-halflings-regular.eot,.eot,20127,2025-11-10T02:16:23Z,86b6f62b7853e67d3e635f6512a5a5efc58ea3c3,,0,0,
WebGestor/fonts/glyphicons-halflings-regular.svg,WebGestor/fonts,glyphicons-halflings-regular.svg,.svg,108738,2025-11-10T02:16:23Z,de51a8494180a6db074af2dee2383f0a363c5b08,,0,0,
WebGestor/fonts/glyphicons-halflings-regular.ttf,WebGestor/fonts,glyphicons-halflings-regular.ttf,.ttf,45404,2025-11-10T02:16:23Z,44bc1850f570972267b169ae18f1cb06b611ffa2,,0,0,
WebGestor/fonts/glyphicons-halflings-regular.woff,WebGestor/fonts,glyphicons-halflings-regular.woff,.woff,23424,2025-11-10T02:16:23Z,278e49a86e634da6f2a02f3b47dd9d2a8f26210f,,0,0,
WebGestor/fonts/glyphicons-halflings-regular.woff2,WebGestor/fonts,glyphicons-halflings-regular.woff2,.woff2,18028,2025-11-10T02:16:23Z,ca35b697d99cae4d1b60f2d60fcd37771987eb07,,0,0,
WebGestor/index.html,WebGestor,index.html,.html,54169,2025-11-10T02:16:23Z,19d3b8901507ae38b402f7f0e1335b12bbe2a3bf,,0,0,
WebGestor/index2.html,WebGestor,index2.html,.html,67441,2025-11-10T02:16:23Z,460dab1153411bc87d80c05e497effc1fd686d0a,,0,0,
WebGestor/libman.json,WebGestor,libman.json,.json,71,2025-11-10T02:16:23Z,54a53105448010a0f4ec581a7763e55e483c938b,,0,0,
WebGestor/menu.js,WebGestor,menu.js,.js,407,2025-11-10T02:16:23Z,8433c9b4e3afadbfdce27405deb38c51475fa8fb,,0,0,
WebGestor/packages.config,WebGestor,packages.config,.config,3431,2025-11-10T02:16:23Z,794a9ee9a7d00148eb55e04023e0b3f60bbf9060,,0,0,
WebGestor/pages/UI/buttons.html,WebGestor/pages/UI,buttons.html,.html,78678,2025-11-10T02:16:23Z,4dcfb724d1e14038b84f8ebb5111d6afff0d0691,,0,0,
WebGestor/pages/UI/general.html,WebGestor/pages/UI,general.html,.html,73453,2025-11-10T02:16:23Z,013828df72f6979c62aa9966ea1b0e87b5ba206a,,0,0,
WebGestor/pages/UI/icons.html,WebGestor/pages/UI,icons.html,.html,164836,2025-11-10T02:16:23Z,a69c3f40a33e24e3a8845de51d2ec733259c2e4e,,0,0,
WebGestor/pages/UI/modals.html,WebGestor/pages/UI,modals.html,.html,36843,2025-11-10T02:16:23Z,8b54edbb8bdacbca5a9a719d35bc210f27bdcf09,,0,0,
WebGestor/pages/UI/sliders.html,WebGestor/pages/UI,sliders.html,.html,38939,2025-11-10T02:16:23Z,cb88994bec10d622b9ca6d329241367468e7f3ae,,0,0,
WebGestor/pages/UI/timeline.html,WebGestor/pages/UI,timeline.html,.html,37156,2025-11-10T02:16:23Z,8585ca9709ed051bdb9cb68f90fe052c0e6451cb,,0,0,
WebGestor/pages/calendar.html,WebGestor/pages,calendar.html,.html,40769,2025-11-10T02:16:23Z,f2b9d5d66648bdc99337bb6721807f0c1fbfbca0,,0,0,
WebGestor/pages/charts/chartjs.html,WebGestor/pages/charts,chartjs.html,.html,37439,2025-11-10T02:16:23Z,7cec482eb115dbaabea4a1a0ae90bc24d18187e5,,0,0,
WebGestor/pages/charts/flot.html,WebGestor/pages/charts,flot.html,.html,42548,2025-11-10T02:16:23Z,8917c5408e787afad2061a66167b32a38b55552a,,0,0,
WebGestor/pages/charts/inline.html,WebGestor/pages/charts,inline.html,.html,53457,2025-11-10T02:16:23Z,caf00bc22dbe1fc23b89cc298e0b624f91a29919,,0,0,
WebGestor/pages/charts/morris.html,WebGestor/pages/charts,morris.html,.html,37142,2025-11-10T02:16:23Z,96d969b1a27ca8f50609f90d5489e0eedec3be1e,,0,0,
WebGestor/pages/examples/404.html,WebGestor/pages/examples,404.html,.html,31600,2025-11-10T02:16:23Z,5732220e56b39170cfe82f2451ecf19fecf18d2d,,0,0,
WebGestor/pages/examples/500.html,WebGestor/pages/examples,500.html,.html,31557,2025-11-10T02:16:23Z,573a57d8b05e1959c9019feb91f098fff7066c45,,0,0,
WebGestor/pages/examples/blank.html,WebGestor/pages/examples,blank.html,.html,26472,2025-11-10T02:16:23Z,7580583f2d2e9c2c1dec39d01928f32501c3118b,,0,0,
WebGestor/pages/examples/invoice-print.html,WebGestor/pages/examples,invoice-print.html,.html,5882,2025-11-10T02:16:23Z,702ef304a53cb574e514d8ba230abbd030b63ac8,,0,0,
WebGestor/pages/examples/invoice.html,WebGestor/pages/examples,invoice.html,.html,36178,2025-11-10T02:16:23Z,bb29abd02a201f1981737bc7c7c4500964817aaa,,0,0,
WebGestor/pages/examples/lockscreen.html,WebGestor/pages/examples,lockscreen.html,.html,2717,2025-11-10T02:16:23Z,79cba3cd28471bdb35e8fdc59493656bb08297f1,,0,0,
WebGestor/pages/examples/login.html,WebGestor/pages/examples,login.html,.html,3541,2025-11-10T02:16:23Z,210302910b64242273a8313583a58b052fe49300,,0,0,
WebGestor/pages/examples/register.html,WebGestor/pages/examples,register.html,.html,3955,2025-11-10T02:16:23Z,093f160d7a31d850da6359da6ccb09c70193c7c6,,0,0,
WebGestor/pages/forms/advanced.html,WebGestor/pages/forms,advanced.html,.html,45389,2025-11-10T02:16:23Z,8110754d342b588c30486fb279f794a431a764dc,,0,0,
WebGestor/pages/forms/editors.html,WebGestor/pages/forms,editors.html,.html,33283,2025-11-10T02:16:23Z,427a5f464e994ea28d3eb9ec0c6370be01c2634a,,0,0,
WebGestor/pages/forms/general.html,WebGestor/pages/forms,general.html,.html,44840,2025-11-10T02:16:23Z,1ef7d675a4a0f5b39860c8655526f0eb129086dc,,0,0,
WebGestor/pages/layout/boxed.html,WebGestor/pages/layout,boxed.html,.html,26756,2025-11-10T02:16:23Z,fe396d1d6670742e4c16d48c0fedb2a387dca297,,0,0,
WebGestor/pages/layout/collapsed-sidebar.html,WebGestor/pages/layout,collapsed-sidebar.html,.html,26653,2025-11-10T02:16:23Z,d8482bad7b921833709c58b81d384c73a28d8d21,,0,0,
WebGestor/pages/layout/fixed.html,WebGestor/pages/layout,fixed.html,.html,26990,2025-11-10T02:16:23Z,400e8137a6cc7cde46e629441cd477688a7433c1,,0,0,
WebGestor/pages/layout/rtl.html,WebGestor/pages/layout,rtl.html,.html,26658,2025-11-10T02:16:23Z,fbd24b636990cea9e27a888974d6cff9ae71be28,,0,0,
WebGestor/pages/layout/top-nav.html,WebGestor/pages/layout,top-nav.html,.html,12940,2025-11-10T02:16:23Z,700b8719927d55c910daf0497f046d89a7c6a613,,0,0,
WebGestor/pages/mailbox/compose.html,WebGestor/pages/mailbox,compose.html,.html,32224,2025-11-10T02:16:23Z,911ce552a678b402f7741d1fd7b24a18ca695350,,0,0,
WebGestor/pages/mailbox/mailbox.html,WebGestor/pages/mailbox,mailbox.html,.html,42730,2025-11-10T02:16:23Z,0f6cad2865c7cea7b4e6e018b21aaa186f783e07,,0,0,
WebGestor/pages/mailbox/read-mail.html,WebGestor/pages/mailbox,read-mail.html,.html,36022,2025-11-10T02:16:23Z,fa17ae47b79440f5443c5dd8d48eb64808b77b8c,,0,0,
WebGestor/pages/tables/data.html,WebGestor/pages/tables,data.html,.html,63622,2025-11-10T02:16:23Z,ecde915d5042d2b46a52640a674e1348d7194115,,0,0,
WebGestor/pages/tables/simple.html,WebGestor/pages/tables,simple.html,.html,44441,2025-11-10T02:16:23Z,5e03af3009601eca4af5cb75354f4ac91a7471bd,,0,0,
WebGestor/pages/widgets.html,WebGestor/pages,widgets.html,.html,60732,2025-11-10T02:16:23Z,e4fbfaa657f15437ed19e4ae5b7d44d3c5ab453e,,0,0,
WebGestor/plugins/bootstrap-slider/bootstrap-slider.js,WebGestor/plugins/bootstrap-slider,bootstrap-slider.js,.js,36164,2025-11-10T02:16:23Z,b7db4ff7065dd9f4a5ebd10bd85950b2fa3b42a7,,0,0,
WebGestor/plugins/bootstrap-slider/slider.css,WebGestor/plugins/bootstrap-slider,slider.css,.css,4414,2025-11-10T02:16:23Z,f3afc0ee93d802bec9915688107f5f7ae9ed88a3,,0,0,
WebGestor/plugins/bootstrap-wysihtml5/bootstrap3-wysihtml5.all.min.js,WebGestor/plugins/bootstrap-wysihtml5,bootstrap3-wysihtml5.all.min.js,.js,137448,2025-11-10T02:16:23Z,9560b52da024a9e7aadcb9d34a24c3d0d37dd739,,0,0,
WebGestor/plugins/bootstrap-wysihtml5/bootstrap3-wysihtml5.css,WebGestor/plugins/bootstrap-wysihtml5,bootstrap3-wysihtml5.css,.css,2334,2025-11-10T02:16:23Z,98684f670734252757cfb0b1e994cbca3dca14ef,,0,0,
WebGestor/plugins/bootstrap-wysihtml5/bootstrap3-wysihtml5.js,WebGestor/plugins/bootstrap-wysihtml5,bootstrap3-wysihtml5.js,.js,10258,2025-11-10T02:16:23Z,0b997b8c0795db4dd1b25ec09a0ee30ea7876a70,,0,0,
WebGestor/plugins/bootstrap-wysihtml5/bootstrap3-wysihtml5.min.css,WebGestor/plugins/bootstrap-wysihtml5,bootstrap3-wysihtml5.min.css,.css,2076,2025-11-10T02:16:23Z,a736199de54a862a6e078e7c62c811e73625ade0,,0,0,
WebGestor/plugins/chartjs/Chart.js,WebGestor/plugins/chartjs,Chart.js,.js,109110,2025-11-10T02:16:23Z,6b800e428fb03966dae6f168556fcec3e7bf346a,,0,0,
WebGestor/plugins/chartjs/Chart.min.js,WebGestor/plugins/chartjs,Chart.min.js,.js,51840,2025-11-10T02:16:23Z,0151db925644f125c1c14615ad6517f6dfc03d9c,,0,0,
WebGestor/plugins/ckeditor/CHANGES.md,WebGestor/plugins/ckeditor,CHANGES.md,.md,43704,2025-11-10T02:16:23Z,b54a0cde98ca249bfa8c453b7fb3af830bf616ee,,0,0,
WebGestor/plugins/ckeditor/LICENSE.md,WebGestor/plugins/ckeditor,LICENSE.md,.md,66929,2025-11-10T02:16:23Z,bb947606aeb55fec900eaed0d25b8dc394e51edd,,0,0,
WebGestor/plugins/ckeditor/README.md,WebGestor/plugins/ckeditor,README.md,.md,1344,2025-11-10T02:16:23Z,9baae53dd8c6400c497e63275f809334dab8ff28,,0,0,
WebGestor/plugins/ckeditor/adapters/jquery.js,WebGestor/plugins/ckeditor/adapters,jquery.js,.js,3002,2025-11-10T02:16:23Z,f2168126c362811fe30319191d2d4089c518742c,,0,0,
WebGestor/plugins/ckeditor/build-config.js,WebGestor/plugins/ckeditor,build-config.js,.js,2310,2025-11-10T02:16:23Z,39cb7638c45b0b3d40547f3030a9b076ca0a07ab,,0,0,
WebGestor/plugins/ckeditor/ckeditor.js,WebGestor/plugins/ckeditor,ckeditor.js,.js,459952,2025-11-10T02:16:23Z,1db1e388cf50f7e6e41e5f461259ef045e285899,,0,0,
WebGestor/plugins/ckeditor/config.js,WebGestor/plugins/ckeditor,config.js,.js,1321,2025-11-10T02:16:23Z,74fb0bf553b28a4a85aec2d538c13c640acc7c53,,0,0,
WebGestor/plugins/ckeditor/contents.css,WebGestor/plugins/ckeditor,contents.css,.css,1727,2025-11-10T02:16:23Z,f68463839ec5ead4b1b9cee277571edeae889704,,0,0,
WebGestor/plugins/ckeditor/lang/af.js,WebGestor/plugins/ckeditor/lang,af.js,.js,11910,2025-11-10T02:16:23Z,0adeaea18bba2c67cf83ab88b3055e59d6a124d7,,0,0,
WebGestor/plugins/ckeditor/lang/ar.js,WebGestor/plugins/ckeditor/lang,ar.js,.js,15578,2025-11-10T02:16:23Z,e07c4a3925595bb1218b811963147c9ca804fb84,,0,0,
WebGestor/plugins/ckeditor/lang/bg.js,WebGestor/plugins/ckeditor/lang,bg.js,.js,16941,2025-11-10T02:16:23Z,8f00bcb2a9c362dabf0f903af6bc1564f1f45cb1,,0,0,
WebGestor/plugins/ckeditor/lang/bn.js,WebGestor/plugins/ckeditor/lang,bn.js,.js,16281,2025-11-10T02:16:23Z,7db92d4fc9f445cacf457b136334a550d6c10963,,0,0,
WebGestor/plugins/ckeditor/lang/bs.js,WebGestor/plugins/ckeditor/lang,bs.js,.js,11927,2025-11-10T02:16:23Z,31bc281d36a3ffbcd0b11da44c0f0655a888cc09,,0,0,
WebGestor/plugins/ckeditor/lang/ca.js,WebGestor/plugins/ckeditor/lang,ca.js,.js,13235,2025-11-10T02:16:23Z,81961eccf513909c55a983bca74ccaa4ced50395,,0,0,
WebGestor/plugins/ckeditor/lang/cs.js,WebGestor/plugins/ckeditor/lang,cs.js,.js,13195,2025-11-10T02:16:23Z,8a570446e6d8a5edcdb518684b70b865ae950ef7,,0,0,
WebGestor/plugins/ckeditor/lang/cy.js,WebGestor/plugins/ckeditor/lang,cy.js,.js,12371,2025-11-10T02:16:23Z,5ac0636c4a8269e4ea0402d79110645256d7a247,,0,0,
WebGestor/plugins/ckeditor/lang/da.js,WebGestor/plugins/ckeditor/lang,da.js,.js,12390,2025-11-10T02:16:23Z,61a88ddb684dd1b6815f439a6bab5489fe706100,,0,0,
WebGestor/plugins/ckeditor/lang/de.js,WebGestor/plugins/ckeditor/lang,de.js,.js,13275,2025-11-10T02:16:23Z,acd14d230ed4f55116cd9e12cd8a274349e2d62a,,0,0,
WebGestor/plugins/ckeditor/lang/el.js,WebGestor/plugins/ckeditor/lang,el.js,.js,19475,2025-11-10T02:16:23Z,481863eec430cbe2b14a652db3559987ae4fb0eb,,0,0,
WebGestor/plugins/ckeditor/lang/en-au.js,WebGestor/plugins/ckeditor/lang,en-au.js,.js,11852,2025-11-10T02:16:23Z,68d1a7f093492ffdfe00d820a10ef767ef78acd2,,0,0,
WebGestor/plugins/ckeditor/lang/en-ca.js,WebGestor/plugins/ckeditor/lang,en-ca.js,.js,11852,2025-11-10T02:16:23Z,a6cbf96f9f0c44b96ea521649e34612b1d703746,,0,0,
WebGestor/plugins/ckeditor/lang/en-gb.js,WebGestor/plugins/ckeditor/lang,en-gb.js,.js,11862,2025-11-10T02:16:23Z,cc71cba59e9aa239821d94b4e586766c36cbc4ef,,0,0,
WebGestor/plugins/ckeditor/lang/en.js,WebGestor/plugins/ckeditor/lang,en.js,.js,11871,2025-11-10T02:16:23Z,00d57340a1cf1fb28b1355ebda61d4ede258da81,,0,0,
WebGestor/plugins/ckeditor/lang/eo.js,WebGestor/plugins/ckeditor/lang,eo.js,.js,12644,2025-11-10T02:16:23Z,c8b29cd6fc47ae02a4cd2f7595d20f3b08d154d2,,0,0,
WebGestor/plugins/ckeditor/lang/es.js,WebGestor/plugins/ckeditor/lang,es.js,.js,13403,2025-11-10T02:16:23Z,40a09f767209ef67f2b063ece4fc34ca660e01c2,,0,0,
WebGestor/plugins/ckeditor/lang/et.js,WebGestor/plugins/ckeditor/lang,et.js,.js,12359,2025-11-10T02:16:23Z,64e82fc99ee6ca1717eaecaa169ed9e0f835311c,,0,0,
WebGestor/plugins/ckeditor/lang/eu.js,WebGestor/plugins/ckeditor/lang,eu.js,.js,12904,2025-11-10T02:16:23Z,2e78ba2a1b52944f3ca21e264547aee1c519572e,,0,0,
WebGestor/plugins/ckeditor/lang/fa.js,WebGestor/plugins/ckeditor/lang,fa.js,.js,16691,2025-11-10T02:16:23Z,f7554733b456d31af30aad3eca60e3b1645dd32c,,0,0,
WebGestor/plugins/ckeditor/lang/fi.js,WebGestor/plugins/ckeditor/lang,fi.js,.js,12666,2025-11-10T02:16:23Z,ba51efba83e287af69f532fa6c67c0ef7222e166,,0,0,
WebGestor/plugins/ckeditor/lang/fo.js,WebGestor/plugins/ckeditor/lang,fo.js,.js,12707,2025-11-10T02:16:23Z,c2d7453cd1b1c632a1c881e04706e295a4a17957,,0,0,
WebGestor/plugins/ckeditor/lang/fr-ca.js,WebGestor/plugins/ckeditor/lang,fr-ca.js,.js,13203,2025-11-10T02:16:23Z,30300b81735fb180d3ada760776626c39106b8ed,,0,0,
WebGestor/plugins/ckeditor/lang/fr.js,WebGestor/plugins/ckeditor/lang,fr.js,.js,13723,2025-11-10T02:16:23Z,dc348b8d4d835c64e7189d706f6b42889a249d3e,,0,0,
WebGestor/plugins/ckeditor/lang/gl.js,WebGestor/plugins/ckeditor/lang,gl.js,.js,13084,2025-11-10T02:16:23Z,6fb3592b51ada778bf2e93cc932cdd72ee3ca5e6,,0,0,
WebGestor/plugins/ckeditor/lang/gu.js,WebGestor/plugins/ckeditor/lang,gu.js,.js,21257,2025-11-10T02:16:23Z,ccabb81f9e651afa4ca155e41a74d375b1fcfb63,,0,0,
WebGestor/plugins/ckeditor/lang/he.js,WebGestor/plugins/ckeditor/lang,he.js,.js,15079,2025-11-10T02:16:23Z,cbe51a432d00d55696d12e8b02a4252eb7f8632a,,0,0,
WebGestor/plugins/ckeditor/lang/hi.js,WebGestor/plugins/ckeditor/lang,hi.js,.js,16730,2025-11-10T02:16:23Z,74f30450b944ca5ab528c5e61306dafbc764e11f,,0,0,
WebGestor/plugins/ckeditor/lang/hr.js,WebGestor/plugins/ckeditor/lang,hr.js,.js,12197,2025-11-10T02:16:23Z,5f4de82c325a6877fd8b5a771b2c83767576438b,,0,0,
WebGestor/plugins/ckeditor/lang/hu.js,WebGestor/plugins/ckeditor/lang,hu.js,.js,13497,2025-11-10T02:16:23Z,216b98a51201379b0b98390793579efb9edcf5bb,,0,0,
WebGestor/plugins/ckeditor/lang/id.js,WebGestor/plugins/ckeditor/lang,id.js,.js,12122,2025-11-10T02:16:23Z,db4f1d240bbad1e16d2ffe01dd611cd362399ddb,,0,0,
WebGestor/plugins/ckeditor/lang/is.js,WebGestor/plugins/ckeditor/lang,is.js,.js,12272,2025-11-10T02:16:23Z,4890e3790751a6e63bcc89c6613ee17c0b668558,,0,0,
WebGestor/plugins/ckeditor/lang/it.js,WebGestor/plugins/ckeditor/lang,it.js,.js,13224,2025-11-10T02:16:23Z,09d1bad276bc4e80419d6ffb4524461e2238c4c6,,0,0,
WebGestor/plugins/ckeditor/lang/ja.js,WebGestor/plugins/ckeditor/lang,ja.js,.js,14715,2025-11-10T02:16:23Z,a99ec8eccd7f3f05b7ed54bf5bf82ccd1ad39720,,0,0,
WebGestor/plugins/ckeditor/lang/ka.js,WebGestor/plugins/ckeditor/lang,ka.js,.js,23222,2025-11-10T02:16:23Z,d51971720f41b87e48c49f9a47380f45f4a93637,,0,0,
WebGestor/plugins/ckeditor/lang/km.js,WebGestor/plugins/ckeditor/lang,km.js,.js,20773,2025-11-10T02:16:23Z,28b3066ad82a124117dcf9e5ac500e4d429bd6a3,,0,0,
WebGestor/plugins/ckeditor/lang/ko.js,WebGestor/plugins/ckeditor/lang,ko.js,.js,12659,2025-11-10T02:16:23Z,59f4838d70b027331925ac2246ba214e821377c7,,0,0,
WebGestor/plugins/ckeditor/lang/ku.js,WebGestor/plugins/ckeditor/lang,ku.js,.js,18317,2025-11-10T02:16:23Z,694327d5d087b7d94bcc8fb4d131bdbb255ae896,,0,0,
WebGestor/plugins/ckeditor/lang/lt.js,WebGestor/plugins/ckeditor/lang,lt.js,.js,13074,2025-11-10T02:16:23Z,1a14c7213403f40e5087244efb87e12639829718,,0,0,
WebGestor/plugins/ckeditor/lang/lv.js,WebGestor/plugins/ckeditor/lang,lv.js,.js,13287,2025-11-10T02:16:23Z,cda3b7e96c29c35f8cd8e019987c5d023fc5aeb1,,0,0,
WebGestor/plugins/ckeditor/lang/mk.js,WebGestor/plugins/ckeditor/lang,mk.js,.js,11874,2025-11-10T02:16:23Z,d4a0a8efc35bed1b674304c04e5df7e3392bde5d,,0,0,
WebGestor/plugins/ckeditor/lang/mn.js,WebGestor/plugins/ckeditor/lang,mn.js,.js,15734,2025-11-10T02:16:23Z,392d8cc8a894b7bb2fa2fc5b5e35a1085b577811,,0,0,
WebGestor/plugins/ckeditor/lang/ms.js,WebGestor/plugins/ckeditor/lang,ms.js,.js,12098,2025-11-10T02:16:23Z,5aeaccc8ef66b0a918d2a15fced5ecba4a45fa0f,,0,0,
WebGestor/plugins/ckeditor/lang/nb.js,WebGestor/plugins/ckeditor/lang,nb.js,.js,12205,2025-11-10T02:16:23Z,f8204721eb993ae89339e3716e3cce3af15a76fc,,0,0,
WebGestor/plugins/ckeditor/lang/nl.js,WebGestor/plugins/ckeditor/lang,nl.js,.js,12743,2025-11-10T02:16:23Z,dcf91ca451d533e1c964b0f94ab5931bdd420c6b,,0,0,
WebGestor/plugins/ckeditor/lang/no.js,WebGestor/plugins/ckeditor/lang,no.js,.js,12189,2025-11-10T02:16:23Z,6463967fb2e46e6faba26583128547742d0eb794,,0,0,
WebGestor/plugins/ckeditor/lang/pl.js,WebGestor/plugins/ckeditor/lang,pl.js,.js,13261,2025-11-10T02:16:23Z,f8212e5133bbf5fd2e86a7548b1078b9b4060984,,0,0,
WebGestor/plugins/ckeditor/lang/pt-br.js,WebGestor/plugins/ckeditor/lang,pt-br.js,.js,13464,2025-11-10T02:16:23Z,45ad8a37d8c7ca6131053f1d466e85519cd7b184,,0,0,
WebGestor/plugins/ckeditor/lang/pt.js,WebGestor/plugins/ckeditor/lang,pt.js,.js,13208,2025-11-10T02:16:23Z,a1c7f142be4fe24ebefc9dfaf34e857bf49ec126,,0,0,
WebGestor/plugins/ckeditor/lang/ro.js,WebGestor/plugins/ckeditor/lang,ro.js,.js,13595,2025-11-10T02:16:23Z,10617e716ce35f772ba84cdf2d83f5d9bfe5437e,,0,0,
WebGestor/plugins/ckeditor/lang/ru.js,WebGestor/plugins/ckeditor/lang,ru.js,.js,19532,2025-11-10T02:16:23Z,b3588cd6d95bd3302f91a33f61b99dfcf498a6ee,,0,0,
WebGestor/plugins/ckeditor/lang/si.js,WebGestor/plugins/ckeditor/lang,si.js,.js,17008,2025-11-10T02:16:23Z,723da0e0a62a03037683fef1331780061849c9f0,,0,0,
WebGestor/plugins/ckeditor/lang/sk.js,WebGestor/plugins/ckeditor/lang,sk.js,.js,13316,2025-11-10T02:16:23Z,c306a8b1c5bfbe45cf0911a1052bb15bca965179,,0,0,
WebGestor/plugins/ckeditor/lang/sl.js,WebGestor/plugins/ckeditor/lang,sl.js,.js,12397,2025-11-10T02:16:23Z,904fe37f4cf7b6229f2d24d12c55739cc34724a5,,0,0,
WebGestor/plugins/ckeditor/lang/sq.js,WebGestor/plugins/ckeditor/lang,sq.js,.js,13183,2025-11-10T02:16:23Z,f10bfe156677e434c5b326c8c586eeaf94dcaa5e,,0,0,
WebGestor/plugins/ckeditor/lang/sr-latn.js,WebGestor/plugins/ckeditor/lang,sr-latn.js,.js,12233,2025-11-10T02:16:23Z,061d1c2254e25ece82243f3199e54f8c77f9e5d3,,0,0,
WebGestor/plugins/ckeditor/lang/sr.js,WebGestor/plugins/ckeditor/lang,sr.js,.js,15110,2025-11-10T02:16:23Z,f6146f8edd410b031a3138a9b4544efeda8d52a2,,0,0,
WebGestor/plugins/ckeditor/lang/sv.js,WebGestor/plugins/ckeditor/lang,sv.js,.js,12168,2025-11-10T02:16:23Z,041eaa5b0b7357224436408d79b62bde0d7d61ef,,0,0,
WebGestor/plugins/ckeditor/lang/th.js,WebGestor/plugins/ckeditor/lang,th.js,.js,19595,2025-11-10T02:16:23Z,8a3e869a574f4c60e60a57455e21c22bb6f11b50,,0,0,
WebGestor/plugins/ckeditor/lang/tr.js,WebGestor/plugins/ckeditor/lang,tr.js,.js,13047,2025-11-10T02:16:23Z,1d01c12b7927c5313a872e36b1392b862a729dc9,,0,0,
WebGestor/plugins/ckeditor/lang/ug.js,WebGestor/plugins/ckeditor/lang,ug.js,.js,18607,2025-11-10T02:16:23Z,697869de6cbddcf438a3031b4181632151759225,,0,0,
WebGestor/plugins/ckeditor/lang/uk.js,WebGestor/plugins/ckeditor/lang,uk.js,.js,19176,2025-11-10T02:16:23Z,9e6ae7c34b37c1f07acfac5ecfc288322c450b49,,0,0,
WebGestor/plugins/ckeditor/lang/vi.js,WebGestor/plugins/ckeditor/lang,vi.js,.js,14975,2025-11-10T02:16:23Z,4961ee02477f236b5eb3c110f6ded6a1cfdb22f3,,0,0,
WebGestor/plugins/ckeditor/lang/zh-cn.js,WebGestor/plugins/ckeditor/lang,zh-cn.js,.js,11678,2025-11-10T02:16:23Z,f1a74b2e7811b2f03a070e6285b94e7e2d51f53c,,0,0,
WebGestor/plugins/ckeditor/lang/zh.js,WebGestor/plugins/ckeditor/lang,zh.js,.js,11604,2025-11-10T02:16:23Z,4d4ed4c45fc19fb45b105fb8ca7628034ec2befb,,0,0,
WebGestor/plugins/ckeditor/plugins/a11yhelp/dialogs/a11yhelp.js,WebGestor/plugins/ckeditor/plugins/a11yhelp/dialogs,a11yhelp.js,.js,2851,2025-11-10T02:16:23Z,8ea4537c2dbd05900dc5a0e77e30dd521e73225b,,0,0,
WebGestor/plugins/ckeditor/plugins/a11yhelp/dialogs/lang/_translationstatus.txt,WebGestor/plugins/ckeditor/plugins/a11yhelp/dialogs/lang,_translationstatus.txt,.txt,844,2025-11-10T02:16:23Z,42176115f371f9dd0d3fa57c92d96471fdfdd2f5,,0,0,
WebGestor/plugins/ckeditor/plugins/a11yhelp/dialogs/lang/ar.js,WebGestor/plugins/ckeditor/plugins/a11yhelp/dialogs/lang,ar.js,.js,2859,2025-11-10T02:16:23Z,526c2c7b37f36c6a531db4acca723d89ee2d5331,,0,0,
WebGestor/plugins/ckeditor/plugins/a11yhelp/dialogs/lang/bg.js,WebGestor/plugins/ckeditor/plugins/a11yhelp/dialogs/lang,bg.js,.js,2861,2025-11-10T02:16:23Z,5763b91dd1a675b6fd48af3f9a0f0ddc4dd95b25,,0,0,
WebGestor/plugins/ckeditor/plugins/a11yhelp/dialogs/lang/ca.js,WebGestor/plugins/ckeditor/plugins/a11yhelp/dialogs/lang,ca.js,.js,3397,2025-11-10T02:16:23Z,e6d26aa7e309e9ee5f103a1ed501a1ef7e3a11fa,,0,0,
WebGestor/plugins/ckeditor/plugins/a11yhelp/dialogs/lang/cs.js,WebGestor/plugins/ckeditor/plugins/a11yhelp/dialogs/lang,cs.js,.js,3497,2025-11-10T02:16:23Z,c5f6bc645c19ee5343468b8db5c4d034467e4e52,,0,0,
WebGestor/plugins/ckeditor/plugins/a11yhelp/dialogs/lang/cy.js,WebGestor/plugins/ckeditor/plugins/a11yhelp/dialogs/lang,cy.js,.js,3179,2025-11-10T02:16:23Z,f7b9cc99231c39b94562e3c82028ffab375ef9b6,,0,0,
WebGestor/plugins/ckeditor/plugins/a11yhelp/dialogs/lang/da.js,WebGestor/plugins/ckeditor/plugins/a11yhelp/dialogs/lang,da.js,.js,2876,2025-11-10T02:16:23Z,27a3b853922eb18cda90e241214042c8c7237e92,,0,0,
WebGestor/plugins/ckeditor/plugins/a11yhelp/dialogs/lang/de.js,WebGestor/plugins/ckeditor/plugins/a11yhelp/dialogs/lang,de.js,.js,3358,2025-11-10T02:16:23Z,585e70372dcd9429e525add8504a7584bd42de06,,0,0,
WebGestor/plugins/ckeditor/plugins/a11yhelp/dialogs/lang/el.js,WebGestor/plugins/ckeditor/plugins/a11yhelp/dialogs/lang,el.js,.js,5843,2025-11-10T02:16:23Z,26b5a115ce9666e399b5c9d56a0469bbd632d6bc,,0,0,
WebGestor/plugins/ckeditor/plugins/a11yhelp/dialogs/lang/en.js,WebGestor/plugins/ckeditor/plugins/a11yhelp/dialogs/lang,en.js,.js,2860,2025-11-10T02:16:23Z,4f32fbc8488993a5922d42b5708bc8bd2c85d4ed,,0,0,
WebGestor/plugins/ckeditor/plugins/a11yhelp/dialogs/lang/eo.js,WebGestor/plugins/ckeditor/plugins/a11yhelp/dialogs/lang,eo.js,.js,3546,2025-11-10T02:16:23Z,3e199136e21063b6fb6a611640d28b0ba22877b1,,0,0,
WebGestor/plugins/ckeditor/plugins/a11yhelp/dialogs/lang/es.js,WebGestor/plugins/ckeditor/plugins/a11yhelp/dialogs/lang,es.js,.js,3436,2025-11-10T02:16:23Z,26a942345d3cce1cf295effb21b360dca5b547cc,,0,0,
WebGestor/plugins/ckeditor/plugins/a11yhelp/dialogs/lang/et.js,WebGestor/plugins/ckeditor/plugins/a11yhelp/dialogs/lang,et.js,.js,2869,2025-11-10T02:16:23Z,ddbac7d88615e928c6c86f2b58f607f4356d8fed,,0,0,
WebGestor/plugins/ckeditor/plugins/a11yhelp/dialogs/lang/fa.js,WebGestor/plugins/ckeditor/plugins/a11yhelp/dialogs/lang,fa.js,.js,4688,2025-11-10T02:16:23Z,aad4458b783b2e4fa4c5dec7d234d845c77fd9f6,,0,0,
WebGestor/plugins/ckeditor/plugins/a11yhelp/dialogs/lang/fi.js,WebGestor/plugins/ckeditor/plugins/a11yhelp/dialogs/lang,fi.js,.js,3453,2025-11-10T02:16:23Z,cc7850703411472f1f25b124befe5a1fee755357,,0,0,
WebGestor/plugins/ckeditor/plugins/a11yhelp/dialogs/lang/fr-ca.js,WebGestor/plugins/ckeditor/plugins/a11yhelp/dialogs/lang,fr-ca.js,.js,3931,2025-11-10T02:16:23Z,7f7602a957fef004570f62583dc0129f4d180590,,0,0,
WebGestor/plugins/ckeditor/plugins/a11yhelp/dialogs/lang/fr.js,WebGestor/plugins/ckeditor/plugins/a11yhelp/dialogs/lang,fr.js,.js,4125,2025-11-10T02:16:23Z,1ff01d3aae9be91ae853bb43d6b45440ce832c56,,0,0,
WebGestor/plugins/ckeditor/plugins/a11yhelp/dialogs/lang/gl.js,WebGestor/plugins/ckeditor/plugins/a11yhelp/dialogs/lang,gl.js,.js,3351,2025-11-10T02:16:23Z,ca1e72de16be74d8eff936517a85074a54d8a53e,,0,0,
WebGestor/plugins/ckeditor/plugins/a11yhelp/dialogs/lang/gu.js,WebGestor/plugins/ckeditor/plugins/a11yhelp/dialogs/lang,gu.js,.js,3070,2025-11-10T02:16:23Z,eedfdcb97d89b1e43bd839795cdf73b1cd1f38b2,,0,0,
WebGestor/plugins/ckeditor/plugins/a11yhelp/dialogs/lang/he.js,WebGestor/plugins/ckeditor/plugins/a11yhelp/dialogs/lang,he.js,.js,3952,2025-11-10T02:16:23Z,a2fcde38c6a361185b8ae5a03cee0fad360ca074,,0,0,
WebGestor/plugins/ckeditor/plugins/a11yhelp/dialogs/lang/hi.js,WebGestor/plugins/ckeditor/plugins/a11yhelp/dialogs/lang,hi.js,.js,2874,2025-11-10T02:16:23Z,60c71722bd9197fa3dcdee99244c8fb1c589525b,,0,0,
WebGestor/plugins/ckeditor/plugins/a11yhelp/dialogs/lang/hr.js,WebGestor/plugins/ckeditor/plugins/a11yhelp/dialogs/lang,hr.js,.js,3039,2025-11-10T02:16:23Z,8a45b74512512e57cda35759af450f0a8b16f6f6,,0,0,
WebGestor/plugins/ckeditor/plugins/a11yhelp/dialogs/lang/hu.js,WebGestor/plugins/ckeditor/plugins/a11yhelp/dialogs/lang,hu.js,.js,3550,2025-11-10T02:16:23Z,b113c5c40df6d883136f4286ea5084aaf5b09fd2,,0,0,
WebGestor/plugins/ckeditor/plugins/a11yhelp/dialogs/lang/id.js,WebGestor/plugins/ckeditor/plugins/a11yhelp/dialogs/lang,id.js,.js,2855,2025-11-10T02:16:23Z,7f62eac3b0079f10505d3fcb91fb969ccddbd5ad,,0,0,
WebGestor/plugins/ckeditor/plugins/a11yhelp/dialogs/lang/it.js,WebGestor/plugins/ckeditor/plugins/a11yhelp/dialogs/lang,it.js,.js,3550,2025-11-10T02:16:23Z,6f7285afe73410d42f866fbf25224d2513e24355,,0,0,
WebGestor/plugins/ckeditor/plugins/a11yhelp/dialogs/lang/ja.js,WebGestor/plugins/ckeditor/plugins/a11yhelp/dialogs/lang,ja.js,.js,4116,2025-11-10T02:16:23Z,8fb5de8992369ecc1846a720eafd924510f00a46,,0,0,
WebGestor/plugins/ckeditor/plugins/a11yhelp/dialogs/lang/km.js,WebGestor/plugins/ckeditor/plugins/a11yhelp/dialogs/lang,km.js,.js,2865,2025-11-10T02:16:23Z,a2e5ddb2fb1a5df80498d2fdf289c8ac4abc658a,,0,0,
WebGestor/plugins/ckeditor/plugins/a11yhelp/dialogs/lang/ko.js,WebGestor/plugins/ckeditor/plugins/a11yhelp/dialogs/lang,ko.js,.js,2884,2025-11-10T02:16:23Z,56d64170c2e516fc31727f388d40ed71ee05b0b1,,0,0,
WebGestor/plugins/ckeditor/plugins/a11yhelp/dialogs/lang/ku.js,WebGestor/plugins/ckeditor/plugins/a11yhelp/dialogs/lang,ku.js,.js,5028,2025-11-10T02:16:23Z,61e24e178b751d6dba4d715a8a6b6f227f2af082,,0,0,
WebGestor/plugins/ckeditor/plugins/a11yhelp/dialogs/lang/lt.js,WebGestor/plugins/ckeditor/plugins/a11yhelp/dialogs/lang,lt.js,.js,2869,2025-11-10T02:16:23Z,3bbad021683c0f5355445909d1f9105a7a371c68,,0,0,
WebGestor/plugins/ckeditor/plugins/a11yhelp/dialogs/lang/lv.js,WebGestor/plugins/ckeditor/plugins/a11yhelp/dialogs/lang,lv.js,.js,3738,2025-11-10T02:16:23Z,0d90939f0c2cca0d96d75ecf5a830a407b01e8cc,,0,0,
WebGestor/plugins/ckeditor/plugins/a11yhelp/dialogs/lang/mk.js,WebGestor/plugins/ckeditor/plugins/a11yhelp/dialogs/lang,mk.js,.js,3011,2025-11-10T02:16:23Z,6132924ad7e8652ad4dffdb32a12904115a53f14,,0,0,
WebGestor/plugins/ckeditor/plugins/a11yhelp/dialogs/lang/mn.js,WebGestor/plugins/ckeditor/plugins/a11yhelp/dialogs/lang,mn.js,.js,2867,2025-11-10T02:16:23Z,d77080a76f654eeeea18b1aae248adb84952113d,,0,0,
WebGestor/plugins/ckeditor/plugins/a11yhelp/dialogs/lang/nb.js,WebGestor/plugins/ckeditor/plugins/a11yhelp/dialogs/lang,nb.js,.js,3218,2025-11-10T02:16:23Z,1a2292adaf133efc5059d8501a8d94fbf77bd03c,,0,0,
WebGestor/plugins/ckeditor/plugins/a11yhelp/dialogs/lang/nl.js,WebGestor/plugins/ckeditor/plugins/a11yhelp/dialogs/lang,nl.js,.js,3337,2025-11-10T02:16:23Z,0b4bb9842ecfc76a3f0a7acf39cd33675dbfe6e1,,0,0,
WebGestor/plugins/ckeditor/plugins/a11yhelp/dialogs/lang/no.js,WebGestor/plugins/ckeditor/plugins/a11yhelp/dialogs/lang,no.js,.js,3215,2025-11-10T02:16:23Z,e4fafab256a4bd01312ca55446a0a13d87be01b1,,0,0,
WebGestor/plugins/ckeditor/plugins/a11yhelp/dialogs/lang/pl.js,WebGestor/plugins/ckeditor/plugins/a11yhelp/dialogs/lang,pl.js,.js,3523,2025-11-10T02:16:23Z,66fc494255ac152be802ea5ff73b46afd7ab9cb0,,0,0,
WebGestor/plugins/ckeditor/plugins/a11yhelp/dialogs/lang/pt-br.js,WebGestor/plugins/ckeditor/plugins/a11yhelp/dialogs/lang,pt-br.js,.js,3319,2025-11-10T02:16:23Z,b62d594121b7dc8e5811c25862d20d3bb6f735a7,,0,0,
WebGestor/plugins/ckeditor/plugins/a11yhelp/dialogs/lang/pt.js,WebGestor/plugins/ckeditor/plugins/a11yhelp/dialogs/lang,pt.js,.js,3495,2025-11-10T02:16:23Z,32adabf19a622139a43f69bed4a9f6a9e159a3a2,,0,0,
WebGestor/plugins/ckeditor/plugins/a11yhelp/dialogs/lang/ro.js,WebGestor/plugins/ckeditor/plugins/a11yhelp/dialogs/lang,ro.js,.js,2885,2025-11-10T02:16:23Z,6eda2f12254c7b28331c996eaedb963e69d8383e,,0,0,
WebGestor/plugins/ckeditor/plugins/a11yhelp/dialogs/lang/ru.js,WebGestor/plugins/ckeditor/plugins/a11yhelp/dialogs/lang,ru.js,.js,4960,2025-11-10T02:16:23Z,ae8d7f079521b6f0437149d6d2d3b86834b9ef53,,0,0,
WebGestor/plugins/ckeditor/plugins/a11yhelp/dialogs/lang/si.js,WebGestor/plugins/ckeditor/plugins/a11yhelp/dialogs/lang,si.js,.js,5408,2025-11-10T02:16:23Z,3bd6141c10a2a41a64619a9bae481f11fc871f4e,,0,0,
WebGestor/plugins/ckeditor/plugins/a11yhelp/dialogs/lang/sk.js,WebGestor/plugins/ckeditor/plugins/a11yhelp/dialogs/lang,sk.js,.js,3606,2025-11-10T02:16:23Z,55fa414a32d30cd4358c26bdbf2b5f1696bc2d8f,,0,0,
WebGestor/plugins/ckeditor/plugins/a11yhelp/dialogs/lang/sl.js,WebGestor/plugins/ckeditor/plugins/a11yhelp/dialogs/lang,sl.js,.js,3402,2025-11-10T02:16:23Z,02f76f0cf431808993450e4267fcce5c663dcae5,,0,0,
WebGestor/plugins/ckeditor/plugins/a11yhelp/dialogs/lang/sq.js,WebGestor/plugins/ckeditor/plugins/a11yhelp/dialogs/lang,sq.js,.js,2917,2025-11-10T02:16:23Z,17ba1fc6d2da9af97cdac89d7505ce5a63539ba9,,0,0,
WebGestor/plugins/ckeditor/plugins/a11yhelp/dialogs/lang/sr-latn.js,WebGestor/plugins/ckeditor/plugins/a11yhelp/dialogs/lang,sr-latn.js,.js,2864,2025-11-10T02:16:23Z,ed54b51b6e19a52a9d790eae03c72152b9eac5d4,,0,0,
WebGestor/plugins/ckeditor/plugins/a11yhelp/dialogs/lang/sr.js,WebGestor/plugins/ckeditor/plugins/a11yhelp/dialogs/lang,sr.js,.js,2863,2025-11-10T02:16:23Z,8657c73df28e02a3bea508a43484f995424a9dbd,,0,0,
WebGestor/plugins/ckeditor/plugins/a11yhelp/dialogs/lang/sv.js,WebGestor/plugins/ckeditor/plugins/a11yhelp/dialogs/lang,sv.js,.js,3290,2025-11-10T02:16:23Z,44980bae12b0e8a0a5d301859271f631f8ff0141,,0,0,
WebGestor/plugins/ckeditor/plugins/a11yhelp/dialogs/lang/th.js,WebGestor/plugins/ckeditor/plugins/a11yhelp/dialogs/lang,th.js,.js,3238,2025-11-10T02:16:23Z,cde81534f5a73e419c0cd5ac73a1e3fab5378050,,0,0,
WebGestor/plugins/ckeditor/plugins/a11yhelp/dialogs/lang/tr.js,WebGestor/plugins/ckeditor/plugins/a11yhelp/dialogs/lang,tr.js,.js,3377,2025-11-10T02:16:23Z,0a82cdf828960a29bd129f201f2c36407c50e3f6,,0,0,
WebGestor/plugins/ckeditor/plugins/a11yhelp/dialogs/lang/ug.js,WebGestor/plugins/ckeditor/plugins/a11yhelp/dialogs/lang,ug.js,.js,5375,2025-11-10T02:16:23Z,c26f78a03269ef4aa2aac5c66a540c46ad649f97,,0,0,
WebGestor/plugins/ckeditor/plugins/a11yhelp/dialogs/lang/uk.js,WebGestor/plugins/ckeditor/plugins/a11yhelp/dialogs/lang,uk.js,.js,5161,2025-11-10T02:16:23Z,e44ad0ad56a7b55a8b4165a4000aa62dd4dd1c1e,,0,0,
WebGestor/plugins/ckeditor/plugins/a11yhelp/dialogs/lang/vi.js,WebGestor/plugins/ckeditor/plugins/a11yhelp/dialogs/lang,vi.js,.js,4189,2025-11-10T02:16:23Z,ec5b0437dd65204e849dc55fdfe3b17ef1fd6d70,,0,0,
WebGestor/plugins/ckeditor/plugins/a11yhelp/dialogs/lang/zh-cn.js,WebGestor/plugins/ckeditor/plugins/a11yhelp/dialogs/lang,zh-cn.js,.js,2890,2025-11-10T02:16:23Z,bf27aaa7b893fdcae0f8dded730c992baf7bf27e,,0,0,
WebGestor/plugins/ckeditor/plugins/a11yhelp/dialogs/lang/zh.js,WebGestor/plugins/ckeditor/plugins/a11yhelp/dialogs/lang,zh.js,.js,3152,2025-11-10T02:16:23Z,baa5eb1f917c334f4b275a80a244998fc0ff4544,,0,0,
WebGestor/plugins/ckeditor/plugins/about/dialogs/about.js,WebGestor/plugins/ckeditor/plugins/about/dialogs,about.js,.js,1511,2025-11-10T02:16:23Z,1d540fbb2fc34fac13e65851267eba67ac97a092,,0,0,
WebGestor/plugins/ckeditor/plugins/about/dialogs/hidpi/logo_ckeditor.png,WebGestor/plugins/ckeditor/plugins/about/dialogs/hidpi,logo_ckeditor.png,.png,13339,2025-11-10T02:16:23Z,bc70f667eb295d0d5de8170f71f170d2ba520486,,0,0,
WebGestor/plugins/ckeditor/plugins/about/dialogs/logo_ckeditor.png,WebGestor/plugins/ckeditor/plugins/about/dialogs,logo_ckeditor.png,.png,6757,2025-11-10T02:16:23Z,2e8f59fbf77f4821c568085345727e05ffca28fa,,0,0,
WebGestor/plugins/ckeditor/plugins/clipboard/dialogs/paste.js,WebGestor/plugins/ckeditor/plugins/clipboard/dialogs,paste.js,.js,3499,2025-11-10T02:16:23Z,264adad159efd78740c631ff50441235f623b2ea,,0,0,
WebGestor/plugins/ckeditor/plugins/dialog/dialogDefinition.js,WebGestor/plugins/ckeditor/plugins/dialog,dialogDefinition.js,.js,148,2025-11-10T02:16:23Z,93469fe9b398670df7517f971f6d3676782114ba,,0,0,
WebGestor/plugins/ckeditor/plugins/fakeobjects/images/spacer.gif,WebGestor/plugins/ckeditor/plugins/fakeobjects/images,spacer.gif,.gif,43,2025-11-10T02:16:23Z,ea7df583983133b62712b5e73bffbcd45cc53736,,0,0,
WebGestor/plugins/ckeditor/plugins/icons.png,WebGestor/plugins/ckeditor/plugins,icons.png,.png,10030,2025-11-10T02:16:23Z,154520351622ef6d083b34e51865c4e7945c17f1,,0,0,
WebGestor/plugins/ckeditor/plugins/icons_hidpi.png,WebGestor/plugins/ckeditor/plugins,icons_hidpi.png,.png,34465,2025-11-10T02:16:23Z,caf65dded11fa91fba69b03c5e731a13f043a798,,0,0,
WebGestor/plugins/ckeditor/plugins/image/dialogs/image.js,WebGestor/plugins/ckeditor/plugins/image/dialogs,image.js,.js,20572,2025-11-10T02:16:23Z,98245c1f9cd0dce4b40aa0fd0e35ffb7672e5ee8,,0,0,
WebGestor/plugins/ckeditor/plugins/image/images/noimage.png,WebGestor/plugins/ckeditor/plugins/image/images,noimage.png,.png,2115,2025-11-10T02:16:23Z,668b5651fdbfcaa69f4f636455ad31677d4dbc3b,,0,0,
WebGestor/plugins/ckeditor/plugins/link/dialogs/anchor.js,WebGestor/plugins/ckeditor/plugins/link/dialogs,anchor.js,.js,1930,2025-11-10T02:16:23Z,116f6c8e5bd4b8ab373805e2cf82d965443831d8,,0,0,
WebGestor/plugins/ckeditor/plugins/link/dialogs/link.js,WebGestor/plugins/ckeditor/plugins/link/dialogs,link.js,.js,16587,2025-11-10T02:16:23Z,7cad49087bdfe488860b29f3a92d4dacc181e56c,,0,0,
WebGestor/plugins/ckeditor/plugins/link/images/anchor.png,WebGestor/plugins/ckeditor/plugins/link/images,anchor.png,.png,763,2025-11-10T02:16:23Z,41451c7f2a3654a7a3c97e37c76cc135425b2722,,0,0,
WebGestor/plugins/ckeditor/plugins/link/images/hidpi/anchor.png,WebGestor/plugins/ckeditor/plugins/link/images/hidpi,anchor.png,.png,1597,2025-11-10T02:16:23Z,bdc5d80fea6ee68f3688958bc195a6b2fc0ec026,,0,0,
WebGestor/plugins/ckeditor/plugins/magicline/images/hidpi/icon.png,WebGestor/plugins/ckeditor/plugins/magicline/images/hidpi,icon.png,.png,260,2025-11-10T02:16:23Z,0a0e8e97b45f1dd728f9c2280f062e636359e3bd,,0,0,
WebGestor/plugins/ckeditor/plugins/magicline/images/icon.png,WebGestor/plugins/ckeditor/plugins/magicline/images,icon.png,.png,172,2025-11-10T02:16:23Z,17da12e943dba8071d22be86ef08aff6052b9f08,,0,0,
WebGestor/plugins/ckeditor/plugins/pastefromword/filter/default.js,WebGestor/plugins/ckeditor/plugins/pastefromword/filter,default.js,.js,13930,2025-11-10T02:16:23Z,99fd100cf037f5c760f84c0dfef394b4ad3df9bb,,0,0,
WebGestor/plugins/ckeditor/plugins/scayt/LICENSE.md,WebGestor/plugins/ckeditor/plugins/scayt,LICENSE.md,.md,1448,2025-11-10T02:16:23Z,c8c88bce80e43cec4deb917d8018d2bb11ed917e,,0,0,
WebGestor/plugins/ckeditor/plugins/scayt/README.md,WebGestor/plugins/ckeditor/plugins/scayt,README.md,.md,945,2025-11-10T02:16:23Z,dadb5125aab7ec80200b41f6a789d682261d4455,,0,0,
WebGestor/plugins/ckeditor/plugins/scayt/dialogs/options.js,WebGestor/plugins/ckeditor/plugins/scayt/dialogs,options.js,.js,8195,2025-11-10T02:16:23Z,857a29fb9bc3aa2ab79e3883a261072abe34aa8b,,0,0,
WebGestor/plugins/ckeditor/plugins/scayt/dialogs/toolbar.css,WebGestor/plugins/ckeditor/plugins/scayt/dialogs,toolbar.css,.css,1231,2025-11-10T02:16:23Z,477cda0ded14bf81acd4d56c0a4ba64abf8b8922,,0,0,
WebGestor/plugins/ckeditor/plugins/specialchar/dialogs/lang/_translationstatus.txt,WebGestor/plugins/ckeditor/plugins/specialchar/dialogs/lang,_translationstatus.txt,.txt,700,2025-11-10T02:16:23Z,134f18d418f2670ee00ec0508dac0904dc838b9a,,0,0,
WebGestor/plugins/ckeditor/plugins/specialchar/dialogs/lang/ar.js,WebGestor/plugins/ckeditor/plugins/specialchar/dialogs/lang,ar.js,.js,4792,2025-11-10T02:16:23Z,b5b59197366554e3181f1931036ad58a9331f3a1,,0,0,
WebGestor/plugins/ckeditor/plugins/specialchar/dialogs/lang/bg.js,WebGestor/plugins/ckeditor/plugins/specialchar/dialogs/lang,bg.js,.js,4735,2025-11-10T02:16:23Z,5e44d3cafec8d358bf1a7c4f99c939163b6a8008,,0,0,
WebGestor/plugins/ckeditor/plugins/specialchar/dialogs/lang/ca.js,WebGestor/plugins/ckeditor/plugins/specialchar/dialogs/lang,ca.js,.js,5010,2025-11-10T02:16:23Z,e9b3cea2975194e79daa9ea6f7e4c41b465040fc,,0,0,
WebGestor/plugins/ckeditor/plugins/specialchar/dialogs/lang/cs.js,WebGestor/plugins/ckeditor/plugins/specialchar/dialogs/lang,cs.js,.js,4967,2025-11-10T02:16:23Z,39c4d5f06f1a72b515ba4c98a81190eaa57ed984,,0,0,
WebGestor/plugins/ckeditor/plugins/specialchar/dialogs/lang/cy.js,WebGestor/plugins/ckeditor/plugins/specialchar/dialogs/lang,cy.js,.js,4891,2025-11-10T02:16:23Z,c2a62c8d3d3f28f205d4b0c8386b04c9949a16dc,,0,0,
WebGestor/plugins/ckeditor/plugins/specialchar/dialogs/lang/de.js,WebGestor/plugins/ckeditor/plugins/specialchar/dialogs/lang,de.js,.js,4717,2025-11-10T02:16:23Z,72a52882eb96978316abb7396fac09ac1cfafa47,,0,0,
WebGestor/plugins/ckeditor/plugins/specialchar/dialogs/lang/el.js,WebGestor/plugins/ckeditor/plugins/specialchar/dialogs/lang,el.js,.js,7539,2025-11-10T02:16:23Z,c9c819b0770f6ee8978785564cd5477e142dc357,,0,0,
WebGestor/plugins/ckeditor/plugins/specialchar/dialogs/lang/en.js,WebGestor/plugins/ckeditor/plugins/specialchar/dialogs/lang,en.js,.js,4543,2025-11-10T02:16:23Z,853ea59c48485f8159525fc5aab639569eb20a0a,,0,0,
WebGestor/plugins/ckeditor/plugins/specialchar/dialogs/lang/eo.js,WebGestor/plugins/ckeditor/plugins/specialchar/dialogs/lang,eo.js,.js,4064,2025-11-10T02:16:23Z,da2ef8bf915b084b96057a18c8eb6c46228c9e35,,0,0,
WebGestor/plugins/ckeditor/plugins/specialchar/dialogs/lang/es.js,WebGestor/plugins/ckeditor/plugins/specialchar/dialogs/lang,es.js,.js,4943,2025-11-10T02:16:23Z,560a55064d456f6df028c1decfc8c108d24fd932,,0,0,
WebGestor/plugins/ckeditor/plugins/specialchar/dialogs/lang/et.js,WebGestor/plugins/ckeditor/plugins/specialchar/dialogs/lang,et.js,.js,4488,2025-11-10T02:16:23Z,09277e9ebb7b695446ab0facb2af9c41b38431b6,,0,0,
WebGestor/plugins/ckeditor/plugins/specialchar/dialogs/lang/fa.js,WebGestor/plugins/ckeditor/plugins/specialchar/dialogs/lang,fa.js,.js,5768,2025-11-10T02:16:23Z,5c5474dfe4fee999311350254fb88a355b139313,,0,0,
WebGestor/plugins/ckeditor/plugins/specialchar/dialogs/lang/fi.js,WebGestor/plugins/ckeditor/plugins/specialchar/dialogs/lang,fi.js,.js,4581,2025-11-10T02:16:23Z,882198b0286fea85c220040d94db9cda3d43c840,,0,0,
WebGestor/plugins/ckeditor/plugins/specialchar/dialogs/lang/fr-ca.js,WebGestor/plugins/ckeditor/plugins/specialchar/dialogs/lang,fr-ca.js,.js,3216,2025-11-10T02:16:23Z,31c345ea11e81c2ec987870736c75b9e25d4fb44,,0,0,
WebGestor/plugins/ckeditor/plugins/specialchar/dialogs/lang/fr.js,WebGestor/plugins/ckeditor/plugins/specialchar/dialogs/lang,fr.js,.js,3838,2025-11-10T02:16:23Z,a1392841eb35c35292714729e8ed181364768ad9,,0,0,
WebGestor/plugins/ckeditor/plugins/specialchar/dialogs/lang/gl.js,WebGestor/plugins/ckeditor/plugins/specialchar/dialogs/lang,gl.js,.js,5000,2025-11-10T02:16:23Z,473e48abe6aea1c22430f07892a9d047cf6a3714,,0,0,
WebGestor/plugins/ckeditor/plugins/specialchar/dialogs/lang/he.js,WebGestor/plugins/ckeditor/plugins/specialchar/dialogs/lang,he.js,.js,4982,2025-11-10T02:16:23Z,32b8381801579da9f4272e52c030edc815cf84fc,,0,0,
WebGestor/plugins/ckeditor/plugins/specialchar/dialogs/lang/hr.js,WebGestor/plugins/ckeditor/plugins/specialchar/dialogs/lang,hr.js,.js,4514,2025-11-10T02:16:23Z,433937efd08c79c9e431d4945aa53237afdbda46,,0,0,
WebGestor/plugins/ckeditor/plugins/specialchar/dialogs/lang/hu.js,WebGestor/plugins/ckeditor/plugins/specialchar/dialogs/lang,hu.js,.js,4131,2025-11-10T02:16:23Z,ef03268e60cdbb399806571a4b82452b1c54c20b,,0,0,
WebGestor/plugins/ckeditor/plugins/specialchar/dialogs/lang/id.js,WebGestor/plugins/ckeditor/plugins/specialchar/dialogs/lang,id.js,.js,4552,2025-11-10T02:16:23Z,926910a276f549f45a03e00f5ed20e8a869dacd3,,0,0,
WebGestor/plugins/ckeditor/plugins/specialchar/dialogs/lang/it.js,WebGestor/plugins/ckeditor/plugins/specialchar/dialogs/lang,it.js,.js,5016,2025-11-10T02:16:23Z,37779313f91821dfdf895e334837fe9d8472f4af,,0,0,
WebGestor/plugins/ckeditor/plugins/specialchar/dialogs/lang/ja.js,WebGestor/plugins/ckeditor/plugins/specialchar/dialogs/lang,ja.js,.js,3980,2025-11-10T02:16:23Z,ab75734778bf638de9573407f91f00aaa2318fa7,,0,0,
WebGestor/plugins/ckeditor/plugins/specialchar/dialogs/lang/km.js,WebGestor/plugins/ckeditor/plugins/specialchar/dialogs/lang,km.js,.js,4747,2025-11-10T02:16:23Z,4e9431125b5e39cb5222801cbf3a60922a47d098,,0,0,
WebGestor/plugins/ckeditor/plugins/specialchar/dialogs/lang/ku.js,WebGestor/plugins/ckeditor/plugins/specialchar/dialogs/lang,ku.js,.js,7560,2025-11-10T02:16:23Z,87beb51262136622b9d4bb6450a085c26036f8fe,,0,0,
WebGestor/plugins/ckeditor/plugins/specialchar/dialogs/lang/lv.js,WebGestor/plugins/ckeditor/plugins/specialchar/dialogs/lang,lv.js,.js,5018,2025-11-10T02:16:23Z,1e50b77cc64f27a4209f1ac5aacc51295fb7d391,,0,0,
WebGestor/plugins/ckeditor/plugins/specialchar/dialogs/lang/nb.js,WebGestor/plugins/ckeditor/plugins/specialchar/dialogs/lang,nb.js,.js,3428,2025-11-10T02:16:23Z,4420ea760656f3020f22681aa27ba47b768efd15,,0,0,
WebGestor/plugins/ckeditor/plugins/specialchar/dialogs/lang/nl.js,WebGestor/plugins/ckeditor/plugins/specialchar/dialogs/lang,nl.js,.js,4722,2025-11-10T02:16:23Z,dc0598e94e316584ea1bd2666f8299d95ea4f0ce,,0,0,
WebGestor/plugins/ckeditor/plugins/specialchar/dialogs/lang/no.js,WebGestor/plugins/ckeditor/plugins/specialchar/dialogs/lang,no.js,.js,3428,2025-11-10T02:16:23Z,50fbb62bc3944d8f11456e64575022796d5ecf9a,,0,0,
WebGestor/plugins/ckeditor/plugins/specialchar/dialogs/lang/pl.js,WebGestor/plugins/ckeditor/plugins/specialchar/dialogs/lang,pl.js,.js,4321,2025-11-10T02:16:23Z,cfe8b7163c61982dc006f274ca60259c247b47c2,,0,0,
WebGestor/plugins/ckeditor/plugins/specialchar/dialogs/lang/pt-br.js,WebGestor/plugins/ckeditor/plugins/specialchar/dialogs/lang,pt-br.js,.js,3826,2025-11-10T02:16:23Z,81ab8ee43ae22a0ac1b984c1f234827c7c43eb2a,,0,0,
WebGestor/plugins/ckeditor/plugins/specialchar/dialogs/lang/pt.js,WebGestor/plugins/ckeditor/plugins/specialchar/dialogs/lang,pt.js,.js,4788,2025-11-10T02:16:23Z,ea694f4dce122dad9624af97b2e08b20f2ff73d5,,0,0,
WebGestor/plugins/ckeditor/plugins/specialchar/dialogs/lang/ru.js,WebGestor/plugins/ckeditor/plugins/specialchar/dialogs/lang,ru.js,.js,7543,2025-11-10T02:16:23Z,d94d146d6790bfdaf26710d559438cb03740664d,,0,0,
WebGestor/plugins/ckeditor/plugins/specialchar/dialogs/lang/si.js,WebGestor/plugins/ckeditor/plugins/specialchar/dialogs/lang,si.js,.js,4884,2025-11-10T02:16:23Z,ae61c6bee0e7f26b14e7a42c8de83a57eeddc340,,0,0,
WebGestor/plugins/ckeditor/plugins/specialchar/dialogs/lang/sk.js,WebGestor/plugins/ckeditor/plugins/specialchar/dialogs/lang,sk.js,.js,4760,2025-11-10T02:16:23Z,198c49e1ba26a075c76220c6cf346736f35544eb,,0,0,
WebGestor/plugins/ckeditor/plugins/specialchar/dialogs/lang/sl.js,WebGestor/plugins/ckeditor/plugins/specialchar/dialogs/lang,sl.js,.js,4319,2025-11-10T02:16:23Z,b28c278a84ce0e4d861c0aaadaadf8617e1b544e,,0,0,
WebGestor/plugins/ckeditor/plugins/specialchar/dialogs/lang/sq.js,WebGestor/plugins/ckeditor/plugins/specialchar/dialogs/lang,sq.js,.js,4974,2025-11-10T02:16:23Z,a64c0c77226251e2f887094893fcd216d1530482,,0,0,
WebGestor/plugins/ckeditor/plugins/specialchar/dialogs/lang/sv.js,WebGestor/plugins/ckeditor/plugins/specialchar/dialogs/lang,sv.js,.js,3480,2025-11-10T02:16:23Z,8d2fd5976aeb67010418da77755d81aff2d96fd3,,0,0,
WebGestor/plugins/ckeditor/plugins/specialchar/dialogs/lang/th.js,WebGestor/plugins/ckeditor/plugins/specialchar/dialogs/lang,th.js,.js,4672,2025-11-10T02:16:23Z,3faf14496defd058f1c520b88de85a1939036c63,,0,0,
WebGestor/plugins/ckeditor/plugins/specialchar/dialogs/lang/tr.js,WebGestor/plugins/ckeditor/plugins/specialchar/dialogs/lang,tr.js,.js,4475,2025-11-10T02:16:23Z,da1bfccfe3269d828fb3fccf713a1e28b9af19d8,,0,0,
WebGestor/plugins/ckeditor/plugins/specialchar/dialogs/lang/ug.js,WebGestor/plugins/ckeditor/plugins/specialchar/dialogs/lang,ug.js,.js,4999,2025-11-10T02:16:23Z,54df3333cc5d14de7c4399ae9d5aeba35b09c6bc,,0,0,
WebGestor/plugins/ckeditor/plugins/specialchar/dialogs/lang/uk.js,WebGestor/plugins/ckeditor/plugins/specialchar/dialogs/lang,uk.js,.js,6366,2025-11-10T02:16:23Z,f4d1978d2b65fdf1044eb07839e944b835318d6d,,0,0,
WebGestor/plugins/ckeditor/plugins/specialchar/dialogs/lang/vi.js,WebGestor/plugins/ckeditor/plugins/specialchar/dialogs/lang,vi.js,.js,6081,2025-11-10T02:16:23Z,6e2ec619003eeb90f03512a33aa7bf0635adb80f,,0,0,
WebGestor/plugins/ckeditor/plugins/specialchar/dialogs/lang/zh-cn.js,WebGestor/plugins/ckeditor/plugins/specialchar/dialogs/lang,zh-cn.js,.js,4377,2025-11-10T02:16:23Z,d84c12008caa51b2ce9e85b96822cf5e1f7f5b51,,0,0,
WebGestor/plugins/ckeditor/plugins/specialchar/dialogs/lang/zh.js,WebGestor/plugins/ckeditor/plugins/specialchar/dialogs/lang,zh.js,.js,4406,2025-11-10T02:16:23Z,2c63f94be6cb778c0e93abee3663ea1d141f3ce0,,0,0,
WebGestor/plugins/ckeditor/plugins/specialchar/dialogs/specialchar.js,WebGestor/plugins/ckeditor/plugins/specialchar/dialogs,specialchar.js,.js,4824,2025-11-10T02:16:23Z,a261ea5c907c85263cbc077729f2612b6a3a5eb5,,0,0,
WebGestor/plugins/ckeditor/plugins/table/dialogs/table.js,WebGestor/plugins/ckeditor/plugins/table/dialogs,table.js,.js,8788,2025-11-10T02:16:23Z,b07554e860857d4297a9444e7f8941f088f0a0dd,,0,0,
WebGestor/plugins/ckeditor/plugins/tabletools/dialogs/tableCell.js,WebGestor/plugins/ckeditor/plugins/tabletools/dialogs,tableCell.js,.js,6208,2025-11-10T02:16:23Z,42d0f8695d4574d4e3e476ccb2d061f16653d828,,0,0,
WebGestor/plugins/ckeditor/plugins/wsc/LICENSE.md,WebGestor/plugins/ckeditor/plugins/wsc,LICENSE.md,.md,1446,2025-11-10T02:16:23Z,93b55ff70f3b259c0916fa9b82a66bf4c5d95b27,,0,0,
WebGestor/plugins/ckeditor/plugins/wsc/README.md,WebGestor/plugins/ckeditor/plugins/wsc,README.md,.md,945,2025-11-10T02:16:23Z,f47cba73a70c908819f7977bc4950074ff80453a,,0,0,
WebGestor/plugins/ckeditor/plugins/wsc/dialogs/ciframe.html,WebGestor/plugins/ckeditor/plugins/wsc/dialogs,ciframe.html,.html,1624,2025-11-10T02:16:23Z,3bdf87e37e9db87526fd24c6de9f4c3520679680,,0,0,
WebGestor/plugins/ckeditor/plugins/wsc/dialogs/tmp.html,WebGestor/plugins/ckeditor/plugins/wsc/dialogs,tmp.html,.html,3476,2025-11-10T02:16:23Z,b326038183344e8e8a0a2451e5e180b39307930b,,0,0,
WebGestor/plugins/ckeditor/plugins/wsc/dialogs/tmpFrameset.html,WebGestor/plugins/ckeditor/plugins/wsc/dialogs,tmpFrameset.html,.html,1883,2025-11-10T02:16:23Z,815103e37a49d1148da24803a4866e1c7c682ce9,,0,0,
WebGestor/plugins/ckeditor/plugins/wsc/dialogs/wsc.css,WebGestor/plugins/ckeditor/plugins/wsc/dialogs,wsc.css,.css,1150,2025-11-10T02:16:23Z,b08437b0cb092541eae46fd41adb5f5f54548797,,0,0,
WebGestor/plugins/ckeditor/plugins/wsc/dialogs/wsc.js,WebGestor/plugins/ckeditor/plugins/wsc/dialogs,wsc.js,.js,32976,2025-11-10T02:16:23Z,8944b43c905f97ba4c6846de785f5f0e8be8ffec,,0,0,
WebGestor/plugins/ckeditor/plugins/wsc/dialogs/wsc_ie.js,WebGestor/plugins/ckeditor/plugins/wsc/dialogs,wsc_ie.js,.js,3324,2025-11-10T02:16:23Z,1b6b635b04a02d1beedf788528c832480930ef1f,,0,0,
WebGestor/plugins/ckeditor/skins/moono/dialog.css,WebGestor/plugins/ckeditor/skins/moono,dialog.css,.css,15856,2025-11-10T02:16:23Z,ed910fe0241ec17beaf43a208d1bf7ac893f8536,,0,0,
WebGestor/plugins/ckeditor/skins/moono/dialog_ie.css,WebGestor/plugins/ckeditor/skins/moono,dialog_ie.css,.css,16767,2025-11-10T02:16:23Z,83e0e0e3dc082aa5b201b25ab73043f2e2bcf815,,0,0,
WebGestor/plugins/ckeditor/skins/moono/dialog_ie7.css,WebGestor/plugins/ckeditor/skins/moono,dialog_ie7.css,.css,17324,2025-11-10T02:16:23Z,4cdda4a307e67856bc6e9b97176187bcc533a865,,0,0,
WebGestor/plugins/ckeditor/skins/moono/dialog_ie8.css,WebGestor/plugins/ckeditor/skins/moono,dialog_ie8.css,.css,16939,2025-11-10T02:16:23Z,6a0b7a9aa308ff1e62d041718ba6a07b4552035e,,0,0,
WebGestor/plugins/ckeditor/skins/moono/dialog_iequirks.css,WebGestor/plugins/ckeditor/skins/moono,dialog_iequirks.css,.css,16796,2025-11-10T02:16:23Z,609bb9ff026f6bafcc2e8300bad1f9d86e8e161c,,0,0,
WebGestor/plugins/ckeditor/skins/moono/dialog_opera.css,WebGestor/plugins/ckeditor/skins/moono,dialog_opera.css,.css,15984,2025-11-10T02:16:23Z,475202928407cbc6cb263b1d1a902046816cb949,,0,0,
WebGestor/plugins/ckeditor/skins/moono/editor.css,WebGestor/plugins/ckeditor/skins/moono,editor.css,.css,35175,2025-11-10T02:16:23Z,5cf7ea72fa9926d844c6c27ec5840a2ff519a2e9,,0,0,
WebGestor/plugins/ckeditor/skins/moono/editor_gecko.css,WebGestor/plugins/ckeditor/skins/moono,editor_gecko.css,.css,35256,2025-11-10T02:16:23Z,39cd1d8cbcf93aadb462c4893b0804f2f69f8460,,0,0,
WebGestor/plugins/ckeditor/skins/moono/editor_ie.css,WebGestor/plugins/ckeditor/skins/moono,editor_ie.css,.css,36174,2025-11-10T02:16:23Z,085f92ed857b801f21b9acb64bd22e71a3280637,,0,0,
WebGestor/plugins/ckeditor/skins/moono/editor_ie7.css,WebGestor/plugins/ckeditor/skins/moono,editor_ie7.css,.css,38199,2025-11-10T02:16:23Z,ef2141a58722be99bfb0a0b5ac2d9cfb22408c27,,0,0,
WebGestor/plugins/ckeditor/skins/moono/editor_ie8.css,WebGestor/plugins/ckeditor/skins/moono,editor_ie8.css,.css,36349,2025-11-10T02:16:23Z,8ab52031485cdef6f1863e3c06d5d96e67097043,,0,0,
WebGestor/plugins/ckeditor/skins/moono/editor_iequirks.css,WebGestor/plugins/ckeditor/skins/moono,editor_iequirks.css,.css,36824,2025-11-10T02:16:23Z,6b87a2b4f8c68b12e7773f77d2611f90343d29e1,,0,0,
WebGestor/plugins/ckeditor/skins/moono/icons.png,WebGestor/plugins/ckeditor/skins/moono,icons.png,.png,10030,2025-11-10T02:16:23Z,154520351622ef6d083b34e51865c4e7945c17f1,,0,0,
WebGestor/plugins/ckeditor/skins/moono/icons_hidpi.png,WebGestor/plugins/ckeditor/skins/moono,icons_hidpi.png,.png,34465,2025-11-10T02:16:23Z,caf65dded11fa91fba69b03c5e731a13f043a798,,0,0,
WebGestor/plugins/ckeditor/skins/moono/images/arrow.png,WebGestor/plugins/ckeditor/skins/moono/images,arrow.png,.png,261,2025-11-10T02:16:23Z,e5ec3c7cb8e36f3f9d89f22ffb8f3e659ccc80c3,,0,0,
WebGestor/plugins/ckeditor/skins/moono/images/close.png,WebGestor/plugins/ckeditor/skins/moono/images,close.png,.png,824,2025-11-10T02:16:23Z,cbcf4c81de14668366a764d2b269c19b18ae06c5,,0,0,
WebGestor/plugins/ckeditor/skins/moono/images/hidpi/close.png,WebGestor/plugins/ckeditor/skins/moono/images/hidpi,close.png,.png,1792,2025-11-10T02:16:23Z,db4750a4a03fe06483afc5319cc079ffc8536113,,0,0,
WebGestor/plugins/ckeditor/skins/moono/images/hidpi/lock-open.png,WebGestor/plugins/ckeditor/skins/moono/images/hidpi,lock-open.png,.png,1503,2025-11-10T02:16:23Z,7008235493ce044e9ba7fab006c3f1f687315fa5,,0,0,
WebGestor/plugins/ckeditor/skins/moono/images/hidpi/lock.png,WebGestor/plugins/ckeditor/skins/moono/images/hidpi,lock.png,.png,1616,2025-11-10T02:16:23Z,6ba19aece78de4c05a06c1b2e8dc6c8eab7ad838,,0,0,
WebGestor/plugins/ckeditor/skins/moono/images/hidpi/refresh.png,WebGestor/plugins/ckeditor/skins/moono/images/hidpi,refresh.png,.png,2320,2025-11-10T02:16:23Z,7db5032f85f95c1cbba5f99acf58131d3dfedaf9,,0,0,
WebGestor/plugins/ckeditor/skins/moono/images/lock-open.png,WebGestor/plugins/ckeditor/skins/moono/images,lock-open.png,.png,736,2025-11-10T02:16:23Z,039bbe547054abb891b36978523d28ec4462ffd2,,0,0,
WebGestor/plugins/ckeditor/skins/moono/images/lock.png,WebGestor/plugins/ckeditor/skins/moono/images,lock.png,.png,728,2025-11-10T02:16:23Z,8519e65eaeb759fcd53057d711a255b97f1f6c4d,,0,0,
WebGestor/plugins/ckeditor/skins/moono/images/refresh.png,WebGestor/plugins/ckeditor/skins/moono/images,refresh.png,.png,953,2025-11-10T02:16:23Z,eaef9e2a1b27f427c143253e96d19e675b6c3f9f,,0,0,
WebGestor/plugins/ckeditor/skins/moono/readme.md,WebGestor/plugins/ckeditor/skins/moono,readme.md,.md,2478,2025-11-10T02:16:23Z,c02dbc3ae386c50abc49b026c5466cb6d2497241,,0,0,
WebGestor/plugins/ckeditor/styles.js,WebGestor/plugins/ckeditor,styles.js,.js,3483,2025-11-10T02:16:23Z,6c75dc1e38de9d6e18417da84910850d6a895857,,0,0,
WebGestor/plugins/colorpicker/bootstrap-colorpicker.css,WebGestor/plugins/colorpicker,bootstrap-colorpicker.css,.css,3909,2025-11-10T02:16:23Z,0e00a80d8f02b62819ac14c2f95b469089e9392f,,0,0,
WebGestor/plugins/colorpicker/bootstrap-colorpicker.js,WebGestor/plugins/colorpicker,bootstrap-colorpicker.js,.js,33831,2025-11-10T02:16:23Z,f6972311554bcea759eee3a5a06791fe20211340,,0,0,
WebGestor/plugins/colorpicker/bootstrap-colorpicker.min.css,WebGestor/plugins/colorpicker,bootstrap-colorpicker.min.css,.css,3262,2025-11-10T02:16:23Z,08871a1f00771f3622537940e5d3b61744eb6c9c,,0,0,
WebGestor/plugins/colorpicker/bootstrap-colorpicker.min.js,WebGestor/plugins/colorpicker,bootstrap-colorpicker.min.js,.js,15528,2025-11-10T02:16:23Z,edafb19f8ecb0ad9c33b28707dbdcf92b18fb9ba,,0,0,
WebGestor/plugins/colorpicker/img/alpha-horizontal.png,WebGestor/plugins/colorpicker/img,alpha-horizontal.png,.png,3635,2025-11-10T02:16:23Z,cf921cf167790bf4d2c462885fd110ec3d9ffdf9,,0,0,
WebGestor/plugins/colorpicker/img/alpha.png,WebGestor/plugins/colorpicker/img,alpha.png,.png,3271,2025-11-10T02:16:23Z,5d3dc8dcf7438d9a4288f8edd4533610c759714d,,0,0,
WebGestor/plugins/colorpicker/img/hue-horizontal.png,WebGestor/plugins/colorpicker/img,hue-horizontal.png,.png,2837,2025-11-10T02:16:23Z,a25033b694a4bc16e41d7cf5493aeaecf8a51a30,,0,0,
WebGestor/plugins/colorpicker/img/hue.png,WebGestor/plugins/colorpicker/img,hue.png,.png,2972,2025-11-10T02:16:23Z,68d21f6cbaa0b079d15587d15873cf5cd0262633,,0,0,
WebGestor/plugins/colorpicker/img/saturation.png,WebGestor/plugins/colorpicker/img,saturation.png,.png,8817,2025-11-10T02:16:23Z,12bd7b7941ebb90d78f39657196fddd1c8ce304a,,0,0,
WebGestor/plugins/datatables/dataTables.bootstrap.css,WebGestor/plugins/datatables,dataTables.bootstrap.css,.css,8829,2025-11-10T02:16:23Z,c6d28fbc668c253e86412e104dbfe76ec5c9e4e5,,0,0,
WebGestor/plugins/datatables/dataTables.bootstrap.js,WebGestor/plugins/datatables,dataTables.bootstrap.js,.js,4839,2025-11-10T02:16:23Z,154bad4eb3c006ff81dc75599b2da17781dd5a06,,0,0,
WebGestor/plugins/datatables/dataTables.bootstrap.min.js,WebGestor/plugins/datatables,dataTables.bootstrap.min.js,.js,2065,2025-11-10T02:16:23Z,bd9605cccc6d77ee26c19e1dc4ab044ef178e731,,0,0,
WebGestor/plugins/datatables/extensions/AutoFill/Readme.txt,WebGestor/plugins/datatables/extensions/AutoFill,Readme.txt,.txt,1332,2025-11-10T02:16:23Z,d24a2c8ee90b0eedb69516474e281da26cd3f499,,0,0,
WebGestor/plugins/datatables/extensions/AutoFill/css/dataTables.autoFill.css,WebGestor/plugins/datatables/extensions/AutoFill/css,dataTables.autoFill.css,.css,493,2025-11-10T02:16:23Z,6ecc004524693a8142b69d9ce204d51c439019ef,,0,0,
WebGestor/plugins/datatables/extensions/AutoFill/css/dataTables.autoFill.min.css,WebGestor/plugins/datatables/extensions/AutoFill/css,dataTables.autoFill.min.css,.css,344,2025-11-10T02:16:23Z,15b96a6ce9d2cffd23621312bbc17ef005c1706f,,0,0,
WebGestor/plugins/datatables/extensions/AutoFill/examples/columns.html,WebGestor/plugins/datatables/extensions/AutoFill/examples,columns.html,.html,16578,2025-11-10T02:16:23Z,1540bb93cd8a03417d7fe125a6847609e56f1de2,,0,0,
WebGestor/plugins/datatables/extensions/AutoFill/examples/complete-callback.html,WebGestor/plugins/datatables/extensions/AutoFill/examples,complete-callback.html,.html,16883,2025-11-10T02:16:23Z,b469670679ca6b7e08789e459275f957fb84ea98,,0,0,
WebGestor/plugins/datatables/extensions/AutoFill/examples/fill-both.html,WebGestor/plugins/datatables/extensions/AutoFill/examples,fill-both.html,.html,16597,2025-11-10T02:16:23Z,6fd56927c4ce7897d66ba74ea82ca9f59a25c80d,,0,0,
WebGestor/plugins/datatables/extensions/AutoFill/examples/fill-horizontal.html,WebGestor/plugins/datatables/extensions/AutoFill/examples,fill-horizontal.html,.html,16544,2025-11-10T02:16:23Z,728f0edf6b0810a66e2a539273eebc8b4fb75de7,,0,0,
WebGestor/plugins/datatables/extensions/AutoFill/examples/index.html,WebGestor/plugins/datatables/extensions/AutoFill/examples,index.html,.html,2705,2025-11-10T02:16:23Z,bf2ab3b8dbc47e74d3a80611005efa64ab87140a,,0,0,
WebGestor/plugins/datatables/extensions/AutoFill/examples/scrolling.html,WebGestor/plugins/datatables/extensions/AutoFill/examples,scrolling.html,.html,16270,2025-11-10T02:16:23Z,20333942f053c51800c9114e2a951baf47e42147,,0,0,
WebGestor/plugins/datatables/extensions/AutoFill/examples/simple.html,WebGestor/plugins/datatables/extensions/AutoFill/examples,simple.html,.html,16348,2025-11-10T02:16:23Z,86e958e90cb2d728a2f37e3e46b925cdd4086ef8,,0,0,
WebGestor/plugins/datatables/extensions/AutoFill/examples/step-callback.html,WebGestor/plugins/datatables/extensions/AutoFill/examples,step-callback.html,.html,17417,2025-11-10T02:16:23Z,8bdbb6e48bec9e184601862a08c168acb0988ecc,,0,0,
WebGestor/plugins/datatables/extensions/AutoFill/images/filler.png,WebGestor/plugins/datatables/extensions/AutoFill/images,filler.png,.png,1040,2025-11-10T02:16:23Z,f368e46d1e8f84ba89025e6dd1ccf4608ebe7695,,0,0,
WebGestor/plugins/datatables/extensions/AutoFill/js/dataTables.autoFill.js,WebGestor/plugins/datatables/extensions/AutoFill/js,dataTables.autoFill.js,.js,22645,2025-11-10T02:16:23Z,27e81614cb27dd7076153ef22546298b7edc67f1,,0,0,
WebGestor/plugins/datatables/extensions/AutoFill/js/dataTables.autoFill.min.js,WebGestor/plugins/datatables/extensions/AutoFill/js,dataTables.autoFill.min.js,.js,9046,2025-11-10T02:16:23Z,bb8336d5ff1aa74ce8b4b32afb7856ed9d696f9d,,0,0,
WebGestor/plugins/datatables/extensions/ColReorder/License.txt,WebGestor/plugins/datatables/extensions/ColReorder,License.txt,.txt,1088,2025-11-10T02:16:23Z,41633068f3d8543b7c81d4cbe54bb487f0975721,,0,0,
WebGestor/plugins/datatables/extensions/ColReorder/Readme.md,WebGestor/plugins/datatables/extensions/ColReorder,Readme.md,.md,1301,2025-11-10T02:16:23Z,5928e793afce2bb08318d3b09db05d28baeb6d07,,0,0,
WebGestor/plugins/datatables/extensions/ColReorder/css/dataTables.colReorder.css,WebGestor/plugins/datatables/extensions/ColReorder/css,dataTables.colReorder.css,.css,224,2025-11-10T02:16:23Z,6702bdfdf3193ffe9a89a42795a940705a5b4444,,0,0,
WebGestor/plugins/datatables/extensions/ColReorder/css/dataTables.colReorder.min.css,WebGestor/plugins/datatables/extensions/ColReorder/css,dataTables.colReorder.min.css,.css,139,2025-11-10T02:16:23Z,03454e0f35d7e7ed6d8cdf4e6d8d37c8ed69f81e,,0,0,
WebGestor/plugins/datatables/extensions/ColReorder/examples/alt_insert.html,WebGestor/plugins/datatables/extensions/ColReorder/examples,alt_insert.html,.html,16789,2025-11-10T02:16:23Z,259a6952daa3f2344448db3e22a07fe6b011f7a2,,0,0,
WebGestor/plugins/datatables/extensions/ColReorder/examples/col_filter.html,WebGestor/plugins/datatables/extensions/ColReorder/examples,col_filter.html,.html,17788,2025-11-10T02:16:23Z,b322749a56ac5cfc3944565628c386211504a33b,,0,0,
WebGestor/plugins/datatables/extensions/ColReorder/examples/colvis.html,WebGestor/plugins/datatables/extensions/ColReorder/examples,colvis.html,.html,17181,2025-11-10T02:16:23Z,89dc365bb4d58c391a62685f8274412c551cd7c5,,0,0,
WebGestor/plugins/datatables/extensions/ColReorder/examples/fixedcolumns.html,WebGestor/plugins/datatables/extensions/ColReorder/examples,fixedcolumns.html,.html,22225,2025-11-10T02:16:23Z,fb1755dd3380cbb79b931c1114412f1c14a35dcd,,0,0,
WebGestor/plugins/datatables/extensions/ColReorder/examples/fixedheader.html,WebGestor/plugins/datatables/extensions/ColReorder/examples,fixedheader.html,.html,17099,2025-11-10T02:16:23Z,800bdfdf0ed417cdfb24c5dd7f04bd8666d35e18,,0,0,
WebGestor/plugins/datatables/extensions/ColReorder/examples/index.html,WebGestor/plugins/datatables/extensions/ColReorder/examples,index.html,.html,3362,2025-11-10T02:16:23Z,4628c8d8060854d3b36479009d0e805bbe8f39b4,,0,0,
WebGestor/plugins/datatables/extensions/ColReorder/examples/jqueryui.html,WebGestor/plugins/datatables/extensions/ColReorder/examples,jqueryui.html,.html,17506,2025-11-10T02:16:23Z,c1453d9fd826a4e679ebe5b76923315a7fd6a45d,,0,0,
WebGestor/plugins/datatables/extensions/ColReorder/examples/new_init.html,WebGestor/plugins/datatables/extensions/ColReorder/examples,new_init.html,.html,16706,2025-11-10T02:16:23Z,d24ac780d82b23df29662f71cd566793bcdbfbe0,,0,0,
WebGestor/plugins/datatables/extensions/ColReorder/examples/predefined.html,WebGestor/plugins/datatables/extensions/ColReorder/examples,predefined.html,.html,16794,2025-11-10T02:16:23Z,58706c45cf1d441bc35d1c064fec65b993c57e85,,0,0,
WebGestor/plugins/datatables/extensions/ColReorder/examples/realtime.html,WebGestor/plugins/datatables/extensions/ColReorder/examples,realtime.html,.html,16851,2025-11-10T02:16:23Z,1c8ba01508d1041136f77ce7957fee425b4836a9,,0,0,
WebGestor/plugins/datatables/extensions/ColReorder/examples/reset.html,WebGestor/plugins/datatables/extensions/ColReorder/examples,reset.html,.html,17197,2025-11-10T02:16:23Z,9d806944947391efc32f4d31f990393e85a6c0ff,,0,0,
WebGestor/plugins/datatables/extensions/ColReorder/examples/scrolling.html,WebGestor/plugins/datatables/extensions/ColReorder/examples,scrolling.html,.html,16717,2025-11-10T02:16:23Z,6f973bba703dd38ec03b9d549999e670a01de27d,,0,0,
WebGestor/plugins/datatables/extensions/ColReorder/examples/server_side.html,WebGestor/plugins/datatables/extensions/ColReorder/examples,server_side.html,.html,7257,2025-11-10T02:16:23Z,f5495362ec28716b621f4ecf39d225eafc51da5b,,0,0,
WebGestor/plugins/datatables/extensions/ColReorder/examples/simple.html,WebGestor/plugins/datatables/extensions/ColReorder/examples,simple.html,.html,17013,2025-11-10T02:16:23Z,d1d1653e9590e9a88c9f691ef3c65a513f5cff5f,,0,0,
WebGestor/plugins/datatables/extensions/ColReorder/examples/state_save.html,WebGestor/plugins/datatables/extensions/ColReorder/examples,state_save.html,.html,16755,2025-11-10T02:16:23Z,17e669eeaeef70771ccf7bb18f145928baba0175,,0,0,
WebGestor/plugins/datatables/extensions/ColReorder/images/insert.png,WebGestor/plugins/datatables/extensions/ColReorder/images,insert.png,.png,1885,2025-11-10T02:16:23Z,ea6cbd96bcbf9ad86a6cac2f6e7e0e7176f8e6db,,0,0,
WebGestor/plugins/datatables/extensions/ColReorder/js/dataTables.colReorder.js,WebGestor/plugins/datatables/extensions/ColReorder/js,dataTables.colReorder.js,.js,36311,2025-11-10T02:16:23Z,f898da4657135c6a899cc4e6d389cac77755333a,,0,0,
WebGestor/plugins/datatables/extensions/ColReorder/js/dataTables.colReorder.min.js,WebGestor/plugins/datatables/extensions/ColReorder/js,dataTables.colReorder.min.js,.js,11138,2025-11-10T02:16:23Z,7c1a9a2cf8d8dc10a37b5db3c19b78a7642eb315,,0,0,
WebGestor/plugins/datatables/extensions/ColVis/License.txt,WebGestor/plugins/datatables/extensions/ColVis,License.txt,.txt,1088,2025-11-10T02:16:23Z,41633068f3d8543b7c81d4cbe54bb487f0975721,,0,0,
WebGestor/plugins/datatables/extensions/ColVis/Readme.md,WebGestor/plugins/datatables/extensions/ColVis,Readme.md,.md,1259,2025-11-10T02:16:23Z,6dd4bdd6d84b126e11ffb97f9ad1d981391e87a1,,0,0,
WebGestor/plugins/datatables/extensions/ColVis/css/dataTables.colVis.css,WebGestor/plugins/datatables/extensions/ColVis/css,dataTables.colVis.css,.css,5824,2025-11-10T02:16:23Z,1905d17fcdfc349ccb64b24acaef742c7f086157,,0,0,
WebGestor/plugins/datatables/extensions/ColVis/css/dataTables.colVis.min.css,WebGestor/plugins/datatables/extensions/ColVis/css,dataTables.colVis.min.css,.css,4376,2025-11-10T02:16:23Z,3b590abbfebd3891f684a14855a525b86355724c,,0,0,
WebGestor/plugins/datatables/extensions/ColVis/css/dataTables.colvis.jqueryui.css,WebGestor/plugins/datatables/extensions/ColVis/css,dataTables.colvis.jqueryui.css,.css,558,2025-11-10T02:16:23Z,00be0d9c6465973f5da37424d34131b4bc746169,,0,0,
WebGestor/plugins/datatables/extensions/ColVis/examples/button_order.html,WebGestor/plugins/datatables/extensions/ColVis/examples,button_order.html,.html,16631,2025-11-10T02:16:23Z,7b607b870de8bb6f1eeb499fcff3b5b17ff8e00d,,0,0,
WebGestor/plugins/datatables/extensions/ColVis/examples/exclude_columns.html,WebGestor/plugins/datatables/extensions/ColVis/examples,exclude_columns.html,.html,16811,2025-11-10T02:16:23Z,bb9c2890da30d70ca9b76bfd60d4f2e25a760696,,0,0,
WebGestor/plugins/datatables/extensions/ColVis/examples/group_columns.html,WebGestor/plugins/datatables/extensions/ColVis/examples,group_columns.html,.html,17316,2025-11-10T02:16:23Z,d8057c46e5453f95bd0a56d97acedf086d0abf51,,0,0,
WebGestor/plugins/datatables/extensions/ColVis/examples/index.html,WebGestor/plugins/datatables/extensions/ColVis/examples,index.html,.html,3201,2025-11-10T02:16:23Z,1b259cb619bd8c7133ad952869d90ad823fa671d,,0,0,
WebGestor/plugins/datatables/extensions/ColVis/examples/jqueryui.html,WebGestor/plugins/datatables/extensions/ColVis/examples,jqueryui.html,.html,17560,2025-11-10T02:16:23Z,8c42df059ab1c19a78164cb1c55943ebdc3e00a6,,0,0,
WebGestor/plugins/datatables/extensions/ColVis/examples/mouseover.html,WebGestor/plugins/datatables/extensions/ColVis/examples,mouseover.html,.html,16737,2025-11-10T02:16:23Z,b5b2846fef97f1549402d5bffcedca614f5c4f2c,,0,0,
WebGestor/plugins/datatables/extensions/ColVis/examples/new_init.html,WebGestor/plugins/datatables/extensions/ColVis/examples,new_init.html,.html,16957,2025-11-10T02:16:23Z,92635a704dee2edc824511853f54c04b586be65f,,0,0,
WebGestor/plugins/datatables/extensions/ColVis/examples/restore.html,WebGestor/plugins/datatables/extensions/ColVis/examples,restore.html,.html,16900,2025-11-10T02:16:23Z,f8bfdc8ba79315cee5f4b19eaf43c19aed0811c2,,0,0,
WebGestor/plugins/datatables/extensions/ColVis/examples/simple.html,WebGestor/plugins/datatables/extensions/ColVis/examples,simple.html,.html,16768,2025-11-10T02:16:23Z,5016e4447e76f11289ba800f4e2b71e18bf9b3b1,,0,0,
WebGestor/plugins/datatables/extensions/ColVis/examples/text.html,WebGestor/plugins/datatables/extensions/ColVis/examples,text.html,.html,16619,2025-11-10T02:16:23Z,436397ac3230cbeb3b7e7d91268ca9fd3d612997,,0,0,
WebGestor/plugins/datatables/extensions/ColVis/examples/title_callback.html,WebGestor/plugins/datatables/extensions/ColVis/examples,title_callback.html,.html,16839,2025-11-10T02:16:23Z,3fc3247ada9d0dc5d61cf1edaa412799faa27563,,0,0,
WebGestor/plugins/datatables/extensions/ColVis/examples/two_tables.html,WebGestor/plugins/datatables/extensions/ColVis/examples,two_tables.html,.html,9959,2025-11-10T02:16:23Z,69741e9b54a176acbab9ed715136b6223d3f51fb,,0,0,
WebGestor/plugins/datatables/extensions/ColVis/examples/two_tables_identical.html,WebGestor/plugins/datatables/extensions/ColVis/examples,two_tables_identical.html,.html,11289,2025-11-10T02:16:23Z,94e14bff663e74b1b37f922d1bb9d61a2c150f7a,,0,0,
WebGestor/plugins/datatables/extensions/ColVis/js/dataTables.colVis.js,WebGestor/plugins/datatables/extensions/ColVis/js,dataTables.colVis.js,.js,27029,2025-11-10T02:16:23Z,772c32588abad04095768ddc425d3018b67999db,,0,0,
WebGestor/plugins/datatables/extensions/ColVis/js/dataTables.colVis.min.js,WebGestor/plugins/datatables/extensions/ColVis/js,dataTables.colVis.min.js,.js,10109,2025-11-10T02:16:23Z,6f989553bc9b442296b1ac0d67634bd6df2c13f7,,0,0,
WebGestor/plugins/datatables/extensions/FixedColumns/License.txt,WebGestor/plugins/datatables/extensions/FixedColumns,License.txt,.txt,1088,2025-11-10T02:16:23Z,41633068f3d8543b7c81d4cbe54bb487f0975721,,0,0,
WebGestor/plugins/datatables/extensions/FixedColumns/Readme.md,WebGestor/plugins/datatables/extensions/FixedColumns,Readme.md,.md,1509,2025-11-10T02:16:23Z,e94b81b56c451cdc5e556fe876ad49aeda94acdb,,0,0,
WebGestor/plugins/datatables/extensions/FixedColumns/css/dataTables.fixedColumns.css,WebGestor/plugins/datatables/extensions/FixedColumns/css,dataTables.fixedColumns.css,.css,530,2025-11-10T02:16:23Z,dfe1d544edcfdd70025f80b987863939b2375ca5,,0,0,
WebGestor/plugins/datatables/extensions/FixedColumns/css/dataTables.fixedColumns.min.css,WebGestor/plugins/datatables/extensions/FixedColumns/css,dataTables.fixedColumns.min.css,.css,327,2025-11-10T02:16:23Z,45ed070a462faf36bc329202988d763695adfd91,,0,0,
WebGestor/plugins/datatables/extensions/FixedColumns/examples/bootstrap.html,WebGestor/plugins/datatables/extensions/FixedColumns/examples,bootstrap.html,.html,22152,2025-11-10T02:16:23Z,efcfdaba3054859d6406bc6da679f15e2093edb5,,0,0,
WebGestor/plugins/datatables/extensions/FixedColumns/examples/col_filter.html,WebGestor/plugins/datatables/extensions/FixedColumns/examples,col_filter.html,.html,22483,2025-11-10T02:16:23Z,8518f9233a188c1e1f309d115bcc807553dc1260,,0,0,
WebGestor/plugins/datatables/extensions/FixedColumns/examples/colvis.html,WebGestor/plugins/datatables/extensions/FixedColumns/examples,colvis.html,.html,22394,2025-11-10T02:16:23Z,2df901f2eaf7a12b84a042f4791e07d07560c7ee,,0,0,
WebGestor/plugins/datatables/extensions/FixedColumns/examples/css_size.html,WebGestor/plugins/datatables/extensions/FixedColumns/examples,css_size.html,.html,22185,2025-11-10T02:16:23Z,7c2c451873da63b5ef21c94b314026de94f39cf9,,0,0,
WebGestor/plugins/datatables/extensions/FixedColumns/examples/index.html,WebGestor/plugins/datatables/extensions/FixedColumns/examples,index.html,.html,3564,2025-11-10T02:16:23Z,30e552a58a4a0d8aa7e732d45dd8d476133190de,,0,0,
WebGestor/plugins/datatables/extensions/FixedColumns/examples/index_column.html,WebGestor/plugins/datatables/extensions/FixedColumns/examples,index_column.html,.html,23755,2025-11-10T02:16:23Z,23620ec0f44f8ea55586ef0d7ed71ea21b3f895f,,0,0,
WebGestor/plugins/datatables/extensions/FixedColumns/examples/left_right_columns.html,WebGestor/plugins/datatables/extensions/FixedColumns/examples,left_right_columns.html,.html,21367,2025-11-10T02:16:23Z,2f5fef7396e82909048ecae93e90448bcbc58482,,0,0,
WebGestor/plugins/datatables/extensions/FixedColumns/examples/right_column.html,WebGestor/plugins/datatables/extensions/FixedColumns/examples,right_column.html,.html,21377,2025-11-10T02:16:23Z,e4551dfa8ecfe07c31ec8ce8625db436a4af968f,,0,0,
WebGestor/plugins/datatables/extensions/FixedColumns/examples/rowspan.html,WebGestor/plugins/datatables/extensions/FixedColumns/examples,rowspan.html,.html,18293,2025-11-10T02:16:23Z,df006adcbe9f812213c6d48ddacfc40ccd01dfae,,0,0,
WebGestor/plugins/datatables/extensions/FixedColumns/examples/server-side-processing.html,WebGestor/plugins/datatables/extensions/FixedColumns/examples,server-side-processing.html,.html,7602,2025-11-10T02:16:23Z,b01e25748e3e4f4d5f5e35088639cb436200e21f,,0,0,
WebGestor/plugins/datatables/extensions/FixedColumns/examples/simple.html,WebGestor/plugins/datatables/extensions/FixedColumns/examples,simple.html,.html,21676,2025-11-10T02:16:23Z,db2ff20b3e44ec1d1b62d72723e49e56f90a296d,,0,0,
WebGestor/plugins/datatables/extensions/FixedColumns/examples/size_fixed.html,WebGestor/plugins/datatables/extensions/FixedColumns/examples,size_fixed.html,.html,21801,2025-11-10T02:16:23Z,f32443248e00d19385324ddeede2f2615e012692,,0,0,
WebGestor/plugins/datatables/extensions/FixedColumns/examples/size_fluid.html,WebGestor/plugins/datatables/extensions/FixedColumns/examples,size_fluid.html,.html,21794,2025-11-10T02:16:23Z,65d6e5921e84e52bc70479f81cc0f8684690ce4e,,0,0,
WebGestor/plugins/datatables/extensions/FixedColumns/examples/two_columns.html,WebGestor/plugins/datatables/extensions/FixedColumns/examples,two_columns.html,.html,21099,2025-11-10T02:16:23Z,3e0440117ab99e3defe315f72153d07d6c5a36d4,,0,0,
WebGestor/plugins/datatables/extensions/FixedColumns/js/dataTables.fixedColumns.js,WebGestor/plugins/datatables/extensions/FixedColumns/js,dataTables.fixedColumns.js,.js,40932,2025-11-10T02:16:23Z,d7a3b724725e465848672e083b2cf56d39eb866a,,0,0,
WebGestor/plugins/datatables/extensions/FixedColumns/js/dataTables.fixedColumns.min.js,WebGestor/plugins/datatables/extensions/FixedColumns/js,dataTables.fixedColumns.min.js,.js,14108,2025-11-10T02:16:23Z,e8a089df6cb13755b368c07876152dcfdb0c767d,,0,0,
WebGestor/plugins/datatables/extensions/FixedHeader/Readme.txt,WebGestor/plugins/datatables/extensions/FixedHeader,Readme.txt,.txt,1404,2025-11-10T02:16:23Z,d1a2a30c5526dc94770f7db70fd8cc5e5afc3dcf,,0,0,
WebGestor/plugins/datatables/extensions/FixedHeader/css/dataTables.fixedHeader.css,WebGestor/plugins/datatables/extensions/FixedHeader/css,dataTables.fixedHeader.css,.css,97,2025-11-10T02:16:23Z,e656050dbfa46fb5b856a12b9cec5f57ac1c0c93,,0,0,
WebGestor/plugins/datatables/extensions/FixedHeader/css/dataTables.fixedHeader.min.css,WebGestor/plugins/datatables/extensions/FixedHeader/css,dataTables.fixedHeader.min.css,.css,87,2025-11-10T02:16:23Z,5fc9f537c0809588c91fe4a1d2358eac22b2f550,,0,0,
WebGestor/plugins/datatables/extensions/FixedHeader/examples/header_footer.html,WebGestor/plugins/datatables/extensions/FixedHeader/examples,header_footer.html,.html,16321,2025-11-10T02:16:23Z,8cdd2b7f3b9a2117f79d40969850e9e43e3c48ab,,0,0,
WebGestor/plugins/datatables/extensions/FixedHeader/examples/index.html,WebGestor/plugins/datatables/extensions/FixedHeader/examples,index.html,.html,2893,2025-11-10T02:16:23Z,5a54d14063c9a4deada4b7cac09ea066c8d060ba,,0,0,
WebGestor/plugins/datatables/extensions/FixedHeader/examples/simple.html,WebGestor/plugins/datatables/extensions/FixedHeader/examples,simple.html,.html,16589,2025-11-10T02:16:23Z,1b34f0211094a3f11864b5a635400c0160317887,,0,0,
WebGestor/plugins/datatables/extensions/FixedHeader/examples/top_left_right.html,WebGestor/plugins/datatables/extensions/FixedHeader/examples,top_left_right.html,.html,8406,2025-11-10T02:16:23Z,c9de88a2c0bdeee8be8c97442e42c60e13003ef7,,0,0,
WebGestor/plugins/datatables/extensions/FixedHeader/examples/two_tables.html,WebGestor/plugins/datatables/extensions/FixedHeader/examples,two_tables.html,.html,9731,2025-11-10T02:16:23Z,29a0a430a9c697cc51d0a4f32385592401988e51,,0,0,
WebGestor/plugins/datatables/extensions/FixedHeader/examples/zIndexes.html,WebGestor/plugins/datatables/extensions/FixedHeader/examples,zIndexes.html,.html,16702,2025-11-10T02:16:23Z,9f6e2c582fc850900cb9dbfc92a5eeda82b00028,,0,0,
WebGestor/plugins/datatables/extensions/FixedHeader/js/dataTables.fixedHeader.js,WebGestor/plugins/datatables/extensions/FixedHeader/js,dataTables.fixedHeader.js,.js,29308,2025-11-10T02:16:23Z,c69d0d13e4745af21ae002c51f97d2b55a73fdd1,,0,0,
WebGestor/plugins/datatables/extensions/FixedHeader/js/dataTables.fixedHeader.min.js,WebGestor/plugins/datatables/extensions/FixedHeader/js,dataTables.fixedHeader.min.js,.js,12590,2025-11-10T02:16:23Z,a73ca1e098a61cf52d20b8aaba3f905a213726ff,,0,0,
WebGestor/plugins/datatables/extensions/KeyTable/Readme.txt,WebGestor/plugins/datatables/extensions/KeyTable,Readme.txt,.txt,1334,2025-11-10T02:16:23Z,3b77f7cb1a2875337f0ae0a06e5bf9ffaf8c38da,,0,0,
WebGestor/plugins/datatables/extensions/KeyTable/css/dataTables.keyTable.css,WebGestor/plugins/datatables/extensions/KeyTable/css,dataTables.keyTable.css,.css,107,2025-11-10T02:16:23Z,0f0c7791c26289770ad7a68896fc1a6a09e0803f,,0,0,
WebGestor/plugins/datatables/extensions/KeyTable/css/dataTables.keyTable.min.css,WebGestor/plugins/datatables/extensions/KeyTable/css,dataTables.keyTable.min.css,.css,95,2025-11-10T02:16:23Z,7c33e473bcd60bf1ba9e29c1e9604bc5839c8bf2,,0,0,
WebGestor/plugins/datatables/extensions/KeyTable/examples/events.html,WebGestor/plugins/datatables/extensions/KeyTable/examples,events.html,.html,19576,2025-11-10T02:16:23Z,d8a9b3c84ca37357589bcf94d880190d881d30bb,,0,0,
WebGestor/plugins/datatables/extensions/KeyTable/examples/html.html,WebGestor/plugins/datatables/extensions/KeyTable/examples,html.html,.html,15959,2025-11-10T02:16:23Z,1e96f2f4d9c5e3b78dc38de1145969ff24c2aa18,,0,0,
WebGestor/plugins/datatables/extensions/KeyTable/examples/index.html,WebGestor/plugins/datatables/extensions/KeyTable/examples,index.html,.html,2737,2025-11-10T02:16:23Z,d1e0fc606c2ab084f23a2cdcb575ee3317199193,,0,0,
WebGestor/plugins/datatables/extensions/KeyTable/examples/scrolling.html,WebGestor/plugins/datatables/extensions/KeyTable/examples,scrolling.html,.html,16257,2025-11-10T02:16:23Z,bd3cf302794df1223b90b026f88df77ab0d8d482,,0,0,
WebGestor/plugins/datatables/extensions/KeyTable/examples/simple.html,WebGestor/plugins/datatables/extensions/KeyTable/examples,simple.html,.html,16133,2025-11-10T02:16:23Z,f1d3738905c6355e222974b592a439625ca3afed,,0,0,
WebGestor/plugins/datatables/extensions/KeyTable/js/dataTables.keyTable.js,WebGestor/plugins/datatables/extensions/KeyTable/js,dataTables.keyTable.js,.js,29477,2025-11-10T02:16:23Z,8937b0917270783ad65588c66f9240bcda88fbe3,,0,0,
WebGestor/plugins/datatables/extensions/KeyTable/js/dataTables.keyTable.min.js,WebGestor/plugins/datatables/extensions/KeyTable/js,dataTables.keyTable.min.js,.js,6663,2025-11-10T02:16:23Z,d832db17283cd2b8a3fc759bd55c50383d818291,,0,0,
WebGestor/plugins/datatables/extensions/Responsive/License.txt,WebGestor/plugins/datatables/extensions/Responsive,License.txt,.txt,1088,2025-11-10T02:16:23Z,184d85a2d457a357e4af19f236823fcee986758a,,0,0,
WebGestor/plugins/datatables/extensions/Responsive/Readme.md,WebGestor/plugins/datatables/extensions/Responsive,Readme.md,.md,0,2025-11-10T02:16:23Z,da39a3ee5e6b4b0d3255bfef95601890afd80709,,0,0,
WebGestor/plugins/datatables/extensions/Responsive/css/dataTables.responsive.css,WebGestor/plugins/datatables/extensions/Responsive/css,dataTables.responsive.css,.css,3051,2025-11-10T02:16:23Z,dcd053d97f56a7c57cbda3885b7db722a5595d0c,,0,0,
WebGestor/plugins/datatables/extensions/Responsive/css/dataTables.responsive.scss,WebGestor/plugins/datatables/extensions/Responsive/css,dataTables.responsive.scss,.scss,2187,2025-11-10T02:16:23Z,0cbd76e3f643dcce023d4cce04f155245bbb0362,,0,0,
WebGestor/plugins/datatables/extensions/Responsive/examples/child-rows/column-control.html,WebGestor/plugins/datatables/extensions/Responsive/examples/child-rows,column-control.html,.html,21862,2025-11-10T02:16:23Z,d5b2cd5a1c4cbe8df52411ea0d9fd45e032f55ab,,0,0,
WebGestor/plugins/datatables/extensions/Responsive/examples/child-rows/custom-renderer.html,WebGestor/plugins/datatables/extensions/Responsive/examples/child-rows,custom-renderer.html,.html,23410,2025-11-10T02:16:23Z,e00872285b5d2a6be7750ebaf7eea641379c6d78,,0,0,
WebGestor/plugins/datatables/extensions/Responsive/examples/child-rows/disable-child-rows.html,WebGestor/plugins/datatables/extensions/Responsive/examples/child-rows,disable-child-rows.html,.html,22008,2025-11-10T02:16:23Z,e12119a0f24bf39459eef0e29a508562486d0fef,,0,0,
WebGestor/plugins/datatables/extensions/Responsive/examples/child-rows/index.html,WebGestor/plugins/datatables/extensions/Responsive/examples/child-rows,index.html,.html,3666,2025-11-10T02:16:23Z,7fc351d6c2ea8f40832ddb868d5c1d7dc333bb28,,0,0,
WebGestor/plugins/datatables/extensions/Responsive/examples/child-rows/right-column.html,WebGestor/plugins/datatables/extensions/Responsive/examples/child-rows,right-column.html,.html,21208,2025-11-10T02:16:23Z,f0a0c71aed04f2d5245acacfa71cd7e6ec589746,,0,0,
WebGestor/plugins/datatables/extensions/Responsive/examples/child-rows/whole-row-control.html,WebGestor/plugins/datatables/extensions/Responsive/examples/child-rows,whole-row-control.html,.html,21205,2025-11-10T02:16:23Z,7832ea48f8255b6f3a9608d318f5a606e40202c5,,0,0,
WebGestor/plugins/datatables/extensions/Responsive/examples/display-control/auto.html,WebGestor/plugins/datatables/extensions/Responsive/examples/display-control,auto.html,.html,21990,2025-11-10T02:16:23Z,28c9a7259c4a547e10cfaa5ece1687843b4b1c04,,0,0,
WebGestor/plugins/datatables/extensions/Responsive/examples/display-control/classes.html,WebGestor/plugins/datatables/extensions/Responsive/examples/display-control,classes.html,.html,10484,2025-11-10T02:16:23Z,500b6655c92a83108e68cf95949c965ec6806ea2,,0,0,
WebGestor/plugins/datatables/extensions/Responsive/examples/display-control/complexHeader.html,WebGestor/plugins/datatables/extensions/Responsive/examples/display-control,complexHeader.html,.html,20787,2025-11-10T02:16:23Z,e20a69c7fa93b4edfbc5037fd9279c685f82cc2d,,0,0,
WebGestor/plugins/datatables/extensions/Responsive/examples/display-control/fixedHeader.html,WebGestor/plugins/datatables/extensions/Responsive/examples/display-control,fixedHeader.html,.html,22363,2025-11-10T02:16:23Z,3d13b1a27d8e7780c9494c25914297c6eeffaadf,,0,0,
WebGestor/plugins/datatables/extensions/Responsive/examples/display-control/index.html,WebGestor/plugins/datatables/extensions/Responsive/examples/display-control,index.html,.html,2808,2025-11-10T02:16:23Z,1d9ee0583c4c299b5a6bb3e7c3f18f511a50f7f6,,0,0,
WebGestor/plugins/datatables/extensions/Responsive/examples/display-control/init-classes.html,WebGestor/plugins/datatables/extensions/Responsive/examples/display-control,init-classes.html,.html,8711,2025-11-10T02:16:23Z,792cf931050ed64dd26a58868099a3874ff9fe96,,0,0,
WebGestor/plugins/datatables/extensions/Responsive/examples/index.html,WebGestor/plugins/datatables/extensions/Responsive/examples,index.html,.html,3807,2025-11-10T02:16:23Z,16c7bc960624406fe68df41377f0549c85cc41b9,,0,0,
WebGestor/plugins/datatables/extensions/Responsive/examples/initialisation/ajax.html,WebGestor/plugins/datatables/extensions/Responsive/examples/initialisation,ajax.html,.html,8229,2025-11-10T02:16:23Z,bdb1c536e5fc175cc1228254024ff05640fc0426,,0,0,
WebGestor/plugins/datatables/extensions/Responsive/examples/initialisation/className.html,WebGestor/plugins/datatables/extensions/Responsive/examples/initialisation,className.html,.html,21880,2025-11-10T02:16:23Z,937a162ec49e74d864e1d80ff78de207a97097eb,,0,0,
WebGestor/plugins/datatables/extensions/Responsive/examples/initialisation/default.html,WebGestor/plugins/datatables/extensions/Responsive/examples/initialisation,default.html,.html,22320,2025-11-10T02:16:23Z,39089904b426a318e2994bb4323918c266065df0,,0,0,
WebGestor/plugins/datatables/extensions/Responsive/examples/initialisation/index.html,WebGestor/plugins/datatables/extensions/Responsive/examples/initialisation,index.html,.html,2778,2025-11-10T02:16:23Z,69ba610dbc94ddf4d4d5a63685e104b297e12b11,,0,0,
WebGestor/plugins/datatables/extensions/Responsive/examples/initialisation/new.html,WebGestor/plugins/datatables/extensions/Responsive/examples/initialisation,new.html,.html,22313,2025-11-10T02:16:23Z,3f7b8272d57ab2b85361fccf89a010bde9513793,,0,0,
WebGestor/plugins/datatables/extensions/Responsive/examples/initialisation/option.html,WebGestor/plugins/datatables/extensions/Responsive/examples/initialisation,option.html,.html,22281,2025-11-10T02:16:23Z,4ad2077b98c47df5749235f6e5acfb99b2617bd8,,0,0,
WebGestor/plugins/datatables/extensions/Responsive/examples/styling/bootstrap.html,WebGestor/plugins/datatables/extensions/Responsive/examples/styling,bootstrap.html,.html,23082,2025-11-10T02:16:23Z,023f66691d5412ffdda40b1b33edf9e94d43e90d,,0,0,
WebGestor/plugins/datatables/extensions/Responsive/examples/styling/compact.html,WebGestor/plugins/datatables/extensions/Responsive/examples/styling,compact.html,.html,22065,2025-11-10T02:16:23Z,f954b3cd9995e7213ad7a1f6bbb594ce838e735e,,0,0,
WebGestor/plugins/datatables/extensions/Responsive/examples/styling/foundation.html,WebGestor/plugins/datatables/extensions/Responsive/examples/styling,foundation.html,.html,22505,2025-11-10T02:16:23Z,28724befbbff9891f7e48ff3e67043f5d4160898,,0,0,
WebGestor/plugins/datatables/extensions/Responsive/examples/styling/index.html,WebGestor/plugins/datatables/extensions/Responsive/examples/styling,index.html,.html,2421,2025-11-10T02:16:23Z,7db6d7310274384d1457de38f27b3601e80354d1,,0,0,
WebGestor/plugins/datatables/extensions/Responsive/examples/styling/scrolling.html,WebGestor/plugins/datatables/extensions/Responsive/examples/styling,scrolling.html,.html,22349,2025-11-10T02:16:23Z,92e3221ea47eea043f34fc9f1adfb8fb1c4a2742,,0,0,
WebGestor/plugins/datatables/extensions/Responsive/js/dataTables.responsive.js,WebGestor/plugins/datatables/extensions/Responsive/js,dataTables.responsive.js,.js,25098,2025-11-10T02:16:23Z,0ec9daee7501e8a5b1688f26259d23c1612a52ef,,0,0,
WebGestor/plugins/datatables/extensions/Responsive/js/dataTables.responsive.min.js,WebGestor/plugins/datatables/extensions/Responsive/js,dataTables.responsive.min.js,.js,7305,2025-11-10T02:16:23Z,3dcca3c8addac81f6372fd7718572bc3807a61bd,,0,0,
WebGestor/plugins/datatables/extensions/Scroller/Readme.txt,WebGestor/plugins/datatables/extensions/Scroller,Readme.txt,.txt,2251,2025-11-10T02:16:23Z,cefa8e4609a4ae88f05a93d8aa5150a91f591325,,0,0,
WebGestor/plugins/datatables/extensions/Scroller/css/dataTables.scroller.css,WebGestor/plugins/datatables/extensions/Scroller/css,dataTables.scroller.css,.css,710,2025-11-10T02:16:23Z,8b711edf9d9f6c9c70b73e3fdd6cf83dc5e71ed9,,0,0,
WebGestor/plugins/datatables/extensions/Scroller/css/dataTables.scroller.min.css,WebGestor/plugins/datatables/extensions/Scroller/css,dataTables.scroller.min.css,.css,572,2025-11-10T02:16:23Z,7bc3e41103961565a62ae40e2363d6f8a6923256,,0,0,
WebGestor/plugins/datatables/extensions/Scroller/examples/api_scrolling.html,WebGestor/plugins/datatables/extensions/Scroller/examples,api_scrolling.html,.html,6111,2025-11-10T02:16:23Z,d2801824f60c5d4f252184b89b6cf39ddc005fd4,,0,0,
WebGestor/plugins/datatables/extensions/Scroller/examples/data/2500.txt,WebGestor/plugins/datatables/extensions/Scroller/examples/data,2500.txt,.txt,142087,2025-11-10T02:16:23Z,9f7daf488b7aae13cb101f9f7663c5a55ab1ede0,,0,0,
WebGestor/plugins/datatables/extensions/Scroller/examples/data/ssp.php,WebGestor/plugins/datatables/extensions/Scroller/examples/data,ssp.php,.php,1684,2025-11-10T02:16:23Z,033b00dc04368405042f89788e103205e221b7cf,,0,0,
WebGestor/plugins/datatables/extensions/Scroller/examples/index.html,WebGestor/plugins/datatables/extensions/Scroller/examples,index.html,.html,3846,2025-11-10T02:16:23Z,df634f700ce4fab93be7b5fc9c847afdaa6a89d4,,0,0,
WebGestor/plugins/datatables/extensions/Scroller/examples/large_js_source.html,WebGestor/plugins/datatables/extensions/Scroller/examples,large_js_source.html,.html,6557,2025-11-10T02:16:23Z,8cd1ec6c7d095169aa4a1b25027df9149c0cedb1,,0,0,
WebGestor/plugins/datatables/extensions/Scroller/examples/server-side_processing.html,WebGestor/plugins/datatables/extensions/Scroller/examples,server-side_processing.html,.html,7943,2025-11-10T02:16:23Z,70681d361cc02afa3b89e5090bed1bc2d5361b0e,,0,0,
WebGestor/plugins/datatables/extensions/Scroller/examples/simple.html,WebGestor/plugins/datatables/extensions/Scroller/examples,simple.html,.html,6602,2025-11-10T02:16:23Z,8878e917688a54cd8948e58aa9725b39da846a95,,0,0,
WebGestor/plugins/datatables/extensions/Scroller/examples/state_saving.html,WebGestor/plugins/datatables/extensions/Scroller/examples,state_saving.html,.html,6186,2025-11-10T02:16:23Z,3d2a093dbf9a9089168a93e965eb3f6d733d4cd6,,0,0,
WebGestor/plugins/datatables/extensions/Scroller/images/loading-background.png,WebGestor/plugins/datatables/extensions/Scroller/images,loading-background.png,.png,1013,2025-11-10T02:16:23Z,785510d327b100077c79f9be66029c5b6fc5b04a,,0,0,
WebGestor/plugins/datatables/extensions/Scroller/js/dataTables.scroller.js,WebGestor/plugins/datatables/extensions/Scroller/js,dataTables.scroller.js,.js,37984,2025-11-10T02:16:23Z,f73afc599742e0842184d0f5f92ed2e9307fa465,,0,0,
WebGestor/plugins/datatables/extensions/Scroller/js/dataTables.scroller.min.js,WebGestor/plugins/datatables/extensions/Scroller/js,dataTables.scroller.min.js,.js,10485,2025-11-10T02:16:23Z,1276a4621515f0482c16c66e87c517605f7ff05e,,0,0,
WebGestor/plugins/datatables/extensions/TableTools/Readme.md,WebGestor/plugins/datatables/extensions/TableTools,Readme.md,.md,1331,2025-11-10T02:16:23Z,47c78771a3da28c3b32914a51b70ef931f90cda6,,0,0,
WebGestor/plugins/datatables/extensions/TableTools/css/dataTables.tableTools.css,WebGestor/plugins/datatables/extensions/TableTools/css,dataTables.tableTools.css,.css,10712,2025-11-10T02:16:23Z,a6fc0b8119532f432ecb6488156a01858b8c3cbc,,0,0,
WebGestor/plugins/datatables/extensions/TableTools/css/dataTables.tableTools.min.css,WebGestor/plugins/datatables/extensions/TableTools/css,dataTables.tableTools.min.css,.css,6695,2025-11-10T02:16:23Z,4e4d7b5a6c00e5ee212f1e456ffe747ba4321950,,0,0,
WebGestor/plugins/datatables/extensions/TableTools/examples/ajax.html,WebGestor/plugins/datatables/extensions/TableTools/examples,ajax.html,.html,7432,2025-11-10T02:16:23Z,e4739fc0522454fd8efe92f2a7ae8d6c574b28a6,,0,0,
WebGestor/plugins/datatables/extensions/TableTools/examples/alter_buttons.html,WebGestor/plugins/datatables/extensions/TableTools/examples,alter_buttons.html,.html,17249,2025-11-10T02:16:23Z,5f74cf858e9e67ac56a3a58dec4ac8511eae96c1,,0,0,
WebGestor/plugins/datatables/extensions/TableTools/examples/bootstrap.html,WebGestor/plugins/datatables/extensions/TableTools/examples,bootstrap.html,.html,18424,2025-11-10T02:16:23Z,25f25f7e98fc6e0e673501eb1a7a6c70d6284fe4,,0,0,
WebGestor/plugins/datatables/extensions/TableTools/examples/button_text.html,WebGestor/plugins/datatables/extensions/TableTools/examples,button_text.html,.html,17946,2025-11-10T02:16:23Z,3954f84a5c9679222f034b01905b096241b85aab,,0,0,
WebGestor/plugins/datatables/extensions/TableTools/examples/collection.html,WebGestor/plugins/datatables/extensions/TableTools/examples,collection.html,.html,17622,2025-11-10T02:16:23Z,ae921d1ae3bc78381f518e999af3d191bafe267b,,0,0,
WebGestor/plugins/datatables/extensions/TableTools/examples/defaults.html,WebGestor/plugins/datatables/extensions/TableTools/examples,defaults.html,.html,17133,2025-11-10T02:16:23Z,d14ce07ccab0bea897d68b32d2c73891b8ff7f3e,,0,0,
WebGestor/plugins/datatables/extensions/TableTools/examples/index.html,WebGestor/plugins/datatables/extensions/TableTools/examples,index.html,.html,3681,2025-11-10T02:16:23Z,7fa796e35b8b425df8026e48af8f1d5155f4fc62,,0,0,
WebGestor/plugins/datatables/extensions/TableTools/examples/jqueryui.html,WebGestor/plugins/datatables/extensions/TableTools/examples,jqueryui.html,.html,17438,2025-11-10T02:16:23Z,e73bd7f038ed285ebc4ea20d1472e81adb285244,,0,0,
WebGestor/plugins/datatables/extensions/TableTools/examples/multi_instance.html,WebGestor/plugins/datatables/extensions/TableTools/examples,multi_instance.html,.html,17273,2025-11-10T02:16:23Z,aec9c5ec17b259aff500c90d0eb1dc2aa3c13276,,0,0,
WebGestor/plugins/datatables/extensions/TableTools/examples/multiple_tables.html,WebGestor/plugins/datatables/extensions/TableTools/examples,multiple_tables.html,.html,10272,2025-11-10T02:16:23Z,a0f22ad59d9c07a960b751e6f32fb119d31351b3,,0,0,
WebGestor/plugins/datatables/extensions/TableTools/examples/new_init.html,WebGestor/plugins/datatables/extensions/TableTools/examples,new_init.html,.html,17656,2025-11-10T02:16:23Z,5972346a2e9f9d6cb48975e6a0f3e947d91966b5,,0,0,
WebGestor/plugins/datatables/extensions/TableTools/examples/pdf_message.html,WebGestor/plugins/datatables/extensions/TableTools/examples,pdf_message.html,.html,17364,2025-11-10T02:16:23Z,85d7211e914dd7d23a0e14f04639074e6c3d6247,,0,0,
WebGestor/plugins/datatables/extensions/TableTools/examples/plug-in.html,WebGestor/plugins/datatables/extensions/TableTools/examples,plug-in.html,.html,18423,2025-11-10T02:16:23Z,e0205bba5e4d01b49b5a9885d8e3dc37e60620e2,,0,0,
WebGestor/plugins/datatables/extensions/TableTools/examples/select_column.html,WebGestor/plugins/datatables/extensions/TableTools/examples,select_column.html,.html,8993,2025-11-10T02:16:23Z,36d6d0bfa813727b069616ab1927e8586a793e39,,0,0,
WebGestor/plugins/datatables/extensions/TableTools/examples/select_multi.html,WebGestor/plugins/datatables/extensions/TableTools/examples,select_multi.html,.html,17760,2025-11-10T02:16:23Z,12166403a7de52c6b8d1f7349b5f5a5ad8f7e649,,0,0,
WebGestor/plugins/datatables/extensions/TableTools/examples/select_os.html,WebGestor/plugins/datatables/extensions/TableTools/examples,select_os.html,.html,17787,2025-11-10T02:16:23Z,367963d84b798eab019f28641d5e2f79e87a5c4c,,0,0,
WebGestor/plugins/datatables/extensions/TableTools/examples/select_single.html,WebGestor/plugins/datatables/extensions/TableTools/examples,select_single.html,.html,17443,2025-11-10T02:16:23Z,adbff8b17b7f860b87e813fa9d3a25dcfad22d23,,0,0,
WebGestor/plugins/datatables/extensions/TableTools/examples/simple.html,WebGestor/plugins/datatables/extensions/TableTools/examples,simple.html,.html,17235,2025-11-10T02:16:23Z,be284b4fa733bf67819c581319ecc1aff309f385,,0,0,
WebGestor/plugins/datatables/extensions/TableTools/examples/swf_path.html,WebGestor/plugins/datatables/extensions/TableTools/examples,swf_path.html,.html,17402,2025-11-10T02:16:23Z,2fd1be0b8f3d8f974476d88d4f2b6d7df078b372,,0,0,
WebGestor/plugins/datatables/extensions/TableTools/images/collection.png,WebGestor/plugins/datatables/extensions/TableTools/images,collection.png,.png,1166,2025-11-10T02:16:23Z,f9a3df7335de9a62ffc089eaa37149ceffc028c2,,0,0,
WebGestor/plugins/datatables/extensions/TableTools/images/collection_hover.png,WebGestor/plugins/datatables/extensions/TableTools/images,collection_hover.png,.png,1194,2025-11-10T02:16:23Z,ed4d045094d62f76ce4d8c85373237051f34cf78,,0,0,
WebGestor/plugins/datatables/extensions/TableTools/images/copy.png,WebGestor/plugins/datatables/extensions/TableTools/images,copy.png,.png,2184,2025-11-10T02:16:23Z,3631e6b61be7ff2db9c0b94a92ceba21b870c913,,0,0,
WebGestor/plugins/datatables/extensions/TableTools/images/copy_hover.png,WebGestor/plugins/datatables/extensions/TableTools/images,copy_hover.png,.png,2797,2025-11-10T02:16:23Z,af09cb7a29f3cd6642753c41bfd7bfedfb5b652b,,0,0,
WebGestor/plugins/datatables/extensions/TableTools/images/csv.png,WebGestor/plugins/datatables/extensions/TableTools/images,csv.png,.png,1607,2025-11-10T02:16:23Z,f878be4135d2b01a6df87b2e4717f7e3c7a55cc6,,0,0,
WebGestor/plugins/datatables/extensions/TableTools/images/csv_hover.png,WebGestor/plugins/datatables/extensions/TableTools/images,csv_hover.png,.png,1854,2025-11-10T02:16:23Z,562634d17ea4b12baa4757486af1429a624c30c4,,0,0,
WebGestor/plugins/datatables/extensions/TableTools/images/pdf.png,WebGestor/plugins/datatables/extensions/TableTools/images,pdf.png,.png,4325,2025-11-10T02:16:23Z,2643c3eec78e6c83d2c610d2aa50309fdd01944e,,0,0,
WebGestor/plugins/datatables/extensions/TableTools/images/pdf_hover.png,WebGestor/plugins/datatables/extensions/TableTools/images,pdf_hover.png,.png,2786,2025-11-10T02:16:23Z,8269e45d0e7ff95135d953629cf5dc0ed44a4ae3,,0,0,
WebGestor/plugins/datatables/extensions/TableTools/images/print.png,WebGestor/plugins/datatables/extensions/TableTools/images,print.png,.png,2123,2025-11-10T02:16:23Z,d069e9bb21de87fa527940d1fdde1bae61448a93,,0,0,
WebGestor/plugins/datatables/extensions/TableTools/images/print_hover.png,WebGestor/plugins/datatables/extensions/TableTools/images,print_hover.png,.png,2230,2025-11-10T02:16:23Z,7e63c691354c65df9486c6d7deecaea1d0f93703,,0,0,
WebGestor/plugins/datatables/extensions/TableTools/images/psd/collection.psd,WebGestor/plugins/datatables/extensions/TableTools/images/psd,collection.psd,.psd,25792,2025-11-10T02:16:23Z,a56a4a42846e45134f20367b743b79d151f851d1,,0,0,
WebGestor/plugins/datatables/extensions/TableTools/images/psd/copy document.psd,WebGestor/plugins/datatables/extensions/TableTools/images/psd,copy document.psd,.psd,104729,2025-11-10T02:16:23Z,9e809a201053921d22ea519e442c77ba598b7922,,0,0,
WebGestor/plugins/datatables/extensions/TableTools/images/psd/file_types.psd,WebGestor/plugins/datatables/extensions/TableTools/images/psd,file_types.psd,.psd,1090645,2025-11-10T02:16:23Z,1de69530d2610aeda22002a2422b2ec67a0ad933,,0,0,
WebGestor/plugins/datatables/extensions/TableTools/images/psd/printer.psd,WebGestor/plugins/datatables/extensions/TableTools/images/psd,printer.psd,.psd,119952,2025-11-10T02:16:23Z,c094828f2b40859a73e57eab520de7b247c0b01a,,0,0,
WebGestor/plugins/datatables/extensions/TableTools/images/xls.png,WebGestor/plugins/datatables/extensions/TableTools/images,xls.png,.png,1641,2025-11-10T02:16:23Z,e5ce0424199ecd5b9c925a9b936f9a48e41826c3,,0,0,
WebGestor/plugins/datatables/extensions/TableTools/images/xls_hover.png,WebGestor/plugins/datatables/extensions/TableTools/images,xls_hover.png,.png,2061,2025-11-10T02:16:23Z,b5d738efe6d629bd3805282f576358ed90e0437d,,0,0,
WebGestor/plugins/datatables/extensions/TableTools/js/dataTables.tableTools.js,WebGestor/plugins/datatables/extensions/TableTools/js,dataTables.tableTools.js,.js,84578,2025-11-10T02:16:23Z,657b1c7419d22172d5f777bec6c1dabc1ab9b10b,,0,0,
WebGestor/plugins/datatables/extensions/TableTools/js/dataTables.tableTools.min.js,WebGestor/plugins/datatables/extensions/TableTools/js,dataTables.tableTools.min.js,.js,31850,2025-11-10T02:16:23Z,be3ed02274a14829ed915eb49b336bb832f2626a,,0,0,
WebGestor/plugins/datatables/extensions/TableTools/swf/copy_csv_xls.swf,WebGestor/plugins/datatables/extensions/TableTools/swf,copy_csv_xls.swf,.swf,2232,2025-11-10T02:16:23Z,86e0a9a2bebeebb5328203441e3d278939e70892,,0,0,
WebGestor/plugins/datatables/extensions/TableTools/swf/copy_csv_xls_pdf.swf,WebGestor/plugins/datatables/extensions/TableTools/swf,copy_csv_xls_pdf.swf,.swf,58846,2025-11-10T02:16:23Z,d5b5e7f577d8a0c862caffb7e280519764c45734,,0,0,
WebGestor/plugins/datatables/images/sort_asc.png,WebGestor/plugins/datatables/images,sort_asc.png,.png,160,2025-11-10T02:16:23Z,4ed7eba22e4258db81fd79761ed5fc6d00c7dab7,,0,0,
WebGestor/plugins/datatables/images/sort_asc_disabled.png,WebGestor/plugins/datatables/images,sort_asc_disabled.png,.png,148,2025-11-10T02:16:23Z,ae170a833b6f5d6344570061c60291b5b45e6004,,0,0,
WebGestor/plugins/datatables/images/sort_both.png,WebGestor/plugins/datatables/images,sort_both.png,.png,201,2025-11-10T02:16:23Z,96e499eff491eac39508e1696686712df94108aa,,0,0,
WebGestor/plugins/datatables/images/sort_desc.png,WebGestor/plugins/datatables/images,sort_desc.png,.png,158,2025-11-10T02:16:23Z,5d17b4a1cd4c5d92df1adc190a9292674e2a3ab0,,0,0,
WebGestor/plugins/datatables/images/sort_desc_disabled.png,WebGestor/plugins/datatables/images,sort_desc_disabled.png,.png,146,2025-11-10T02:16:23Z,960aafb94a313744af3b6b5cfaced54024a429bf,,0,0,
WebGestor/plugins/datatables/jquery.dataTables.css,WebGestor/plugins/datatables,jquery.dataTables.css,.css,15384,2025-11-10T02:16:23Z,23b3f12275d7a6df0c7682e3131f5e47d4981439,,0,0,
WebGestor/plugins/datatables/jquery.dataTables.js,WebGestor/plugins/datatables,jquery.dataTables.js,.js,438979,2025-11-10T02:16:24Z,fd9c456abaab7659ce60599cc12fb8574d3d59f8,,0,0,
WebGestor/plugins/datatables/jquery.dataTables.min.css,WebGestor/plugins/datatables,jquery.dataTables.min.css,.css,13429,2025-11-10T02:16:24Z,2fbd0f211ed81abd8e4d3aeca8ff34559a1e459d,,0,0,
WebGestor/plugins/datatables/jquery.dataTables.min.js,WebGestor/plugins/datatables,jquery.dataTables.min.js,.js,79881,2025-11-10T02:16:24Z,416ef565967a30984e8f3688632db38ccacbab73,,0,0,
WebGestor/plugins/datatables/jquery.dataTables_themeroller.css,WebGestor/plugins/datatables,jquery.dataTables_themeroller.css,.css,14229,2025-11-10T02:16:24Z,f7b4b315a4f6afe4244fd8a0a6148818266159a3,,0,0,
WebGestor/plugins/datepicker/bootstrap-datepicker.js,WebGestor/plugins/datepicker,bootstrap-datepicker.js,.js,46838,2025-11-10T02:16:24Z,0d3375e841471d11edca86c3952811d02b8baf1e,,0,0,
WebGestor/plugins/datepicker/datepicker3.css,WebGestor/plugins/datepicker,datepicker3.css,.css,33745,2025-11-10T02:16:24Z,e656abb52f27cec11a257f5fa048014c82952bb5,,0,0,
WebGestor/plugins/datepicker/locales/bootstrap-datepicker.ar.js,WebGestor/plugins/datepicker/locales,bootstrap-datepicker.ar.js,.js,949,2025-11-10T02:16:24Z,3416fc2aebe14b265bda00535fe2f0ebcd213996,,0,0,
WebGestor/plugins/datepicker/locales/bootstrap-datepicker.az.js,WebGestor/plugins/datepicker/locales,bootstrap-datepicker.az.js,.js,659,2025-11-10T02:16:24Z,ec44e0bbbaddd065bda0ce458c1697779b543dcd,,0,0,
WebGestor/plugins/datepicker/locales/bootstrap-datepicker.bg.js,WebGestor/plugins/datepicker/locales,bootstrap-datepicker.bg.js,.js,836,2025-11-10T02:16:24Z,f5078baf0cc976ab7625532595a4a5255126e36f,,0,0,
WebGestor/plugins/datepicker/locales/bootstrap-datepicker.ca.js,WebGestor/plugins/datepicker/locales,bootstrap-datepicker.ca.js,.js,639,2025-11-10T02:16:24Z,fa01ed0fb9229d7b8786dd8fa27f7eeb4484c7bd,,0,0,
WebGestor/plugins/datepicker/locales/bootstrap-datepicker.cs.js,WebGestor/plugins/datepicker/locales,bootstrap-datepicker.cs.js,.js,711,2025-11-10T02:16:24Z,ff5838f3a89b90954cf420cd6fa65894542de5d0,,0,0,
WebGestor/plugins/datepicker/locales/bootstrap-datepicker.cy.js,WebGestor/plugins/datepicker/locales,bootstrap-datepicker.cy.js,.js,622,2025-11-10T02:16:24Z,d222de3849c947fdeb89c6956eda3d72dbb92f5a,,0,0,
WebGestor/plugins/datepicker/locales/bootstrap-datepicker.da.js,WebGestor/plugins/datepicker/locales,bootstrap-datepicker.da.js,.js,673,2025-11-10T02:16:24Z,e8fc5453d5ef334d8054318b7108e4000bde87ca,,0,0,
WebGestor/plugins/datepicker/locales/bootstrap-datepicker.de.js,WebGestor/plugins/datepicker/locales,bootstrap-datepicker.de.js,.js,697,2025-11-10T02:16:24Z,69cac0319550a1befadf48b7fc83273ac000c6c0,,0,0,
WebGestor/plugins/datepicker/locales/bootstrap-datepicker.el.js,WebGestor/plugins/datepicker/locales,bootstrap-datepicker.el.js,.js,887,2025-11-10T02:16:24Z,a38aa106e07a262739c2e0f684347f9a5c2f73cb,,0,0,
WebGestor/plugins/datepicker/locales/bootstrap-datepicker.es.js,WebGestor/plugins/datepicker/locales,bootstrap-datepicker.es.js,.js,647,2025-11-10T02:16:24Z,6b1a84793775db56e9f17d180b8174d7a3c381ba,,0,0,
WebGestor/plugins/datepicker/locales/bootstrap-datepicker.et.js,WebGestor/plugins/datepicker/locales,bootstrap-datepicker.et.js,.js,813,2025-11-10T02:16:24Z,de8d162e99dce995e7b098ca3bafcefe2a277c96,,0,0,
WebGestor/plugins/datepicker/locales/bootstrap-datepicker.fa.js,WebGestor/plugins/datepicker/locales,bootstrap-datepicker.fa.js,.js,866,2025-11-10T02:16:24Z,cb45067be58a506bb8ae2eb12a9e3d392e93ddbb,,0,0,
WebGestor/plugins/datepicker/locales/bootstrap-datepicker.fi.js,WebGestor/plugins/datepicker/locales,bootstrap-datepicker.fi.js,.js,726,2025-11-10T02:16:24Z,266d55e6e3218443fa2f7ee1400a15ae78b11d85,,0,0,
WebGestor/plugins/datepicker/locales/bootstrap-datepicker.fr.js,WebGestor/plugins/datepicker/locales,bootstrap-datepicker.fr.js,.js,701,2025-11-10T02:16:24Z,93684d03664ec3bbc0af67eddc0043b270b84163,,0,0,
WebGestor/plugins/datepicker/locales/bootstrap-datepicker.gl.js,WebGestor/plugins/datepicker/locales,bootstrap-datepicker.gl.js,.js,563,2025-11-10T02:16:24Z,5405da0119a42e96f652eea3e6f48e096e8ee2fd,,0,0,
WebGestor/plugins/datepicker/locales/bootstrap-datepicker.he.js,WebGestor/plugins/datepicker/locales,bootstrap-datepicker.he.js,.js,767,2025-11-10T02:16:24Z,99407ce5abe210037a36f49b40c7a11d2718b03d,,0,0,
WebGestor/plugins/datepicker/locales/bootstrap-datepicker.hr.js,WebGestor/plugins/datepicker/locales,bootstrap-datepicker.hr.js,.js,598,2025-11-10T02:16:24Z,9384c0452edfb945b022498d3154a55da2902af1,,0,0,
WebGestor/plugins/datepicker/locales/bootstrap-datepicker.hu.js,WebGestor/plugins/datepicker/locales,bootstrap-datepicker.hu.js,.js,715,2025-11-10T02:16:24Z,ee27d00a3952645d2b568b3094542c4a48bcc4eb,,0,0,
WebGestor/plugins/datepicker/locales/bootstrap-datepicker.id.js,WebGestor/plugins/datepicker/locales,bootstrap-datepicker.id.js,.js,652,2025-11-10T02:16:24Z,59a1963de822e5d151fceb3f4f499909ea60095b,,0,0,
WebGestor/plugins/datepicker/locales/bootstrap-datepicker.is.js,WebGestor/plugins/datepicker/locales,bootstrap-datepicker.is.js,.js,709,2025-11-10T02:16:24Z,f540ca9eb8d0b358531562ed9ade8eebb22add12,,0,0,
WebGestor/plugins/datepicker/locales/bootstrap-datepicker.it.js,WebGestor/plugins/datepicker/locales,bootstrap-datepicker.it.js,.js,715,2025-11-10T02:16:24Z,1ea03eb6aaeaf7a48ba0a91f62367488e452a31f,,0,0,
WebGestor/plugins/datepicker/locales/bootstrap-datepicker.ja.js,WebGestor/plugins/datepicker/locales,bootstrap-datepicker.ja.js,.js,665,2025-11-10T02:16:24Z,54818258199493e5fef24c65fee98e80492586be,,0,0,
WebGestor/plugins/datepicker/locales/bootstrap-datepicker.ka.js,WebGestor/plugins/datepicker/locales,bootstrap-datepicker.ka.js,.js,1261,2025-11-10T02:16:24Z,8667d182dab218542e7148f8d9c6775de4425564,,0,0,
WebGestor/plugins/datepicker/locales/bootstrap-datepicker.kk.js,WebGestor/plugins/datepicker/locales,bootstrap-datepicker.kk.js,.js,871,2025-11-10T02:16:24Z,49318bca42ec1e396c0d6bbf4af3d82f3c82456d,,0,0,
WebGestor/plugins/datepicker/locales/bootstrap-datepicker.kr.js,WebGestor/plugins/datepicker/locales,bootstrap-datepicker.kr.js,.js,637,2025-11-10T02:16:24Z,21be916373d3ad946d79d010b701e68af1ad8b02,,0,0,
WebGestor/plugins/datepicker/locales/bootstrap-datepicker.lt.js,WebGestor/plugins/datepicker/locales,bootstrap-datepicker.lt.js,.js,764,2025-11-10T02:16:24Z,3f2f770854f6b2678f8982bc910686bac4341a27,,0,0,
WebGestor/plugins/datepicker/locales/bootstrap-datepicker.lv.js,WebGestor/plugins/datepicker/locales,bootstrap-datepicker.lv.js,.js,732,2025-11-10T02:16:24Z,c1f2c9b67729fed040c015b0986a4b9aca1099e4,,0,0,
WebGestor/plugins/datepicker/locales/bootstrap-datepicker.mk.js,WebGestor/plugins/datepicker/locales,bootstrap-datepicker.mk.js,.js,918,2025-11-10T02:16:24Z,73d298164a41143f4b0cdaa6d336515a3bc88a75,,0,0,
WebGestor/plugins/datepicker/locales/bootstrap-datepicker.ms.js,WebGestor/plugins/datepicker/locales,bootstrap-datepicker.ms.js,.js,621,2025-11-10T02:16:24Z,a177a2cee8af7a2788b761f2f74770dabdb1d8a7,,0,0,
WebGestor/plugins/datepicker/locales/bootstrap-datepicker.nb.js,WebGestor/plugins/datepicker/locales,bootstrap-datepicker.nb.js,.js,664,2025-11-10T02:16:24Z,b90d8c14d0a2fb596b2053434ac0ad7c36ef5353,,0,0,
WebGestor/plugins/datepicker/locales/bootstrap-datepicker.nl-BE.js,WebGestor/plugins/datepicker/locales,bootstrap-datepicker.nl-BE.js,.js,736,2025-11-10T02:16:24Z,34934c0e0c8245ffae5762eda2da274dc5146f5b,,0,0,
WebGestor/plugins/datepicker/locales/bootstrap-datepicker.nl.js,WebGestor/plugins/datepicker/locales,bootstrap-datepicker.nl.js,.js,643,2025-11-10T02:16:24Z,671559ecfd24ed6e2a321686a12ff55aae98c3d6,,0,0,
WebGestor/plugins/datepicker/locales/bootstrap-datepicker.no.js,WebGestor/plugins/datepicker/locales,bootstrap-datepicker.no.js,.js,622,2025-11-10T02:16:24Z,ee2ff8b16f2095307bc22fff219adb5ba9775988,,0,0,
WebGestor/plugins/datepicker/locales/bootstrap-datepicker.pl.js,WebGestor/plugins/datepicker/locales,bootstrap-datepicker.pl.js,.js,775,2025-11-10T02:16:24Z,70bc49589ce9fef59bc1592f2141b2547264cce2,,0,0,
WebGestor/plugins/datepicker/locales/bootstrap-datepicker.pt-BR.js,WebGestor/plugins/datepicker/locales,bootstrap-datepicker.pt-BR.js,.js,662,2025-11-10T02:16:24Z,09d67dedeff4dbb98bd1772a2e5ff2ece32efcec,,0,0,
WebGestor/plugins/datepicker/locales/bootstrap-datepicker.pt.js,WebGestor/plugins/datepicker/locales,bootstrap-datepicker.pt.js,.js,717,2025-11-10T02:16:24Z,480b09ea20e71a00e6b0b3ca2fa36ee05e9b9338,,0,0,
WebGestor/plugins/datepicker/locales/bootstrap-datepicker.ro.js,WebGestor/plugins/datepicker/locales,bootstrap-datepicker.ro.js,.js,696,2025-11-10T02:16:24Z,e17125c7482306c11009e68ea4fc9d939fdc2303,,0,0,
WebGestor/plugins/datepicker/locales/bootstrap-datepicker.rs-latin.js,WebGestor/plugins/datepicker/locales,bootstrap-datepicker.rs-latin.js,.js,647,2025-11-10T02:16:24Z,a446e47ffc869541f988cd3eccbd60f163e9520e,,0,0,
WebGestor/plugins/datepicker/locales/bootstrap-datepicker.rs.js,WebGestor/plugins/datepicker/locales,bootstrap-datepicker.rs.js,.js,835,2025-11-10T02:16:24Z,b6da348ab4aa1133e9cdfb5945dc0f8adbc1d747,,0,0,
WebGestor/plugins/datepicker/locales/bootstrap-datepicker.ru.js,WebGestor/plugins/datepicker/locales,bootstrap-datepicker.ru.js,.js,883,2025-11-10T02:16:24Z,9a26e0b6b9ad7c4615d4375c604996fc8c937e8d,,0,0,
WebGestor/plugins/datepicker/locales/bootstrap-datepicker.sk.js,WebGestor/plugins/datepicker/locales,bootstrap-datepicker.sk.js,.js,693,2025-11-10T02:16:24Z,ac3ef1c7d41b531efcf91c88bef7ff2533f1b308,,0,0,
WebGestor/plugins/datepicker/locales/bootstrap-datepicker.sl.js,WebGestor/plugins/datepicker/locales,bootstrap-datepicker.sl.js,.js,644,2025-11-10T02:16:24Z,3ae0d6eb97e5837528f8a25945fc6783a259671f,,0,0,
WebGestor/plugins/datepicker/locales/bootstrap-datepicker.sq.js,WebGestor/plugins/datepicker/locales,bootstrap-datepicker.sq.js,.js,659,2025-11-10T02:16:24Z,bace33c008f0e010ffeb74af44a91b1d136bdf51,,0,0,
WebGestor/plugins/datepicker/locales/bootstrap-datepicker.sv.js,WebGestor/plugins/datepicker/locales,bootstrap-datepicker.sv.js,.js,689,2025-11-10T02:16:24Z,2ae3416354069bb4b88ec470155b9a788534d044,,0,0,
WebGestor/plugins/datepicker/locales/bootstrap-datepicker.sw.js,WebGestor/plugins/datepicker/locales,bootstrap-datepicker.sw.js,.js,773,2025-11-10T02:16:24Z,3613b34430e45a5fee9d9618d998a700757ffbc5,,0,0,
WebGestor/plugins/datepicker/locales/bootstrap-datepicker.th.js,WebGestor/plugins/datepicker/locales,bootstrap-datepicker.th.js,.js,1008,2025-11-10T02:16:24Z,26142ded8e7b3e5b96906fa25bd448cd72641633,,0,0,
WebGestor/plugins/datepicker/locales/bootstrap-datepicker.tr.js,WebGestor/plugins/datepicker/locales,bootstrap-datepicker.tr.js,.js,671,2025-11-10T02:16:24Z,dbadcdafa621ee45268cac0cda38830f15a0ae7e,,0,0,
WebGestor/plugins/datepicker/locales/bootstrap-datepicker.ua.js,WebGestor/plugins/datepicker/locales,bootstrap-datepicker.ua.js,.js,868,2025-11-10T02:16:24Z,a90b108ae225b788249dd7c2cf98aaaf701bcddb,,0,0,
WebGestor/plugins/datepicker/locales/bootstrap-datepicker.vi.js,WebGestor/plugins/datepicker/locales,bootstrap-datepicker.vi.js,.js,761,2025-11-10T02:16:24Z,f3644ba603bab13df87b45522b96cfab48484c76,,0,0,
WebGestor/plugins/datepicker/locales/bootstrap-datepicker.zh-CN.js,WebGestor/plugins/datepicker/locales,bootstrap-datepicker.zh-CN.js,.js,796,2025-11-10T02:16:24Z,2df25ea0acf74c10f7d9f2689e44e73acf66287a,,0,0,
WebGestor/plugins/datepicker/locales/bootstrap-datepicker.zh-TW.js,WebGestor/plugins/datepicker/locales,bootstrap-datepicker.zh-TW.js,.js,891,2025-11-10T02:16:24Z,e7031236795c369d2245dc65164eeb3b56400c8c,,0,0,
WebGestor/plugins/daterangepicker/daterangepicker-bs3.css,WebGestor/plugins/daterangepicker,daterangepicker-bs3.css,.css,6767,2025-11-10T02:16:24Z,182ba97e456fc6cf6fe02b859e97119c8cf6dea4,,0,0,
WebGestor/plugins/daterangepicker/daterangepicker.js,WebGestor/plugins/daterangepicker,daterangepicker.js,.js,53679,2025-11-10T02:16:24Z,68501db475784d818ea6a07ab26f002e29193e86,,0,0,
WebGestor/plugins/daterangepicker/moment.js,WebGestor/plugins/daterangepicker,moment.js,.js,99201,2025-11-10T02:16:24Z,a699249676eb4903f241fac9b029dcc0a72834f4,,0,0,
WebGestor/plugins/daterangepicker/moment.min.js,WebGestor/plugins/daterangepicker,moment.min.js,.js,34737,2025-11-10T02:16:24Z,851e2df2acd5f0bc4ef10fcf2f50c17f7aa09c1f,,0,0,
WebGestor/plugins/fastclick/fastclick.js,WebGestor/plugins/fastclick,fastclick.js,.js,25965,2025-11-10T02:16:24Z,06cef196733a710e77ad7e386ced6963f092dc55,,0,0,
WebGestor/plugins/fastclick/fastclick.min.js,WebGestor/plugins/fastclick,fastclick.min.js,.js,8776,2025-11-10T02:16:24Z,4f1721e190356cf41677d009afddff17a3fd1aec,,0,0,
WebGestor/plugins/flot/excanvas.js,WebGestor/plugins/flot,excanvas.js,.js,41944,2025-11-10T02:16:24Z,a952b1d45fbf85053bb98a6ff83d317b9ad8e81e,,0,0,
WebGestor/plugins/flot/excanvas.min.js,WebGestor/plugins/flot,excanvas.min.js,.js,19314,2025-11-10T02:16:24Z,ae4ce1a2bfb06c82653633191b04a8969a946b6b,,0,0,
WebGestor/plugins/flot/jquery.colorhelpers.js,WebGestor/plugins/flot,jquery.colorhelpers.js,.js,6154,2025-11-10T02:16:24Z,ec226ebaaf255d3d1ccd71668537b69f8156e9c4,,0,0,
WebGestor/plugins/flot/jquery.colorhelpers.min.js,WebGestor/plugins/flot,jquery.colorhelpers.min.js,.js,3134,2025-11-10T02:16:24Z,73bcc5e2f8c1dca0e53f852a08e485b777847fd5,,0,0,
WebGestor/plugins/flot/jquery.flot.canvas.js,WebGestor/plugins/flot,jquery.flot.canvas.js,.js,9599,2025-11-10T02:16:24Z,4312c5f10d296cc462e12799e61f853fb05ea8b0,,0,0,
WebGestor/plugins/flot/jquery.flot.canvas.min.js,WebGestor/plugins/flot,jquery.flot.canvas.min.js,.js,3812,2025-11-10T02:16:24Z,9c34eadcee96dab37ba0f5ec4cfe18710ee93432,,0,0,
WebGestor/plugins/flot/jquery.flot.categories.js,WebGestor/plugins/flot,jquery.flot.categories.js,.js,6033,2025-11-10T02:16:24Z,587bbfe980bcc5f1cfa5e2094321a029ff853cba,,0,0,
WebGestor/plugins/flot/jquery.flot.categories.min.js,WebGestor/plugins/flot,jquery.flot.categories.min.js,.js,2457,2025-11-10T02:16:24Z,0f8c0e6c869503efa3a239676f462e28ade43351,,0,0,
WebGestor/plugins/flot/jquery.flot.crosshair.js,WebGestor/plugins/flot,jquery.flot.crosshair.js,.js,5425,2025-11-10T02:16:24Z,a0c0427b95698d8ae32f897c99fa617a4bb407db,,0,0,
WebGestor/plugins/flot/jquery.flot.crosshair.min.js,WebGestor/plugins/flot,jquery.flot.crosshair.min.js,.js,2025,2025-11-10T02:16:24Z,03c919fefeea30e2c1732e0dc010f9f00b29c7a2,,0,0,
WebGestor/plugins/flot/jquery.flot.errorbars.js,WebGestor/plugins/flot,jquery.flot.errorbars.js,.js,12614,2025-11-10T02:16:24Z,dce1cb2ad52131eb5191cc9f3be8e70ce0537b8f,,0,0,
WebGestor/plugins/flot/jquery.flot.errorbars.min.js,WebGestor/plugins/flot,jquery.flot.errorbars.min.js,.js,5312,2025-11-10T02:16:24Z,0d9f0e3387cfb84e1fbadb2c85bd14e53963bacc,,0,0,
WebGestor/plugins/flot/jquery.flot.fillbetween.js,WebGestor/plugins/flot,jquery.flot.fillbetween.js,.js,5257,2025-11-10T02:16:24Z,218bf736f39510ee84515d1eb4740d998705cc75,,0,0,
WebGestor/plugins/flot/jquery.flot.fillbetween.min.js,WebGestor/plugins/flot,jquery.flot.fillbetween.min.js,.js,2168,2025-11-10T02:16:24Z,093c52d7cf4222a05b0a2d4aeb4d1fa70084606d,,0,0,
WebGestor/plugins/flot/jquery.flot.image.js,WebGestor/plugins/flot,jquery.flot.image.js,.js,7361,2025-11-10T02:16:24Z,c341458da2e6e1d61e2c856a78ccc116528a38ed,,0,0,
WebGestor/plugins/flot/jquery.flot.image.min.js,WebGestor/plugins/flot,jquery.flot.image.min.js,.js,2542,2025-11-10T02:16:24Z,4ad6d6d71c9a0099e73cb8996d6e7ac94efec7f5,,0,0,
WebGestor/plugins/flot/jquery.flot.js,WebGestor/plugins/flot,jquery.flot.js,.js,121627,2025-11-10T02:16:24Z,cccfbf71d32e55892f49b45ae92da4c5743a422b,,0,0,
WebGestor/plugins/flot/jquery.flot.min.js,WebGestor/plugins/flot,jquery.flot.min.js,.js,52300,2025-11-10T02:16:24Z,a028033c7e459d2f3cd01d79264aa4a978b672b1,,0,0,
WebGestor/plugins/flot/jquery.flot.navigate.js,WebGestor/plugins/flot,jquery.flot.navigate.js,.js,14190,2025-11-10T02:16:24Z,c2cf985e4a6d9c6095e923e4f9d6725dec165565,,0,0,
WebGestor/plugins/flot/jquery.flot.navigate.min.js,WebGestor/plugins/flot,jquery.flot.navigate.min.js,.js,6407,2025-11-10T02:16:24Z,fb2c8bfa06c33323c2656b480fefce8d23aa7d87,,0,0,
WebGestor/plugins/flot/jquery.flot.pie.js,WebGestor/plugins/flot,jquery.flot.pie.js,.js,23635,2025-11-10T02:16:24Z,549382635c71d60ee897346606cab37e395b1b7a,,0,0,
WebGestor/plugins/flot/jquery.flot.pie.min.js,WebGestor/plugins/flot,jquery.flot.pie.min.js,.js,12024,2025-11-10T02:16:24Z,9cbfb4b9213ada6204fdb4d31aa02ab80cfffeae,,0,0,
WebGestor/plugins/flot/jquery.flot.resize.js,WebGestor/plugins/flot,jquery.flot.resize.js,.js,3135,2025-11-10T02:16:24Z,d4fd46d7743b0ce475439584d2dd377b30d088b8,,0,0,
WebGestor/plugins/flot/jquery.flot.resize.min.js,WebGestor/plugins/flot,jquery.flot.resize.min.js,.js,2023,2025-11-10T02:16:24Z,ca530ffd99cecb0950641ea6820d55b84ca3bccc,,0,0,
WebGestor/plugins/flot/jquery.flot.selection.js,WebGestor/plugins/flot,jquery.flot.selection.js,.js,13141,2025-11-10T02:16:24Z,02d28be773b727994939842d1367aa7312dea366,,0,0,
WebGestor/plugins/flot/jquery.flot.selection.min.js,WebGestor/plugins/flot,jquery.flot.selection.min.js,.js,5130,2025-11-10T02:16:24Z,47337d26eb2e6fc31bc762fbe951db0204443843,,0,0,
WebGestor/plugins/flot/jquery.flot.stack.js,WebGestor/plugins/flot,jquery.flot.stack.js,.js,7090,2025-11-10T02:16:24Z,f5a9eddb729d69c2528ce15d0bc0477b03d1f07b,,0,0,
WebGestor/plugins/flot/jquery.flot.stack.min.js,WebGestor/plugins/flot,jquery.flot.stack.min.js,.js,2324,2025-11-10T02:16:24Z,5fda15047703b140a01cde4225317201b7cc44a9,,0,0,
WebGestor/plugins/flot/jquery.flot.symbol.js,WebGestor/plugins/flot,jquery.flot.symbol.js,.js,2505,2025-11-10T02:16:24Z,4e0476b677f928dfd0d2dcc611bfdeb1b2396026,,0,0,
WebGestor/plugins/flot/jquery.flot.symbol.min.js,WebGestor/plugins/flot,jquery.flot.symbol.min.js,.js,1046,2025-11-10T02:16:24Z,6c3a8a2c231a09f20407978445a12a9869d53731,,0,0,
WebGestor/plugins/flot/jquery.flot.threshold.js,WebGestor/plugins/flot,jquery.flot.threshold.js,.js,4480,2025-11-10T02:16:24Z,cfa3baac69af648e48b7087bc49efdae42497cfb,,0,0,
WebGestor/plugins/flot/jquery.flot.threshold.min.js,WebGestor/plugins/flot,jquery.flot.threshold.min.js,.js,1699,2025-11-10T02:16:24Z,289a70855e120685b8f56ff4b4e2d8bfa109272f,,0,0,
WebGestor/plugins/flot/jquery.flot.time.js,WebGestor/plugins/flot,jquery.flot.time.js,.js,11743,2025-11-10T02:16:24Z,34131a3585ac57c64692079c4926ac8cd2d996ef,,0,0,
WebGestor/plugins/flot/jquery.flot.time.min.js,WebGestor/plugins/flot,jquery.flot.time.min.js,.js,6715,2025-11-10T02:16:24Z,e6234f222c0b30ef4b1774e1d08daa5a51789167,,0,0,
WebGestor/plugins/fullcalendar/fullcalendar.css,WebGestor/plugins/fullcalendar,fullcalendar.css,.css,22515,2025-11-10T02:16:24Z,f1bf1d1ec30f7f99a9d81beef6f5994a215d72c8,,0,0,
WebGestor/plugins/fullcalendar/fullcalendar.js,WebGestor/plugins/fullcalendar,fullcalendar.js,.js,279259,2025-11-10T02:16:24Z,3bfefad59aadd03ec4907409727ffbd1008f8ac3,,0,0,
WebGestor/plugins/fullcalendar/fullcalendar.min.css,WebGestor/plugins/fullcalendar,fullcalendar.min.css,.css,10632,2025-11-10T02:16:24Z,77d88a4dd6c873d31ff5967ebf490afa610fb921,,0,0,
WebGestor/plugins/fullcalendar/fullcalendar.min.js,WebGestor/plugins/fullcalendar,fullcalendar.min.js,.js,84823,2025-11-10T02:16:24Z,1ae4a50827c98492bf23f5dc6392a4f492c737ad,,0,0,
WebGestor/plugins/fullcalendar/fullcalendar.print.css,WebGestor/plugins/fullcalendar,fullcalendar.print.css,.css,5391,2025-11-10T02:16:24Z,b577d4828af068282b440ca6eff2a813fe488127,,0,0,
WebGestor/plugins/iCheck/all.css,WebGestor/plugins/iCheck,all.css,.css,1568,2025-11-10T02:16:24Z,9569852a3acb017552ecb6484d7ab2a2392a6fb0,,0,0,
WebGestor/plugins/iCheck/flat/_all.css,WebGestor/plugins/iCheck/flat,_all.css,.css,13773,2025-11-10T02:16:24Z,dc7c8ffd998b15bb91c52e22c4aca72efdc30380,,0,0,
WebGestor/plugins/iCheck/flat/aero.css,WebGestor/plugins/iCheck/flat,aero.css,.css,1428,2025-11-10T02:16:24Z,6cae5f3800263ae9d23f4e1f724ea1b2f4e6e863,,0,0,
WebGestor/plugins/iCheck/flat/aero.png,WebGestor/plugins/iCheck/flat,aero.png,.png,1520,2025-11-10T02:16:24Z,6a77a334d63255aefceb99717aa41d74fb5f4f98,,0,0,
WebGestor/plugins/iCheck/flat/aero@2x.png,WebGestor/plugins/iCheck/flat,aero@2x.png,.png,3218,2025-11-10T02:16:24Z,9a35fe426e1e76d783d1698382631e7045ae91f2,,0,0,
WebGestor/plugins/iCheck/flat/blue.css,WebGestor/plugins/iCheck/flat,blue.css,.css,1428,2025-11-10T02:16:24Z,5425aeaa2260f26c1e763545c769d25d0bd5867c,,0,0,
WebGestor/plugins/iCheck/flat/blue.png,WebGestor/plugins/iCheck/flat,blue.png,.png,1518,2025-11-10T02:16:24Z,f26af9ef96e73910d6b13a142d79843794904836,,0,0,
WebGestor/plugins/iCheck/flat/blue@2x.png,WebGestor/plugins/iCheck/flat,blue@2x.png,.png,3217,2025-11-10T02:16:24Z,cc6d4f3b1b5b9d4dc926a9be6b4c6905d04b8aff,,0,0,
WebGestor/plugins/iCheck/flat/flat.css,WebGestor/plugins/iCheck/flat,flat.css,.css,1369,2025-11-10T02:16:24Z,60b25ca8665011ac79ecae73d896c236199a4be5,,0,0,
WebGestor/plugins/iCheck/flat/flat.png,WebGestor/plugins/iCheck/flat,flat.png,.png,1515,2025-11-10T02:16:24Z,c845df563585b50977b31a9a1f1e3d365dd48a8a,,0,0,
WebGestor/plugins/iCheck/flat/flat@2x.png,WebGestor/plugins/iCheck/flat,flat@2x.png,.png,3217,2025-11-10T02:16:24Z,13062568f8eefab3680e649cbc2ea468bee5d587,,0,0,
WebGestor/plugins/iCheck/flat/green.css,WebGestor/plugins/iCheck/flat,green.css,.css,1443,2025-11-10T02:16:24Z,43f50d843e81f4c78ef6a208b12961ee498d945d,,0,0,
WebGestor/plugins/iCheck/flat/green.png,WebGestor/plugins/iCheck/flat,green.png,.png,1444,2025-11-10T02:16:24Z,aa3d0c79410217868b4829f8cba3504207ccb120,,0,0,
WebGestor/plugins/iCheck/flat/green@2x.png,WebGestor/plugins/iCheck/flat,green@2x.png,.png,3117,2025-11-10T02:16:24Z,375569af5ba13295f5427019879d07e2f044a63f,,0,0,
WebGestor/plugins/iCheck/flat/grey.css,WebGestor/plugins/iCheck/flat,grey.css,.css,1428,2025-11-10T02:16:24Z,54b7251c1c95356e5a4fddfd76991c60fe24d9a3,,0,0,
WebGestor/plugins/iCheck/flat/grey.png,WebGestor/plugins/iCheck/flat,grey.png,.png,1516,2025-11-10T02:16:24Z,74ba1448abb33f0d8e6921287e0bf3676cedb8f3,,0,0,
WebGestor/plugins/iCheck/flat/grey@2x.png,WebGestor/plugins/iCheck/flat,grey@2x.png,.png,3217,2025-11-10T02:16:24Z,f17930180c8ecc3661c9234294cc699639ac61f7,,0,0,
WebGestor/plugins/iCheck/flat/orange.css,WebGestor/plugins/iCheck/flat,orange.css,.css,1458,2025-11-10T02:16:24Z,0c6727f60bdce1b6d6fc0b0d977477806fcbc2d3,,0,0,
WebGestor/plugins/iCheck/flat/orange.png,WebGestor/plugins/iCheck/flat,orange.png,.png,1518,2025-11-10T02:16:24Z,a1b70283e146d6189c6cd689b70fe153f247f5ea,,0,0,
WebGestor/plugins/iCheck/flat/orange@2x.png,WebGestor/plugins/iCheck/flat,orange@2x.png,.png,3275,2025-11-10T02:16:24Z,b7095f843361774165f815e5266932d192e6f80a,,0,0,
WebGestor/plugins/iCheck/flat/pink.css,WebGestor/plugins/iCheck/flat,pink.css,.css,1428,2025-11-10T02:16:24Z,ba217f96bba0a3483e81db0027ca92a76d385abe,,0,0,
WebGestor/plugins/iCheck/flat/pink.png,WebGestor/plugins/iCheck/flat,pink.png,.png,1522,2025-11-10T02:16:24Z,8a7949cef96688a79baebc06b7c03c515a36981a,,0,0,
WebGestor/plugins/iCheck/flat/pink@2x.png,WebGestor/plugins/iCheck/flat,pink@2x.png,.png,3218,2025-11-10T02:16:24Z,83ccd6fefbe2133fb25dd81de8a9f57bb2334cf0,,0,0,
WebGestor/plugins/iCheck/flat/purple.css,WebGestor/plugins/iCheck/flat,purple.css,.css,1458,2025-11-10T02:16:24Z,b2870e219a8a42dc81055eed6caf169bf43bad30,,0,0,
WebGestor/plugins/iCheck/flat/purple.png,WebGestor/plugins/iCheck/flat,purple.png,.png,1519,2025-11-10T02:16:24Z,beb009b23a7a70b2c4e633412f87b9af4073d596,,0,0,
WebGestor/plugins/iCheck/flat/purple@2x.png,WebGestor/plugins/iCheck/flat,purple@2x.png,.png,3218,2025-11-10T02:16:24Z,c184027516b201def844a2c8d4475dc9d6b59274,,0,0,
WebGestor/plugins/iCheck/flat/red.css,WebGestor/plugins/iCheck/flat,red.css,.css,1413,2025-11-10T02:16:24Z,9d3c4dad7281fd78d1a6191d420c4e22090d0a15,,0,0,
WebGestor/plugins/iCheck/flat/red.png,WebGestor/plugins/iCheck/flat,red.png,.png,1516,2025-11-10T02:16:24Z,6c4c48f912bfa5dfd00bdd6ab108079f9f186349,,0,0,
WebGestor/plugins/iCheck/flat/red@2x.png,WebGestor/plugins/iCheck/flat,red@2x.png,.png,3276,2025-11-10T02:16:24Z,54bedaffa3cc3baaefa7855cfd54f96bddc848c5,,0,0,
WebGestor/plugins/iCheck/flat/yellow.css,WebGestor/plugins/iCheck/flat,yellow.css,.css,1458,2025-11-10T02:16:24Z,3a37a15814cb651b83094c6c1684ea8502cb4c3f,,0,0,
WebGestor/plugins/iCheck/flat/yellow.png,WebGestor/plugins/iCheck/flat,yellow.png,.png,1516,2025-11-10T02:16:24Z,3d67473db1290aad76f106f6662af5f9fcf50672,,0,0,
WebGestor/plugins/iCheck/flat/yellow@2x.png,WebGestor/plugins/iCheck/flat,yellow@2x.png,.png,3216,2025-11-10T02:16:24Z,569e4ff255ba81eb5afb5c34cbd54e067e50e877,,0,0,
WebGestor/plugins/iCheck/futurico/futurico.css,WebGestor/plugins/iCheck/futurico,futurico.css,.css,1421,2025-11-10T02:16:24Z,fb02e349dc5fab1494559b78780cb57f3b97f823,,0,0,
WebGestor/plugins/iCheck/futurico/futurico.png,WebGestor/plugins/iCheck/futurico,futurico.png,.png,1734,2025-11-10T02:16:24Z,22471791497387d68a9dcc8afa81b6125b2d202a,,0,0,
WebGestor/plugins/iCheck/futurico/futurico@2x.png,WebGestor/plugins/iCheck/futurico,futurico@2x.png,.png,3446,2025-11-10T02:16:24Z,8c1e2bb2358ae40c20a863a8edbe21e63680b903,,0,0,
WebGestor/plugins/iCheck/icheck.js,WebGestor/plugins/iCheck,icheck.js,.js,14161,2025-11-10T02:16:24Z,dc24458c0072cf2bf67a72278d7b5877e320b9c1,,0,0,
WebGestor/plugins/iCheck/icheck.min.js,WebGestor/plugins/iCheck,icheck.min.js,.js,4516,2025-11-10T02:16:24Z,b5ae4e9efe2d42a55d0e01b2bbc43b9a518996c4,,0,0,
WebGestor/plugins/iCheck/line/_all.css,WebGestor/plugins/iCheck/line,_all.css,.css,21689,2025-11-10T02:16:24Z,7504b05a5638a2e8f71afd7e7c0c2daf55eeb6aa,,0,0,
WebGestor/plugins/iCheck/line/aero.css,WebGestor/plugins/iCheck/line,aero.css,.css,2222,2025-11-10T02:16:24Z,8c89b04a176985533fc906de22ca9eb09e6f89d2,,0,0,
WebGestor/plugins/iCheck/line/blue.css,WebGestor/plugins/iCheck/line,blue.css,.css,2222,2025-11-10T02:16:24Z,3a3c1c99f0e556cca8d8af21e2ffb6242d1905e9,,0,0,
WebGestor/plugins/iCheck/line/green.css,WebGestor/plugins/iCheck/line,green.css,.css,2244,2025-11-10T02:16:24Z,0d19678b553af55d8dd0b1af782d7faac6b70b45,,0,0,
WebGestor/plugins/iCheck/line/grey.css,WebGestor/plugins/iCheck/line,grey.css,.css,2222,2025-11-10T02:16:24Z,99506cff35e23af352e8c0aec3c53060059c4cd9,,0,0,
WebGestor/plugins/iCheck/line/line.css,WebGestor/plugins/iCheck/line,line.css,.css,2103,2025-11-10T02:16:24Z,2d3e57ece8d85ff24735fb0737231f80ff0fbeee,,0,0,
WebGestor/plugins/iCheck/line/line.png,WebGestor/plugins/iCheck/line,line.png,.png,588,2025-11-10T02:16:24Z,62d5fdadb678645cc530604016c1fa4a21cf3142,,0,0,
WebGestor/plugins/iCheck/line/line@2x.png,WebGestor/plugins/iCheck/line,line@2x.png,.png,1073,2025-11-10T02:16:24Z,92af7292b8373ed64170ad3992c62902d42be667,,0,0,
WebGestor/plugins/iCheck/line/orange.css,WebGestor/plugins/iCheck/line,orange.css,.css,2260,2025-11-10T02:16:24Z,4e987567289164353fe725d4d1393729fff3947d,,0,0,
WebGestor/plugins/iCheck/line/pink.css,WebGestor/plugins/iCheck/line,pink.css,.css,2222,2025-11-10T02:16:24Z,22a1e45a2b9bfc7579b63e0796079bda45729807,,0,0,
WebGestor/plugins/iCheck/line/purple.css,WebGestor/plugins/iCheck/line,purple.css,.css,2266,2025-11-10T02:16:24Z,60b4062a29e4b262eb92d1f5a41ab2c68ab77698,,0,0,
WebGestor/plugins/iCheck/line/red.css,WebGestor/plugins/iCheck/line,red.css,.css,2200,2025-11-10T02:16:24Z,7f4ca2b61e3c55d40bd5541ccd50b4056ce94abd,,0,0,
WebGestor/plugins/iCheck/line/yellow.css,WebGestor/plugins/iCheck/line,yellow.css,.css,2266,2025-11-10T02:16:24Z,7f3e934fc846ce60b2f2f22df5bde98efe2f4889,,0,0,
WebGestor/plugins/iCheck/minimal/_all.css,WebGestor/plugins/iCheck/minimal,_all.css,.css,14176,2025-11-10T02:16:24Z,4f4feff4f80386c205eb5a4928538519b1ea674f,,0,0,
WebGestor/plugins/iCheck/minimal/aero.css,WebGestor/plugins/iCheck/minimal,aero.css,.css,1626,2025-11-10T02:16:24Z,e67ee9754574db9c9313d70e3ee0b9b4e2543832,,0,0,
WebGestor/plugins/iCheck/minimal/aero.png,WebGestor/plugins/iCheck/minimal,aero.png,.png,1151,2025-11-10T02:16:24Z,5d2ab4b2c5c237c4c7bd2d3e38c0ca7cfc55f340,,0,0,
WebGestor/plugins/iCheck/minimal/aero@2x.png,WebGestor/plugins/iCheck/minimal,aero@2x.png,.png,1409,2025-11-10T02:16:24Z,467d7f2b4de5e2eb9263a5dc3b11bf98d2167d33,,0,0,
WebGestor/plugins/iCheck/minimal/blue.css,WebGestor/plugins/iCheck/minimal,blue.css,.css,1626,2025-11-10T02:16:24Z,33effcdaf4118bec912993ae21815d9d0a00b89e,,0,0,
WebGestor/plugins/iCheck/minimal/blue.png,WebGestor/plugins/iCheck/minimal,blue.png,.png,1132,2025-11-10T02:16:24Z,52b35b6268a0288df88e62ecc2a4ed6e90a7fe95,,0,0,
WebGestor/plugins/iCheck/minimal/blue@2x.png,WebGestor/plugins/iCheck/minimal,blue@2x.png,.png,1410,2025-11-10T02:16:24Z,3cda28a38fcb0692575bdffe7097be28e9ce6337,,0,0,
WebGestor/plugins/iCheck/minimal/green.css,WebGestor/plugins/iCheck/minimal,green.css,.css,1643,2025-11-10T02:16:24Z,426dce0f8c155d27bf6b61ed370c4907ba5fb999,,0,0,
WebGestor/plugins/iCheck/minimal/green.png,WebGestor/plugins/iCheck/minimal,green.png,.png,1143,2025-11-10T02:16:24Z,92912d791f41fcadfe27f481cfa6a68267908081,,0,0,
WebGestor/plugins/iCheck/minimal/green@2x.png,WebGestor/plugins/iCheck/minimal,green@2x.png,.png,1408,2025-11-10T02:16:24Z,783ba4f2eeb184555de6f8c66c0b1bef42485434,,0,0,
WebGestor/plugins/iCheck/minimal/grey.css,WebGestor/plugins/iCheck/minimal,grey.css,.css,1626,2025-11-10T02:16:24Z,4d279a23ee3c57fe9f57074fd6c84afbeed63c03,,0,0,
WebGestor/plugins/iCheck/minimal/grey.png,WebGestor/plugins/iCheck/minimal,grey.png,.png,1142,2025-11-10T02:16:24Z,66763cc217c0a7eabb5fe23d397d5dba46ee6d76,,0,0,
WebGestor/plugins/iCheck/minimal/grey@2x.png,WebGestor/plugins/iCheck/minimal,grey@2x.png,.png,1407,2025-11-10T02:16:24Z,f00af6aca163e8ce5ce06d3ec5af7284cb78e851,,0,0,
WebGestor/plugins/iCheck/minimal/minimal.css,WebGestor/plugins/iCheck/minimal,minimal.css,.css,1563,2025-11-10T02:16:24Z,4749f6daf2ab781636eb4d9a11ec0ef4d3569a07,,0,0,
WebGestor/plugins/iCheck/minimal/minimal.png,WebGestor/plugins/iCheck/minimal,minimal.png,.png,1114,2025-11-10T02:16:24Z,afc5a9079dfab56dc21c16655f8c7ddb5ec45c99,,0,0,
WebGestor/plugins/iCheck/minimal/minimal@2x.png,WebGestor/plugins/iCheck/minimal,minimal@2x.png,.png,1410,2025-11-10T02:16:24Z,8fa3e8c6e51984f406d8c7d751917674296499fc,,0,0,
WebGestor/plugins/iCheck/minimal/orange.css,WebGestor/plugins/iCheck/minimal,orange.css,.css,1660,2025-11-10T02:16:24Z,19730885bd6d2b9954a71e869d13d17bd1555e4c,,0,0,
WebGestor/plugins/iCheck/minimal/orange.png,WebGestor/plugins/iCheck/minimal,orange.png,.png,1139,2025-11-10T02:16:24Z,c0a8ff970fe15245758b476c231f69ffb7eb86e2,,0,0,
WebGestor/plugins/iCheck/minimal/orange@2x.png,WebGestor/plugins/iCheck/minimal,orange@2x.png,.png,1407,2025-11-10T02:16:24Z,2599f05b100c4dbb8d4d7e6861dd3ace413dbc17,,0,0,
WebGestor/plugins/iCheck/minimal/pink.css,WebGestor/plugins/iCheck/minimal,pink.css,.css,1626,2025-11-10T02:16:24Z,650c35822a8b4019c32b1731548a663fa75edf56,,0,0,
WebGestor/plugins/iCheck/minimal/pink.png,WebGestor/plugins/iCheck/minimal,pink.png,.png,1150,2025-11-10T02:16:24Z,ebe7753c2398e992139583ea0a21ff10686ff7ec,,0,0,
WebGestor/plugins/iCheck/minimal/pink@2x.png,WebGestor/plugins/iCheck/minimal,pink@2x.png,.png,1409,2025-11-10T02:16:24Z,adcbe18db956fd8792b692c47d5bdb99eb06dc9e,,0,0,
WebGestor/plugins/iCheck/minimal/purple.css,WebGestor/plugins/iCheck/minimal,purple.css,.css,1660,2025-11-10T02:16:24Z,9d05edeaca7b8ed015f8bcdc0a2f0f288b12e5ac,,0,0,
WebGestor/plugins/iCheck/minimal/purple.png,WebGestor/plugins/iCheck/minimal,purple.png,.png,1132,2025-11-10T02:16:24Z,f2f7aa314f722f0bd61065fd2d8763b52380e37a,,0,0,
WebGestor/plugins/iCheck/minimal/purple@2x.png,WebGestor/plugins/iCheck/minimal,purple@2x.png,.png,1409,2025-11-10T02:16:24Z,97d6ce9e14e14bd759216c4d9e390efbfafa2f87,,0,0,
WebGestor/plugins/iCheck/minimal/red.css,WebGestor/plugins/iCheck/minimal,red.css,.css,1609,2025-11-10T02:16:24Z,36d689b42d62e8e747f8ee14ffbbe7775f6e8633,,0,0,
WebGestor/plugins/iCheck/minimal/red.png,WebGestor/plugins/iCheck/minimal,red.png,.png,1130,2025-11-10T02:16:24Z,ce620f9ab81b71fb4cd30d3ebdb1c36b9506969e,,0,0,
WebGestor/plugins/iCheck/minimal/red@2x.png,WebGestor/plugins/iCheck/minimal,red@2x.png,.png,1410,2025-11-10T02:16:24Z,0be636325e4a962c4807ba6ddb6b42bbe456a28d,,0,0,
WebGestor/plugins/iCheck/minimal/yellow.css,WebGestor/plugins/iCheck/minimal,yellow.css,.css,1660,2025-11-10T02:16:24Z,c8c0c7a765d51bff8d57fe984b99492e803b21a5,,0,0,
WebGestor/plugins/iCheck/minimal/yellow.png,WebGestor/plugins/iCheck/minimal,yellow.png,.png,1135,2025-11-10T02:16:24Z,db0d0124abc8985877b90c280ca5f9a31a9630c6,,0,0,
WebGestor/plugins/iCheck/minimal/yellow@2x.png,WebGestor/plugins/iCheck/minimal,yellow@2x.png,.png,1406,2025-11-10T02:16:24Z,93c24349e2b70663f7acb8e80bebccbb064133c7,,0,0,
WebGestor/plugins/iCheck/polaris/polaris.css,WebGestor/plugins/iCheck/polaris,polaris.css,.css,1557,2025-11-10T02:16:24Z,058b9a99053fc3c697c0a30b7bcb562f97976c48,,0,0,
WebGestor/plugins/iCheck/polaris/polaris.png,WebGestor/plugins/iCheck/polaris,polaris.png,.png,6401,2025-11-10T02:16:24Z,4ac6738b863cd3e5b37f93d8724a75ba49dfc6aa,,0,0,
WebGestor/plugins/iCheck/polaris/polaris@2x.png,WebGestor/plugins/iCheck/polaris,polaris@2x.png,.png,16760,2025-11-10T02:16:24Z,4a46db45d8865f6b0d8f9ae6820723dd83f588e7,,0,0,
WebGestor/plugins/iCheck/square/_all.css,WebGestor/plugins/iCheck/square,_all.css,.css,15591,2025-11-10T02:16:24Z,ce4cbd345a783f2e46543b50ddc419fd8e029222,,0,0,
WebGestor/plugins/iCheck/square/aero.css,WebGestor/plugins/iCheck/square,aero.css,.css,1611,2025-11-10T02:16:24Z,d8a78534fd235ba8458c4eeca963c77f84fdce7c,,0,0,
WebGestor/plugins/iCheck/square/aero.png,WebGestor/plugins/iCheck/square,aero.png,.png,2167,2025-11-10T02:16:24Z,26428194a46a2c6e2ccd734fd49d3950153778f4,,0,0,
WebGestor/plugins/iCheck/square/aero@2x.png,WebGestor/plugins/iCheck/square,aero@2x.png,.png,4455,2025-11-10T02:16:24Z,39b69eb285554e883cca6d4cf8bdc44a40500167,,0,0,
WebGestor/plugins/iCheck/square/blue.css,WebGestor/plugins/iCheck/square,blue.css,.css,1611,2025-11-10T02:16:24Z,d18acf65e95e79a0329d7cae5204897b79a68699,,0,0,
WebGestor/plugins/iCheck/square/blue.png,WebGestor/plugins/iCheck/square,blue.png,.png,2185,2025-11-10T02:16:24Z,e5cb8bb39c5a15cbeda74f81210d4c205ffabfb3,,0,0,
WebGestor/plugins/iCheck/square/blue@2x.png,WebGestor/plugins/iCheck/square,blue@2x.png,.png,4485,2025-11-10T02:16:24Z,fd1dfa38178e1e88813a3fbe0e45229e72c2b23b,,0,0,
WebGestor/plugins/iCheck/square/green.css,WebGestor/plugins/iCheck/square,green.css,.css,1628,2025-11-10T02:16:24Z,51592f7872ca7a8c6c18edd4c7a7269bacd3d411,,0,0,
WebGestor/plugins/iCheck/square/green.png,WebGestor/plugins/iCheck/square,green.png,.png,2193,2025-11-10T02:16:24Z,57902f581e6e6fdf6b743865ae77015c92c68e1b,,0,0,
WebGestor/plugins/iCheck/square/green@2x.png,WebGestor/plugins/iCheck/square,green@2x.png,.png,4498,2025-11-10T02:16:24Z,6f9fbc8fcd8b9d199816fb9381ff0c9296a27e69,,0,0,
WebGestor/plugins/iCheck/square/grey.css,WebGestor/plugins/iCheck/square,grey.css,.css,1611,2025-11-10T02:16:24Z,3bff34a968e431c100813bdf5fcedd3b86fb53f7,,0,0,
WebGestor/plugins/iCheck/square/grey.png,WebGestor/plugins/iCheck/square,grey.png,.png,2186,2025-11-10T02:16:24Z,ef13941fdc706f524e5471cf8e338529d8443a8e,,0,0,
WebGestor/plugins/iCheck/square/grey@2x.png,WebGestor/plugins/iCheck/square,grey@2x.png,.png,4483,2025-11-10T02:16:24Z,fddbcb656950d7ae1fcf5cc4a45772753fa937d0,,0,0,
WebGestor/plugins/iCheck/square/orange.css,WebGestor/plugins/iCheck/square,orange.css,.css,1645,2025-11-10T02:16:24Z,29feae4aa1749b4a99b5885f093d731134e083cd,,0,0,
WebGestor/plugins/iCheck/square/orange.png,WebGestor/plugins/iCheck/square,orange.png,.png,2181,2025-11-10T02:16:24Z,d5e35d44681cfb45a0918ef9ad123210d146a11c,,0,0,
WebGestor/plugins/iCheck/square/orange@2x.png,WebGestor/plugins/iCheck/square,orange@2x.png,.png,4474,2025-11-10T02:16:24Z,ab3dfc39017fbf42c58474616cc97120965d62c5,,0,0,
WebGestor/plugins/iCheck/square/pink.css,WebGestor/plugins/iCheck/square,pink.css,.css,1611,2025-11-10T02:16:24Z,d85ad42427b54924f3dd9fe76a63b1e7f15e06f1,,0,0,
WebGestor/plugins/iCheck/square/pink.png,WebGestor/plugins/iCheck/square,pink.png,.png,2189,2025-11-10T02:16:24Z,fc058afd2cb63143684141bebce62b739be2281b,,0,0,
WebGestor/plugins/iCheck/square/pink@2x.png,WebGestor/plugins/iCheck/square,pink@2x.png,.png,4479,2025-11-10T02:16:24Z,6a9ef34d90c66fe86a0847edf44fe9a8759afd6d,,0,0,
WebGestor/plugins/iCheck/square/purple.css,WebGestor/plugins/iCheck/square,purple.css,.css,1645,2025-11-10T02:16:24Z,180f815eb5091837c8ff31f714ee95a68b8ad8e0,,0,0,
WebGestor/plugins/iCheck/square/purple.png,WebGestor/plugins/iCheck/square,purple.png,.png,2188,2025-11-10T02:16:24Z,57d603e508ff02cc730c8cc15e4a8244cc352046,,0,0,
WebGestor/plugins/iCheck/square/purple@2x.png,WebGestor/plugins/iCheck/square,purple@2x.png,.png,4501,2025-11-10T02:16:24Z,2afdaed7857fe85ab152828785818ebb202f0fb7,,0,0,
WebGestor/plugins/iCheck/square/red.css,WebGestor/plugins/iCheck/square,red.css,.css,1594,2025-11-10T02:16:24Z,9ac645ab846589527063e3903737c5637e440fb1,,0,0,
WebGestor/plugins/iCheck/square/red.png,WebGestor/plugins/iCheck/square,red.png,.png,2190,2025-11-10T02:16:24Z,9c3196d7269cb781afed50d888c4f43c456baf7f,,0,0,
WebGestor/plugins/iCheck/square/red@2x.png,WebGestor/plugins/iCheck/square,red@2x.png,.png,4490,2025-11-10T02:16:24Z,cf52909d4970f9cbfda7321286b23a1b865026e4,,0,0,
WebGestor/plugins/iCheck/square/square.css,WebGestor/plugins/iCheck/square,square.css,.css,1546,2025-11-10T02:16:24Z,582e71242c1b272f7a8fa07e3c632412a2e46cd3,,0,0,
WebGestor/plugins/iCheck/square/square.png,WebGestor/plugins/iCheck/square,square.png,.png,2175,2025-11-10T02:16:24Z,21bb81d2bb8ee03e0f7d0fd1a3409153ca1c0a5b,,0,0,
WebGestor/plugins/iCheck/square/square@2x.png,WebGestor/plugins/iCheck/square,square@2x.png,.png,4478,2025-11-10T02:16:24Z,e96c911456ac8ad032e8f6e21b7953affa14d88d,,0,0,
WebGestor/plugins/iCheck/square/yellow.css,WebGestor/plugins/iCheck/square,yellow.css,.css,1645,2025-11-10T02:16:24Z,e582cb427c8ee34d156e6b1e0419ad54563a0b5e,,0,0,
WebGestor/plugins/iCheck/square/yellow.png,WebGestor/plugins/iCheck/square,yellow.png,.png,2131,2025-11-10T02:16:24Z,2e3bb1b0c1eee45f375ad22a9f22c0d8b5e074ac,,0,0,
WebGestor/plugins/iCheck/square/yellow@2x.png,WebGestor/plugins/iCheck/square,yellow@2x.png,.png,4385,2025-11-10T02:16:24Z,1907ed87c4a9e14dc23c558870acb691e42ee795,,0,0,
WebGestor/plugins/input-mask/jquery.inputmask.date.extensions.js,WebGestor/plugins/input-mask,jquery.inputmask.date.extensions.js,.js,22814,2025-11-10T02:16:24Z,2775b2c127bcf44f3de16273dfb76415a60d4337,,0,0,
WebGestor/plugins/input-mask/jquery.inputmask.extensions.js,WebGestor/plugins/input-mask,jquery.inputmask.extensions.js,.js,5315,2025-11-10T02:16:24Z,abcf110c2ef15af2fada743cae4ad4494c4853d4,,0,0,
WebGestor/plugins/input-mask/jquery.inputmask.js,WebGestor/plugins/input-mask,jquery.inputmask.js,.js,90539,2025-11-10T02:16:24Z,30b0c50e10f499633f8f1a3c482bb500218c295d,,0,0,
WebGestor/plugins/input-mask/jquery.inputmask.numeric.extensions.js,WebGestor/plugins/input-mask,jquery.inputmask.numeric.extensions.js,.js,9118,2025-11-10T02:16:24Z,029ce94b5b34e103d93b28eb8407fad9a61c4df5,,0,0,
WebGestor/plugins/input-mask/jquery.inputmask.phone.extensions.js,WebGestor/plugins/input-mask,jquery.inputmask.phone.extensions.js,.js,1576,2025-11-10T02:16:24Z,42c0a463dada660843637927ca2180cf096fd3a9,,0,0,
WebGestor/plugins/input-mask/jquery.inputmask.regex.extensions.js,WebGestor/plugins/input-mask,jquery.inputmask.regex.extensions.js,.js,9392,2025-11-10T02:16:24Z,40402e0680fba07e5bab41b1d91bbd20a8d9f425,,0,0,
WebGestor/plugins/input-mask/phone-codes/phone-be.json,WebGestor/plugins/input-mask/phone-codes,phone-be.json,.json,3631,2025-11-10T02:16:24Z,d5c20e75dfb117b83e28f495c95bbed773d3d808,,0,0,
WebGestor/plugins/input-mask/phone-codes/phone-codes.json,WebGestor/plugins/input-mask/phone-codes,phone-codes.json,.json,39492,2025-11-10T02:16:24Z,4494adfed7a8dd38d85397406f84e8078299f253,,0,0,
WebGestor/plugins/input-mask/phone-codes/readme.txt,WebGestor/plugins/input-mask/phone-codes,readme.txt,.txt,76,2025-11-10T02:16:24Z,02b3843967662841ab910aff73efaf985d977815,,0,0,
WebGestor/plugins/ionslider/img/sprite-skin-flat.png,WebGestor/plugins/ionslider/img,sprite-skin-flat.png,.png,352,2025-11-10T02:16:24Z,53cbe56c075cba056dd3ee009d1eaa92161d6830,,0,0,
WebGestor/plugins/ionslider/img/sprite-skin-nice.png,WebGestor/plugins/ionslider/img,sprite-skin-nice.png,.png,1022,2025-11-10T02:16:24Z,274a093212f92bfaf099c1b7c3f2effa26bf6770,,0,0,
WebGestor/plugins/ionslider/ion.rangeSlider.css,WebGestor/plugins/ionslider,ion.rangeSlider.css,.css,3186,2025-11-10T02:16:24Z,a06387f61d62b376e842fb606423a34c9710cea5,,0,0,
WebGestor/plugins/ionslider/ion.rangeSlider.min.js,WebGestor/plugins/ionslider,ion.rangeSlider.min.js,.js,9720,2025-11-10T02:16:24Z,d0c469ad24b3d886f8de3bb8509ef20c64def526,,0,0,
WebGestor/plugins/ionslider/ion.rangeSlider.skinFlat.css,WebGestor/plugins/ionslider,ion.rangeSlider.skinFlat.css,.css,1853,2025-11-10T02:16:24Z,eb6fd4590d00c8053df91f6c4f44fd224aabc48d,,0,0,
WebGestor/plugins/ionslider/ion.rangeSlider.skinNice.css,WebGestor/plugins/ionslider,ion.rangeSlider.skinNice.css,.css,1734,2025-11-10T02:16:24Z,aefc9a4a274bb02c818967d6ea13cc73cdc2c919,,0,0,
WebGestor/plugins/jQuery/jQuery-2.1.4.min.js,WebGestor/plugins/jQuery,jQuery-2.1.4.min.js,.js,84345,2025-11-10T02:16:24Z,43dc554608df885a59ddeece1598c6ace434d747,,0,0,
WebGestor/plugins/jQueryUI/jquery-ui-1.10.3.js,WebGestor/plugins/jQueryUI,jquery-ui-1.10.3.js,.js,248569,2025-11-10T02:16:24Z,15ba58b92a31a1d1836ff0aebbf9f2d15fa538e0,,0,0,
WebGestor/plugins/jQueryUI/jquery-ui-1.10.3.min.js,WebGestor/plugins/jQueryUI,jquery-ui-1.10.3.min.js,.js,131019,2025-11-10T02:16:24Z,0185361938a30a2a1c7837a4b92decdf0170ee19,,0,0,
WebGestor/plugins/jvectormap/jquery-jvectormap-1.2.2.css,WebGestor/plugins/jvectormap,jquery-jvectormap-1.2.2.css,.css,824,2025-11-10T02:16:24Z,e3af63b7f572efcdd2df6de3cf385e581a84f7a8,,0,0,
WebGestor/plugins/jvectormap/jquery-jvectormap-1.2.2.min.js,WebGestor/plugins/jvectormap,jquery-jvectormap-1.2.2.min.js,.js,33323,2025-11-10T02:16:24Z,2d075abee9db8edcd7c2c5834f3940820b75abb4,,0,0,
WebGestor/plugins/jvectormap/jquery-jvectormap-world-mill-en.js,WebGestor/plugins/jvectormap,jquery-jvectormap-world-mill-en.js,.js,144313,2025-11-10T02:16:24Z,cfb12d45109ada73eb1adedfb619f47c7937bd7e,,0,0,
WebGestor/plugins/knob/jquery.knob.js,WebGestor/plugins/knob,jquery.knob.js,.js,26222,2025-11-10T02:16:24Z,34ca4279ce65d67b0aa132de67718988f2445130,,0,0,
WebGestor/plugins/morris/morris.css,WebGestor/plugins/morris,morris.css,.css,428,2025-11-10T02:16:24Z,4a6aa5dedb6b8a229332f58e3ceb1ecebb1fd4be,,0,0,
WebGestor/plugins/morris/morris.js,WebGestor/plugins/morris,morris.js,.js,66046,2025-11-10T02:16:24Z,e953ff39cc7a41e3cc7e57d97094b4895685c925,,0,0,
WebGestor/plugins/morris/morris.min.js,WebGestor/plugins/morris,morris.min.js,.js,35652,2025-11-10T02:16:24Z,f40a80188a0422041f59284940c46d86c163a279,,0,0,
WebGestor/plugins/pace/pace.js,WebGestor/plugins/pace,pace.js,.js,12363,2025-11-10T02:16:24Z,1d6f79b5757de7cc40dcfded7cfdb067a90810d3,,0,0,
WebGestor/plugins/slimScroll/jquery.slimscroll.js,WebGestor/plugins/slimScroll,jquery.slimscroll.js,.js,14973,2025-11-10T02:16:24Z,67d0a45015c77e0eadd2df45d09a656dce1bda8d,,0,0,
WebGestor/plugins/slimScroll/jquery.slimscroll.min.js,WebGestor/plugins/slimScroll,jquery.slimscroll.min.js,.js,6230,2025-11-10T02:16:24Z,c41ab928b9e7386545fb8228290d38d14f25c6c3,,0,0,
WebGestor/plugins/sparkline/jquery.sparkline.js,WebGestor/plugins/sparkline,jquery.sparkline.js,.js,123446,2025-11-10T02:16:24Z,5bdadbf3f555341c5507059df20f67770df7f15a,,0,0,
WebGestor/plugins/sparkline/jquery.sparkline.min.js,WebGestor/plugins/sparkline,jquery.sparkline.min.js,.js,43247,2025-11-10T02:16:24Z,7e3cc75c9facc4ef22dc14002ee79e0976cc0130,,0,0,
WebGestor/plugins/timepicker/bootstrap-timepicker.css,WebGestor/plugins/timepicker,bootstrap-timepicker.css,.css,2780,2025-11-10T02:16:24Z,f8c5d1525fdd57ba1a88659924838093f5b7e0d9,,0,0,
WebGestor/plugins/timepicker/bootstrap-timepicker.js,WebGestor/plugins/timepicker,bootstrap-timepicker.js,.js,26014,2025-11-10T02:16:24Z,bb7eb04b37fab5ebddc9de40b24824dbc43187ad,,0,0,
WebGestor/plugins/timepicker/bootstrap-timepicker.min.css,WebGestor/plugins/timepicker,bootstrap-timepicker.min.css,.css,2410,2025-11-10T02:16:24Z,51c9f4a45341db8d7903f8844e03b9531ae0eaaf,,0,0,
WebGestor/plugins/timepicker/bootstrap-timepicker.min.js,WebGestor/plugins/timepicker,bootstrap-timepicker.min.js,.js,15453,2025-11-10T02:16:24Z,716915a88d6facc148f44667b050c2828b72c961,,0,0,
WebGestor/refresh_session.ashx,WebGestor,refresh_session.ashx,.ashx,903,2025-11-10T02:16:24Z,3aa7a491b00f14754fdd4b71ad95509a4f79c135,,0,0,
WebGestor/style.css,WebGestor,style.css,.css,1023,2025-11-10T02:16:24Z,bae14362edd0bd61ab358efbce4a685682d76bec,,0,0,
WebGestor/uploads/022223 GRAMBS CORPORACION GRAFICA S.A.C.xlsx,WebGestor/uploads,022223 GRAMBS CORPORACION GRAFICA S.A.C.xlsx,.xlsx,9599,2025-11-10T02:16:24Z,7d45e49df7ff91a6ba6cc50cdb2ded8312dce894,,0,0,
WebGestor/uploads/022400 TESSILE FORZA E.I.R.L..xlsx,WebGestor/uploads,022400 TESSILE FORZA E.I.R.L..xlsx,.xlsx,9568,2025-11-10T02:16:24Z,27e24ae65f83eb2648f7bb87e0d092f4626a4c48,,0,0,
WebGestor/uploads/022459 NEW TENDENCY PERU S.A.C..xlsx,WebGestor/uploads,022459 NEW TENDENCY PERU S.A.C..xlsx,.xlsx,8996,2025-11-10T02:16:24Z,aecebd86ad016d7aafd18242da2075e580244faf,,0,0,
WebGestor/uploads/022460 NEW TENDENCY PERU S.A.C..xlsx,WebGestor/uploads,022460 NEW TENDENCY PERU S.A.C..xlsx,.xlsx,9095,2025-11-10T02:16:24Z,f2629a9830a8954870f68aa3ac922d76a691f197,,0,0,
WebGestor/uploads/022867 BANCO BBVA PERU.xlsx,WebGestor/uploads,022867 BANCO BBVA PERU.xlsx,.xlsx,15340,2025-11-10T02:16:24Z,692954ac6c7b415f5876a76745c8f76638daedb5,,0,0,
WebGestor/uploads/022868 OLIMED MEDICAL IMPORT S.A.C..xlsx,WebGestor/uploads,022868 OLIMED MEDICAL IMPORT S.A.C..xlsx,.xlsx,15401,2025-11-10T02:16:24Z,b885253d743b62cdc3e2a0d668665c98821647dd,,0,0,
WebGestor/uploads/022869 IRUDIAK SAC.xlsx,WebGestor/uploads,022869 IRUDIAK SAC.xlsx,.xlsx,16653,2025-11-10T02:16:24Z,e45ab05619e4e240cb18f39cfc1cf8539e2041bd,,0,0,
WebGestor/uploads/022998 BANCO BBVA PERU.xlsx,WebGestor/uploads,022998 BANCO BBVA PERU.xlsx,.xlsx,19556,2025-11-10T02:16:24Z,5d1d8538144be4d346bf1107e772470dd6638311,,0,0,
WebGestor/uploads/022999 SAVAR AGENTES DE ADUANA S A.xlsx,WebGestor/uploads,022999 SAVAR AGENTES DE ADUANA S A.xlsx,.xlsx,16337,2025-11-10T02:16:24Z,ee4a153c11f11f53f5027547d862dfda13f665b5,,0,0,
WebGestor/uploads/023212 BANCO BBVA PERU.xlsx,WebGestor/uploads,023212 BANCO BBVA PERU.xlsx,.xlsx,17860,2025-11-10T02:16:24Z,1178bd9a744283153464c0f3d473221962a002a2,,0,0,
WebGestor/uploads/023213 BANCO BBVA PERU.xlsx,WebGestor/uploads,023213 BANCO BBVA PERU.xlsx,.xlsx,15888,2025-11-10T02:16:24Z,ee208df86a65333214c605bf976379ff84fa7824,,0,0,
WebGestor/uploads/023223 BANCO BBVA PERU.xlsx,WebGestor/uploads,023223 BANCO BBVA PERU.xlsx,.xlsx,17797,2025-11-10T02:16:24Z,f7158652d6e535d0a5074b1671c557487bc3163e,,0,0,
WebGestor/uploads/023224 BANCO BBVA PERU.xlsx,WebGestor/uploads,023224 BANCO BBVA PERU.xlsx,.xlsx,16024,2025-11-10T02:16:24Z,4b29c5d823f5af5ca9d02b352df04b8060da6519,,0,0,
WebGestor/uploads/023225 BANCO BBVA PERU.xlsx,WebGestor/uploads,023225 BANCO BBVA PERU.xlsx,.xlsx,14686,2025-11-10T02:16:24Z,50d4973353ce7908e7c5f1ff057e3cfd74c0a91d,,0,0,
WebGestor/uploads/023229 BANCO BBVA PERU.xlsx,WebGestor/uploads,023229 BANCO BBVA PERU.xlsx,.xlsx,8777,2025-11-10T02:16:24Z,59b8671512ff491e64a21263dd65389f3a7eaca9,,0,0,
WebGestor/uploads/023230 BANCO BBVA PERU.xlsx,WebGestor/uploads,023230 BANCO BBVA PERU.xlsx,.xlsx,15366,2025-11-10T02:16:24Z,aae762892be0a7008d800fb36c1a75033abd872f,,0,0,
WebGestor/uploads/023236 BANCO BBVA PERU.xlsx,WebGestor/uploads,023236 BANCO BBVA PERU.xlsx,.xlsx,11402,2025-11-10T02:16:24Z,50fb89eef95acfa2bad891158296b91cb0e33a87,,0,0,
WebGestor/uploads/023238 BANCO BBVA PERU.xlsx,WebGestor/uploads,023238 BANCO BBVA PERU.xlsx,.xlsx,9275,2025-11-10T02:16:24Z,b3561ad398444f2b92f63511052aa9893d016cea,,0,0,
WebGestor/uploads/023353 BANCO BBVA PERU.xlsx,WebGestor/uploads,023353 BANCO BBVA PERU.xlsx,.xlsx,143498,2025-11-10T02:16:24Z,e494caac6aa83549ab6fb29cdd815657bfa3a7f8,,0,0,
WebGestor/uploads/023365 BANCO BBVA PERU.xlsx,WebGestor/uploads,023365 BANCO BBVA PERU.xlsx,.xlsx,46049,2025-11-10T02:16:24Z,7a4143fa725eccfd7ad07ec2777b414c4b8bf842,,0,0,
WebGestor/uploads/023505 BANCO BBVA PERU.xlsx,WebGestor/uploads,023505 BANCO BBVA PERU.xlsx,.xlsx,12439,2025-11-10T02:16:24Z,c64fed5274b0294396312f1cedeb3272c65a4f88,,0,0,
WebGestor/uploads/ATMS.xlsx,WebGestor/uploads,ATMS.xlsx,.xlsx,812512,2025-11-10T02:16:24Z,7588eaecb25bde435916d0a38869df88f92969ba,,0,0,
WebGestor/uploads/foto/07239084.jpg,WebGestor/uploads/foto,07239084.jpg,.jpg,828330,2025-11-10T02:16:24Z,b947fb1e046bf237f8377b4460439f6a7b38a70e,,0,0,
WebGestor/uploads/foto/11111111.jpg,WebGestor/uploads/foto,11111111.jpg,.jpg,4917554,2025-11-10T02:16:24Z,6c5e5b2ff1c20ac6b3291ae2eef885e3aa1214a7,,0,0,
WebGestor/uploads/foto/40341631.jpg,WebGestor/uploads/foto,40341631.jpg,.jpg,11369,2025-11-10T02:16:24Z,caa87e77464958b4be40f41d7d39031a6cf1a376,,0,0,
WebGestor/uploads/foto/43059906.jpg,WebGestor/uploads/foto,43059906.jpg,.jpg,19086,2025-11-10T02:16:24Z,f7bc474b0596817bb4fe91af0de3600a334dd38e,,0,0,
WebGestor/uploads/foto/45467889.jpg,WebGestor/uploads/foto,45467889.jpg,.jpg,1782189,2025-11-10T02:16:24Z,f1ea498bde5d8694fabaf0ae80c0dba48de72dc9,,0,0,
WebGestor/uploads/foto/46865288.jpg,WebGestor/uploads/foto,46865288.jpg,.jpg,1563420,2025-11-10T02:16:24Z,431fe7ec47d9a1d66d8cf54ae4b70445363a5079,,0,0,
config_refs.csv,.,config_refs.csv,.csv,520,2025-11-10T02:16:24Z,c9e7912431dad755bbd7c27942e4b789287a211a,,0,0,
deps_licenses.csv,.,deps_licenses.csv,.csv,560,2025-11-10T02:16:24Z,b4b5ff3dd5e56261e75bb0378c189cffe474e81c,,0,0,
modules_map.csv,.,modules_map.csv,.csv,122760,2025-11-10T02:16:24Z,09492aa536b9926a39d57396d21518581605ea47,,0,0,
modules_map_full.csv,.,modules_map_full.csv,.csv,902052,2025-11-10T02:17:30Z,b6f11e4f5b37f99160404a54645431d598020da2,,0,0,
process_catalog.csv,.,process_catalog.csv,.csv,1636,2025-11-10T02:16:24Z,d5a4d47f5008b07d97260885db74d112d71c73ee,,0,0,
process_recipes_seed.csv,.,process_recipes_seed.csv,.csv,873,2025-11-10T02:16:24Z,e93e89e55a498e96a0c4aef9b10cc13af8cc17c0,,0,0,
tb_links.csv,.,tb_links.csv,.csv,94522,2025-11-10T02:16:24Z,39a066416522485b2fd25a8009cf66fe68339e79,,0,0,
