path_rel,asset_type,size_bytes,sha1
WebGestor/bootstrap/fonts/glyphicons-halflings-regular.eot,font,20127,86b6f62b7853e67d3e635f6512a5a5efc58ea3c3
WebGestor/bootstrap/fonts/glyphicons-halflings-regular.svg,image,108738,de51a8494180a6db074af2dee2383f0a363c5b08
WebGestor/bootstrap/fonts/glyphicons-halflings-regular.ttf,font,45404,44bc1850f570972267b169ae18f1cb06b611ffa2
WebGestor/bootstrap/fonts/glyphicons-halflings-regular.woff,font,23424,278e49a86e634da6f2a02f3b47dd9d2a8f26210f
WebGestor/bootstrap/fonts/glyphicons-halflings-regular.woff2,font,18028,ca35b697d99cae4d1b60f2d60fcd37771987eb07
WebGestor/CAS/minus.gif,image,80,dfa31db003b0c8cda9eb9518a475e3c3f739259e
WebGestor/CAS/ok20.png,image,1470,e5fd0ac6ade0196ad3e9ba847039bcaf8bc484fa
WebGestor/CAS/TEMAS/0012 Contrato de Prestación de Servicios.docx,document,88089,4999eaa5590a83031334a1bc23b050c5e189cc60
WebGestor/CAS/TEMAS/3TH_SIMULACRO_4AÑOS.docx,document,317553,19b173dd02358e2cebdda604f5f648009cca00f9
WebGestor/CAS/TEMAS/ACTUALIZAR BASE D EDATOS EN OPPLUS.docx,document,13542,5fae7382cf6369c88d56d8a4adda720ad5b535fa
WebGestor/CAS/TEMAS/DEFINICIONES ELEMEMENTOS GESTOR.docx,document,20705,1859a4f6bcaeaa698192e1a1bbb9784c2803c0dd
WebGestor/CAS/TEMAS/HACDATA BASE CONOCIMIENTO.pdf,document,1090201,c4be1efb0e0c36b2056924ad83f17203621961fd
WebGestor/CAS/TEMAS/reserva.pdf,document,424466,5c345a151f11a7848908135cf940820c7537d60b
WebGestor/CAS/TEMAS/Señores  BANCO BBVA PERU.docx,document,13237,ca00ac63d9b5b4fc5fa227448563a92f557917fc
WebGestor/CAS/Temas_1BB/0012 Contrato de Prestación de Servicios.docx,document,88089,4999eaa5590a83031334a1bc23b050c5e189cc60
WebGestor/CAS/Temas_1BB/inv tablas.docx,document,281243,7921ae2035015288e2d3cce2f4d579ccc8775169
WebGestor/CAS/Temas_1TE/ACTUALIZAR BASE D EDATOS EN OPPLUS.docx,document,13542,5fae7382cf6369c88d56d8a4adda720ad5b535fa
WebGestor/CAS/Temas_1TE/ALCOHOL EN GEL SANITIZANTE 7225.xlsx,document,34221,15dbb3462b96225b8a55790a1afd0ff6f23d16a6
WebGestor/CAS/Temas_1TE/clientes.xlsx,document,11297,83042201680c8969a0802c9f8a551a0236787e10
WebGestor/CAS/Temas_1TE/Copia de CAJAS DE AGUA.xlsx,document,9247,0582e9240f6c1458467169fa3bf93ddfa8b08724
WebGestor/CAS/Temas_1TE/CRM MODULOS.docx,document,1672503,f8e1424f1c792d65b5c2d24922809992ced0d55d
WebGestor/CAS/Temas_1TE/DATOS FOTOCHECK - BANCO 25 (00000003).xlsx,document,15424,d2932898a6f1f1150e26a33af83487afb1a6d6b1
WebGestor/CAS/Temas_1TE/Especificaciones Técnicas.pdf,document,439033,62eb489496ebf273d85e2306179267efa26dc90d
WebGestor/CAS/Temas_1TE/inv tablas.docx,document,281243,7921ae2035015288e2d3cce2f4d579ccc8775169
WebGestor/CAS/Temas_1TE/INVENTARIO2.docx,document,459571,f2b3ed277142229d4e6f381016842c37305fbee8
WebGestor/CAS/Temas_1TE/LogoSaga2.png,image,3310,7ef84dc55d9c4cd7de5cb6c2114aadd3674e48d4
WebGestor/CAS/Temas_1TE/PRUEBA.docx,document,12698,a235a686af9d545cc884b1052555fdff28b0c86f
WebGestor/CRM/Temas/022403 TRANSPORTES 3SL Y PROYECTOS E.I.R.L..xlsx,document,8905,e95f023210c423936ae9f33cce9fc2e5b96fa7c0
WebGestor/CRM/Temas/3473.jpg,image,12523,0bccc32a6ed72fc1fdbda53be80f49058060784c
WebGestor/CRM/Temas/ACEROS AREQUIPA.bmp,image,38518,02f1d47152eb2a25ff60c70322e795029467c970
WebGestor/CRM/Temas/BienesInventariados022223 20100512662 GRAMBS CORPORACION GRAFICA S.A.C.xlsx,document,3416,7e7fca682a501554343ebc70d475e3897de0c35f
WebGestor/CRM/Temas/cargageneralbienes_ejemplo.xlsx,document,17326,09347bc69f522903bc26a5b3892be183e9920b2c
WebGestor/CRM/Temas/cargo carta fianza.docx,document,33436,ff46dbacac27c9ed9f6e30d1e30b6aa7858a7021
WebGestor/CRM/Temas/CATALOGO SKUS - 31 JULIO.xlsx,document,636864,84726d6bf89120b6c85efe70eddca0cb03072cee
WebGestor/CRM/Temas/CRM MODULOS.docx,document,1536925,7e636d88fa1c76342ea016058073d120902813ff
WebGestor/CRM/Temas/DISEÑO DE TABLAS.xlsx,document,21728,8f89c1b86bdf76f6db838e1ce2c5e8d5b3520292
WebGestor/CRM/Temas/GridViewExport (1).xls,document,80495,6f58234ce704af27a122b614b5f5b0314a96c06d
WebGestor/CRM/Temas/GuiaInterna_Nro_001459.pdf,document,1970,db1eb2a50acf9e0a5b6d1ae529edc83619646db1
WebGestor/CRM/Temas/impresora argox os-2140.docx,document,155618,9c3a1efb73004f676019b799122086787145c679
WebGestor/CRM/Temas/INFORME_FINAL_PE11000751-Oficina El Trigal.pdf,document,223414,9b45865963d37d623fa1b18066a3c9f1c8e45d5e
WebGestor/CRM/Temas/LIMA_Julio y Agosto_Control de Despachos  - Red de Oficinas_07.07.2021 (1).xlsx,document,165082,0b965d4f08896cf1f9ae4a52f0381ad970c7c5b7
WebGestor/CRM/Temas/POR HACER 220125.docx,document,38437,28ed8fdef82b2c8519546c1c5039b742b5f107e5
WebGestor/CRM/Temas/PROCESO DE VERIFICACION DE INVENTARIO PROVINCIAS SISTEMA.docx,document,36607,c6beac122ef9c7639ed2e1e051a468a9f4c9d6c9
WebGestor/CRM/Temas_1BB/1648 GUIA.jpg,image,42733,02ffd985d06409fef7dd257f14743f1b5a8bbf1e
WebGestor/CRM/Temas_1BB/dnis arequipa agosto 2024.xlsx,document,15873,2611c461ea3d94c3eb2ee034d1d2f9bf9d8c6a91
WebGestor/CRM/Temas_1BB/INFORME OPENPAY.xlsx,document,217955,7b9aca3d03258fec99bbc4ebeccf3b8c8625e46b
WebGestor/dist/img/avatar.png,image,27738,f15ac0d2a3ddfee14028ff1736c635f3225cf91c
WebGestor/dist/img/avatar04.png,image,44586,f19600277985493d6635d09cc1cac8ed7aacdf02
WebGestor/dist/img/avatar2.png,image,28512,50ecbe0a95b03b7f9e7dd51f0893f80ce4c4212d
WebGestor/dist/img/avatar3.png,image,32476,0f1dd5a428446094256b2f3cb16278bd58786f0c
WebGestor/dist/img/avatar5.png,image,24988,7aa146b7d1927bd539dd3dbb9c5c5b7c80307ea8
WebGestor/dist/img/boxed-bg.jpg,image,123770,3035a22cec8e49613fc2b5b58880067960688e79
WebGestor/dist/img/boxed-bg.png,image,43694,84bc265bc6c53141f9656878b371ca93543090c0
WebGestor/dist/img/credit/american-express.png,image,2796,bf9519ff191a1eaab2c704032971c142443976c8
WebGestor/dist/img/credit/cirrus.png,image,1872,00887d9cbc5c6fadfc57be1a064265e36707edb5
WebGestor/dist/img/credit/mastercard.png,image,1988,3062a5862cc1aac8a98973d266a7a9bdf0eb2836
WebGestor/dist/img/credit/mestro.png,image,1981,9935fbdc23b416a6fc5a0896bfce2d84757238c6
WebGestor/dist/img/credit/paypal.png,image,2664,13cba4a8a5d76ac6a245bbfe8ff2917a25dcfeca
WebGestor/dist/img/credit/paypal2.png,image,1416,5661fe833a0bea0a63a8504bf933e78ef65dd0d0
WebGestor/dist/img/credit/visa.png,image,1199,59282f364ff16c8464c4ff90edb27936ebca28d1
WebGestor/dist/img/default-50x50.gif,image,184,c3779e4aeb123953c7decb12949abdd17b1d3f27
WebGestor/dist/img/icons.png,image,1896,ea0a778be1fbac18e44778031dee0ea0a359f422
WebGestor/dist/img/photo1.png,image,1639025,13fe94cd21ddbb98bd1cf91486e00d0852c3e48a
WebGestor/dist/img/photo2.png,image,1427229,e4a3e86671bf2001f036998a938a7aae97a379f3
WebGestor/dist/img/sprite-skin-flat.png,image,352,53cbe56c075cba056dd3ee009d1eaa92161d6830
WebGestor/dist/img/sprite-skin-nice.png,image,1022,274a093212f92bfaf099c1b7c3f2effa26bf6770
WebGestor/dist/img/user1-128x128.jpg,image,3377,5f2d014ff084c102867bd592b50d0c11e974892d
WebGestor/dist/img/user2-160x160.jpg,image,8042,e4aeba0e08ac30570f5097de39728ff1704e2c35
WebGestor/dist/img/user3-128x128.jpg,image,4025,d05603af31613a61549444774e78e640654ef486
WebGestor/dist/img/user4-128x128.jpg,image,3482,7a70da454d4f95b05466951eb451eaadc5c65351
WebGestor/dist/img/user5-128x128.jpg,image,6492,52430a11dd26a23a0ce513777909d4fcfb9c395a
WebGestor/dist/img/user6-128x128.jpg,image,4863,f40722976d9c40aa5f58867c2c1840972e12d36f
WebGestor/dist/img/user7-128x128.jpg,image,7066,c1ca70741632880e223ae32c41e4b0f0e25de719
WebGestor/dist/img/user8-128x128.jpg,image,5728,09edbc1c2ea2f60897be8368f54cc9d55bbefd21
WebGestor/Documentacion/Temas/Bienes_xMover (1).xlsx,document,9097,b2cbe16518a118db3bd2a4376075180405005fd8
WebGestor/Documentacion/Temas/cargageneralbienes_ejemplo.xlsx,document,17326,09347bc69f522903bc26a5b3892be183e9920b2c
WebGestor/Documentacion/Temas/CRM MODULOS.docx,document,1536925,7e636d88fa1c76342ea016058073d120902813ff
WebGestor/Documentacion/Temas/GridViewExport (1).xls,document,80495,6f58234ce704af27a122b614b5f5b0314a96c06d
WebGestor/Documentacion/Temas/GuiaInterna_Nro_001459.pdf,document,1970,db1eb2a50acf9e0a5b6d1ae529edc83619646db1
WebGestor/favicon.ico,image,32038,1c0c85678ae963bc96d0b7fbe1eb89074cf1fbe0
WebGestor/fonts/glyphicons-halflings-regular.eot,font,20127,86b6f62b7853e67d3e635f6512a5a5efc58ea3c3
WebGestor/fonts/glyphicons-halflings-regular.svg,image,108738,de51a8494180a6db074af2dee2383f0a363c5b08
WebGestor/fonts/glyphicons-halflings-regular.ttf,font,45404,44bc1850f570972267b169ae18f1cb06b611ffa2
WebGestor/fonts/glyphicons-halflings-regular.woff,font,23424,278e49a86e634da6f2a02f3b47dd9d2a8f26210f
WebGestor/fonts/glyphicons-halflings-regular.woff2,font,18028,ca35b697d99cae4d1b60f2d60fcd37771987eb07
WebGestor/Fotos/1.gif,image,2001,28224c989f9575f8c8348846e7534a252afb2e39
WebGestor/Fotos/16 (Back).ico,image,1406,a9fd4d307c83c10e4e278090dd7fef43430f1332
WebGestor/Fotos/25-1.gif,image,2608,c2f4f0cc14f9796305c7dc3bc06e3a0ba25a3c2c
WebGestor/Fotos/5.gif,image,3087,3d6711f56ad0f1fad68bcf263e8d1024f0dfe690
WebGestor/Fotos/6.gif,image,3981,a648bf64a8862530b7fc56501a4de6a67b1a6446
WebGestor/Fotos/7.gif,image,10132,1e3534c99a6287deacb76d29858979b74a9f071a
WebGestor/Fotos/animated.gif,image,1625,824655d182d672cc1da68228d9b9eaa47c2fe94a
WebGestor/Fotos/boton isotipo web-03.jpg,image,21156,010fff600c84222a561c70f0679234ce8fece3fa
WebGestor/Fotos/botonbuscar.jpg,image,752,30bb45c762058f902af4e79047f6890e30c1b412
WebGestor/Fotos/BtnSeleccionar.png,image,643,546d757b72ec7879c565d643e65b7d3eeaab251d
WebGestor/Fotos/buttonhover.gif,image,400,cd8bfad35f07ec1b07a7f4980aaf936f20618535
WebGestor/Fotos/buttonhover2.gif,image,1177,737fbd9fadce100ede1d8762bb8c715dd86873d9
WebGestor/Fotos/buttonhover3.GIF,image,1078,077f9659422c1bc945dde2040a049abebc7c098a
WebGestor/Fotos/buttonhover3.JPG,image,1071,8c90c0dbfb4feace428846fcf3e8918af5085c39
WebGestor/Fotos/buttonround.gif,image,1079,b6bb4a28c54c8aad0d27a5d1bcc3d535c53c6537
WebGestor/Fotos/buttonround2.gif,image,2506,1e0287e488f227acfd2a3aacbfee5b144c8d7bc8
WebGestor/Fotos/buttonround3.GIF,image,1119,404711343cf5a85ead402f27bf289eadad73e90d
WebGestor/Fotos/buttonround3.JPG,image,1182,783a8306fc697e1cef7aa9636daf2c118148f698
WebGestor/Fotos/Calendario.bmp,image,1078,71bc385e739453ecbc119b59e56fdf71fe3e6ee5
WebGestor/Fotos/CasColombia.jpg,image,2222,835bdf6e70390d73ffc284762b640d49e1ad2ab6
WebGestor/Fotos/COMPLEMENTO5.JPG,image,5258,553d4a76b661bfdf2369dbf3e6d365a3936f473e
WebGestor/Fotos/flechazul1.jpg,image,768,0eafdbfc7f507a056fe629239c24b843a5526a88
WebGestor/Fotos/foto cas 2.JPG,image,5263,e3a91151cab80b64b04aaf6e10e4d90dedfdf0bd
WebGestor/Fotos/foto cas.JPG,image,2668,3ff8b73010b9d10124f76f2c4f39aa224025d7e7
WebGestor/Fotos/grabar.png,image,4318,bf8832fcbaa7409294b42edffd01fd18067f3500
WebGestor/Fotos/icon2.gif,image,310,0cbb0e875de9bafa6ee6a90d218897fcfba1e850
WebGestor/Fotos/ImgContabilidad.jpg,image,2532,5e23bd1e5875cbf72fef53dce77c6dfbfca387fe
WebGestor/Fotos/linea.JPG,image,805,2dd4cf97a35f3c1220c6c1bd3861bef0f0b0e810
WebGestor/Fotos/Linea_Gris.bmp,image,19854,31e728e3dd4e7ec35ed1d0a6e52123ed084fab60
WebGestor/Fotos/lineaCas.JPG,image,805,2dd4cf97a35f3c1220c6c1bd3861bef0f0b0e810
WebGestor/Fotos/loading.gif,image,673,b008bb40fc819d7a790fe1825e902d1c22120214
WebGestor/Fotos/logbbvaJPG.JPG,image,2204,db738111e632bf3f1b2ba588306400e3b9243772
WebGestor/Fotos/logo login.jpg,image,26182,f26eba5c2f99c608e80337d7277a8243bf9ab43b
WebGestor/Fotos/LOGO WEB HACDATA.jpg,image,17544,005587e9cc0acf841f1735fff6bc434b7ca35ef2
WebGestor/Fotos/LOGO WEBCASH-04.jpg,image,13206,27812dbc7a650d986a9b3a3dc0f381e41ce31c31
WebGestor/Fotos/LOGO WEBCASH-06.jpg,image,29662,38d79d1f151e2c66323ef4550fee4cbcef192839
WebGestor/Fotos/LOGO-HACDATA.jpg,image,19935,46415e82e57c262e8b70aea63f78514a7721f41f
WebGestor/Fotos/logo_white.png,image,32576,decee9fcd9c1770110050fc406ea185370842443
WebGestor/Fotos/LogoBoton.jpg,image,18661,622943a6ba13fd7527a242b592bb4207417a7607
WebGestor/Fotos/LogoOpplus.jpg,image,4886,6d59a02fcf6e4f48d04af81041aaabd5bc0b38a8
WebGestor/Fotos/LogoOpplus1.JPG,image,5343,39cea2ca1ff3ec303958e889d67180b2103c42ac
WebGestor/Fotos/menu8.gif,image,826,3c586a3428477ae76fa57e6e67c4b534c60e35cc
WebGestor/Fotos/nodatafound.png,image,489,01354170e57d480b30b8c1eb03fefa6dcfefc6b2
WebGestor/Fotos/persona.jpg,image,18207,048afcb89b73853a7bd95388435c8a97e5d71147
WebGestor/Fotos/proceso.JPG,image,6527,408a02f1c0958776a8af1bfe165d14badc112b7b
WebGestor/Icono/Calendar-Time-256.png,image,12965,715147e9d4dc3e7f95d1d9effacf0391d4fc2d5c
WebGestor/Icono/CambioDeAccion_opt.png,image,1020,2a33fc1d5a993c80310713c7b9bc4a0118bc476a
WebGestor/Icono/CambioDeEstado_opt.png,image,2538,ebf9060f6bb2aa3aaa860c39276a3982f46e2698
WebGestor/Icono/delete.gif,image,463,ca00588279d134c5a27ee508a8a91dbe96f97013
WebGestor/Icono/delete2_opt.png,image,2251,dd7c1a4e4da61eb96e0c935fd746fc1206c240c0
WebGestor/Icono/details_opt.png,image,1953,e76dfc9e7ccd3b3e86962bf652b66bbcc7651bbd
WebGestor/Icono/download.gif,image,37115,05bff1e58950cd52f5758fd6816224026817804c
WebGestor/Icono/download.png,image,349,5791f7ff6141dc243f8e7202781120cc8c57e62c
WebGestor/Icono/edit.gif,image,1107,65485b0c94da1e7e0f7ffe3e779ae316c23b1af9
WebGestor/Icono/Editar_opt.png,image,1566,529127461e0844b702f25558f14eed41a4ca7694
WebGestor/Icono/EDITAR_TIEMPO_opt.png,image,1902,91f8fc7c2e08b8fdd795165c5d3383fcfdc3dd48
WebGestor/Icono/Icon_Menu.png,image,258,0ea1ccb35a09f1b7822c92769185faf98130cd04
WebGestor/Icono/loadin-barra.gif,image,20089,1037e333074d08faf7e1c3eae126d0fb7ffe7113
WebGestor/Icono/loading-point.gif,image,57397,26d5973be623064348a72fe15ed4ac131be97702
WebGestor/Icono/LOGO WEB HACDATA.jpg,image,17544,005587e9cc0acf841f1735fff6bc434b7ca35ef2
WebGestor/Icono/LOGO-HACDATA-M.jpg,image,4617,42d0da2281311e3418f6b76396ee586990a5a32a
WebGestor/Icono/minus.gif,image,80,dfa31db003b0c8cda9eb9518a475e3c3f739259e
WebGestor/Icono/ok.png,image,1868,bf0db6985d91bd96ffaaace3098e5e23324a8ba1
WebGestor/Icono/ok20.png,image,1470,e5fd0ac6ade0196ad3e9ba847039bcaf8bc484fa
WebGestor/Icono/plus.gif,image,151,fe4b9d61e612521ea40cc3a6d0d76f429fa88790
WebGestor/Icono/Tracking_opt.png,image,1912,028e2364ad4847254dd7cb4a75c5bac31c0450e3
WebGestor/Icono/upload.png,image,1870,204540d0c9f1228f06d5ec04516ab70b91b220d9
WebGestor/Icono/visualizar.png,image,1755,1de05a41e75f4d9c208274d21978c07f2c978120
WebGestor/Icono/WORKR01E.ICO,image,766,0e0600e0031b57ffceed6298834b36193d201f0d
WebGestor/Inventario/ArchivoTemp/CATALOGO IMAGENES FALTANTES/110000011-17.jpeg,image,130912,884c07180d2a78747d521552bd40c5e16c421ff4
WebGestor/Inventario/ArchivoTemp/CATALOGO IMAGENES FALTANTES/110000011-53.jpeg,image,46398,dc85dc38872774bbbd5cb376bfefa834b3f6c318
WebGestor/Inventario/ArchivoTemp/CATALOGO IMAGENES FALTANTES/110000011-54.jpeg,image,16785,d79ebcda7798ae3c2948c9b0e670e1959c8cc6c6
WebGestor/Inventario/ArchivoTemp/CATALOGO IMAGENES FALTANTES/110000011-72.jpeg,image,33702,cd68c69a7809adf81855be4522e174ee51e71cbc
WebGestor/Inventario/ArchivoTemp/CATALOGO IMAGENES FALTANTES/110000011-73.jpeg,image,47595,dc28be99259d6acb602b7551ced0db2292adddd0
WebGestor/Inventario/ArchivoTemp/CATALOGO IMAGENES FALTANTES/110000108-43.jpeg,image,21416,49d2c2edfd63bcb80a0a7b17974dddcafe7cd8b4
WebGestor/Inventario/ArchivoTemp/CATALOGO IMAGENES FALTANTES/110000112-30.jpeg,image,18933,9fbc19beea918707351c91d4611d7e2a698ed24c
WebGestor/Inventario/ArchivoTemp/CATALOGO IMAGENES FALTANTES/110000177-04.jpeg,image,11416,5bff68f755b789a21fec2b5f5b373fa27cffce27
WebGestor/Inventario/ArchivoTemp/CATALOGO IMAGENES FALTANTES/110000185-03.jpeg,image,43425,057eaa3bfd560934a78511ffbc5d78bce6a1191f
WebGestor/Inventario/ArchivoTemp/CATALOGO IMAGENES FALTANTES/110000200-57.jpeg,image,30367,666a2f4a8ead8f532d63e34116496b516aa36634
WebGestor/Inventario/ArchivoTemp/CATALOGO IMAGENES FALTANTES/110000202-22.jpeg,image,12383,20aa0c8a1cafb80fba968b5dc61fa383956c0335
WebGestor/Inventario/ArchivoTemp/CATALOGO IMAGENES FALTANTES/110001620-35.jpeg,image,54382,27e28593419a889c91d043d04d7f0a45621f9a38
WebGestor/Inventario/ArchivoTemp/CATALOGO IMAGENES FALTANTES/110001620-45.jpeg,image,148104,b39bd6891fec4f446d2b3a4ed0541efff2ea53a9
WebGestor/Inventario/ArchivoTemp/CATALOGO IMAGENES FALTANTES/110012435-02.jpeg,image,43277,2d56788a1ad58ad2d67c4e2ec26350ee6c75277f
WebGestor/Inventario/ArchivoTemp/CATALOGO IMAGENES FALTANTES/120000114-01.jpeg,image,14819,776181905f158830066fddd69806cd6a9a151325
WebGestor/Inventario/ArchivoTemp/CATALOGO IMAGENES FALTANTES/120000118-01.jpeg,image,25993,53fd768039ddbc62af91d8c5714f79fe4f86db4e
WebGestor/Inventario/ArchivoTemp/CATALOGO IMAGENES FALTANTES/120000196-09.jpeg,image,23199,f5da0622bc29b713b429da6cfacd6d625442dc35
WebGestor/Inventario/ArchivoTemp/CATALOGO IMAGENES FALTANTES/120000357-10.JPG,image,36996,a0e6e88046ae6b9f7330a358115f6b3943c1940e
WebGestor/Inventario/ArchivoTemp/CATALOGO IMAGENES FALTANTES/120000357-14.JPG,image,31711,ea820d057435d3f7843d0d93816c7ccfb4c7747f
WebGestor/Inventario/ArchivoTemp/CATALOGO IMAGENES FALTANTES/120000530-13.jpeg,image,11442,fd032a66545d88a6dd372a65ab9433ec740486c8
WebGestor/Inventario/ArchivoTemp/CATALOGO IMAGENES FALTANTES/5612986.jpeg,image,82231,0a201a282345aa21778ead31e89a0bb9d754d495
WebGestor/Inventario/ArchivoTemp/CATALOGO IMAGENES FALTANTES/ADAPATADOR-56.jpeg,image,59007,42ef2b8abd32ff9f3f138115098e0e1568d9af49
WebGestor/Inventario/ArchivoTemp/CATALOGO IMAGENES FALTANTES/CABLE-04.jpeg,image,15312,f86c626744ee4b11343e06bc81bf677a32f439bc
WebGestor/Inventario/ArchivoTemp/CATALOGO IMAGENES FALTANTES/CABLE-23.jpeg,image,51998,273e6a674d852116949eaaec9e875c7f378a4514
WebGestor/Inventario/ArchivoTemp/CATALOGO IMAGENES FALTANTES/CAFETERA-03.jpeg,image,19781,82d6c6486fe9f5ba47cc4fdb99435bd8693da634
WebGestor/Inventario/ArchivoTemp/CATALOGO IMAGENES FALTANTES/CARGADOR-21.jpeg,image,40939,9d259e988447f13e840e6970800205703b971775
WebGestor/Inventario/ArchivoTemp/CATALOGO IMAGENES FALTANTES/CONTROL-04.jpeg,image,50687,13d1708a6004c8e785e8b9f46d39ed35d715489b
WebGestor/Inventario/ArchivoTemp/CATALOGO IMAGENES FALTANTES/DETECTOR-04.jpeg,image,12811,1a5eac19303d229889f6a1dd36081090bb273ed1
WebGestor/Inventario/ArchivoTemp/CATALOGO IMAGENES FALTANTES/DOCKING-05.jpeg,image,12939,140931dbf42ca819f3510b34d83d32c7742d7772
WebGestor/Inventario/ArchivoTemp/CATALOGO IMAGENES FALTANTES/DOCKING-07.jpeg,image,56879,781cd1603f78d9974dd2bfa9ae6de099fd4c0b36
WebGestor/Inventario/ArchivoTemp/CATALOGO IMAGENES FALTANTES/ECRAN-03.jpeg,image,46210,e291d9ef0155bc88ba57785cedfa4e5dd5ee33bb
WebGestor/Inventario/ArchivoTemp/CATALOGO IMAGENES FALTANTES/EQUIPO-01.jpeg,image,12107,691280e0cf434e17970af24806553b86f7bac80d
WebGestor/Inventario/ArchivoTemp/CATALOGO IMAGENES FALTANTES/ESTUCHE-01.jpeg,image,10675,bdd7c3bc2f521a020a0d03033708069abf7d26d9
WebGestor/Inventario/ArchivoTemp/CATALOGO IMAGENES FALTANTES/FUNDA-01.jpeg,image,55625,998f7406bc11602a7e4e33cfc0884077af262d0a
WebGestor/Inventario/ArchivoTemp/CATALOGO IMAGENES FALTANTES/IMPLEMENTOS-02.jpeg,image,53872,6874f6bd9aa17036c28052045ed0569959f3b253
WebGestor/Inventario/ArchivoTemp/CATALOGO IMAGENES FALTANTES/LAMPARA-04.jpeg,image,45955,50ecf0ac46072853a80483aa15f5925e16a94d27
WebGestor/Inventario/ArchivoTemp/CATALOGO IMAGENES FALTANTES/LENTE-03.jpeg,image,50602,6b3c9c1b304ed1d2f2617e0c77dd098ca8a2f0a9
WebGestor/Inventario/ArchivoTemp/CATALOGO IMAGENES FALTANTES/LENTE-04.jpeg,image,79356,bcb3fb73ae62fe30a2811fefa1b62cdb971e7c42
WebGestor/Inventario/ArchivoTemp/CATALOGO IMAGENES FALTANTES/LLAVE-07.jpeg,image,101679,8c4a7386cbac17dbfc3c038d2a072d69ce21b60b
WebGestor/Inventario/ArchivoTemp/CATALOGO IMAGENES FALTANTES/MALETA-02.jpeg,image,37919,ae4f10319232a43ccbd642ce28c6cc2c2d06e1a2
WebGestor/Inventario/ArchivoTemp/CATALOGO IMAGENES FALTANTES/MATRIZ-01.jpeg,image,35617,631da9c0552fe7275b3f497fac034ac73e21acd4
WebGestor/Inventario/ArchivoTemp/CATALOGO IMAGENES FALTANTES/MICA-04.jpeg,image,106632,45b3119877ad9fed6c2f19c77f086150908265fe
WebGestor/Inventario/ArchivoTemp/CATALOGO IMAGENES FALTANTES/MOCHILA-08.jpeg,image,362144,6c54f6c9da89febf82abd928d6cf0f54e01dad79
WebGestor/Inventario/ArchivoTemp/CATALOGO IMAGENES FALTANTES/MODULO-45.jpeg,image,83796,fb686ddeb66c0cba06e6355ec7dc2fa2efad2746
WebGestor/Inventario/ArchivoTemp/CATALOGO IMAGENES FALTANTES/MOUSE-20.jpeg,image,72572,a3934dac76206509937c889fa145dae181460882
WebGestor/Inventario/ArchivoTemp/CATALOGO IMAGENES FALTANTES/NTENA-04.jpeg,image,13088,7bfd7b1fe7982489264b12d790a4aede6a373f38
WebGestor/Inventario/ArchivoTemp/CATALOGO IMAGENES FALTANTES/PARLANTE-06.jpeg,image,65840,6b0e6f95586aa830c71ecd3271dceac26a239be5
WebGestor/Inventario/ArchivoTemp/CATALOGO IMAGENES FALTANTES/PORTA-04.jpeg,image,21838,de771137ce51e2f0248383c229d2082e00254962
WebGestor/Inventario/ArchivoTemp/CATALOGO IMAGENES FALTANTES/PREMIO-14.jpeg,image,23965,1b1652c872a3711d8a4289e52524ec29f6d1c3eb
WebGestor/Inventario/ArchivoTemp/CATALOGO IMAGENES FALTANTES/PREMIO-23.jpeg,image,81376,16c6c62f0e19dcc5a86ecbb8f66c9767ebd1cb9b
WebGestor/Inventario/ArchivoTemp/CATALOGO IMAGENES FALTANTES/RACK-01.JPG,image,14191,fb8dfe6f3a85cda33d0d457afa744a930d901570
WebGestor/Inventario/ArchivoTemp/CATALOGO IMAGENES FALTANTES/RACK-46.jpeg,image,20794,dc92df0b20f3c218be68c8df5dc2e3f88fbc20a0
WebGestor/Inventario/ArchivoTemp/CATALOGO IMAGENES FALTANTES/RW-03.JPG,image,26404,e8a5b526525f088f94b3e8bdea5b979eb1a64007
WebGestor/Inventario/ArchivoTemp/CATALOGO IMAGENES FALTANTES/SKU FALTA IMAGENES ACTUALIZADO (Cintia).xlsx,document,310309,6eadb3c6c592faea7d630842a01d979350665f3d
WebGestor/Inventario/ArchivoTemp/CATALOGO IMAGENES FALTANTES/TABLERO-20.jpeg,image,12364,91aad529cde8d9ebe6d999abc3861f702844bddb
WebGestor/Inventario/ArchivoTemp/CATALOGO IMAGENES FALTANTES/TOPE-01.jpeg,image,65852,b8eae0934c12e8011996f87c23c30964cc3ad1ec
WebGestor/Inventario/ArchivoTemp/CATALOGO IMAGENES FALTANTES/WhatsApp Image 2024-09-30 at 15.22.48.jpeg,image,26368,7dbbdf0ba3b4a0e1ccf1609ae468f83ed47cbabc
WebGestor/Inventario/ArchivoTemp/comprimida.jpg,image,9692,0f0f32ea8a5143660cfeff6fd54b0c52137046f6
WebGestor/Inventario/ArchivoTemp/Excel.xlsx,document,6170639,4f19d72a629796f715849cb8bf27dab7372ed687
WebGestor/Inventario/ArchivoTemp/original.jpg,image,9001,59e352aac37d451c7cc2c13563a7e9984613befc
WebGestor/Inventario/Gastos/Comprobante-LATAM-LA5443664EPYS.pdf,document,143844,817fc05aa7ca94261c73f9d26c753991134d2cce
WebGestor/Inventario/Gastos/factura iquitos 20512087061.pdf,document,144742,270aae3475ae61e4cc976664cd49a6d3cd4afaf8
WebGestor/Inventario/Gastos/INFORME_FINAL_PE11000059-Oficina Leguía Chiclayo (1).pdf,document,223276,776f3a46c612cbfd6aa4de22c073c9eaf697a7db
WebGestor/Inventario/GRE_PDF/20512087061-09-TABD-000268.pdf,document,5420,c462f3c0ef6edf544b2b50272ed34f0359db6cb2
WebGestor/Inventario/GRE_PDF/20512087061-09-TABD-000271.pdf,document,5415,3311485569b9de322628bc721833503f3dca8ccf
WebGestor/Inventario/GRE_PDF/20512087061-09-TABD-000314.pdf,document,5429,198ebd27ef5dc532cf048fabe7012fd3a71b378c
WebGestor/Inventario/GRE_PDF/20512087061-09-TABD-000315.pdf,document,5297,106105d04bcb55ce6ec29257facbe891381e379f
WebGestor/Inventario/GRE_PDF/20512087061-09-TABD-000316.pdf,document,5348,8e969b8fc21d28d01ec0832305c675e2b859c842
WebGestor/Inventario/GRE_PDF/20512087061-09-TABD-000317.pdf,document,5336,e674e2d86ed6e42831814adb8c1780d698976ad5
WebGestor/Inventario/GRE_PDF/20512087061-09-TABD-000323.pdf,document,5396,ecc8dd242e5e026d70350ef40c37ecb6d8d98c3e
WebGestor/Inventario/GRE_PDF/20512087061-09-TABD-000324.pdf,document,5324,107df37dcbcc01e6492258d7ab9e3b70a56c6d82
WebGestor/Inventario/GRE_PDF/20512087061-09-TABD-000326.pdf,document,5547,cde855b1e2ea9238b49439fc89d2d5d16bf521c6
WebGestor/Inventario/GRE_PDF/20512087061-09-TABD-000415.pdf,document,5343,860b82182a3e6f20fa7b69e09332384ed7510263
WebGestor/Inventario/GRE_PDF/20512087061-09-TABD-000434.pdf,document,5594,4b1cfb12be987dccf31bf143ea592d4a9fd426af
WebGestor/Inventario/GRE_PDF/20512087061-09-TABD-000481.pdf,document,5710,1d20531b192130b69ff515639a56bf3697284465
WebGestor/Inventario/GRE_PDF/20512087061-09-TABD-000482.pdf,document,5365,5af8c360b6957ca02ec5cb46512b7baac08f6eeb
WebGestor/Inventario/GRE_PDF/20512087061-09-TABD-000513.pdf,document,5264,dd66bf2c0da56050e91625f8ba9ec5d9c7dcfce1
WebGestor/Inventario/GRE_PDF/20512087061-09-TABD-000656.pdf,document,5358,308f857d65a3b196a66dfcacd87a7871b5e4fdb3
WebGestor/Inventario/GRE_PDF/20512087061-09-TABD-000657.pdf,document,5350,eace159e513abbcb9e512596fe66a848421c80db
WebGestor/Inventario/GRE_PDF/20512087061-09-TABD-001429.pdf,document,5415,84ad707423bb0b697fbe7d6fa640956ee4662c2d
WebGestor/Inventario/GRE_PDF/20512087061-09-TABD-001601.pdf,document,5347,a32d05ee63fbf667b8c6341a7d37ac853c42ba47
WebGestor/Inventario/GRE_PDF/20512087061-09-TABD-001615.pdf,document,5352,c34382c0858c41bea632ba843b6684c5efc52615
WebGestor/Inventario/GRE_PDF/20512087061-09-TABD-003322.pdf,document,5356,b75d2b96ea489a868d3b15850f736ee6aa0f37e7
WebGestor/Inventario/GuiaInterna/GuiaInterna_Nro_00029258.pdf,document,2367,6b9938707f9fd486bfa07188da9384f086180a54
WebGestor/Inventario/GuiaInterna/GuiaInterna_Nro_00029259.pdf,document,2669,2bd9a7858997d8b8a74daeb4a7b039057411c794
WebGestor/Inventario/GuiaInterna/GuiaInterna_Nro_00029260.pdf,document,1896,088fe45e93dfc8ac379771fb40754331704fc34d
WebGestor/Inventario/GuiaInterna/GuiaInterna_Nro_00029262.pdf,document,1893,bb703d7532ea0e7b9f913cd279a85c7b547f94d9
WebGestor/Inventario/GuiaInterna/GuiaInterna_Nro_00029263.pdf,document,1884,2203d3d9f06d507e642c60944cc9b4fb625a90af
WebGestor/Inventario/GuiaInterna/GuiaInterna_Nro_00029264.pdf,document,1902,8696892a9bd049f36e7dd46f13a99a5fd0a6a167
WebGestor/Inventario/GuiaInterna/GuiaInterna_Nro_00029265.pdf,document,2014,24e9ab77c48c9459f98fe8b4f162376fecdf3323
WebGestor/Inventario/GuiaInterna/GuiaInterna_Nro_00029295.pdf,document,1910,78cc4e5c35d24628771eb8adb31ec58e7913d5a3
WebGestor/Inventario/GuiaInterna/GuiaInterna_Nro_00029296.pdf,document,1993,76677c3855f4d5b3725fe3c59cac3d059e0a8578
WebGestor/Inventario/GuiaInterna/GuiaInterna_Nro_00029297.pdf,document,2010,c5ced0bf1c1033f1c43149f5cada0c3f1f587194
WebGestor/Inventario/GuiaInterna/GuiaInterna_Nro_00029298.pdf,document,1853,3a47c9684d2ce2770f3c72a9eb04b29eabac41d7
WebGestor/Inventario/GuiaInterna/GuiaInterna_Nro_00029299.pdf,document,1880,277edd8c6855af768eed5ff9d06e5dc0a12bae4e
WebGestor/Inventario/GuiaInterna/GuiaInterna_Nro_00029300.pdf,document,2042,2dca1b6c2a8c4ab6ab675db3992b690cf7978e83
WebGestor/Inventario/GuiaInterna/GuiaInterna_Nro_00029301.pdf,document,1855,62face8c1af8d51783d3e455381c27efb9a4e13a
WebGestor/Inventario/GuiaInterna/GuiaInterna_Nro_00029302.pdf,document,1949,36595d0e55f6472fb8340282bf7cbd179e8e2902
WebGestor/Inventario/GuiaInterna/GuiaInterna_Nro_00029303.pdf,document,1852,78a6dfa045ed98c00bddc45a8b7f726aefafafde
WebGestor/Inventario/GuiaInterna/GuiaInterna_Nro_00029304.pdf,document,2009,65941d24b9147e71fa5bc6f2fb0f1884a9cdcbb3
WebGestor/Inventario/GuiaInterna/GuiaInterna_Nro_00029306.pdf,document,1948,209711106920fe0ba79cccd04c95e227bc251226
WebGestor/Inventario/GuiaInterna/GuiaInterna_Nro_00029307.pdf,document,1939,d0975c912db5178ace1f11498995899b89226fea
WebGestor/Inventario/GuiaInterna/GuiaInterna_Nro_00029308.pdf,document,1898,34d5a7c48793a19e906a7b9f0f3a419ffa397fce
WebGestor/Inventario/GuiaInterna/GuiaInterna_Nro_00029309.pdf,document,2098,04fbd0324f9acb56660447c66bf0560ab704b8d0
WebGestor/Inventario/GuiaInterna/GuiaInterna_Nro_00029310.pdf,document,1860,2747092b8e5d872dc81410b5e4c32f522d154b56
WebGestor/Inventario/GuiaInterna/GuiaInterna_Nro_00029311.pdf,document,1860,eca105af3c7536c454ec9472dac943af5dda44f5
WebGestor/Inventario/GuiaInterna/GuiaInterna_Nro_00029312.pdf,document,1923,3dd800d68f54864dd55fd891028bc92074bd3cfa
WebGestor/Inventario/GuiaInterna/GuiaInterna_Nro_00029313.pdf,document,1906,1b292ca7db1d37094b3b9ac0f39149ce9866fa94
WebGestor/Inventario/GuiaInterna/GuiaInterna_Nro_00029314.pdf,document,1889,60c42696009bc96f6e403bb0a15b1e01c34cef93
WebGestor/Inventario/GuiaInterna/GuiaInterna_Nro_00029315.pdf,document,1941,b4b649f44e706e195c9d5059c134271e56983a42
WebGestor/Inventario/GuiaInterna/GuiaInterna_Nro_00029316.pdf,document,1898,715019830927d1eaa84ff76df59dfa624f2e7e04
WebGestor/Inventario/GuiaInterna/GuiaInterna_Nro_00029317.pdf,document,1914,67bc6760a83a358f817451684e38c6bd33a751c0
WebGestor/Inventario/GuiaInterna/GuiaInterna_Nro_00029318.pdf,document,1935,a2ca8cca6411cddbedb470cebf1a6918968beb08
WebGestor/Inventario/GuiaInterna/GuiaInterna_Nro_00029319.pdf,document,1912,3e86ed01819410677fa5f0809a13e4c65c814076
WebGestor/Inventario/GuiaInterna/GuiaInterna_Nro_00029320.pdf,document,1924,6279bfe8b01e25cd68f71c2b1b1383eb2aa9e450
WebGestor/Inventario/GuiaInterna/GuiaInterna_Nro_00029321.pdf,document,1978,03840b9d57bdfe83f5d27a3e061fbd9853f45e94
WebGestor/Inventario/GuiaInterna/GuiaInterna_Nro_00029322.pdf,document,2033,e48ffb9c1b3e9925c133d0a1e408d100abdc5d8c
WebGestor/Inventario/GuiaInterna/GuiaInterna_Nro_00029323.pdf,document,2027,4b7b3b788aca83b74a3e825a88161319edf87b81
WebGestor/Inventario/GuiaInterna/GuiaInterna_Nro_00029324.pdf,document,1979,1f983e62c68a17803f9f34bd4cc2f4f196ae142b
WebGestor/Inventario/GuiaInterna/GuiaInterna_Nro_00029325.pdf,document,1855,bf9ec9c61bbb494fed7b537cce68cb0618c3a87e
WebGestor/Inventario/GuiaInterna/GuiaInterna_Nro_00029326.pdf,document,1856,aafc1344e8dbbae8abb59fb781d74acbedf3a3c9
WebGestor/Inventario/GuiaInterna/GuiaInterna_Nro_00029332.pdf,document,1856,d9c9ad68aeba67c4f5c6e63f2c3b0614ff7e98bc
WebGestor/Inventario/GuiaInterna/GuiaInterna_Nro_00029335.pdf,document,2009,f49e80c2f34c10bce48d9d75383afb4983b45aad
WebGestor/Inventario/GuiaInterna/GuiaInterna_Nro_00029336.pdf,document,1971,88a6d5fdf7218b00a4ac170784a1af3108d92c6d
WebGestor/Inventario/GuiaInterna/GuiaInterna_Nro_00029337.pdf,document,1936,dfbe51a831382a4d31b694d8ca864e55c3cbad7e
WebGestor/Inventario/GuiaInterna/GuiaInterna_Nro_00029338.pdf,document,1938,9dc60cfb8dd3b104d3a77a565a41b3cff641a58a
WebGestor/Inventario/GuiaInterna/GuiaInterna_Nro_00029339.pdf,document,1940,aa2e7230b75487187c9f70f48aa3abf4663b21ab
WebGestor/Inventario/GuiaInterna/GuiaInterna_Nro_00029341.pdf,document,2088,ed92383d87c94920ef95ee833bbb80ae4c3ead9b
WebGestor/Inventario/GuiaInterna/GuiaInterna_Nro_00029342.pdf,document,1898,5f680d83de8847aae6a25f070352fd2f6a9f5188
WebGestor/Inventario/GuiaInterna/GuiaInterna_Nro_00029343.pdf,document,2011,62751f13ef22dc238c7aa8eb1e405d0727cd4c40
WebGestor/Inventario/GuiaInterna/GuiaInterna_Nro_00029344.pdf,document,1898,145b922ea81e782f4e03339dd8d467e7a4fb1f5c
WebGestor/Inventario/GuiaInterna/GuiaInterna_Nro_00029345.pdf,document,1969,f5bf4390135c6659bf23db66bc626b7ed2c9c3be
WebGestor/Inventario/GuiaInterna/GuiaInterna_Nro_00029346.pdf,document,1863,7fc6ab6f4c7ff48bbf49cb8de66f6c5da8766b3c
WebGestor/Inventario/GuiaInterna/GuiaInterna_Nro_00029347.pdf,document,1862,b2dcbbe897416120b222795bb54a1d9fd75c679a
WebGestor/Inventario/GuiaInterna/GuiaInterna_Nro_00029348.pdf,document,2011,7dc60b529e2dc1666ad21beda2fea348d4a2f9ef
WebGestor/Inventario/GuiaInterna/GuiaInterna_Nro_00029349.pdf,document,1886,f35e1717070a7fe205d92122fd8a2c59f6f292a8
WebGestor/Inventario/GuiaInterna/GuiaInterna_Nro_00029350.pdf,document,1899,2395a80341f2eb48876215a01f6bba9b89a00169
WebGestor/Inventario/GuiaInterna/GuiaInterna_Nro_00029351.pdf,document,1921,520d33dc1e9f4dd1da18e7596e94dcf8c2bd46de
WebGestor/Inventario/GuiaInterna/GuiaInterna_Nro_00029352.pdf,document,1926,e4edf93609ead7f8202c01f7de864e212e664195
WebGestor/Inventario/GuiaInterna/GuiaInterna_Nro_00029353.pdf,document,2004,80fc1f630c6b7645173ee2446a66c51bf2d712c3
WebGestor/Inventario/GuiaInterna/GuiaInterna_Nro_00029354.pdf,document,1953,f021f945672dd29e7e01d1aa140255cce5235ccf
WebGestor/Inventario/GuiaInterna/GuiaInterna_Nro_00029355.pdf,document,1975,edd3c116eb95bc4de425e0e171fe43ec66a4536d
WebGestor/Inventario/GuiaInterna/GuiaInterna_Nro_00029356.pdf,document,1849,c704567bcc8c10754160b53723e93265fa1a9ee3
WebGestor/Inventario/GuiaInterna/GuiaInterna_Nro_00029357.pdf,document,1849,7998234548f664dfabe8b16154962075593cd702
WebGestor/Inventario/GuiaInterna/GuiaInterna_Nro_00029358.pdf,document,1849,e752651aaa68c8a8906b800467ec36bb6e38080b
WebGestor/Inventario/GuiaInterna/GuiaInterna_Nro_00029359.pdf,document,1850,c1fa5cc82d8fc24f6cd5e32ae357a54199a38f8f
WebGestor/Inventario/GuiaInterna/GuiaInterna_Nro_00029360.pdf,document,1850,e26698ffae5e309763655934d3104bf83431c6df
WebGestor/Inventario/GuiaInterna/GuiaInterna_Nro_00029361.pdf,document,1869,969be8156037a9dfd8c32e9f3e0dff128ecaed86
WebGestor/Inventario/GuiaInterna/GuiaInterna_Nro_00029362.pdf,document,1926,1ea1accefe76fb80c87b2f8879772318215a7b97
WebGestor/Inventario/GuiaInterna/GuiaInterna_Nro_00029365.pdf,document,1953,989ba8b9a6b2bc73181d12c3b91f721d02b49f13
WebGestor/Inventario/GuiaInterna/GuiaInterna_Nro_00029366.pdf,document,2150,74a5a7d7f19fda45d4664a7aa855423a8cee4534
WebGestor/Inventario/GuiaInterna/GuiaInterna_Nro_00029367.pdf,document,2001,1be6fdaede26f869457d93d14a53ea4ced5f110b
WebGestor/Inventario/GuiaInterna/GuiaInterna_Nro_00029368.pdf,document,2000,132b3ccecbefee62fe28838ed0e8c42f3158c5da
WebGestor/Inventario/GuiaInterna/GuiaInterna_Nro_00029371.pdf,document,1881,5e5a9d7864306fb61be41f417edee6dc863e863d
WebGestor/Inventario/GuiaInterna/GuiaInterna_Nro_00029372.pdf,document,1904,0504b2539a99bb4d9afbd25e49bba455280f099b
WebGestor/Inventario/GuiaInterna/GuiaInterna_Nro_00029373.pdf,document,1911,109f0928360451f94b24a382cdadf783266e8f7c
WebGestor/Inventario/GuiaInterna/GuiaInterna_Nro_00029374.pdf,document,1897,be97e91350bd8a2cba9353ffd1568ed648b20714
WebGestor/Inventario/GuiaInterna/GuiaInterna_Nro_00029375.pdf,document,1903,24d4f1a7c4172ed878044b01c3fdd53af39a6022
WebGestor/Inventario/GuiaInterna/GuiaInterna_Nro_00029378.pdf,document,1838,443c940f2897c4d736575101f22b2e2d1de40d31
WebGestor/Inventario/GuiaInterna/GuiaInterna_Nro_00029380.pdf,document,1940,be78d272a9aef7a48416924af8566084e99919d4
WebGestor/Inventario/GuiaInterna/GuiaInterna_Nro_00029381.pdf,document,1892,36ed5b0654af3541f05d2d7dfa850a51b9075cdf
WebGestor/Inventario/GuiaInterna/GuiaInterna_Nro_00029384.pdf,document,2077,68c96d3bda182c480e39652bd2936e63fe229ca8
WebGestor/Inventario/GuiaInterna/GuiaInterna_Nro_00029385.pdf,document,1852,bb77127958587e44a2af4738bf37eb6472db24ac
WebGestor/Inventario/GuiaInterna/GuiaInterna_Nro_00029386.pdf,document,1852,1717a5600d264af363703f3bea4883341b220cc5
WebGestor/Inventario/GuiaInterna/GuiaInterna_Nro_00029387.pdf,document,1854,69bf796859660e1a558870a9a4f8c9ef92906dde
WebGestor/Inventario/GuiaInterna/GuiaInterna_Nro_00029388.pdf,document,1851,3647a6ef2ad661db3eb08d1db5b7ec749f67b0eb
WebGestor/Inventario/GuiaInterna/GuiaInterna_Nro_00029389.pdf,document,1884,e7dc75feb736673c326646136ca201d795d3344f
WebGestor/Inventario/GuiaInterna/GuiaInterna_Nro_00029390.pdf,document,1951,9b510e63c79cabf7b2db6c4404022a6619a9c7ba
WebGestor/Inventario/GuiaInterna/GuiaInterna_Nro_00029391.pdf,document,1898,f1e0de4e3046427a5d7839c87463be784b4ab5b0
WebGestor/Inventario/GuiaInterna/GuiaInterna_Nro_00029392.pdf,document,1889,db82c829f7babcc7589e8dc6d8a68c7ba6703335
WebGestor/Inventario/GuiaInterna/GuiaInterna_Nro_00029393.pdf,document,1929,3b5bb5f23b5847ee19f705878ff989712c5ef4ff
WebGestor/Inventario/GuiaInterna/GuiaInterna_Nro_00029396.pdf,document,1959,8f4362fb7bd8870df46a379306186db74cfa353d
WebGestor/Inventario/GuiaInterna/GuiaInterna_Nro_00029397.pdf,document,1881,fa961eabdb572bcffa1911bb8aded0651c2aeafe
WebGestor/Inventario/GuiaInterna/GuiaInterna_Nro_00029398.pdf,document,1882,911a7c76e3dace15ab1c2ed04a00b3892e4acca9
WebGestor/Inventario/GuiaInterna/GuiaInterna_Nro_00029402.pdf,document,1931,11525923df8d2c5b87ef49f438afa151ff1b2e84
WebGestor/Inventario/GuiaInterna/GuiaInterna_Nro_00029403.pdf,document,1890,db565c10389dd8f3163c80417b937373e037f5c0
WebGestor/Inventario/GuiaInterna/GuiaInterna_Nro_00029406.pdf,document,1883,52f01e8ccb9c492df3557a9edbb2f775e0920867
WebGestor/Inventario/GuiaInterna/GuiaInterna_Nro_00029407.pdf,document,2287,eb63d9184e5a3269ab64fc13e20433932c98bb87
WebGestor/Inventario/GuiaInterna/GuiaInterna_Nro_00029410.pdf,document,1935,331d73c853245fdb431e0e254c7769c294fa423c
WebGestor/Inventario/GuiaInterna/GuiaInterna_Nro_00029411.pdf,document,2019,bf6916e734825485a85b982376fff52992266494
WebGestor/Inventario/GuiaInterna/GuiaInterna_Nro_00029412.pdf,document,1842,466d88e3f79c64379a37123c73f5567ceb67db90
WebGestor/Inventario/GuiaInterna/GuiaInterna_Nro_00029413.pdf,document,1917,c50e5a9dcce6ccfbdc8b6d94e58532e54bcc0871
WebGestor/Inventario/GuiaInterna/GuiaInterna_Nro_00029414.pdf,document,1890,15e20ba64a84d8ccec3b074a412defc666309891
WebGestor/Inventario/GuiaInterna/GuiaInterna_Nro_00029415.pdf,document,1842,be872acb9abd94e969cf088228a9152b5810020d
WebGestor/Inventario/GuiaInterna/GuiaInterna_Nro_00029416.pdf,document,1897,4e4df0a9b832459a8f0e25211f46df6d73d2ec59
WebGestor/Inventario/GuiaInterna/GuiaInterna_Nro_00029417.pdf,document,1914,1913ca3581c3bc6dc3d7dfc30276b087d6faf826
WebGestor/Inventario/GuiaInterna/GuiaInterna_Nro_00029418.pdf,document,1898,1b60cddc6df1e310a4c5fbafd2feb65b9f86496d
WebGestor/Inventario/GuiaInterna/GuiaInterna_Nro_00029419.pdf,document,1973,69d06617e908f86c4c21c1bc47bb5849abcfcf09
WebGestor/Inventario/GuiaInterna/GuiaInterna_Nro_00029420.pdf,document,1902,f8fadd6ae42254db9e1293d327e068803ef3b49d
WebGestor/Inventario/GuiaInterna/GuiaInterna_Nro_00029422.pdf,document,1906,34bb204b0abb539d0e0a811137784fe7a1254b2e
WebGestor/Inventario/GuiaInterna/GuiaInterna_Nro_00029423.pdf,document,1910,02ee73018ba3a95ef0131b99e5e8ac3fc35de02c
WebGestor/Inventario/GuiaInterna/GuiaInterna_Nro_00029424.pdf,document,1922,36219559cee70ac7b320e4f8c318f67f84ddbf65
WebGestor/Inventario/GuiaInterna/GuiaInterna_Nro_00029425.pdf,document,1902,e8d3a2284d842a1bd02dcd1dd6443ddd3a5d65f9
WebGestor/Inventario/GuiaInterna/GuiaInterna_Nro_00029426.pdf,document,1920,c884c45ea976368f8887238eb4cc5f495ddafc72
WebGestor/Inventario/GuiaInterna/GuiaInterna_Nro_00029427.pdf,document,1916,55a927571b5e08f6fd0247125bd653920599bbf8
WebGestor/Inventario/GuiaInterna/GuiaInterna_Nro_00029428.pdf,document,2096,4f9e34a652c7c190c2a71cf1c40b41795d1b550e
WebGestor/Inventario/GuiaInterna/GuiaInterna_Nro_00029429.pdf,document,1888,5868f265fb867d1597074619b6d392f298195eff
WebGestor/Inventario/GuiaInterna/GuiaInterna_Nro_00029430.pdf,document,1834,a2e355e0804c8c9f4f7897ef477aeb9e0fb10489
WebGestor/Inventario/GuiaInterna/GuiaInterna_Nro_00029431.pdf,document,1877,d8e1ed5570a8cd7f7cca72dc9605a7c73ef9b816
WebGestor/Inventario/GuiaInterna/GuiaInterna_Nro_00029432.pdf,document,1891,4af628a9f89d4246be05e127cf9c3e47fc54c490
WebGestor/Inventario/GuiaInterna/GuiaInterna_Nro_00029433.pdf,document,1994,9ea7e1cbc6fbd1fccb61f962fe4d028236e756fa
WebGestor/Inventario/GuiaInterna/GuiaInterna_Nro_00029436.pdf,document,1845,899b8f3a256f06214eb63fc227f6821243c06b3c
WebGestor/Inventario/GuiaInterna/GuiaInterna_Nro_00029439.pdf,document,1908,94ac29acc63a0606ef09fe9069f5fde685b3e699
WebGestor/Inventario/GuiaInterna/GuiaInterna_Nro_00029442.pdf,document,1974,440270c486a8d3b54921d4936335fe5f49641913
WebGestor/Inventario/GuiaInterna/GuiaInterna_Nro_00029444.pdf,document,2013,582258e551a96713c0e60b7f130bd3762680c551
WebGestor/Inventario/GuiaInterna/GuiaInterna_Nro_00029446.pdf,document,1894,3b903ab5a51e056da28babd6c363244b66c48e63
WebGestor/Inventario/GuiaInterna/GuiaInterna_Nro_00029447.pdf,document,1887,a25961e7ee26433a6a90e183b261cd6c3a38a2ca
WebGestor/Inventario/GuiaInterna/GuiaInterna_Nro_00029448.pdf,document,1905,1e7c50faf06b86d2c425c646e10154f72c893830
WebGestor/Inventario/GuiaInterna/GuiaInterna_Nro_00029449.pdf,document,1916,7a41a8fe8dd13a550ae2cec28425bce4aa37cb2b
WebGestor/Inventario/GuiaInterna/GuiaInterna_Nro_00029450.pdf,document,1892,932793b320a465b4ea8f962dab8494e8172de58c
WebGestor/Inventario/GuiaInterna/GuiaInterna_Nro_00029451.pdf,document,1897,54e57dc33f761115bfa913cb8c9934aa41cdaa27
WebGestor/Inventario/GuiaInterna/GuiaInterna_Nro_00029452.pdf,document,1926,74816d6ec726ba494db08027d47622be6e1b573f
WebGestor/Inventario/GuiaInterna/GuiaInterna_Nro_00029453.pdf,document,1938,e337c40ec759b42835ab6c630392d1f29d16e0af
WebGestor/Inventario/GuiaInterna/GuiaInterna_Nro_00029454.pdf,document,2008,525c8f60a621030b6d687815d9ea099019db202e
WebGestor/Inventario/GuiaInterna/GuiaInterna_Nro_00029455.pdf,document,2005,cda4f295e0367f27c607bace4df6062ec9500ba7
WebGestor/Inventario/GuiaInterna/GuiaInterna_Nro_00029456.pdf,document,2001,29f3f002eadbb90d793d78aff30714840f43c79d
WebGestor/Inventario/GuiaInterna/GuiaInterna_Nro_00029457.pdf,document,2003,a66f3fbcfa1fdfb6fa43e5e02c73a107e84382eb
WebGestor/Inventario/GuiaInterna/GuiaInterna_Nro_00029460.pdf,document,1905,84e189649aff39d83e2d65a278f328665eca50b9
WebGestor/Inventario/GuiaInterna/GuiaInterna_Nro_00029461.pdf,document,1892,75f49a86b782f615334c3c4f70bb2246ead3db17
WebGestor/Inventario/GuiaInterna/GuiaInterna_Nro_00029462.pdf,document,1894,ac22c323a4a48e69b3b612a300098ef3da140bc5
WebGestor/Inventario/GuiaInterna/GuiaInterna_Nro_00029463.pdf,document,1888,c2beb59b1694f169e354523b8a1598b4aa109e5e
WebGestor/Inventario/GuiaInterna/GuiaInterna_Nro_00029464.pdf,document,1890,9a922ffaae1d59ed1372fae8a85bf20cde9e3ec1
WebGestor/Inventario/GuiaInterna/GuiaInterna_Nro_00029465.pdf,document,1938,c28e5fc3f481f9d2281f931bcb3e4dd9e0783c5d
WebGestor/Inventario/GuiaInterna/GuiaInterna_Nro_00029466.pdf,document,1904,e74321b3a1fe50b4551ed9f1834d3af6f80f454d
WebGestor/Inventario/GuiaInterna/GuiaInterna_Nro_00029467.pdf,document,1892,30a39985dc601c40bdf846ffbe55e3174156bbcc
WebGestor/Inventario/GuiaInterna/GuiaInterna_Nro_00029471.pdf,document,1890,696f4e0ac65dd5b0ed7e2faf257e21d37b268a0b
WebGestor/Inventario/GuiaInterna/GuiaInterna_Nro_00029472.pdf,document,2074,c4e2140af41ed0d4bdca7c3fe939aeccb687dd1d
WebGestor/Inventario/GuiaInterna/GuiaInterna_Nro_00029473.pdf,document,1899,08131c9de4ca0aadb7ec0fc7d1a2fae4a126815d
WebGestor/Inventario/GuiaInterna/GuiaInterna_Nro_00029474.pdf,document,1890,789c0fd8d95b0feba175466c9137aa3d6fee226f
WebGestor/Inventario/GuiaInterna/GuiaInterna_Nro_00029475.pdf,document,1891,15b8e3e5444e54fc9f022705c095a0447e4c1d89
WebGestor/Inventario/GuiaInterna/GuiaInterna_Nro_00029476.pdf,document,1889,58ab5c8819ec8a9ae5454085331d7b8e8ff7d68c
WebGestor/Inventario/GuiaInterna/GuiaInterna_Nro_00029477.pdf,document,1887,687c2c64c4a52eaf423cd0a273b39b793aea8cec
WebGestor/Inventario/GuiaInterna/GuiaInterna_Nro_00029478.pdf,document,1926,7744b497cff51ef2ab700915563066ba1f7d038d
WebGestor/Inventario/GuiaInterna/GuiaInterna_Nro_00029479.pdf,document,1952,9e934133bd166eb56675c3356774035365e3289b
WebGestor/Inventario/GuiaInterna/GuiaInterna_Nro_00029480.pdf,document,2015,3fcbdb2676693c4762bb2a51ef05d88a3c949280
WebGestor/Inventario/GuiaInterna/GuiaInterna_Nro_00029483.pdf,document,1913,50185a8852804e4c9093fd9ff34077e1a49135f5
WebGestor/Inventario/GuiaInterna/GuiaInterna_Nro_00029484.pdf,document,1896,e2dde8f808a5f4a4dcbb94d5397c95826069732e
WebGestor/Inventario/GuiaInterna/GuiaInterna_Nro_00029485.pdf,document,2000,87e13f26a7241c04877bc79acc841472f970c6eb
WebGestor/Inventario/GuiaInterna/GuiaInterna_Nro_00029487.pdf,document,1903,df09b3f56022416d6dbb5dc3146249615fc9c266
WebGestor/Inventario/GuiaInterna/GuiaInterna_Nro_00029488.pdf,document,1900,c15e414feb363bf2a1e48a7604ded36e166f04c3
WebGestor/Inventario/GuiaInterna/GuiaInterna_Nro_00029489.pdf,document,1904,f0f70636c8cdf0ef44a6eaa0e4cf076b21d19a9a
WebGestor/Inventario/GuiaInterna/GuiaInterna_Nro_00029490.pdf,document,1889,bc1102e11ca23efdcd59af7c0c936160aba48d3b
WebGestor/Inventario/GuiaInterna/GuiaInterna_Nro_00029491.pdf,document,1891,780d3a90824cd8ddc6b260618515e1483b0c203c
WebGestor/Inventario/GuiaInterna/GuiaInterna_Nro_00029499.pdf,document,1915,683c1d392156a1209d408df1d540ecb0a4c18b0d
WebGestor/Inventario/GuiaInterna/GuiaInterna_Nro_00029500.pdf,document,1904,4784e3259e5be68e4f8b9db2367f98e6228a501b
WebGestor/Inventario/GuiaInterna/GuiaInterna_Nro_00029501.pdf,document,1943,47ead972fe575a95ed5327c41f51ccf7a4dc9bb5
WebGestor/Inventario/GuiaInterna/GuiaInterna_Nro_00029502.pdf,document,1901,bff620715b075dd3cd6da363914cba0303963f77
WebGestor/Inventario/GuiaInterna/GuiaInterna_Nro_00029503.pdf,document,1932,d468385ce16d9e381ea89d7fc94c2cd6a1d8f158
WebGestor/Inventario/GuiaInterna/GuiaInterna_Nro_00029504.pdf,document,1924,2a3ef3e5712d787deab3085e37727a66fd0dc9a1
WebGestor/Inventario/GuiaInterna/GuiaInterna_Nro_00029505.pdf,document,1892,1eccbd0644dd937b41a00edce4a81ae5b77a9a9e
WebGestor/Inventario/GuiaInterna/GuiaInterna_Nro_00029506.pdf,document,2010,18860c8ed787eb65ed604548e9441a39f62e05eb
WebGestor/Inventario/GuiaInterna/GuiaInterna_Nro_00029507.pdf,document,1887,03c7b1c6f00122cacdf6993f66ca5fd3869bfa29
WebGestor/Inventario/GuiaInterna/GuiaInterna_Nro_00029512.pdf,document,1919,6164634d63d9061b3b381f49e0664282f242bc82
WebGestor/Inventario/GuiaInterna/GuiaInterna_Nro_00029520.pdf,document,1912,f704b2df5fdbb40f252168dd17a29453161fdb44
WebGestor/Inventario/GuiaInterna/GuiaInterna_Nro_00029528.pdf,document,1925,48d79b8182ace0c0f0d1bb5d0a4e841151113b17
WebGestor/Inventario/GuiaInterna/GuiaInterna_Nro_00029547.pdf,document,1902,5623fa382a04034e1019f03096bc19ac45ddfd60
WebGestor/Inventario/GuiaInterna/GuiaInterna_Nro_00029548.pdf,document,1901,be1f240e9a960f3f191900f4e8431376c0b917b1
WebGestor/Inventario/GuiaInterna/GuiaInterna_Nro_00029549.pdf,document,1885,9852bc04ba24dc8a93b72dff797cc586d96cbee7
WebGestor/Inventario/GuiaInterna/GuiaInterna_Nro_00029550.pdf,document,1923,9f9396775f9da2ada1b9ef1a78b017048daa40dd
WebGestor/Inventario/GuiaInterna/GuiaInterna_Nro_00029551.pdf,document,1891,c5237ecfaeca8410a42822a4d960d99e4d2d76ec
WebGestor/Inventario/GuiaInterna/GuiaInterna_Nro_00029552.pdf,document,1890,da1a7de434c61c970179f7d51669ea76cc6348d4
WebGestor/Inventario/GuiaInterna/GuiaInterna_Nro_00029553.pdf,document,1905,3ca6a22532f1244f45c888bd45b6c7c78462a240
WebGestor/Inventario/GuiaInterna/GuiaInterna_Nro_00029554.pdf,document,1887,8e058eaed9505cb7d66df359a71bd9b2b5fbc185
WebGestor/Inventario/GuiaInterna/GuiaInterna_Nro_00029557.pdf,document,1907,ad5dd620bb0a3a936768b70e907c29c5ccdad414
WebGestor/Inventario/GuiaInterna/GuiaInterna_Nro_00029559.pdf,document,1862,c34784bc1cf299f3aace8dce0c8ab50aee630bfb
WebGestor/Inventario/GuiaInterna/GuiaInterna_Nro_00029561.pdf,document,1886,6604cc9d8f4fa3d1dcc3f9db154a1f4ab809a55b
WebGestor/Inventario/GuiaInterna/GuiaInterna_Nro_00029562.pdf,document,1900,c71b3a9b1e210a28be68a57cf4267d43c98740a6
WebGestor/Inventario/GuiaInterna/GuiaInterna_Nro_00029563.pdf,document,1904,286f8255993f77d31a018daa003bd3c5b295cc75
WebGestor/Inventario/GuiaInterna/GuiaInterna_Nro_00029564.pdf,document,1926,10ccd5ebd664e8864dc3b69532bfb17801aecf2d
WebGestor/Inventario/GuiaInterna/GuiaInterna_Nro_00029565.pdf,document,1879,94bdffb268321f3ce6e69729be9874a5f3499319
WebGestor/Inventario/GuiaInterna/GuiaInterna_Nro_00029566.pdf,document,1916,1c0e9b2908bfbf6e6fdeb10ebb0036981f1895f7
WebGestor/Inventario/GuiaInterna/GuiaInterna_Nro_00029572.pdf,document,2007,8a40501674be89a21a86e8041806830c1443973a
WebGestor/Inventario/GuiaInterna/GuiaInterna_Nro_00029574.pdf,document,2083,79857ee69ca6b2bacea0fcba0db3a1fa5a2078e5
WebGestor/Inventario/GuiaInterna/GuiaInterna_Nro_00029575.pdf,document,1890,b799e13ed378996582d855914fbd4a818178ce3b
WebGestor/Inventario/GuiaInterna/GuiaInterna_Nro_00029576.pdf,document,1904,c7e7c93dd2d1a51b55b6330261320670cc93daad
WebGestor/Inventario/GuiaInterna/GuiaInterna_Nro_00029577.pdf,document,1893,5bdc4422f31252c1bfcb56d4cae5c6a6110cbd46
WebGestor/Inventario/GuiaInterna/GuiaInterna_Nro_00029581.pdf,document,1887,1b3df6fe16bc259b5b6f786912d1f4ee2aee113e
WebGestor/Inventario/GuiaInterna/GuiaInterna_Nro_00029582.pdf,document,1911,6d37461bb7d91b6d6678f600f52596df3a30bed8
WebGestor/Inventario/GuiaInterna/GuiaInterna_Nro_00029583.pdf,document,1888,68575520131a1f5853dab1f327dc87765f443d6b
WebGestor/Inventario/GuiaInterna/GuiaInterna_Nro_00029584.pdf,document,1886,210e7f4256532ea3b5fddc779ab6798b896a6090
WebGestor/Inventario/GuiaInterna/GuiaInterna_Nro_00029586.pdf,document,1945,0bafb3c34b30c3d26b6db7a3a370c0a8238197da
WebGestor/Inventario/GuiaInterna/GuiaInterna_Nro_00029592.pdf,document,1901,8802b929a99ff1b23f3c9d457795231c6a1cdbb8
WebGestor/Inventario/GuiaInterna/GuiaInterna_Nro_00029594.pdf,document,1905,4470cea7cacf88a55f25b94d49cb436260df9e96
WebGestor/Inventario/GuiaInterna/GuiaInterna_Nro_00029595.pdf,document,1903,08b93702f9a832f949753f4504a83ccbe89ac77a
WebGestor/Inventario/GuiaInterna/GuiaInterna_Nro_00029596.pdf,document,1894,e14c230c035201294c6a7f1ba8356bcfa6fe247e
WebGestor/Inventario/GuiaInterna/GuiaInterna_Nro_00029597.pdf,document,1937,c6a9c90d0091691e8644a50df317c8483da74690
WebGestor/Inventario/GuiaInterna/GuiaInterna_Nro_00029598.pdf,document,1884,d03f00bb72ddb91370f914ce5c1821a3330f3fef
WebGestor/Inventario/GuiaInterna/GuiaInterna_Nro_00029600.pdf,document,1898,de0ef0d50d4af516966eae2d3a9e2ed1c1b057ce
WebGestor/Inventario/GuiaInterna/GuiaInterna_Nro_00029601.pdf,document,1886,6557fc31cfd91352377ebaa32ec1f61e7e6a5964
WebGestor/Inventario/GuiaInterna/GuiaInterna_Nro_00029603.pdf,document,1887,23bcf53c5401e508d9d1f8017548fff7267db25b
WebGestor/Inventario/GuiaInterna/GuiaInterna_Nro_00029604.pdf,document,1915,7ccbccbdcb7cbb944f2cbf1bb7953d3c391ea230
WebGestor/Inventario/GuiaInterna/GuiaInterna_Nro_00029605.pdf,document,2075,74d0e44265ea8b67af011ad868ddabf1a0a08c80
WebGestor/Inventario/GuiaInterna/GuiaInterna_Nro_00029607.pdf,document,1880,4d2a4b3434a4b616bdeb6efd29cc9e695b12d8c9
WebGestor/Inventario/GuiaInterna/GuiaInterna_Nro_00029610.pdf,document,1889,30dc9172faf4985d620fbf2700b6b2d7fbce15a1
WebGestor/Inventario/GuiaInterna/GuiaInterna_Nro_00029611.pdf,document,1916,08f3791f8bbfd2f3ab6b08530505d1b2a1acc6de
WebGestor/Inventario/GuiaInterna/GuiaInterna_Nro_00029612.pdf,document,1888,5327d26f49fc1fc0ed1934012c1be70c6530da00
WebGestor/Inventario/GuiaInterna/GuiaInterna_Nro_00029614.pdf,document,1899,9aaa7e4e2cf3f55acea4fb95b4123434d044ff6c
WebGestor/Inventario/GuiaInterna/GuiaInterna_Nro_00029618.pdf,document,1884,e897fc2384425a4333c5efffc3a1f43ed822d793
WebGestor/Inventario/GuiaInterna/GuiaInterna_Nro_00029619.pdf,document,1966,4f9083285f146486171bd608ab900f81df85e847
WebGestor/Inventario/GuiaInterna/GuiaInterna_Nro_00029621.pdf,document,1886,8cb3c1af8f05502bdd4b8635d8f5dc4ab497b531
WebGestor/Inventario/GuiaInterna/GuiaInterna_Nro_00029622.pdf,document,1882,1f0cb1bc12460ee370e4b6d829c12ddfb0806f3e
WebGestor/Inventario/GuiaInterna/GuiaInterna_Nro_00029623.pdf,document,1893,49424965d7b4dd0ce577b0452972528a88ae2fae
WebGestor/Inventario/GuiaInterna/GuiaInterna_Nro_00029624.pdf,document,1945,9412b183191f58730efaa37ef246dd1e25375d9a
WebGestor/Inventario/GuiaInterna/GuiaInterna_Nro_00029625.pdf,document,1946,4393227cda79c25bdc5a917525038370388ea13d
WebGestor/Inventario/GuiaInterna/GuiaInterna_Nro_00029626.pdf,document,1876,63603a93d0b05463d3c63b6b96beba9d6bcfbcc0
WebGestor/Inventario/GuiaInterna/GuiaInterna_Nro_00029627.pdf,document,1838,5839b693e243aec7bbc940d68dd48164064eb42f
WebGestor/Inventario/GuiaInterna/GuiaInterna_Nro_00029628.pdf,document,1838,ec8516313b3f86e27043753f2c1235693eb67201
WebGestor/Inventario/GuiaInterna/GuiaInterna_Nro_00029629.pdf,document,1839,d5b2290d357e65b781d6c8e1e90b0f75c9bbec58
WebGestor/Inventario/GuiaInterna/GuiaInterna_Nro_00029630.pdf,document,1838,666f920d0b1c16e63cce242cf2eee44eee19eb5b
WebGestor/Inventario/GuiaInterna/GuiaInterna_Nro_00029631.pdf,document,1838,1573edc12d6bab24825a46970a5fa4699cb7f0d0
WebGestor/Inventario/GuiaInterna/GuiaInterna_Nro_00029637.pdf,document,2036,41af60f8a69553048732f9845f1f9d6d1d4269dc
WebGestor/Inventario/GuiaInterna/GuiaInterna_Nro_00029638.pdf,document,1883,f9092fc170e1f609449ed89cad52fe4b9b8f9f5e
WebGestor/Inventario/GuiaInterna/GuiaInterna_Nro_00029642.pdf,document,2165,3c83323336ccbd314efba87903ae039dea6014a6
WebGestor/Inventario/GuiaInterna/GuiaInterna_Nro_00029652.pdf,document,1912,3ec91cc1aa01a9f090870ed48ee08daed0fbce37
WebGestor/Inventario/GuiaInterna/GuiaInterna_Nro_00029653.pdf,document,1919,42ae79aeae10b28056c686b385518cc5d8a061a6
WebGestor/Inventario/GuiaInterna/GuiaInterna_Nro_00029654.pdf,document,1934,894f36d1d1f08517dfada669f6277ea2a21edf50
WebGestor/Inventario/GuiaInterna/GuiaInterna_Nro_00029655.pdf,document,1931,fb6c5af1dd23e518b910fca5ac36a34d56fdd352
WebGestor/Inventario/GuiaInterna/GuiaInterna_Nro_00029656.pdf,document,1875,3907ac7fbfa1c2136fd33d184c4cd026208cbed0
WebGestor/Inventario/GuiaInterna/GuiaInterna_Nro_00029657.pdf,document,1892,2e5da6cf2fed411f7500730f6630b768f68bf446
WebGestor/Inventario/GuiaInterna/GuiaInterna_Nro_00029662.pdf,document,1909,e200bc0490939e9838b9a20af648482ba2e00290
WebGestor/Inventario/GuiaInterna/GuiaInterna_Nro_00029663.pdf,document,1891,9559ac82ae218a2c876b50726ff79efb6ce5cf6c
WebGestor/Inventario/GuiaInterna/GuiaInterna_Nro_00029668.pdf,document,2001,cfb884c2e049e8fc18b62c7fb54ef470523a3709
WebGestor/Inventario/GuiaInterna/GuiaInterna_Nro_00029669.pdf,document,1999,1d3723a63e8c7b4ce755b4c98d63342562fd2da3
WebGestor/Inventario/GuiaInterna/GuiaInterna_Nro_00029670.pdf,document,1927,6623c85fa81a6a1596e929fffe8aa1ba502e4f1c
WebGestor/Inventario/GuiaInterna/GuiaInterna_Nro_00029675.pdf,document,1893,43e86b44f7628309bfff8ee232271d9eebb2ca94
WebGestor/Inventario/GuiaInterna/GuiaInterna_Nro_00029676.pdf,document,2148,5dc5595b0aab06f095b6dafe06225b3abf21f50a
WebGestor/Inventario/GuiaInterna/GuiaInterna_Nro_00029677.pdf,document,1949,3c465df415cf9cbcea0e2f02d21c62b49bce5b8d
WebGestor/Inventario/GuiaInterna/GuiaInterna_Nro_00029678.pdf,document,1890,204b0bbb7fa8b52b149011983e4e9e94aae6cb53
WebGestor/Inventario/GuiaInterna/GuiaInterna_Nro_00029679.pdf,document,1893,85eaa6d44925e1b1393f1a331cd07d67f2d9a61c
WebGestor/Inventario/GuiaInterna/GuiaInterna_Nro_00029680.pdf,document,1942,b9bcf232a82298d5278de7d9b6ddd23129bb50c2
WebGestor/Inventario/GuiaInterna/GuiaInterna_Nro_00029681.pdf,document,1995,061b37f9f3f09e2af9c34d20642ddd9525580446
WebGestor/Inventario/GuiaInterna/GuiaInterna_Nro_00029684.pdf,document,1893,d0684f764b97a95d3f2ac5e413766b6bdcf816cc
WebGestor/Inventario/GuiaInterna/GuiaInterna_Nro_00029687.pdf,document,1895,6ea526cac877a3f4bf4a8bfa1f58d2b93350ec3a
WebGestor/Inventario/GuiaInterna/GuiaInterna_Nro_00029688.pdf,document,1906,98dfabccaa62f3cc3cb866bc5411dffcba9e2814
WebGestor/Inventario/GuiaInterna/GuiaInterna_Nro_00029689.pdf,document,1889,84d85f9170aec4d9ca28489791cc964e796b3950
WebGestor/Inventario/GuiaInterna/GuiaInterna_Nro_00029692.pdf,document,2001,c15df1b8dd092aae4c62c03014da628113466fd9
WebGestor/Inventario/GuiaInterna/GuiaInterna_Nro_00029693.pdf,document,1882,e14face050a1969b584d6f1289a72054e08373b8
WebGestor/Inventario/GuiaInterna/GuiaInterna_Nro_00029694.pdf,document,1909,f5b2d29b579fbc71951d920aa4f942cbb6aefeb3
WebGestor/Inventario/GuiaInterna/GuiaInterna_Nro_00029695.pdf,document,2406,82163fe439601e7d20aa44b64ac012ad643b4aca
WebGestor/Inventario/GuiaInterna/GuiaInterna_Nro_00029697.pdf,document,1878,8957207fe791e0e624c14a46fa2b9f329cd1854e
WebGestor/Inventario/GuiaInterna/GuiaInterna_Nro_00029698.pdf,document,1895,9d591bbb20bdb98e7ea14ad00da41618060e84ed
WebGestor/Inventario/GuiaInterna/GuiaInterna_Nro_00029699.pdf,document,1884,40f094c96c49d6a63c77cd7b6ef97ac17311588d
WebGestor/Inventario/GuiaInterna/GuiaInterna_Nro_00029702.pdf,document,1897,b3ec3d472fad176de12cebcdcdef081a0fbaf3a9
WebGestor/Inventario/GuiaInterna/GuiaInterna_Nro_00029704.pdf,document,1915,c6a73f86895834205abbb25891d345a0042024d1
WebGestor/Inventario/GuiaInterna/GuiaInterna_Nro_00029705.pdf,document,1952,db1ac1684630757fafac5ae855f9e812a5dec835
WebGestor/Inventario/GuiaInterna/GuiaInterna_Nro_00029706.pdf,document,1880,ba51b542f0756c272405f9321c8b485f9ac99f39
WebGestor/Inventario/GuiaInterna/GuiaInterna_Nro_00029707.pdf,document,1933,9b75338227220f4012a2af23cba5b5b6594fdd46
WebGestor/Inventario/GuiaInterna/GuiaInterna_Nro_00029713.pdf,document,1911,3e9f75bc92aab974b0f6d3b5d30b40b40cf53a7a
WebGestor/Inventario/GuiaInterna/GuiaInterna_Nro_00029714.pdf,document,1887,8f1797871180bfb1a0d9ec505712d7b1a90e34d0
WebGestor/Inventario/GuiaInterna/GuiaInterna_Nro_00029716.pdf,document,1884,9385bf62bd5cb8b6c1c64018676e1531c1fe4436
WebGestor/Inventario/GuiaInterna/GuiaInterna_Nro_00029717.pdf,document,1888,831a1f1374563381e186d11852b1ccfdcb517470
WebGestor/Inventario/GuiaInterna/GuiaInterna_Nro_00029718.pdf,document,1884,7472fbfb51127ed6e06bed6a936590bba2ef682a
WebGestor/Inventario/GuiaInterna/GuiaInterna_Nro_00029719.pdf,document,2022,dc3f754707113232863501a24dea812a2a07f739
WebGestor/Inventario/GuiaInterna/GuiaInterna_Nro_00029720.pdf,document,1908,84e2727573e7a94b31690f42f8541f090d9b7310
WebGestor/Inventario/GuiaInterna/GuiaInterna_Nro_00029721.pdf,document,1903,91e1ab4119fadcc40d2f2c9199be5597156448e4
WebGestor/Inventario/GuiaInterna/GuiaInterna_Nro_00029722.pdf,document,1947,9f33888ae6dfb70ac0ec8355e96a289912162291
WebGestor/Inventario/GuiaInterna/GuiaInterna_Nro_00029728.pdf,document,1918,063ac57b1b8d8d57dd1e13dd75dd567cb2e589d3
WebGestor/Inventario/GuiaInterna/GuiaInterna_Nro_00029729.pdf,document,1914,475b4e1feec6a45f9e5f1fec39735a513646883c
WebGestor/Inventario/GuiaInterna/GuiaInterna_Nro_00029730.pdf,document,2017,b25fef6298637114c0065a1eab3051bc89559066
WebGestor/Inventario/GuiaInterna/GuiaInterna_Nro_00029734.pdf,document,1936,81f021388c35efef6c4cb36873a5ddefe5ecb419
WebGestor/Inventario/GuiaInterna/GuiaInterna_Nro_00029735.pdf,document,1916,fa6fd4127f9c2c1a9d169c5d3c45d04239693938
WebGestor/Inventario/GuiaInterna/GuiaInterna_Nro_00029758.pdf,document,2098,e9d8183f8f0fed36341eba461be83d4a11a5bf01
WebGestor/Inventario/GuiaInterna/GuiaInterna_Nro_00029759.pdf,document,1924,98ed286096f8d8177420feb5af68f3467a45ad56
WebGestor/Inventario/GuiaInterna/GuiaInterna_Nro_00029760.pdf,document,2101,dd90ce0436e6f0b8a832c1f5dd259c61c6760cbf
WebGestor/Inventario/GuiaInterna/GuiaInterna_Nro_00029761.pdf,document,1909,220d13ecd3b640d938d629268cbcdbf28b5f87f5
WebGestor/Inventario/GuiaInterna/GuiaInterna_Nro_00029765.pdf,document,1890,c91335d10f4c72807f1258c2d406faa60b1a9f27
WebGestor/Inventario/GuiaInterna/GuiaInterna_Nro_00029766.pdf,document,2011,f49a7d7e7eadf6052fb0cd0b79f2c45b52f6a04b
WebGestor/Inventario/GuiaInterna/GuiaInterna_Nro_00029767.pdf,document,1970,15dae13eefa169b7b69732cc2fd0bc542316c426
WebGestor/Inventario/GuiaInterna/GuiaInterna_Nro_00029770.pdf,document,1881,a02e280cfbe77066a184b9c97b563f114cb76816
WebGestor/Inventario/GuiaInterna/GuiaInterna_Nro_00029771.pdf,document,1931,217bb43de997bf31c5841d4f6462dd05a8cb2abe
WebGestor/Inventario/GuiaInterna/GuiaInterna_Nro_00029772.pdf,document,1887,543ecf9cb0a1942ee8ca6236cc833bc951535deb
WebGestor/Inventario/GuiaInterna/GuiaInterna_Nro_00029774.pdf,document,1887,da4b1344b03e95ca8f741bbdda226ed404cb4af4
WebGestor/Inventario/GuiaInterna/GuiaInterna_Nro_00029775.pdf,document,1965,fe68e01b0e2ad0f52769fb4969c3cb46ae9e0823
WebGestor/Inventario/GuiaInterna/GuiaInterna_Nro_00029793.pdf,document,1920,0c4b49f5c05441c892bb87308e8c4982782a7463
WebGestor/Inventario/GuiaInterna/GuiaInterna_Nro_00029794.pdf,document,1998,22872efdfaf1b5d69075fc664e7c01aec34ace44
WebGestor/Inventario/GuiaInterna/GuiaInterna_Nro_00029795.pdf,document,1964,799a74b5ba926207cef2468c37b82d285ab32ef9
WebGestor/Inventario/GuiaInterna/GuiaInterna_Nro_00029796.pdf,document,1925,6b463bf9bffd4375d3f70a90f410878f65005308
WebGestor/Inventario/GuiaInterna/GuiaInterna_Nro_00029797.pdf,document,2155,3a4cb7550f1bc0bd4479b29c2e47ca46eb29431a
WebGestor/Inventario/GuiaInterna/GuiaInterna_Nro_00029807.pdf,document,1886,b1795a2775b5d96cb9533b00346749cbbd4f5e39
WebGestor/Inventario/GuiaInterna/GuiaInterna_Nro_00029808.pdf,document,1930,c473f10376e54bb5c1ab31dc8188b111b9e942b5
WebGestor/Inventario/GuiaInterna/GuiaInterna_Nro_00029809.pdf,document,1884,8afe061c5af1631f7d80b600e828e57d9f88e616
WebGestor/Inventario/GuiaInterna/GuiaInterna_Nro_00029811.pdf,document,2111,a54ff83dc7db76c380e43734f69d8323452ac73b
WebGestor/Inventario/GuiaInterna/GuiaInterna_Nro_00029824.pdf,document,2060,7f5a4f9bfd5f2a5fc415d05938a08a3711efcbbe
WebGestor/Inventario/GuiaInterna/GuiaInterna_Nro_00029830.pdf,document,2031,3aba2c3c7789b655197fbef9617d66abd460c383
WebGestor/Inventario/GuiaInterna/GuiaInterna_Nro_00029850.pdf,document,2038,f09b54ed14792993eaefc215ce218c3fa316d2f0
WebGestor/Inventario/GuiaInterna/GuiaInterna_Nro_00029851.pdf,document,1912,b76599129efc6a1e84513e1d190e31028077e17d
WebGestor/Inventario/GuiaInterna/GuiaInterna_Nro_00029852.pdf,document,1871,bb25e28a23e160bb63bf6cfa868791395e885437
WebGestor/Inventario/GuiaInterna/GuiaInterna_Nro_00029853.pdf,document,1872,68b71abac45283fdc2512b4ae13137734576cf76
WebGestor/Inventario/GuiaInterna/GuiaInterna_Nro_00029854.pdf,document,1870,716b920ac873dceddd81ff198d375e83a068be0d
WebGestor/Inventario/GuiaInterna/GuiaInterna_Nro_00029855.pdf,document,1922,ef4ce457ced91c00a161f7f5527bc88514420b2a
WebGestor/Inventario/GuiaInterna/GuiaInterna_Nro_00029856.pdf,document,1872,86c5f2097d0096bffb11d6ed4e9a1721f8c0808b
WebGestor/Inventario/GuiaInterna/GuiaInterna_Nro_00029857.pdf,document,1871,6564d3e2469400cff35c2bd7221f7b5169839b62
WebGestor/Inventario/GuiaInterna/GuiaInterna_Nro_00029860.pdf,document,1952,eca1c120a5e07debfb70c9b329ef908920299cab
WebGestor/Inventario/GuiaInterna/GuiaInterna_Nro_00029861.pdf,document,1868,5254f3ddb19bfae3505f3016c1f270ea567b6aa8
WebGestor/Inventario/GuiaInterna/GuiaInterna_Nro_00029862.pdf,document,1926,bca0fe72e1931622541651412cf9e86cdc5ee5b7
WebGestor/Inventario/GuiaInterna/GuiaInterna_Nro_00029863.pdf,document,1885,f1fe972760ce35f80a961324bbf0c70188060072
WebGestor/Inventario/GuiaInterna/GuiaInterna_Nro_00029864.pdf,document,1954,68f39168abd5546135b0096cda3b0cfe80ee106e
WebGestor/Inventario/GuiaInterna/GuiaInterna_Nro_00029865.pdf,document,1907,50d414e1feeb4016c0284365303f128d49c43537
WebGestor/Inventario/GuiaInterna/GuiaInterna_Nro_00029866.pdf,document,1884,c8a0899620c6a04f36ce74d3a8d96ddac91d002a
WebGestor/Inventario/GuiaInterna/GuiaInterna_Nro_00029868.pdf,document,1918,30e18a972ccfe0cd2ed435ef0591a7f5f4bd5671
WebGestor/Inventario/GuiaInterna/GuiaInterna_Nro_00029871.pdf,document,1876,1bc5273c8157c24439da460720b0f10dfefc3dfe
WebGestor/Inventario/GuiaInterna/GuiaInterna_Nro_00029872.pdf,document,1972,19597da2d97fd8c505fe83de6af0bccd52e43f75
WebGestor/Inventario/GuiaInterna/GuiaInterna_Nro_00029876.pdf,document,1912,5a5254c5a659f1d2e6da270d6f031fa73dc14670
WebGestor/Inventario/GuiaInterna/GuiaInterna_Nro_00029877.pdf,document,1886,29f4cf6d1a32214f66773fd838f1867da0861c81
WebGestor/Inventario/GuiaInterna/GuiaInterna_Nro_00029878.pdf,document,1923,876488fd19174ae5cd9a9207af0bb151835dd81f
WebGestor/Inventario/GuiaInterna/GuiaInterna_Nro_00029879.pdf,document,1950,4f88b1de675aa9a0ec37eef053754cec0d1e96b4
WebGestor/Inventario/GuiaInterna/GuiaInterna_Nro_00029881.pdf,document,1894,314aae071324385b61ea2a81f4649e7e469f9e9d
WebGestor/Inventario/GuiaInterna/GuiaInterna_Nro_00029882.pdf,document,1885,96551a0856467d4e84985929150c94d75dc41b8a
WebGestor/Inventario/GuiaInterna/GuiaInterna_Nro_00029883.pdf,document,1937,48d08caad6c09dc6bd5ef4bf256c92ec81500065
WebGestor/Inventario/GuiaInterna/GuiaInterna_Nro_00029885.pdf,document,1911,87406562b8ecdc5e3b086e67c12cce832c1bec43
WebGestor/Inventario/GuiaInterna/GuiaInterna_Nro_00029886.pdf,document,1860,01b698da5a7569f0dc905bc5dd15f40df29b8929
WebGestor/Inventario/GuiaInterna/GuiaInterna_Nro_00029887.pdf,document,1926,c19e53101ff889c78dcf6929e81fce829585cecd
WebGestor/Inventario/GuiaInterna/GuiaInterna_Nro_00029888.pdf,document,1877,23e0f2a3735bd5daece893134a207fbbd53f6ecb
WebGestor/Inventario/GuiaInterna/GuiaInterna_Nro_00029889.pdf,document,1917,d3bb402753d89493928fe7f3702c7937b29d5e52
WebGestor/Inventario/GuiaInterna/GuiaInterna_Nro_00029891.pdf,document,1919,225299292441ef9942876b2d1ccccd9bbddb9d05
WebGestor/Inventario/GuiaInterna/GuiaInterna_Nro_00029892.pdf,document,1939,646d06df7084fb26f59622e44e55f8a2676abb2b
WebGestor/Inventario/GuiaInterna/GuiaInterna_Nro_00029899.pdf,document,1923,2ceb5fd82ba687db7ffe8216e8f15027940ee07c
WebGestor/Inventario/GuiaInterna/GuiaInterna_Nro_00029900.pdf,document,1940,1dcd12a148f882237a06370e1347c0531a8e2d24
WebGestor/Inventario/GuiaInterna/GuiaInterna_Nro_00029901.pdf,document,2041,c549cc5880775235957dd7fa67108a8a11b8d606
WebGestor/Inventario/GuiaInterna/GuiaInterna_Nro_00029903.pdf,document,1884,48d5c5df6523c00615b51569dd3d20aca4866fcb
WebGestor/Inventario/GuiaInterna/GuiaInterna_Nro_00029904.pdf,document,1888,7119d3d59ac9fad1f06ef0faa7abfac32f02f4ea
WebGestor/Inventario/GuiaInterna/GuiaInterna_Nro_00029905.pdf,document,1886,4d4db9042cc2eb378d715f56bc56e224a6cf1e57
WebGestor/Inventario/GuiaInterna/GuiaInterna_Nro_00029906.pdf,document,1876,3804b6412b6366623186afb81915cd501474b6e0
WebGestor/Inventario/GuiaInterna/GuiaInterna_Nro_00029913.pdf,document,1922,60dea0db59f598de9a34f1189bfaf8333698e40f
WebGestor/Inventario/GuiaInterna/GuiaInterna_Nro_00029914.pdf,document,1944,667abbea4adef8ca1212a92b1b5cf7f19689cd75
WebGestor/Inventario/GuiaInterna/GuiaInterna_Nro_00029916.pdf,document,2028,fdde06323b6e326f3a4d2aeb0e0b0934a7d09301
WebGestor/Inventario/GuiaInterna/GuiaInterna_Nro_00029917.pdf,document,1924,a50e4b1fc61ec25347ae82f2bc54733b0b29e35c
WebGestor/Inventario/GuiaInterna/GuiaInterna_Nro_00029919.pdf,document,1921,8d7c7965cc9f5f04ff55d117300cf87046033d06
WebGestor/Inventario/GuiaInterna/GuiaInterna_Nro_00029920.pdf,document,1880,b5ea7c17e6674654aa02d9cca398df9b0a7ae632
WebGestor/Inventario/GuiaInterna/GuiaInterna_Nro_00029921.pdf,document,1887,8ad96706ae95b49f503af625b8948b4a87833286
WebGestor/Inventario/GuiaInterna/GuiaInterna_Nro_00029922.pdf,document,1887,c37c87a95a29d25e989139f1c782cf67c24c05c4
WebGestor/Inventario/GuiaInterna/GuiaInterna_Nro_00029923.pdf,document,1895,aa99f0d2ac9dc8c264e29b10b2a8db95bbf7c2d0
WebGestor/Inventario/GuiaInterna/GuiaInterna_Nro_00029924.pdf,document,1888,030bb54d1f5a2f9cf1b8e1c30b301e9cdd4d8621
WebGestor/Inventario/GuiaInterna/GuiaInterna_Nro_00029925.pdf,document,1896,ab3b62b2b14a57cb137b52de78d7aba12a7ef593
WebGestor/Inventario/GuiaInterna/GuiaInterna_Nro_00029927.pdf,document,1855,4e712d51848cc427c9349512fb780c2c34d51944
WebGestor/Inventario/GuiaInterna/GuiaInterna_Nro_00029928.pdf,document,1895,e273faa67dcce45be99592b6d2328de8f1e2ac5b
WebGestor/Inventario/GuiaInterna/GuiaInterna_Nro_00029932.pdf,document,1928,d277a7b7d36a45b47c4930886f41bf2055fceb46
WebGestor/Inventario/GuiaInterna/GuiaInterna_Nro_00029933.pdf,document,1884,49fa21af565b6c12f60a5e05a86f3bbfe7e9bd70
WebGestor/Inventario/GuiaInterna/GuiaInterna_Nro_00029936.pdf,document,1903,cee0a462dae061eacd1b8d1bba44c723645b6413
WebGestor/Inventario/GuiaInterna/GuiaInterna_Nro_00029937.pdf,document,1915,4413e9972b9673374b4eb6f44d5ab2f3c13e8d13
WebGestor/Inventario/GuiaInterna/GuiaInterna_Nro_00029938.pdf,document,1895,37b6351091528fa142cc2a804050c18dde0283e0
WebGestor/Inventario/GuiaInterna/GuiaInterna_Nro_00029939.pdf,document,1901,8e1db9c49bd4e90842c5125fe425edbc6a0f37f5
WebGestor/Inventario/GuiaInterna/GuiaInterna_Nro_00029940.pdf,document,1889,cb8551d20df3915a7b014d324dd967ad180b3778
WebGestor/Inventario/GuiaInterna/GuiaInterna_Nro_00029941.pdf,document,1887,bbcbfbe45edcd4b172113e2067ec06c0beef3efc
WebGestor/Inventario/GuiaInterna/GuiaInterna_Nro_00029944.pdf,document,1918,32d5bd0756db41f8596b133d0501afdc669223e1
WebGestor/Inventario/GuiaInterna/GuiaInterna_Nro_00029945.pdf,document,1958,c3f3d433171c147363be0ec79d722567495c7760
WebGestor/Inventario/GuiaInterna/GuiaInterna_Nro_00029946.pdf,document,1947,6343c40a9704318e58c3da35f62e2ad233bbeebd
WebGestor/Inventario/GuiaInterna/GuiaInterna_Nro_00029951.pdf,document,1882,5bfc4997e710c25b8fb61fb5ae236a5480b1ef8d
WebGestor/Inventario/GuiaInterna/GuiaInterna_Nro_00029952.pdf,document,1887,82d8ba24f17538c05e0ee816993e93b1f95f2baf
WebGestor/Inventario/GuiaInterna/GuiaInterna_Nro_00029953.pdf,document,1997,94ab2a3ccff5e733e91bbea98616ec760563f3de
WebGestor/Inventario/GuiaInterna/GuiaInterna_Nro_00029954.pdf,document,1886,3e7b386d3bd7c20acceecf60bebe75bdfa148e3a
WebGestor/Inventario/GuiaInterna/GuiaInterna_Nro_00029955.pdf,document,2135,de98faad37ec420734d58fbb243348ba67ad4308
WebGestor/Inventario/GuiaInterna/GuiaInterna_Nro_00029957.pdf,document,1878,3dd375d57d7633c9be690e8e84e7408f2ac00e36
WebGestor/Inventario/GuiaInterna/GuiaInterna_Nro_00029958.pdf,document,1917,cd2eceaf018cbb8ef3247c00ad869dc3020632c2
WebGestor/Inventario/GuiaInterna/GuiaInterna_Nro_00029959.pdf,document,2107,4578299700771331ab51c4aff142cdebdb896d64
WebGestor/Inventario/GuiaInterna/GuiaInterna_Nro_00029960.pdf,document,2028,3109a7dda72e38c175cee2e63c347d2f394af068
WebGestor/Inventario/GuiaInterna/GuiaInterna_Nro_00029961.pdf,document,1914,09abf663af20ad64cce1ba7ab3d784a9b9a4639a
WebGestor/Inventario/GuiaInterna/GuiaInterna_Nro_00029962.pdf,document,1987,a77e53f1d3f8d42b8f446878093e7cdea63f0aec
WebGestor/Inventario/GuiaInterna/GuiaInterna_Nro_00029964.pdf,document,1916,4c5f8d5061366ed521ebc66578afe318d65bdd62
WebGestor/Inventario/GuiaInterna/GuiaInterna_Nro_00029965.pdf,document,1919,02807abccdbb5b7c20a2937843858ee1b3eadf8c
WebGestor/Inventario/GuiaInterna/GuiaInterna_Nro_00029969.pdf,document,1883,e4479bfa961814e2cfb7378ee6cb2b72bf78a544
WebGestor/Inventario/GuiaInterna/GuiaInterna_Nro_00029971.pdf,document,1911,4041367e6b2f091eb2f19f4d2994997997a4af69
WebGestor/Inventario/GuiaInterna/GuiaInterna_Nro_00029973.pdf,document,1896,68047e58061a4a20d87c2c67d7c8c6b9ecfde87a
WebGestor/Inventario/GuiaInterna/GuiaInterna_Nro_00029978.pdf,document,2066,2dc716d6db7fd99537ae18530d397984708fef1a
WebGestor/Inventario/GuiaInterna/GuiaInterna_Nro_00030008.pdf,document,1895,8f1c0a1b8b24bf986935645d7da1018df0bf238c
WebGestor/Inventario/GuiaInterna/GuiaInterna_Nro_00030010.pdf,document,1892,cf0c83db9890fc28e54660f7622903e60757c23d
WebGestor/Inventario/GuiaInterna/GuiaInterna_Nro_00030011.pdf,document,1999,bc52cfe09d3322be4635e2f0a17b873e75992f3b
WebGestor/Inventario/GuiaInterna/GuiaInterna_Nro_00030019.pdf,document,2166,b2bb822cf1704404355e7ab4bb35be72a499b4bf
WebGestor/Inventario/GuiaInterna/GuiaInterna_Nro_00030021.pdf,document,2018,4e851c7c16c9853582c045573d092e1e895ffbea
WebGestor/Inventario/GuiaInterna/GuiaInterna_Nro_00030024.pdf,document,1943,e6ae0599b7d62eb80d51be527df1b7d3a8aec5ef
WebGestor/Inventario/GuiaInterna/GuiaInterna_Nro_00030027.pdf,document,1893,e126d72202b8dbb21a0723dbdf85e10ab2a18ed8
WebGestor/Inventario/GuiaInterna/GuiaInterna_Nro_00030028.pdf,document,1925,9697af00347e624a523ab9e50cfc9d4cdf9ad9d6
WebGestor/Inventario/GuiaInterna/GuiaInterna_Nro_00030029.pdf,document,1961,73a6bb9f85692ebb0da0dc8623621ff4a8dcc5d0
WebGestor/Inventario/GuiaInterna/GuiaInterna_Nro_00030030.pdf,document,1919,fe15c75aeeb4aaf48edc4fc019ba366f3ae786cb
WebGestor/Inventario/GuiaInterna/GuiaInterna_Nro_00030031.pdf,document,1995,1219a440c6a0f8a6a915ebeab38b91639235c935
WebGestor/Inventario/GuiaInterna/GuiaInterna_Nro_00030032.pdf,document,1929,9e4f7c429e87a984bfae66d271442437ee1aa0cc
WebGestor/Inventario/GuiaInterna/GuiaInterna_Nro_00030033.pdf,document,1970,2066f30bfe50f4e575f1afd91a09f9f6973222b7
WebGestor/Inventario/GuiaInterna/GuiaInterna_Nro_00030034.pdf,document,1999,dc6351bc3bf26c8b25400aea408aa3db4eb8d313
WebGestor/Inventario/GuiaInterna/GuiaInterna_Nro_00030036.pdf,document,1959,db43b01e427d97f9fbd12deba39d096d450c7403
WebGestor/Inventario/GuiaInterna/GuiaInterna_Nro_00030037.pdf,document,2030,96c9891e7d921f5d1c2d1e6307bbef2d5b9b483c
WebGestor/Inventario/GuiaInterna/GuiaInterna_Nro_00030047.pdf,document,1998,662edd6cc6e40bf11a41b07d48019ee3f5a5397b
WebGestor/Inventario/GuiaInterna/GuiaInterna_Nro_00030048.pdf,document,1896,4485ac4944de3dbc065e5abf0556fbb76cf47291
WebGestor/Inventario/GuiaInterna/GuiaInterna_Nro_00030050.pdf,document,1912,9e3a647e3138e477025ad6cf0ea423d6905fa5a4
WebGestor/Inventario/GuiaInterna/GuiaInterna_Nro_00030051.pdf,document,2022,ea71879c57127953ad76988eafe3e7b21d200ab8
WebGestor/Inventario/GuiaInterna/GuiaInterna_Nro_00030053.pdf,document,2000,b450064eb620960d5908777e601563acf17731d8
WebGestor/Inventario/GuiaInterna/GuiaInterna_Nro_00030056.pdf,document,1876,d8490704be58b427c9937aa4cf8bf6e848d34b0c
WebGestor/Inventario/GuiaInterna/GuiaInterna_Nro_00030057.pdf,document,1887,65d22d56a02fcdc6d3382aa5e8ed2deb26e864a4
WebGestor/Inventario/GuiaInterna/GuiaInterna_Nro_00030058.pdf,document,1918,a4a564b6169e6ad0364d3a01558b47da199ec951
WebGestor/Inventario/GuiaInterna/GuiaInterna_Nro_00030059.pdf,document,1924,2cb0c83c28a448eed6d8039d724724e846fb145f
WebGestor/Inventario/GuiaInterna/GuiaInterna_Nro_00030060.pdf,document,2021,0066cc7d0981d2b46892e6a168b628556b3776b4
WebGestor/Inventario/GuiaInterna/GuiaInterna_Nro_00030061.pdf,document,1930,c26fd5b205f00118df29782e1f51cde9ffc3849a
WebGestor/Inventario/GuiaInterna/GuiaInterna_Nro_00030063.pdf,document,1962,80eeee95b44fade587c7caa7354dee59e7f2e4d9
WebGestor/Inventario/GuiaInterna/GuiaInterna_Nro_00030068.pdf,document,1919,b3c8b19ba4e8e4dbe871d5d0b0da8636a5053182
WebGestor/Inventario/GuiaInterna/GuiaInterna_Nro_00030069.pdf,document,1929,f1f9b36f848c1bffb1c8daab8750feeed5e74851
WebGestor/Inventario/GuiaInterna/GuiaInterna_Nro_00030070.pdf,document,1943,9cbd226e992cbda577f6ba475f4ac25dc1ecd6ed
WebGestor/Inventario/GuiaInterna/GuiaInterna_Nro_00030071.pdf,document,2117,9ea11c9f0cefb2489e58c87a1949bc55013fb944
WebGestor/Inventario/GuiaInterna/GuiaInterna_Nro_00030074.pdf,document,1891,be9fbc3797639035cf4042d39eba7e702d887808
WebGestor/Inventario/GuiaInterna/GuiaInterna_Nro_00030075.pdf,document,1922,f645784fc0db8cffd3c0b584dbc6709d7bdeb44f
WebGestor/Inventario/GuiaInterna/GuiaInterna_Nro_00030078.pdf,document,1985,579677208b7b18974f2d5df149514e3c8e265d76
WebGestor/Inventario/GuiaInterna/GuiaInterna_Nro_00030079.pdf,document,1959,a1dc673b867bf2b7e6fc8f571d1c160ddf049b11
WebGestor/Inventario/GuiaInterna/GuiaInterna_Nro_00030080.pdf,document,2024,55643335f21f7124e696634057d0125d2d945b57
WebGestor/Inventario/GuiaInterna/GuiaInterna_Nro_00030081.pdf,document,1894,59fa37f8933ace20922936ac33bd0d37694666c3
WebGestor/Inventario/GuiaInterna/GuiaInterna_Nro_00030082.pdf,document,1895,6c365b30f816d19aeea91f2d79384bed88f13dfd
WebGestor/Inventario/GuiaInterna/GuiaInterna_Nro_00030084.pdf,document,1952,5faf044961ced562e122073af47bc747d7aca69a
WebGestor/Inventario/GuiaInterna/GuiaInterna_Nro_00030127.pdf,document,1913,9c8f668cd745828e4ba241a836e0ac923c2dfa76
WebGestor/Inventario/GuiaInterna/GuiaInterna_Nro_00030128.pdf,document,1894,d87f5b6912f3667f54892793bccfdc5d13c7cb08
WebGestor/Inventario/GuiaInterna/GuiaInterna_Nro_00030149.pdf,document,1887,95e0b49cd03fdf945c677d335a748d3df981f937
WebGestor/Inventario/GuiaInterna/GuiaInterna_Nro_00030150.pdf,document,1932,88efcb748a372a3c322d1016d38c144598fa6b98
WebGestor/Inventario/GuiaInterna/GuiaInterna_Nro_00030151.pdf,document,1896,2d7c567b0df28263e28c1cc72939adcaefdd7940
WebGestor/Inventario/GuiaInterna/GuiaInterna_Nro_00030152.pdf,document,1887,fa7ee6358e475f5de1330d7bd8a2ec1ca503d4f2
WebGestor/Inventario/GuiaInterna/GuiaInterna_Nro_00030153.pdf,document,1887,01f706baefbadecc1a9938b92698429178e7d5b7
WebGestor/Inventario/GuiaInterna/GuiaInterna_Nro_00030154.pdf,document,2074,75404ba2b93a55042849922b2f0d60b9651fab2c
WebGestor/Inventario/GuiaInterna/GuiaInterna_Nro_00030155.pdf,document,1908,958caff23704fd9ac433f0cf03c87c6c97c17ad9
WebGestor/Inventario/GuiaInterna/GuiaInterna_Nro_00030156.pdf,document,1908,fabe04da6610e34dd42db13f69ff633afe95334c
WebGestor/Inventario/GuiaInterna/GuiaInterna_Nro_00030179.pdf,document,1917,e3ad3553be378ab15ed742a6a37c5361fe1f701f
WebGestor/Inventario/GuiaInterna/GuiaInterna_Nro_00030180.pdf,document,1887,9f9eddd627c61a3638242a1fee5ff7ea38b1afaa
WebGestor/Inventario/GuiaInterna/GuiaInterna_Nro_00030181.pdf,document,2015,0ec7cdd4989c761bb278a99e473664d86bec5a32
WebGestor/Inventario/GuiaInterna/GuiaInterna_Nro_00030183.pdf,document,1898,e00cb794c7aec4cc56c9696af49dd3c6f4485d9c
WebGestor/Inventario/GuiaInterna/GuiaInterna_Nro_00030185.pdf,document,1965,c74527deceeb5cb1d18b8e7b68d546b6e8ba0404
WebGestor/Inventario/GuiaInterna/GuiaInterna_Nro_00030186.pdf,document,2164,1cccd3d63e2cc36e4c3c772b69a89d4107d4883e
WebGestor/Inventario/GuiaInterna/GuiaInterna_Nro_00030191.pdf,document,1919,c497417f63434f9c5adced8417b470b4968ecd3f
WebGestor/Inventario/GuiaInterna/GuiaInterna_Nro_00030193.pdf,document,1996,b0672e0979ccc403d0c083e14311523e051c937e
WebGestor/Inventario/GuiaInterna/GuiaInterna_Nro_00030194.pdf,document,1941,bbf4ee4b3e342588cb00b212d9eecadccb8420e6
WebGestor/Inventario/GuiaInterna/GuiaInterna_Nro_00030195.pdf,document,1917,226edcc4a38a7f84de4e5f87bbdfd8a46fb8a048
WebGestor/Inventario/GuiaInterna/GuiaInterna_Nro_00030196.pdf,document,1924,214ea09dc98ea157974ebde3e9a55f8dc2aeb46d
WebGestor/Inventario/GuiaInterna/GuiaInterna_Nro_00030198.pdf,document,1868,08f86301d94a8eb0644d36cc6091a126e746a6a2
WebGestor/Inventario/GuiaInterna/GuiaInterna_Nro_00030199.pdf,document,1895,b74c6495e8250254b54b10296ad0e802559bdcd0
WebGestor/Inventario/GuiaInterna/GuiaInterna_Nro_00030200.pdf,document,1894,7b0d41f8e75222d5fc16b3b41f0ac18f7894eec9
WebGestor/Inventario/GuiaInterna/GuiaInterna_Nro_00030202.pdf,document,1886,4cd8ebf927f903d5b19868da2d70d8e46d9a57b7
WebGestor/Inventario/GuiaInterna/GuiaInterna_Nro_00030205.pdf,document,1900,581f6746d7bfdaddbf9029108407b5bda03b506f
WebGestor/Inventario/GuiaInterna/GuiaInterna_Nro_00030206.pdf,document,1879,5a5112765b562e8b5ab11c6e96a2ad89b7890973
WebGestor/Inventario/GuiaInterna/GuiaInterna_Nro_00030209.pdf,document,1961,3c0f4039cb9118f5c15f12fb38970f83ccb4bc88
WebGestor/Inventario/GuiaInterna/GuiaInterna_Nro_00030210.pdf,document,1902,a1bca23a8165757695b580bd06189a7119a68e70
WebGestor/Inventario/GuiaInterna/GuiaInterna_Nro_00030213.pdf,document,1936,8fa71522b9593bde08ebfb7c240f54201166d657
WebGestor/Inventario/GuiaInterna/GuiaInterna_Nro_00030220.pdf,document,1906,4b6eeb1d0cd47ad01ddc55e0167e14fa90d3ac40
WebGestor/Inventario/GuiaInterna/GuiaInterna_Nro_00030221.pdf,document,1982,1c27a24f26811cc6c9d69a608c317adf030c9996
WebGestor/Inventario/GuiaInterna/GuiaInterna_Nro_00030222.pdf,document,1895,ddaa23953e2c8d1ea23d8c37c1ef62a5a26b6861
WebGestor/Inventario/GuiaInterna/GuiaInterna_Nro_00030223.pdf,document,1925,3b6c7de2c311ea18db3832db9c7a24811a19a367
WebGestor/Inventario/GuiaInterna/GuiaInterna_Nro_00030224.pdf,document,1984,ddb62943a639c87c3a45213768d36075678aa5f5
WebGestor/Inventario/GuiaInterna/GuiaInterna_Nro_00030226.pdf,document,1926,ba23868847787365c1c0090c1aeb025bed85f0b5
WebGestor/Inventario/GuiaInterna/GuiaInterna_Nro_00030227.pdf,document,1949,53e939bad04a1a67e5cd76ec38fb40c9c368623c
WebGestor/Inventario/GuiaInterna/GuiaInterna_Nro_00030228.pdf,document,1920,1e17e38d7ed9553040c8cb87c65db4024bd0186b
WebGestor/Inventario/GuiaInterna/GuiaInterna_Nro_00030231.pdf,document,1943,0dda5b190989a657b616ea85305d17396f8f6444
WebGestor/Inventario/GuiaInterna/GuiaInterna_Nro_00030232.pdf,document,1939,e9ebae34b100f3ad5a30d52200997bf742815f68
WebGestor/Inventario/GuiaInterna/GuiaInterna_Nro_00030234.pdf,document,1881,f6c30a3f7cd8c09751fe43763395c53c5602a46c
WebGestor/Inventario/GuiaInterna/GuiaInterna_Nro_00030235.pdf,document,2117,315a5a72aeaba7e84ae40dd7c1d66a601a0c07b0
WebGestor/Inventario/GuiaInterna/GuiaInterna_Nro_00030239.pdf,document,1957,bd5af164f7179653a47e3d2fe7a9e64ad28d7542
WebGestor/Inventario/GuiaInterna/GuiaInterna_Nro_00030240.pdf,document,1931,46373291409c196fcba5a54b7f3e055c164a7852
WebGestor/Inventario/GuiaInterna/GuiaInterna_Nro_00030241.pdf,document,1893,14ec0acc7adbee488434a5716173dd7b3df64f6e
WebGestor/Inventario/GuiaInterna/GuiaInterna_Nro_00030246.pdf,document,1919,5d2533cec47e1652aa76083767fd60109c301247
WebGestor/Inventario/GuiaInterna/GuiaInterna_Nro_00030248.pdf,document,1919,36e40d46f8f9508d010b9180886b2c115351b661
WebGestor/Inventario/GuiaInterna/GuiaInterna_Nro_00030249.pdf,document,1914,7e1e657cc6fcb1bbbbc82bb4e01e692e02c7ae06
WebGestor/Inventario/GuiaInterna/GuiaInterna_Nro_00030250.pdf,document,1912,611eeb1c257fdfce57e5498db5d6caa92b375108
WebGestor/Inventario/GuiaInterna/GuiaInterna_Nro_00030251.pdf,document,2006,d36dd1be2eee89a65b1c6c179167232b1a4e4f9e
WebGestor/Inventario/GuiaInterna/GuiaInterna_Nro_00030252.pdf,document,1971,01cc4cfcc771d27d9c56d5c8b7e98271d26109f4
WebGestor/Inventario/GuiaInterna/GuiaInterna_Nro_00030253.pdf,document,1895,df91a2a41174f4d0587a341d28105adbe799e7a7
WebGestor/Inventario/GuiaInterna/GuiaInterna_Nro_00030255.pdf,document,1920,fba775ecf282c84533e492c2b7a756380f928b24
WebGestor/Inventario/GuiaInterna/GuiaInterna_Nro_00030262.pdf,document,1931,75ac2d3be463760ac38355d3ec072ec06c94c564
WebGestor/Inventario/GuiaInterna/GuiaInterna_Nro_00030263.pdf,document,2012,0b46e025b09cfd98d9cd7b493f34060b8592eb12
WebGestor/Inventario/GuiaInterna/GuiaInterna_Nro_00030264.pdf,document,1934,253fbbd51d160717eca298c13b592ea0af4bd16c
WebGestor/Inventario/GuiaInterna/GuiaInterna_Nro_00030265.pdf,document,1975,dfa8b027eb283867a1d968bf0f2751c3c0a4bf05
WebGestor/Inventario/GuiaInterna/GuiaInterna_Nro_00030266.pdf,document,1932,59b168ac96f23e7640c9c46020bcb6a93277132b
WebGestor/Inventario/GuiaInterna/GuiaInterna_Nro_00030267.pdf,document,2002,1f14e37b986d01225b84de4a4adc2e4869b11da2
WebGestor/Inventario/GuiaInterna/GuiaInterna_Nro_00030268.pdf,document,1995,4150fcc56575352c4d2e0aadeddee41da273d4d5
WebGestor/Inventario/GuiaInterna/GuiaInterna_Nro_00030273.pdf,document,2214,05233ab9c7a6c9ab8000286736803289ed7bbc93
WebGestor/Inventario/GuiaInterna/GuiaInterna_Nro_00030275.pdf,document,1906,6483506870d3bc83b78b562015d11390db337d26
WebGestor/Inventario/GuiaInterna/GuiaInterna_Nro_00030276.pdf,document,1942,88ce1e145ab3c919d716f2db4c5bd3e0f1e4416d
WebGestor/Inventario/GuiaInterna/GuiaInterna_Nro_00030277.pdf,document,1959,f4a7a1fdaab64a77eb4e23be6f89c90fbaeac4de
WebGestor/Inventario/GuiaInterna/GuiaInterna_Nro_00030278.pdf,document,1953,b6b6c0bd10070388a26eafbb8bea57c4e950da74
WebGestor/Inventario/GuiaInterna/GuiaInterna_Nro_00030279.pdf,document,1905,078a544f8d07d92274c3f29840f76f9b3c44ad37
WebGestor/Inventario/GuiaInterna/GuiaInterna_Nro_00030280.pdf,document,1937,98f4f1d68c07534ed4efe6c42de72736bdca1046
WebGestor/Inventario/GuiaInterna/GuiaInterna_Nro_00030281.pdf,document,1894,088795ab55ba4088d608d51303c3fa75964f0253
WebGestor/Inventario/GuiaInterna/GuiaInterna_Nro_00030282.pdf,document,1918,0109b0d18ddc02d7823edf5222a6f99e6a434fc2
WebGestor/Inventario/GuiaInterna/GuiaInterna_Nro_00030289.pdf,document,1896,f7bb2bf99d907b1dc25c1e05f2ec9cc561ce358e
WebGestor/Inventario/GuiaInterna/GuiaInterna_Nro_00031094.pdf,document,1903,b06077ed04a3fb164c7f75f2be6351c2e1dd053c
WebGestor/Inventario/GuiaInterna/GuiaInterna_Nro_00031500.pdf,document,1956,5c4c726b70543e7a80cc1fdeac3e111ef1048814
WebGestor/Inventario/GuiaInterna/GuiaInterna_Nro_00031501.pdf,document,1928,bf045ccb019050789378ff4bd3a935a8f12d4748
WebGestor/Inventario/GuiaInterna/GuiaInterna_Nro_00031502.pdf,document,1933,687737faf6779078a767f5f495046253445389b9
WebGestor/Inventario/GuiaInterna/GuiaInterna_Nro_00031503.pdf,document,1929,95a7a8a66dffb6946a632eb898a6f6cb89a2d575
WebGestor/Inventario/GuiaInterna/GuiaInterna_Nro_00031504.pdf,document,1908,45bdb01298e882d3ebb9be6a2103851a1a255a60
WebGestor/Inventario/GuiaInterna/GuiaInterna_Nro_00031505.pdf,document,1916,cd79b3279ca8b4723dd037c95f1621b761d287bd
WebGestor/Inventario/GuiaInterna/GuiaInterna_Nro_00031516.pdf,document,2021,561cde11acb3cd608eefc97bb2c76f7436cc7ad8
WebGestor/Inventario/GuiaInterna/GuiaInterna_Nro_00031517.pdf,document,2126,4560f1a7eeb4031eccf3c34a64f79ce6121c3835
WebGestor/Inventario/GuiaInterna/GuiaInterna_Nro_00031520.pdf,document,2284,e3b7072fbddc94b4122e0c1c31741a2d30cce875
WebGestor/Inventario/GuiaInterna/GuiaInterna_Nro_00031521.pdf,document,1899,8cffbd3e863ce757a4c40e3b39d80039e2c58ed7
WebGestor/Inventario/GuiaInterna/GuiaInterna_Nro_00031522.pdf,document,1890,9d55e538dd9cc1f6b82340d93670012adfdac3e8
WebGestor/Inventario/GuiaInterna/GuiaInterna_Nro_00031524.pdf,document,1915,8fc00be3e54fe917b2a435c9ed09afea06721e8c
WebGestor/Inventario/GuiaInterna/GuiaInterna_Nro_00031526.pdf,document,1894,e0677d0bb5e43b86f9e7239826bcb97dd5c0865e
WebGestor/Inventario/GuiaInterna/GuiaInterna_Nro_00031527.pdf,document,1913,3b1c3d3a83b0b4bd63bf3fac4721b92e30750812
WebGestor/Inventario/GuiaInterna/GuiaInterna_Nro_00031528.pdf,document,1919,aa7c23eea26fbc61d0230ba84970bf7220622b08
WebGestor/Inventario/GuiaInterna/GuiaInterna_Nro_00031530.pdf,document,1939,fde0628d09e1eefc3ba2b855fa0aa439310b1924
WebGestor/Inventario/GuiaInterna/GuiaInterna_Nro_00031531.pdf,document,1898,b209a2ced1b5071bfc9d6d5bbc672a0125620cf9
WebGestor/Inventario/GuiaInterna/GuiaInterna_Nro_00031532.pdf,document,1887,d04aa6ebc765cd90d43a6b6459eb68372de3ad9e
WebGestor/Inventario/GuiaInterna/GuiaInterna_Nro_00031533.pdf,document,1901,cac8f3bc06f190d6779e65be3251792f6988453a
WebGestor/Inventario/GuiaInterna/GuiaInterna_Nro_00031534.pdf,document,1965,a67bca4b4f82335dc5169b532e1f265692fa7ae2
WebGestor/Inventario/GuiaInterna/GuiaInterna_Nro_00031541.pdf,document,1887,8b7e79a51da3c4db6372c79b50e70f991d5028ce
WebGestor/Inventario/GuiaInterna/GuiaInterna_Nro_00031542.pdf,document,1900,a6710d9ef1f5fc11b395d97d0dac3fe2f0aeeec3
WebGestor/Inventario/GuiaInterna/GuiaInterna_Nro_00031543.pdf,document,1877,5c4c8db77e7886afe2d8d6b62822ad46b438c90c
WebGestor/Inventario/GuiaInterna/GuiaInterna_Nro_00031544.pdf,document,1900,6b5bfeb3ee607b20c1299434ab46815c60354d71
WebGestor/Inventario/GuiaInterna/GuiaInterna_Nro_00031546.pdf,document,1886,2adb9a785626c55ef54873bb1f375413778a43ca
WebGestor/Inventario/GuiaInterna/GuiaInterna_Nro_00031547.pdf,document,1890,cfcda62f8bf209768d2ec20c1ff1bea830315b9b
WebGestor/Inventario/GuiaInterna/GuiaInterna_Nro_00031554.pdf,document,1931,3e918e6bff212f3c44a8c8879ef1a44564b51101
WebGestor/Inventario/GuiaInterna/GuiaInterna_Nro_00031557.pdf,document,1995,1386a934d742f911fc35982f2dbd0b978462a0ba
WebGestor/Inventario/GuiaInterna/GuiaInterna_Nro_00031560.pdf,document,1875,a51352712fb5c26e8ec3270fd7768c7deaaf5b5d
WebGestor/Inventario/GuiaInterna/GuiaInterna_Nro_00031561.pdf,document,1898,8344ae11f646a4281a5f009e882e16bb598f848a
WebGestor/Inventario/GuiaInterna/GuiaInterna_Nro_00031562.pdf,document,1887,0cf1e7051adc01bcb672be656d792611071acc55
WebGestor/Inventario/GuiaInterna/GuiaInterna_Nro_00031564.pdf,document,2304,8738b8deac89faaf95c608b45c009f3c788ff1c5
WebGestor/Inventario/GuiaInterna/GuiaInterna_Nro_00031565.pdf,document,1912,dca0a31f865ca34fe12618be7c6e1b81d25ff795
WebGestor/Inventario/GuiaInterna/GuiaInterna_Nro_00031566.pdf,document,1899,a0efe7aa9d2e645402a622ba57e9f81ac28a1203
WebGestor/Inventario/GuiaInterna/GuiaInterna_Nro_00031567.pdf,document,1931,714d573e86fd581c684cc858d424a43b759db455
WebGestor/Inventario/GuiaInterna/GuiaInterna_Nro_00031570.pdf,document,1953,0ff68232b0bbb7b7fff02cea1dbe8cadca9870ec
WebGestor/Inventario/GuiaInterna/GuiaInterna_Nro_00031573.pdf,document,1905,3e14a60c12d172f486e03442b5c996822ef7f6ac
WebGestor/Inventario/GuiaInterna/GuiaInterna_Nro_00031575.pdf,document,1896,e3e4701de0640223cb6624a5194a6b439e008637
WebGestor/Inventario/GuiaInterna/GuiaInterna_Nro_00031576.pdf,document,1962,9bd0597db4a0f115a2890ba37d2903aa2d945e69
WebGestor/Inventario/GuiaInterna/GuiaInterna_Nro_00031579.pdf,document,1925,93e90ea6ac937da21a2f36e11fa5cd28eb33230f
WebGestor/Inventario/GuiaInterna/GuiaInterna_Nro_00031582.pdf,document,1895,c2c67d9da8a5d66c8de8e9c19463a51b6b3ead9d
WebGestor/Inventario/GuiaInterna/GuiaInterna_Nro_00031598.pdf,document,2001,13b4d2ef36468263e82019c6ad38d1aa894a7306
WebGestor/Inventario/GuiaInterna/GuiaInterna_Nro_00031606.pdf,document,1894,20dc9fc8962fed10754a09994f869a4b7fede6eb
WebGestor/Inventario/GuiaInterna/GuiaInterna_Nro_00031607.pdf,document,1979,e78824475b1378af42a457e3a02b762dba589161
WebGestor/Inventario/GuiaInterna/GuiaInterna_Nro_00031608.pdf,document,1895,6ccc6a900460338d5192ffd18f8ffe504b1894eb
WebGestor/Inventario/GuiaInterna/GuiaInterna_Nro_00031610.pdf,document,1901,34c149dc7b5f517f618e37373cbede2ed6e5c543
WebGestor/Inventario/GuiaInterna/GuiaInterna_Nro_00031611.pdf,document,1960,80b979f38bc336989396362837dbb8c3f9402f8c
WebGestor/Inventario/GuiaInterna/GuiaInterna_Nro_00031612.pdf,document,1976,1903e405e057d080ca4782bf14e7faaa319377a9
WebGestor/Inventario/GuiaInterna/GuiaInterna_Nro_00031617.pdf,document,1889,f00829fa89d4fbaaaeae5e2ecbda2afe75ff5ae8
WebGestor/Inventario/GuiaInterna/GuiaInterna_Nro_00031618.pdf,document,1898,bf84aa4a2fc938539f54970689c9e075c8461c4a
WebGestor/Inventario/GuiaInterna/GuiaInterna_Nro_00031619.pdf,document,1890,0bcc12e66639d44e31e8a368543005e3527521de
WebGestor/Inventario/GuiaInterna/GuiaInterna_Nro_00031620.pdf,document,1876,9888e7f2e17b6efafb64f497653047cd7f6e4b9d
WebGestor/Inventario/GuiaInterna/GuiaInterna_Nro_00031621.pdf,document,1888,cef58d218d97d29596d37ae3fbce0e9e2ddb72b6
WebGestor/Inventario/GuiaInterna/GuiaInterna_Nro_00031624.pdf,document,1881,97447c341ce9a7b0d1dfe2d224fab2494fbe02c6
WebGestor/Inventario/GuiaInterna/GuiaInterna_Nro_00031625.pdf,document,1878,662a15b0febbeeabec09192f1c695f946bd5d89b
WebGestor/Inventario/GuiaInterna/GuiaInterna_Nro_00031626.pdf,document,1880,4d1d4ca592109dc286584293c24f0d0df81d923c
WebGestor/Inventario/GuiaInterna/GuiaInterna_Nro_00031627.pdf,document,1884,aa55fbd70e8a58be1db2b74c615d968117a4eb9c
WebGestor/Inventario/GuiaInterna/GuiaInterna_Nro_00031629.pdf,document,1907,14637632a0c9027e763263d3c981b5c8ecbdc96a
WebGestor/Inventario/GuiaInterna/GuiaInterna_Nro_00031632.pdf,document,1893,5e074c6c0f6e7f777dfa1ba3558c2a71243d9343
WebGestor/Inventario/GuiaInterna/GuiaInterna_Nro_00031634.pdf,document,1897,ab24f8cabad9a10600cdc25a6e8909e1fb672645
WebGestor/Inventario/GuiaInterna/GuiaInterna_Nro_00031635.pdf,document,1933,144322eda691e6ef14bab76d8648ff7d418c4327
WebGestor/Inventario/GuiaInterna/GuiaInterna_Nro_00031640.pdf,document,1883,e70d608fe6eb1a009078d1bdcaa8de8de3d2c977
WebGestor/Inventario/GuiaInterna/GuiaInterna_Nro_00031641.pdf,document,1889,30a6a60e02f83f90a3f3a52e33dee1a3504fd16c
WebGestor/Inventario/GuiaInterna/GuiaInterna_Nro_00031642.pdf,document,1895,f93136940bb214f554f775fb273a97555a330f65
WebGestor/Inventario/GuiaInterna/GuiaInterna_Nro_00031643.pdf,document,1891,ed12f5286ebfad660221af78f1b88ef355c716a7
WebGestor/Inventario/GuiaInterna/GuiaInterna_Nro_00031644.pdf,document,1880,b74b88093861226cf1e7119b7fc599c4c94d806d
WebGestor/Inventario/GuiaInterna/GuiaInterna_Nro_00031645.pdf,document,1889,babbca06758469e19aed7856c5cb4b9207b69ce8
WebGestor/Inventario/GuiaInterna/GuiaInterna_Nro_00031646.pdf,document,1882,1e5853bcb924af02a4427d84ee348d118df983b0
WebGestor/Inventario/GuiaInterna/GuiaInterna_Nro_00031647.pdf,document,1882,899f0aa9fb7ede8018c5942168371c5f389c5048
WebGestor/Inventario/GuiaInterna/GuiaInterna_Nro_00031648.pdf,document,1886,082a4141f5eee1d090b27748d1587a36364279af
WebGestor/Inventario/GuiaInterna/GuiaInterna_Nro_00031649.pdf,document,1914,1db174e3886024f19aa342ba43e4b6282d29de78
WebGestor/Inventario/GuiaInterna/GuiaInterna_Nro_00031650.pdf,document,1900,606eac401731c0c547cdcc1ca0162b5140259b12
WebGestor/Inventario/GuiaInterna/GuiaInterna_Nro_00031651.pdf,document,1913,6ef939cf8d129c443f0f28ee1b09cd255f65c31a
WebGestor/Inventario/GuiaInterna/GuiaInterna_Nro_00031655.pdf,document,1926,d16b4e97a7765d1de952631875e832170b929fc7
WebGestor/Inventario/GuiaInterna/GuiaInterna_Nro_00031657.pdf,document,1885,eb72e909ee3bba7cbe3a50836c58968e67fc8ab1
WebGestor/Inventario/GuiaInterna/GuiaInterna_Nro_00031658.pdf,document,1892,edaae7d402e2ad829bc69a5d79d38ee48343438e
WebGestor/Inventario/GuiaInterna/GuiaInterna_Nro_00031659.pdf,document,1899,ce90d0b2262765a426f7e488b8bd53561b541afd
WebGestor/Inventario/GuiaInterna/GuiaInterna_Nro_00031660.pdf,document,1887,15c7f646ded0734685e2326ee1b4703109a8ac8b
WebGestor/Inventario/GuiaInterna/GuiaInterna_Nro_00031661.pdf,document,1879,b6039bfb997c70835684ca9808a78c474ceba438
WebGestor/Inventario/GuiaInterna/GuiaInterna_Nro_00031662.pdf,document,1882,b1b997d66f18bee42518124aa7ecc6fc199b4c6e
WebGestor/Inventario/GuiaInterna/GuiaInterna_Nro_00031663.pdf,document,1896,520f2fb779d895c7276e30fbb90c57f167a2d38f
WebGestor/Inventario/GuiaInterna/GuiaInterna_Nro_00031664.pdf,document,1882,755fe9201d7c132e009a6dd7a5cc80ecfab4cc83
WebGestor/Inventario/GuiaInterna/GuiaInterna_Nro_00031665.pdf,document,1890,b5f2911119e78d3cae01dcbf0fcb7a23bd0d9c3a
WebGestor/Inventario/GuiaInterna/GuiaInterna_Nro_00031666.pdf,document,1952,e60ffb75be832e7745b1612ddd78b195f30fd12e
WebGestor/Inventario/GuiaInterna/GuiaInterna_Nro_00031667.pdf,document,1894,06bd980f83ddf1a3f15d1480f9f5efd0941c2d05
WebGestor/Inventario/GuiaInterna/GuiaInterna_Nro_00031668.pdf,document,1924,5022c430396a22e70e38122075a81e2fa45bde28
WebGestor/Inventario/GuiaInterna/GuiaInterna_Nro_00031669.pdf,document,2091,9c729bb0742b4f6885f5779323825b0ebef615df
WebGestor/Inventario/GuiaInterna/GuiaInterna_Nro_00031674.pdf,document,1893,a94229a35b87f96cd4a743915ea4c06dc654d15a
WebGestor/Inventario/GuiaInterna/GuiaInterna_Nro_00031675.pdf,document,1947,185d6cda1256c941f481898a756b5fa22751f267
WebGestor/Inventario/GuiaInterna/GuiaInterna_Nro_00031676.pdf,document,1976,dce8bb8cc556e084d8b0e2de1c20969227e00c41
WebGestor/Inventario/GuiaInterna/GuiaInterna_Nro_00031677.pdf,document,1901,a9c968c967f5ef978be4f23f1fab91a94f8a48b3
WebGestor/Inventario/GuiaInterna/GuiaInterna_Nro_00031679.pdf,document,1982,e18bdb7938edf03bd0e2c9c3cfd719b29efa1b72
WebGestor/Inventario/GuiaInterna/GuiaInterna_Nro_00031681.pdf,document,1896,cebe12f1253e380b818f807eb80f0fd9c02d5f75
WebGestor/Inventario/GuiaInterna/GuiaInterna_Nro_00031682.pdf,document,2092,d0a39df2b14d92abf999b986a47d3ad87d62acae
WebGestor/Inventario/GuiaInterna/GuiaInterna_Nro_00031684.pdf,document,1940,35f6f87e03ecf469fcdc225bf0f987fb91d8da4d
WebGestor/Inventario/GuiaInterna/GuiaInterna_Nro_00031686.pdf,document,1893,19fd8970d2770dbda509cfaa8ec94e271a5526dc
WebGestor/Inventario/GuiaInterna/GuiaInterna_Nro_00031689.pdf,document,1932,c020ba11db3d2b7ee40fe39f2828dee1708e06ac
WebGestor/Inventario/GuiaInterna/GuiaInterna_Nro_00031691.pdf,document,1914,dc1a190c9ffeb57cf4f8ff7b13275a39857730ce
WebGestor/Inventario/GuiaInterna/GuiaInterna_Nro_00031692.pdf,document,1934,5c98b92e07765f622afabaa5f2fcba0c56d32185
WebGestor/Inventario/GuiaInterna/GuiaInterna_Nro_00031694.pdf,document,1922,855bcb401e35446511659339d6482be349e5ee20
WebGestor/Inventario/GuiaInterna/GuiaInterna_Nro_00031695.pdf,document,1905,e4d2ffd10e4987c472493f5491d7ccecbe7d1dc1
WebGestor/Inventario/GuiaInterna/GuiaInterna_Nro_00031696.pdf,document,1893,ea000966a2d8303b4ffc279651849d0935e74e07
WebGestor/Inventario/GuiaInterna/GuiaInterna_Nro_00031697.pdf,document,1962,7f687e5d8838c9b4c6a6f6cddd50d3075d2ed677
WebGestor/Inventario/GuiaInterna/GuiaInterna_Nro_00031698.pdf,document,1947,7697f23bc7826ef42d741a0ade32e48b2630fb98
WebGestor/Inventario/GuiaInterna/GuiaInterna_Nro_00031701.pdf,document,2003,5631c1201d3bced103d05cf6ae4a3e71fe9f8146
WebGestor/Inventario/GuiaInterna/GuiaInterna_Nro_00031702.pdf,document,1984,609446ec0da9001266083da312e483b8e5c8b0db
WebGestor/Inventario/GuiaInterna/GuiaInterna_Nro_00031706.pdf,document,1952,e04b6b1d5e18af228b70a120cc0b4c95554ea235
WebGestor/Inventario/GuiaInterna/GuiaInterna_Nro_00031711.pdf,document,1997,0ee419096a1bf6676cffdaff1c3e4589625848cc
WebGestor/Inventario/GuiaInterna/GuiaInterna_Nro_00031722.pdf,document,1931,4628cefcdd8c66e92d68f77034519c8dbfa129a8
WebGestor/Inventario/GuiaInterna/GuiaInterna_Nro_00031723.pdf,document,2016,c3af5b5f4c4ed4d710507aba41bf8b66f19132a7
WebGestor/Inventario/GuiaInterna/GuiaInterna_Nro_00031725.pdf,document,1942,674018b8e6a101ca68bac8256a967d22d4503288
WebGestor/Inventario/GuiaInterna/GuiaInterna_Nro_00031726.pdf,document,1936,a6716cfa275dc924b1baf8d67d52b079cf5780d4
WebGestor/Inventario/GuiaInterna/GuiaInterna_Nro_00031733.pdf,document,2014,650ad1f4df7f79535e0583b1247edcd1f735012c
WebGestor/Inventario/GuiaInterna/GuiaInterna_Nro_00031734.pdf,document,1929,38655df01011d81e46f3f1a9a03b8472f6aa0420
WebGestor/Inventario/GuiaInterna/GuiaInterna_Nro_00031736.pdf,document,1881,b335608f6336417cff4c45c6174e17fae992885a
WebGestor/Inventario/GuiaInterna/GuiaInterna_Nro_00031741.pdf,document,1911,833a22bc60555345a0a120c2528690d6033971a3
WebGestor/Inventario/GuiaInterna/GuiaInterna_Nro_00031744.pdf,document,1921,a45a9a23dfb5a9b6eab9121ffb889b5df33e722e
WebGestor/Inventario/GuiaInterna/GuiaInterna_Nro_00031745.pdf,document,1964,e13c014284c6586670e4b513f6f562294b276ea1
WebGestor/Inventario/GuiaInterna/GuiaInterna_Nro_00031747.pdf,document,1996,b2d2c7594cd98716c4fe22b7868bb0e522989280
WebGestor/Inventario/GuiaInterna/GuiaInterna_Nro_00031748.pdf,document,1884,0dec1af8cb7742e0a3e0e94cb69c2eec63dbe59f
WebGestor/Inventario/GuiaInterna/GuiaInterna_Nro_00031749.pdf,document,1906,200decbdbec273537e881af9ab1dfcae0994705d
WebGestor/Inventario/GuiaInterna/GuiaInterna_Nro_00031752.pdf,document,1899,c25c7d0cf09873f43f8bfd2fc170e133950139bc
WebGestor/Inventario/GuiaInterna/GuiaInterna_Nro_00031753.pdf,document,1931,aa262b5b81da7ac1e46dd7dc68f0ae7ac3e16be6
WebGestor/Inventario/GuiaInterna/GuiaInterna_Nro_00031756.pdf,document,2402,9e4f5fcc6e672dfa3c2bee352b297e6df2ea6a83
WebGestor/Inventario/GuiaInterna/GuiaInterna_Nro_00031760.pdf,document,1893,5509cd921f79e175321e70151d991fb565cd5489
WebGestor/Inventario/GuiaInterna/GuiaInterna_Nro_00031766.pdf,document,2695,f6c98014a4d2d049975a4bfcea86f937c33cdccb
WebGestor/Inventario/GuiaInterna/GuiaInterna_Nro_00031767.pdf,document,1907,a4a7ff0a2de90924bc2a45ec415fd1a3dbd700ea
WebGestor/Inventario/GuiaInterna/GuiaInterna_Nro_00031770.pdf,document,1890,fb55ecfd75d4351cac99c88b52dcf978f4235b26
WebGestor/Inventario/GuiaInterna/GuiaInterna_Nro_00031773.pdf,document,2030,9bc53eb7376fa7e6bc5a7e4b852810e4fed8a384
WebGestor/Inventario/GuiaInterna/GuiaInterna_Nro_00031789.pdf,document,1973,5f778575f0f773553c7478dac60db751cc88cc91
WebGestor/Inventario/GuiaInterna/GuiaInterna_Nro_00031790.pdf,document,2075,59395ae3791375ba8e0e39e6cb1e40b2338371d8
WebGestor/Inventario/GuiaInterna/GuiaInterna_Nro_00031791.pdf,document,2067,b57b1e70d2ceb2111240eaf3bd17eb503e85ec33
WebGestor/Inventario/GuiaInterna/GuiaInterna_Nro_00031792.pdf,document,1980,b188d57d52533f9a17d4009f53bdd9d6f36d5503
WebGestor/Inventario/GuiaInterna/GuiaInterna_Nro_00031793.pdf,document,1935,69b50b40fb2f57ea3362b72748818264fc73f00a
WebGestor/Inventario/GuiaInterna/GuiaInterna_Nro_00031816.pdf,document,1909,a4d8606171331020b5fa01d04decc1df703b1a9f
WebGestor/Inventario/GuiaInterna/GuiaInterna_Nro_00031822.pdf,document,1954,1101bb7892d990d3294142243a3f1a7dd0c2e96c
WebGestor/Inventario/GuiaInterna/GuiaInterna_Nro_00031823.pdf,document,1912,d64fefbac66ace3bcbb50560ed41504267ccbc87
WebGestor/Inventario/GuiaInterna/GuiaInterna_Nro_00031824.pdf,document,1984,243afe848ddc6020c441296f43e2c502a17379fa
WebGestor/Inventario/GuiaInterna/GuiaInterna_Nro_00031826.pdf,document,1899,f29ee28788ca89af18388addb4c964ee698f457d
WebGestor/Inventario/GuiaInterna/GuiaInterna_Nro_00031829.pdf,document,2028,81f9c72ab3bfe04267fb84e3858d4cf304ab204d
WebGestor/Inventario/GuiaInterna/GuiaInterna_Nro_00031830.pdf,document,1991,60df120dc990f76d24da93425a2fbc515394dbcc
WebGestor/Inventario/GuiaInterna/GuiaInterna_Nro_00031832.pdf,document,1895,43a2d8fc6d53acb9d074b4077dc2faef8eeea482
WebGestor/Inventario/GuiaInterna/GuiaInterna_Nro_00031833.pdf,document,1891,a149083ab663540584b6ebaae7539a8439f2b612
WebGestor/Inventario/GuiaInterna/GuiaInterna_Nro_00031836.pdf,document,1954,7a2289dffd78770f38f641d71a221a5ba27be154
WebGestor/Inventario/GuiaInterna/GuiaInterna_Nro_00031838.pdf,document,2109,e5f417914082d933efe90241785728672b0c2d6a
WebGestor/Inventario/GuiaInterna/GuiaInterna_Nro_00031839.pdf,document,2041,2f76e53477e969e809cdc31fb2a6e33fecf65bae
WebGestor/Inventario/GuiaInterna/GuiaInterna_Nro_00031840.pdf,document,1893,77f42348159f70b218c286b88ebcd3f3757d8ca1
WebGestor/Inventario/GuiaInterna/GuiaInterna_Nro_00031841.pdf,document,1922,6105e6f2e21c1626653d5b56c0ff543d53758766
WebGestor/Inventario/GuiaInterna/GuiaInterna_Nro_00031843.pdf,document,1911,db78ab8246185123b766d8644f1dab7a25deab93
WebGestor/Inventario/GuiaInterna/GuiaInterna_Nro_00031844.pdf,document,1997,ba7a52fa8200ad73b8c15d1b334161d76326c35f
WebGestor/Inventario/GuiaInterna/GuiaInterna_Nro_00031846.pdf,document,1928,a04123c9063c769db252e3abe9eeb3a468c5c3f1
WebGestor/Inventario/GuiaInterna/GuiaInterna_Nro_00031847.pdf,document,1891,26e05482255eb44c9ebbb10e1c615a62f4459efd
WebGestor/Inventario/GuiaInterna/GuiaInterna_Nro_00031848.pdf,document,2291,1181e2bbfcbb3977f838d6727603cadf8a3db402
WebGestor/Inventario/GuiaInterna/GuiaInterna_Nro_00031849.pdf,document,1890,3522f4677cad102f225eb4d058384304fedcf4e2
WebGestor/Inventario/GuiaInterna/GuiaInterna_Nro_00031857.pdf,document,2067,be80f1d600c7cb743c158b0763469360001be602
WebGestor/Inventario/GuiaInterna/GuiaInterna_Nro_00031858.pdf,document,1882,59607fcaaa85d852c9d03177106c260eb3fd3557
WebGestor/Inventario/GuiaInterna/GuiaInterna_Nro_00031859.pdf,document,1890,e16f7a480f3c30d5280096971886b69845678e85
WebGestor/Inventario/GuiaInterna/GuiaInterna_Nro_00031860.pdf,document,2042,88278f2ef1ca3841c99ee64ffbfa0c0dad6feaab
WebGestor/Inventario/GuiaInterna/GuiaInterna_Nro_00031863.pdf,document,1910,be07a7aaef37a9c759a3c0b72829a0112b545f70
WebGestor/Inventario/GuiaInterna/GuiaInterna_Nro_00031864.pdf,document,1962,970f20a90e6640781dadc7f772f22e7d6ec574d0
WebGestor/Inventario/GuiaInterna/GuiaInterna_Nro_00031865.pdf,document,1890,af260809b05419b08f84665364e83d45ef918234
WebGestor/Inventario/GuiaInterna/GuiaInterna_Nro_00031866.pdf,document,1910,74cacb8d768749afe7e9e1e8f5f46e2329e8a7a0
WebGestor/Inventario/GuiaInterna/GuiaInterna_Nro_00031867.pdf,document,1892,1c13e16bcb7a45f27bac3fee8499a2f9fe036682
WebGestor/Inventario/GuiaInterna/GuiaInterna_Nro_00031869.pdf,document,1885,e8b96d5d38ac2a401363755412138afb256cb5c6
WebGestor/Inventario/GuiaInterna/GuiaInterna_Nro_00031870.pdf,document,1897,f2dd4f945352f7d75afafd51bf2519e5d40df10e
WebGestor/Inventario/GuiaInterna/GuiaInterna_Nro_00031878.pdf,document,1914,5f6fe1c9ffd9fedea54969d8c22644e82e3f4e33
WebGestor/Inventario/GuiaInterna/GuiaInterna_Nro_00031881.pdf,document,1951,7c33c2bdf66e6d3ee5a60d190169eef729bb4e32
WebGestor/Inventario/GuiaInterna/GuiaInterna_Nro_00031882.pdf,document,1885,52891b96adf8f4dcb455020c2a42941c334976be
WebGestor/Inventario/GuiaInterna/GuiaInterna_Nro_00031883.pdf,document,1889,800a3a2d8550adb025e59e6b173911c9acd5aa60
WebGestor/Inventario/GuiaInterna/GuiaInterna_Nro_00031885.pdf,document,1891,20a23e2eff9521e6d4d28aeec37266a799dfb870
WebGestor/Inventario/GuiaInterna/GuiaInterna_Nro_00031887.pdf,document,1902,6f86ca6385a1b6d6971f30c29ef44091618286d0
WebGestor/Inventario/GuiaInterna/GuiaInterna_Nro_00031888.pdf,document,1883,2c478002abaf7891d9b4e9782e32e0337a04430e
WebGestor/Inventario/GuiaInterna/GuiaInterna_Nro_00031890.pdf,document,1879,26bcde96c9184dadcbd91e0a044d7289e2daf924
WebGestor/Inventario/GuiaInterna/GuiaInterna_Nro_00031891.pdf,document,1878,500fc81264c6d521512f6a342eefa908359f2ce5
WebGestor/Inventario/GuiaInterna/GuiaInterna_Nro_00031892.pdf,document,1967,a31cf6d0fe4dbacf14c3457f1bda2eb4aad44b09
WebGestor/Inventario/GuiaInterna/GuiaInterna_Nro_00031893.pdf,document,1965,5352f456e51d8700a2febc0efbc8df18ac842ef2
WebGestor/Inventario/GuiaInterna/GuiaInterna_Nro_00031894.pdf,document,1948,f067afcf78ede169a09711dbfe852be23e01da03
WebGestor/Inventario/GuiaInterna/GuiaInterna_Nro_00031895.pdf,document,1966,8b0fd38eca756724a84b1a03dbb019b60b715dca
WebGestor/Inventario/GuiaInterna/GuiaInterna_Nro_00031896.pdf,document,1897,043086aa99e21e0131e6ee611ef9c677f0030f9f
WebGestor/Inventario/GuiaInterna/GuiaInterna_Nro_00031897.pdf,document,1909,33116502eba80916ffdeb466da0d3b47e513a4c7
WebGestor/Inventario/GuiaInterna/GuiaInterna_Nro_00031898.pdf,document,1883,99fe770454aecf461c9427fdfe783f9162e97473
WebGestor/Inventario/GuiaInterna/GuiaInterna_Nro_00031899.pdf,document,1895,0d272a9702374f35a24b36be5fde91107933f9dd
WebGestor/Inventario/GuiaInterna/GuiaInterna_Nro_00031900.pdf,document,1886,88fad188c2d2201fb0d5dd41072257f663b77dd1
WebGestor/Inventario/GuiaInterna/GuiaInterna_Nro_00031901.pdf,document,1881,151d142da956cfef058d05b731082558301ca4d2
WebGestor/Inventario/GuiaInterna/GuiaInterna_Nro_00031902.pdf,document,1960,593279d1c343c51a4d7ee345f5aa0fa7c6e6a8fb
WebGestor/Inventario/GuiaInterna/GuiaInterna_Nro_00031903.pdf,document,2041,22071f81d3c2a76bec0441f2e10c70e6ea7e9bc4
WebGestor/Inventario/GuiaInterna/GuiaInterna_Nro_00031904.pdf,document,2001,7df7ee80923243878680698ded5d85b65b1e8c62
WebGestor/Inventario/GuiaInterna/GuiaInterna_Nro_00031905.pdf,document,1949,14ac43525f49699a3352340d8624258ff6bded2c
WebGestor/Inventario/GuiaInterna/GuiaInterna_Nro_00031906.pdf,document,1892,3451216631c0f64dccd19c5db5afbe0f987ce05e
WebGestor/Inventario/GuiaInterna/GuiaInterna_Nro_00031907.pdf,document,1890,9af2dcac97ce24880c5733dc45f6238213304f27
WebGestor/Inventario/GuiaInterna/GuiaInterna_Nro_00031908.pdf,document,1884,c093a077d53fdf486a1f6af01544b4c62e267558
WebGestor/Inventario/GuiaInterna/GuiaInterna_Nro_00031909.pdf,document,1962,7d64fdf1b45b01fb4b4f138871929029ec813f40
WebGestor/Inventario/GuiaInterna/GuiaInterna_Nro_00031910.pdf,document,1889,6a0c0cc245f53b7a330f0413641aefee255c1eaa
WebGestor/Inventario/GuiaInterna/GuiaInterna_Nro_00031911.pdf,document,1887,803e6056964d63e7cdbe7623c13f9762f9030e4e
WebGestor/Inventario/GuiaInterna/GuiaInterna_Nro_00031912.pdf,document,1901,412d07f06cc484cbf30546fee1090a4524ac004f
WebGestor/Inventario/GuiaInterna/GuiaInterna_Nro_00031913.pdf,document,1910,40e33d473c8db9fb244a94984d9416bc22b56a6c
WebGestor/Inventario/GuiaInterna/GuiaInterna_Nro_00031914.pdf,document,1899,318e14fd7e5ce09b55cc8c539b812fdd3cf9ea3a
WebGestor/Inventario/GuiaInterna/GuiaInterna_Nro_00031915.pdf,document,1885,3aad575179883f9e0bf1eee1b466bb65e49b33d0
WebGestor/Inventario/GuiaInterna/GuiaInterna_Nro_00031916.pdf,document,1892,26728ff0f61d5119eaa5b21025d0c73158a9f8c2
WebGestor/Inventario/GuiaInterna/GuiaInterna_Nro_00031917.pdf,document,1903,debf7c16394f08c97209ef7effb0a397ca2a1404
WebGestor/Inventario/GuiaInterna/GuiaInterna_Nro_00031918.pdf,document,1893,bd4d17990476f3fc30f1c9b0ef441fcfbdd02a0e
WebGestor/Inventario/GuiaInterna/GuiaInterna_Nro_00031919.pdf,document,1903,61ef4b023b69023688f98bca10ff86a4ff98e5b9
WebGestor/Inventario/GuiaInterna/GuiaInterna_Nro_00031922.pdf,document,1899,d4793d0896f11b0d8844c14bb4eba0748b2baadc
WebGestor/Inventario/GuiaInterna/GuiaInterna_Nro_00031925.pdf,document,1930,5c83a7332e424ba9f2d8d7fb0ce3755a93a7b18b
WebGestor/Inventario/GuiaInterna/GuiaInterna_Nro_00031930.pdf,document,1952,df7972b78bea810533e7190b1b49a14ca773f8e5
WebGestor/Inventario/GuiaInterna/GuiaInterna_Nro_00031931.pdf,document,1887,7ca02e4453872fdd9371a92d72d24b42c46ab021
WebGestor/Inventario/GuiaInterna/GuiaInterna_Nro_00031932.pdf,document,1895,3c4664cf3e4ba5f96918f0d8b1ee594832ffb4f0
WebGestor/Inventario/GuiaInterna/GuiaInterna_Nro_00031933.pdf,document,1894,af425ecb39cc4b50dd8b15ad7905f9b91c724f85
WebGestor/Inventario/GuiaInterna/GuiaInterna_Nro_00031934.pdf,document,1901,1669a3cc4d1cf020eb08f4fd3111313dddfce681
WebGestor/Inventario/GuiaInterna/GuiaInterna_Nro_00031935.pdf,document,1890,9ad0d739959087db562a9c13c6779a51c91f9f46
WebGestor/Inventario/GuiaInterna/GuiaInterna_Nro_00031941.pdf,document,1894,a14ab758a2a88a35af9d9d0cdb02eb2907b7a27e
WebGestor/Inventario/GuiaInterna/GuiaInterna_Nro_00031943.pdf,document,1914,7f4650f5cb43703877fbb45f3514c1bcd98d5fe6
WebGestor/Inventario/GuiaInterna/GuiaInterna_Nro_00031944.pdf,document,2020,c4849feff291ca565ebbbb4e58274025b3396ddd
WebGestor/Inventario/GuiaInterna/GuiaInterna_Nro_00031945.pdf,document,1904,10fdbc7eefb6262c1045009cf3016df3943d9b45
WebGestor/Inventario/GuiaInterna/GuiaInterna_Nro_00031946.pdf,document,1923,d13cbdd3bb68ee47fe0fdd4ee1a6136ccf80f872
WebGestor/Inventario/GuiaInterna/GuiaInterna_Nro_00031947.pdf,document,1937,0955316cb2631e1f3ebf656b4f9f4d4c2b1a332b
WebGestor/Inventario/GuiaInterna/GuiaInterna_Nro_00031948.pdf,document,1965,587e9ad52730f5f9549d0bf066a58fe485bab3d2
WebGestor/Inventario/GuiaInterna/GuiaInterna_Nro_00031955.pdf,document,1976,c84a1a3aa63430e524dd750cf86ecc46c6320e98
WebGestor/Inventario/GuiaInterna/GuiaInterna_Nro_00031956.pdf,document,2192,40c3e88560d0d943e11d2c49c8ac3e3ecc8e1fa1
WebGestor/Inventario/GuiaInterna/GuiaInterna_Nro_00031957.pdf,document,1962,2c8d92de5384874e29ba08c6c60cb3390b459fe8
WebGestor/Inventario/GuiaInterna/GuiaInterna_Nro_00031958.pdf,document,1979,855b44887e4da7f5b87b86b34310c7e435b1c415
WebGestor/Inventario/GuiaInterna/GuiaInterna_Nro_00031959.pdf,document,1904,8f3b644e41f6d3aced0c3d2ca790438877726243
WebGestor/Inventario/GuiaInterna/GuiaInterna_Nro_00031960.pdf,document,1965,0a87d4aa72495fadbe7e0ae48ded07b34aac5df3
WebGestor/Inventario/GuiaInterna/GuiaInterna_Nro_00031961.pdf,document,1911,760b13ef6f4ebd5d3dad5b2feafab3ec8150959b
WebGestor/Inventario/GuiaInterna/GuiaInterna_Nro_00031962.pdf,document,2155,dee4ec7c1ea61dac64ab82e744018daa936cb36d
WebGestor/Inventario/GuiaInterna/GuiaInterna_Nro_00031968.pdf,document,1889,43c3ad2116b9aac86015af75ab62e3cce1e3ddc8
WebGestor/Inventario/GuiaInterna/GuiaInterna_Nro_00031969.pdf,document,1986,b0d848ee767a8b2f8ae5830728e7eb3d1ab86c6b
WebGestor/Inventario/GuiaInterna/GuiaInterna_Nro_00031970.pdf,document,1907,c43f2c0b5927a21317fb940d7812d6a86dd28eed
WebGestor/Inventario/GuiaInterna/GuiaInterna_Nro_00031971.pdf,document,1897,0c2eb305de2cb2e098fc95f81ddb77296026e62e
WebGestor/Inventario/GuiaInterna/GuiaInterna_Nro_00031972.pdf,document,2036,a0f2d0fab694e196f2558ea02c9daa85e2faf493
WebGestor/Inventario/GuiaInterna/GuiaInterna_Nro_00031973.pdf,document,1925,d70f013122418febad6b665fd878c343bb6c4d6c
WebGestor/Inventario/GuiaInterna/GuiaInterna_Nro_00031974.pdf,document,2817,8c0080dfc320aca71dda42a4c304868963ebe5a8
WebGestor/Inventario/GuiaInterna/GuiaInterna_Nro_00031980.pdf,document,1893,61b4c21e44bc2117927ec9834923462627b80c65
WebGestor/Inventario/GuiaInterna/GuiaInterna_Nro_00031981.pdf,document,1895,8d5fee754fa9e5d3bb9f21c5895c2c0fbe2da6bc
WebGestor/Inventario/GuiaInterna/GuiaInterna_Nro_00031989.pdf,document,1945,dd673cf27a1cb58a71b53f7d6e7ece42d27deee8
WebGestor/Inventario/GuiaInterna/GuiaInterna_Nro_00031990.pdf,document,2015,113e96cc4d6745712eb3c50627998a239dab5bec
WebGestor/Inventario/GuiaInterna/GuiaInterna_Nro_00031991.pdf,document,1955,45ab06e189343b0ef79d8b51c80e336b36681af2
WebGestor/Inventario/GuiaInterna/GuiaInterna_Nro_00031995.pdf,document,1886,3d64e9b44702d5fa95c6953060795ff5c12e66e1
WebGestor/Inventario/GuiaInterna/GuiaInterna_Nro_00031996.pdf,document,1886,73260a450d5f2c676a94e3859f0133299c183483
WebGestor/Inventario/GuiaInterna/GuiaInterna_Nro_00031997.pdf,document,1926,b7a30bd28c5626101a7e451b8505b03d209e873b
WebGestor/Inventario/GuiaInterna/GuiaInterna_Nro_00032000.pdf,document,1891,3fcd61607588a7778f63520a05e298149cd68192
WebGestor/Inventario/GuiaInterna/GuiaInterna_Nro_00032003.pdf,document,2041,e6e90cfe025209d0047b81e1b4fa70d97d9fe8fb
WebGestor/Inventario/GuiaInterna/GuiaInterna_Nro_00032005.pdf,document,1902,dc2cc93c6d18a048526a0bbfdd2c00396662179f
WebGestor/Inventario/GuiaInterna/GuiaInterna_Nro_00032007.pdf,document,1885,cc925525508a32001d38bd715aa50af39a8abb4d
WebGestor/Inventario/GuiaInterna/GuiaInterna_Nro_00032011.pdf,document,1961,4ce430356141b2653c3548725662b54d2724e4ff
WebGestor/Inventario/GuiaInterna/GuiaInterna_Nro_00032013.pdf,document,1895,50a1dd88d4a11efe4a748bb72c642fead482fc42
WebGestor/Inventario/GuiaInterna/GuiaInterna_Nro_00032014.pdf,document,2033,a345b119b64cbdba9de508bbf31adf4eaaf3d358
WebGestor/Inventario/GuiaInterna/GuiaInterna_Nro_00032021.pdf,document,1929,1ee970d49c8ab3e2b51b07c192e6995cdea5c4bf
WebGestor/Inventario/GuiaInterna/GuiaInterna_Nro_00032028.pdf,document,2012,824b90084f20e4e48a00de9e9532868dfcdaf7e7
WebGestor/Inventario/GuiaInterna/GuiaInterna_Nro_00032029.pdf,document,2009,a76228bdbc423f553fa7f790e6dbbf75737c827b
WebGestor/Inventario/GuiaInterna/GuiaInterna_Nro_00032030.pdf,document,1938,ffe12c6a5862d488b1d6d55c26b8ab67ef8f4f70
WebGestor/Inventario/GuiaInterna/GuiaInterna_Nro_00032033.pdf,document,1933,220ed551900612fe7be8972585e34eadb4390576
WebGestor/Inventario/GuiaInterna/GuiaInterna_Nro_00032034.pdf,document,1912,d1304e5fc5190c28bef67802ebc6d956859b54ac
WebGestor/Inventario/GuiaInterna/GuiaInterna_Nro_00032035.pdf,document,1965,b2637381eaabeaca71e30f92b787aaf89c526b4c
WebGestor/Inventario/GuiaInterna/GuiaInterna_Nro_00032036.pdf,document,1990,3c835f83392c07d2da92e1dcd7c149ea22db2360
WebGestor/Inventario/GuiaInterna/GuiaInterna_Nro_00032040.pdf,document,1967,11e82c3e88399aefeed12303aad28562745a0c27
WebGestor/Inventario/GuiaInterna/GuiaInterna_Nro_00032042.pdf,document,1894,5d4cea15b5310a14358c9abd32c91d8509e82d3e
WebGestor/Inventario/GuiaInterna/GuiaInterna_Nro_00032043.pdf,document,1969,48cdee96d11fe05da7ab8f601a32b1a2de357c82
WebGestor/Inventario/GuiaInterna/GuiaInterna_Nro_00032044.pdf,document,1887,e39db5daa2fae5fbda437982d5447e68196a49fa
WebGestor/Inventario/GuiaInterna/GuiaInterna_Nro_00032045.pdf,document,1882,accb172fc1fd4fd5587d34e7fb54ce3993b60d33
WebGestor/Inventario/GuiaInterna/GuiaInterna_Nro_00032046.pdf,document,1989,6535fd2f65326c469a8768fbf9480d2b7d3bcbf7
WebGestor/Inventario/GuiaInterna/GuiaInterna_Nro_00032048.pdf,document,2013,d61cf36add4e97b371edf8479c3187daba6b6c71
WebGestor/Inventario/GuiaInterna/GuiaInterna_Nro_00032053.pdf,document,2048,dcbe4b88d1bdc120f96ec3249285dd50f9663749
WebGestor/Inventario/GuiaInterna/GuiaInterna_Nro_00032056.pdf,document,2093,3a9ee0ab730311f5fe13d3a7877a8704fb6111a6
WebGestor/Inventario/GuiaInterna/GuiaInterna_Nro_00032057.pdf,document,2049,6c8bf86968b6ee3953e204b7c5374458afb02002
WebGestor/Inventario/GuiaInterna/GuiaInterna_Nro_00032087.pdf,document,1895,06a27018782b9419564d41ee74ff7779de7a6a7f
WebGestor/Inventario/GuiaInterna/GuiaInterna_Nro_00032088.pdf,document,1905,21d977566a778f73eacc8506e488ef4046ab0524
WebGestor/Inventario/GuiaInterna/GuiaInterna_Nro_00032089.pdf,document,1896,a0494b003f6a8247732a682a9312a5ca1e21b212
WebGestor/Inventario/GuiaInterna/GuiaInterna_Nro_00032090.pdf,document,1887,2dc02757859695edf2ba6eccca5ea8cd01fc51ed
WebGestor/Inventario/GuiaInterna/GuiaInterna_Nro_00032091.pdf,document,1884,7704fb066aac7f6693519b665aec311b3a620a7a
WebGestor/Inventario/GuiaInterna/GuiaInterna_Nro_00032092.pdf,document,1890,429dad4fa037b47de9a5283068b31113d4b895cd
WebGestor/Inventario/GuiaInterna/GuiaInterna_Nro_00032093.pdf,document,1872,95f918c738ce0e9dee728ebe589f6b2e2ed81457
WebGestor/Inventario/GuiaInterna/GuiaInterna_Nro_00032094.pdf,document,1890,fd7efa8f627f909ca8583806324bf340d1031306
WebGestor/Inventario/GuiaInterna/GuiaInterna_Nro_00032095.pdf,document,1904,d9862e7f871e3f3bd148c518017c9f4f1c25714d
WebGestor/Inventario/GuiaInterna/GuiaInterna_Nro_00032096.pdf,document,1890,f792a4def72f34983f4927e3f53054b8aff0400a
WebGestor/Inventario/GuiaInterna/GuiaInterna_Nro_00032097.pdf,document,1879,72a9fcd9457b25ad6f00a2a2967d4f8cb2c5cda3
WebGestor/Inventario/GuiaInterna/GuiaInterna_Nro_00032098.pdf,document,1897,0a5bbf99618be1bf7b6f3f4dbe012a0aa665a9db
WebGestor/Inventario/GuiaInterna/GuiaInterna_Nro_00032099.pdf,document,1911,ef850d369e8e1e2b278c0183126a0b9a1751291d
WebGestor/Inventario/GuiaInterna/GuiaInterna_Nro_00032100.pdf,document,1883,f2cd99c0cb877dc5c2dcb65341d0c698abed8c81
WebGestor/Inventario/GuiaInterna/GuiaInterna_Nro_00032101.pdf,document,1891,3e125e9b17c33407abd81cd11664e2c4dc496e5a
WebGestor/Inventario/GuiaInterna/GuiaInterna_Nro_00032102.pdf,document,1889,d528966c71c99b91a430e4aca3a467f1d1c7ebaa
WebGestor/Inventario/GuiaInterna/GuiaInterna_Nro_00032103.pdf,document,1885,02dd70a8cf03176cbc1b1b26015df13318199c68
WebGestor/Inventario/GuiaInterna/GuiaInterna_Nro_00032104.pdf,document,1889,198fb64f0d1b8ae40c851e60503190a86d67d73a
WebGestor/Inventario/GuiaInterna/GuiaInterna_Nro_00032105.pdf,document,1891,2ee35b795c532748b3088cbe417f978f1e01a4ad
WebGestor/Inventario/GuiaInterna/GuiaInterna_Nro_00032106.pdf,document,1940,216762551cf1f5bcdc2aafda22f500908dac57cf
WebGestor/Inventario/GuiaInterna/GuiaInterna_Nro_00032107.pdf,document,1889,9c959cdaab92df4ee7b0086c37d05b7586239370
WebGestor/Inventario/GuiaInterna/GuiaInterna_Nro_00032108.pdf,document,1895,a98752beb5f4223fda2dd4636ad86eb778a2c3c0
WebGestor/Inventario/GuiaInterna/GuiaInterna_Nro_00032109.pdf,document,1890,a72b100ba10177defa7c3328593a2279375e84fd
WebGestor/Inventario/GuiaInterna/GuiaInterna_Nro_00032111.pdf,document,1938,747499091493a2a56b9c195e23ae747be8556220
WebGestor/Inventario/GuiaInterna/GuiaInterna_Nro_00032112.pdf,document,1888,4c112b8c9c759ea414a92f201ecd2083d882f1b4
WebGestor/Inventario/GuiaInterna/GuiaInterna_Nro_00032113.pdf,document,1925,fec3cd2dece6bde4b6fec2054b008a63a8c7952e
WebGestor/Inventario/GuiaInterna/GuiaInterna_Nro_00032136.pdf,document,1886,c6f7adb31fe54492e1adfb6d5a7c5787d6be0248
WebGestor/Inventario/GuiaInterna/GuiaInterna_Nro_00032139.pdf,document,1963,bf3465773a12c9dcb6be3f033e36eda82149c2f5
WebGestor/Inventario/GuiaInterna/GuiaInterna_Nro_00032140.pdf,document,1939,10521b6b7521ad978f0918214c145b265017d83b
WebGestor/Inventario/GuiaInterna/GuiaInterna_Nro_00032149.pdf,document,2024,b19d592d75790f531dddf8f3a543b0cce1a77130
WebGestor/Inventario/GuiaInterna/GuiaInterna_Nro_00032150.pdf,document,1998,da58e3418274b86459c20486565e2e3b1d0917cb
WebGestor/Inventario/GuiaInterna/GuiaInterna_Nro_00032151.pdf,document,2000,1f254bc178ad635a962a4410029be57c1d550add
WebGestor/Inventario/GuiaInterna/GuiaInterna_Nro_00032152.pdf,document,2041,55e1af92dc3545dc48b563395622b1857163fa32
WebGestor/Inventario/GuiaInterna/GuiaInterna_Nro_00032153.pdf,document,1900,e124cea2fa232b9286ae4010f04ddf7150267dba
WebGestor/Inventario/GuiaInterna/GuiaInterna_Nro_00032154.pdf,document,1909,aa164bdd424e61e7441272cc738fbaa844661697
WebGestor/Inventario/GuiaInterna/GuiaInterna_Nro_00032155.pdf,document,1892,23434b48572ac6cb9736e1b9745b0465a8d47f2c
WebGestor/Inventario/GuiaInterna/GuiaInterna_Nro_00032187.pdf,document,1931,6fbe3b83b04a64db08aaddb137ab91e356e44a2e
WebGestor/Inventario/GuiaInterna/GuiaInterna_Nro_00032194.pdf,document,1880,8e85db9dfeb43bd227029aa7b0bbfe8065faa38a
WebGestor/Inventario/GuiaInterna/GuiaInterna_Nro_00032195.pdf,document,1876,aba584b4b5faa9cde774bc4c61aa2706d489311c
WebGestor/Inventario/GuiaInterna/GuiaInterna_Nro_00032196.pdf,document,1984,2944ab72254244e46a0bb7414ee8157b038c83a3
WebGestor/Inventario/GuiaInterna/GuiaInterna_Nro_00032203.pdf,document,1964,1f97e66182a57701d9ad0a8ee1a5ebeff89bbdfe
WebGestor/Inventario/GuiaInterna/GuiaInterna_Nro_00032204.pdf,document,1960,d5b82328aae42ac8ac96044e8da4415ff92a0b50
WebGestor/Inventario/GuiaInterna/GuiaInterna_Nro_00032208.pdf,document,2141,3514b32ae2e10d06aa67fa6c680d578928eba877
WebGestor/Inventario/GuiaInterna/GuiaInterna_Nro_00032209.pdf,document,1991,14cda790a7715c6cc92b9d44840f4a020320daf9
WebGestor/Inventario/GuiaInterna/GuiaInterna_Nro_00032210.pdf,document,1991,0661cb2e1dbe83b09607465e7af9803ef06bf8c4
WebGestor/Inventario/GuiaInterna/GuiaInterna_Nro_00032211.pdf,document,1920,6c8b2a38f5662e792da9754f3f3915114d15623b
WebGestor/Inventario/GuiaInterna/GuiaInterna_Nro_00032212.pdf,document,1965,8b2eb8e7a1be047c0250d3e19ef112c6237bb1bd
WebGestor/Inventario/GuiaInterna/GuiaInterna_Nro_00032213.pdf,document,1893,0bd7b12aa91baed8bba73abe62399d4c685c9472
WebGestor/Inventario/GuiaInterna/GuiaInterna_Nro_00032214.pdf,document,1877,44bfb7d1014268fd9a2bcceae5c3342ef856eeb0
WebGestor/Inventario/GuiaInterna/GuiaInterna_Nro_00032215.pdf,document,1971,1eba2cdfbe9b29a7d6f90dd2da54b4f680b31ea2
WebGestor/Inventario/GuiaInterna/GuiaInterna_Nro_00032221.pdf,document,1975,e1e7552710115f4413812af6dde2258cc94bbcd7
WebGestor/Inventario/GuiaInterna/GuiaInterna_Nro_00032222.pdf,document,1923,9670bf2c92d4244dc76cb9337f3e2ee5d2464e4c
WebGestor/Inventario/GuiaInterna/GuiaInterna_Nro_00032223.pdf,document,1912,432df5069201d916fe44c8028c10d5fc35cd0af2
WebGestor/Inventario/GuiaInterna/GuiaInterna_Nro_00032224.pdf,document,1904,de4e4959a994e76cbcb46bddbb5bdd6a7c60eb07
WebGestor/Inventario/GuiaInterna/GuiaInterna_Nro_00032225.pdf,document,1943,4bf1b0db179ecdbd576325cd152339afc7c7abee
WebGestor/Inventario/GuiaInterna/GuiaInterna_Nro_00032226.pdf,document,2014,e4198f1c21d2d48362466fe71022116f4d3dd2b9
WebGestor/Inventario/GuiaInterna/GuiaInterna_Nro_00032227.pdf,document,1909,5b0f5a865d6a34fa1d6324db442879e819dfb4e1
WebGestor/Inventario/GuiaInterna/GuiaInterna_Nro_00032228.pdf,document,1916,09bedfecee9935bb90bfea6ed459c72cf490b8a2
WebGestor/Inventario/GuiaInterna/GuiaInterna_Nro_00032229.pdf,document,1907,a7433f5a4bf72cb2384e1334743800ade70d2628
WebGestor/Inventario/GuiaInterna/GuiaInterna_Nro_00032231.pdf,document,1897,a016791d628db4b13905a2cb8268c87f69f2eea6
WebGestor/Inventario/GuiaInterna/GuiaInterna_Nro_00032232.pdf,document,1884,b24c54457c3ef48e28d988059491e6179f38009c
WebGestor/Inventario/GuiaInterna/GuiaInterna_Nro_00032233.pdf,document,1928,6c4859b09b4e5564e4f6ec1cf3be00a779d73830
WebGestor/Inventario/GuiaInterna/GuiaInterna_Nro_00032235.pdf,document,2224,55e952eb218b45e61b196d61914ad40f2dd71dd9
WebGestor/Inventario/GuiaInterna/GuiaInterna_Nro_00032237.pdf,document,2138,78d0fe7afc4ab6f4fd7decfd3399ff7e8e128b08
WebGestor/Inventario/GuiaInterna/GuiaInterna_Nro_00032238.pdf,document,1982,ce1e1956653b32e7062369433be7d8b190fa4276
WebGestor/Inventario/GuiaInterna/GuiaInterna_Nro_00032240.pdf,document,2021,385167bd92055907d73cd2583d7c248f6c7d28fd
WebGestor/Inventario/GuiaInterna/GuiaInterna_Nro_00032241.pdf,document,2043,ec85ca05cf82b90332b69679d2c13e1406fa5b6b
WebGestor/Inventario/GuiaInterna/GuiaInterna_Nro_00032242.pdf,document,1900,37a50fba33937ede7b26dda18e4beddd0ef2182d
WebGestor/Inventario/GuiaInterna/GuiaInterna_Nro_00032243.pdf,document,2071,280f8f110037b0e6e3e530be4d90c27b96f563a5
WebGestor/Inventario/GuiaInterna/GuiaInterna_Nro_00032244.pdf,document,1914,d41f5a691a41373cf2f68d151142229b02dac487
WebGestor/Inventario/GuiaInterna/GuiaInterna_Nro_00032245.pdf,document,1892,c92c91477ecf6079f872638d75c45d3dd63c1698
WebGestor/Inventario/GuiaInterna/GuiaInterna_Nro_00032246.pdf,document,1941,3f12d3602afa80d3992a3b2a606e56b415115ef8
WebGestor/Inventario/GuiaInterna/GuiaInterna_Nro_00032247.pdf,document,1881,304891295e403f8ede396b432042785628c0ae0d
WebGestor/Inventario/GuiaInterna/GuiaInterna_Nro_00032248.pdf,document,1882,eed8dccca4d021b9f36845293ab63fd00e456f69
WebGestor/Inventario/GuiaInterna/GuiaInterna_Nro_00032249.pdf,document,1880,7297116c9b672296b8177300980bc8f9d66f7f03
WebGestor/Inventario/GuiaInterna/GuiaInterna_Nro_00032250.pdf,document,1889,0bdd4c1f2bfd6777be73be9e8a06b07a791ddf39
WebGestor/Inventario/GuiaInterna/GuiaInterna_Nro_00032251.pdf,document,1963,b17ace1319002e077ef34d0dc41bec3ec3b9d205
WebGestor/Inventario/GuiaInterna/GuiaInterna_Nro_00032252.pdf,document,2178,ab8a1e1b467f0a538fe21e856ce262ece3554630
WebGestor/Inventario/GuiaInterna/GuiaInterna_Nro_00032253.pdf,document,2013,998145a3ac56640f7dd1413ea6c80798552b9af4
WebGestor/Inventario/GuiaInterna/GuiaInterna_Nro_00032254.pdf,document,1966,60fa02ae29dd84c1b8fd0f24250a187a79761a3c
WebGestor/Inventario/GuiaInterna/GuiaInterna_Nro_00032268.pdf,document,1888,ea3a87f4b6cb6f44deeab2f8d0ad3df04d2f43df
WebGestor/Inventario/GuiaInterna/GuiaInterna_Nro_00032269.pdf,document,1874,e395597a4e546e9ef5ea2e3f13978f0b44429e6b
WebGestor/Inventario/GuiaInterna/GuiaInterna_Nro_00032270.pdf,document,1916,47535045a1edf2e5ceaa762d3670bb4191ce5e11
WebGestor/Inventario/GuiaInterna/GuiaInterna_Nro_00032271.pdf,document,1937,5c6a4c58da0d609af9d66dcb59583fd41e0c7055
WebGestor/Inventario/GuiaInterna/GuiaInterna_Nro_00032272.pdf,document,1984,24a69fcfb184e781faee23e2c297282132b1589f
WebGestor/Inventario/GuiaInterna/GuiaInterna_Nro_00032290.pdf,document,1875,54e1a45e87c552eeb9e9d071c1ecabd54a52eb69
WebGestor/Inventario/GuiaInterna/GuiaInterna_Nro_00032295.pdf,document,1925,2077e1f141a27ef11880c9aa9e03995e35906a6f
WebGestor/Inventario/GuiaInterna/GuiaInterna_Nro_00032296.pdf,document,1912,5fc814168b5d3dd6eb9972b76a46f605c9785f03
WebGestor/Inventario/GuiaInterna/GuiaInterna_Nro_00032299.pdf,document,1941,e71fbf02e6c195d99304edbcbf2b4c68b4582c0e
WebGestor/Inventario/GuiaInterna/GuiaInterna_Nro_00032300.pdf,document,1891,065f3222de545535f7fff50f6b878a26a4f6462b
WebGestor/Inventario/GuiaInterna/GuiaInterna_Nro_00032301.pdf,document,1939,4bebccbe17cbfbeec8b19898967f29d8aafb303b
WebGestor/Inventario/GuiaInterna/GuiaInterna_Nro_00032302.pdf,document,1938,80611c15eeddbe4a5cb8c78994441327e085d5cf
WebGestor/Inventario/GuiaInterna/GuiaInterna_Nro_00032303.pdf,document,1923,883b3c7f6bb74aa5dfcce4d8d340596c104ff178
WebGestor/Inventario/GuiaInterna/GuiaInterna_Nro_00032306.pdf,document,1912,7f5d1536e3dd531ca9a770e386323776e2c1ffb2
WebGestor/Inventario/GuiaInterna/GuiaInterna_Nro_00032307.pdf,document,1963,e56b1f81e4d84ed29d57246f5867df0b0f055c71
WebGestor/Inventario/GuiaInterna/GuiaInterna_Nro_00032308.pdf,document,1971,b1157383b571a9bac20166245c0083d0f93de3cb
WebGestor/Inventario/GuiaInterna/GuiaInterna_Nro_00032324.pdf,document,2008,bfc9bc625eedf7403691ef4cdafc3320920b7a66
WebGestor/Inventario/GuiaInterna/GuiaInterna_Nro_00032325.pdf,document,1882,23d5f22942b63557649e53cd29f233a12d4ede66
WebGestor/Inventario/GuiaInterna/GuiaInterna_Nro_00032326.pdf,document,1882,2f2b9f669e1766070fa51d30e97558d1e1456a0a
WebGestor/Inventario/GuiaInterna/GuiaInterna_Nro_00032329.pdf,document,1932,2bd59c180b550296977a4a2d74866fe0fa267dc2
WebGestor/Inventario/GuiaInterna/GuiaInterna_Nro_00032337.pdf,document,1921,f426213b8a33db50df40131ab3aabac115a1c19a
WebGestor/Inventario/GuiaInterna/GuiaInterna_Nro_00032338.pdf,document,1890,1e76e5b5715c13bfbc4e63b62cd05487715d6084
WebGestor/Inventario/GuiaInterna/GuiaInterna_Nro_00032340.pdf,document,2178,e074112560c34855541a2b2624bc72495b7e82d1
WebGestor/Inventario/GuiaInterna/GuiaInterna_Nro_00032341.pdf,document,1938,e178862d6db13e53df8b7ca864f6e61fc4af1481
WebGestor/Inventario/GuiaInterna/GuiaInterna_Nro_00032342.pdf,document,1965,7c656bdafe00746af0d5580592c5752887810611
WebGestor/Inventario/GuiaInterna/GuiaInterna_Nro_00032344.pdf,document,1919,f4ae5ecc2de7c896c340eb04ae7d1f3d2f899f1a
WebGestor/Inventario/GuiaInterna/GuiaInterna_Nro_00032345.pdf,document,1896,01817f7c5cb7bcaa29e02a5802a8b9cfac02a942
WebGestor/Inventario/GuiaInterna/GuiaInterna_Nro_00032346.pdf,document,1927,6429b1de867643f5bb928cf04d2aa93ffe599cfc
WebGestor/Inventario/GuiaInterna/GuiaInterna_Nro_00032347.pdf,document,2010,2f95251dcf0efae04af86bd9933c9401144f678e
WebGestor/Inventario/GuiaInterna/GuiaInterna_Nro_00032348.pdf,document,2069,3754b71370726ace07a5f88907396d0fd83f8a5a
WebGestor/Inventario/GuiaInterna/GuiaInterna_Nro_00032349.pdf,document,1901,7296eedbb847a2efb5f5d7c203934ca59890bfc6
WebGestor/Inventario/GuiaInterna/GuiaInterna_Nro_00032350.pdf,document,1895,5dec979a5f17f20321d6a330a9b3cc2904a5db15
WebGestor/Inventario/GuiaInterna/GuiaInterna_Nro_00032351.pdf,document,1923,5146a6aefef4aba502b70f2a2264888ffa21944b
WebGestor/Inventario/GuiaInterna/GuiaInterna_Nro_00032352.pdf,document,1890,3d03570fc99a74dde18385cbe97a9fa6befe9ed8
WebGestor/Inventario/GuiaInterna/GuiaInterna_Nro_00032353.pdf,document,1894,24ce24fc75e06045f5b27d96a89388c5c34c30cf
WebGestor/Inventario/GuiaInterna/GuiaInterna_Nro_00032354.pdf,document,1967,016e07aab17ed46fe58484fe98b0b64cb17251fc
WebGestor/Inventario/GuiaInterna/GuiaInterna_Nro_00032355.pdf,document,1973,b25909411ee50ce6201cefa5e646befe53a13f7d
WebGestor/Inventario/GuiaInterna/GuiaInterna_Nro_00032356.pdf,document,1892,9da0b6633d922c4992b817f7051c9f2ab2101d25
WebGestor/Inventario/GuiaInterna/GuiaInterna_Nro_00032357.pdf,document,1935,e12ca6a9a36611ee8792d75784ca0449d60022ff
WebGestor/Inventario/GuiaInterna/GuiaInterna_Nro_00032358.pdf,document,1969,37972da53599910c753e1f0093113957bbd1e15f
WebGestor/Inventario/GuiaInterna/GuiaInterna_Nro_00032359.pdf,document,1946,0f19c5b6ab5a55a0517dbac253c063c0b3eb1854
WebGestor/Inventario/GuiaInterna/GuiaInterna_Nro_00032360.pdf,document,1945,2df27e97239923c33dfdda4bdd2e3688e396b943
WebGestor/Inventario/GuiaInterna/GuiaInterna_Nro_00032361.pdf,document,1968,b1d56cdf1a6070058707f6e05db61c61b8bc96af
WebGestor/Inventario/GuiaInterna/GuiaInterna_Nro_00032362.pdf,document,2021,5d508e880d0b58f1381078d46618be83fabe12cc
WebGestor/Inventario/GuiaInterna/GuiaInterna_Nro_00032396.pdf,document,1877,6aa59b0f27dc07f51c22f144199b27645cb4c26e
WebGestor/Inventario/GuiaInterna/GuiaInterna_Nro_00032412.pdf,document,1926,b80d8ae00839679159d98fbc9faca524872ddb2d
WebGestor/Inventario/GuiaInterna/GuiaInterna_Nro_00032413.pdf,document,1888,7c47a112ca498f2f72066fafa3094deb77b4d478
WebGestor/Inventario/GuiaInterna/GuiaInterna_Nro_00032414.pdf,document,1889,910ed08c6184143fc27baff0572648fa6f89a8f0
WebGestor/Inventario/GuiaInterna/GuiaInterna_Nro_00032415.pdf,document,1893,4eebe9b40ea24f4a7a80cd8c4f24c9adbcbd302b
WebGestor/Inventario/GuiaInterna/GuiaInterna_Nro_00032416.pdf,document,1887,635920554800aca7a9e834e387832fd58ad6e94c
WebGestor/Inventario/GuiaInterna/GuiaInterna_Nro_00032417.pdf,document,1883,d23aefb1749ed237a9091ba7435d8a56e57aa178
WebGestor/Inventario/GuiaInterna/GuiaInterna_Nro_00032418.pdf,document,1874,33bc914476b2b8888a75621b64c4c3716b840caa
WebGestor/Inventario/GuiaInterna/GuiaInterna_Nro_00032419.pdf,document,1905,279200f4d16bf3a2f81b2129d07a92745ef2d31b
WebGestor/Inventario/GuiaInterna/GuiaInterna_Nro_00032420.pdf,document,1888,1aaee7d5ea2df8d3a1d5bd8be054bcee2927bd26
WebGestor/Inventario/GuiaInterna/GuiaInterna_Nro_00032421.pdf,document,1886,1239b5767d8ac59d76778b1f77fefae5e040b9e0
WebGestor/Inventario/GuiaInterna/GuiaInterna_Nro_00032422.pdf,document,1896,08edc4e7e3fe6de86d1f4c7a31b2272c0990de50
WebGestor/Inventario/GuiaInterna/GuiaInterna_Nro_00032423.pdf,document,1884,ddcd5f253d1280da9974f7a0576d31787c7afe54
WebGestor/Inventario/GuiaInterna/GuiaInterna_Nro_00032424.pdf,document,1881,10a5d7b46c0c0dd315c83b1cd8c884bbde6526f0
WebGestor/Inventario/GuiaInterna/GuiaInterna_Nro_00032425.pdf,document,1904,703a665599456894c1023ca2bfe90e3df6c5692c
WebGestor/Inventario/GuiaInterna/GuiaInterna_Nro_00032426.pdf,document,1887,8e62874c194e323b5d577835d7bfe00f25060a37
WebGestor/Inventario/GuiaInterna/GuiaInterna_Nro_00032427.pdf,document,1883,c4637113ae7c479e01aa18d27c9b0923f0e13af1
WebGestor/Inventario/GuiaInterna/GuiaInterna_Nro_00032428.pdf,document,1983,b2595c80efc8efcaf5351b9c3dba2fb68ff7430c
WebGestor/Inventario/GuiaInterna/GuiaInterna_Nro_00032429.pdf,document,1907,1733d0a406acf36adbece2f6b1fd5383c91d4d1d
WebGestor/Inventario/GuiaInterna/GuiaInterna_Nro_00032430.pdf,document,1887,aafab783a70c8f3e685162e967a9f2ca027d1638
WebGestor/Inventario/GuiaInterna/GuiaInterna_Nro_00032431.pdf,document,1910,3cd2eb38f9a1b59293b7cd29a536e108f1c854c9
WebGestor/Inventario/GuiaInterna/GuiaInterna_Nro_00032432.pdf,document,1943,56c46c82ed68ab6b0cadd08b8466ea7c812ad3fb
WebGestor/Inventario/GuiaInterna/GuiaInterna_Nro_00032434.pdf,document,1931,4b92a7aecef4a148f3ae70a852b999d0555579b1
WebGestor/Inventario/GuiaInterna/GuiaInterna_Nro_00032435.pdf,document,2176,bf0188b1d8e461bc67e44f9f81189ad685e24523
WebGestor/Inventario/GuiaInterna/GuiaInterna_Nro_00032436.pdf,document,1886,3f2b75d732b7b52956feec68a0cd454714152b56
WebGestor/Inventario/GuiaInterna/GuiaInterna_Nro_00032437.pdf,document,1930,8e47decc080be1d54bfd8a8bad559232f445625c
WebGestor/Inventario/GuiaInterna/GuiaInterna_Nro_00032438.pdf,document,1917,b465c81fc996fff45a283ccd82c64738c947003e
WebGestor/Inventario/GuiaInterna/GuiaInterna_Nro_00032441.pdf,document,1906,be94dc59a157160f573648669d089c119171a5a6
WebGestor/Inventario/GuiaInterna/GuiaInterna_Nro_00032442.pdf,document,2047,3f376b4fe9be3124868ad04eeb1dc7ad0598ace0
WebGestor/Inventario/GuiaInterna/GuiaInterna_Nro_00032443.pdf,document,2213,f5d7d8637720026081b14836b71156647fd9f1ba
WebGestor/Inventario/GuiaInterna/GuiaInterna_Nro_00032444.pdf,document,1933,8d1622974b7e500895a580d7c9230fec7fc13812
WebGestor/Inventario/GuiaInterna/GuiaInterna_Nro_00032445.pdf,document,1948,850031ddc1ec38d168a6bc521541991db56a262b
WebGestor/Inventario/GuiaInterna/GuiaInterna_Nro_00032446.pdf,document,1920,65d33d9d371defdfb579cb5ef2dfb801812b49c6
WebGestor/Inventario/GuiaInterna/GuiaInterna_Nro_00032447.pdf,document,1911,a3c1dbf0dbb988b00eb9d9077d0c71966c2d12bf
WebGestor/Inventario/GuiaInterna/GuiaInterna_Nro_00032451.pdf,document,1932,b97dc6636cba953ebe9dac2726a31ec970712bde
WebGestor/Inventario/GuiaInterna/GuiaInterna_Nro_00032452.pdf,document,1927,ea3a0b3767b326146ac1a77cbc1bded2531dc340
WebGestor/Inventario/GuiaInterna/GuiaInterna_Nro_00032457.pdf,document,1912,9506193704c810b0805b4cb5a53b260ba95d5b07
WebGestor/Inventario/GuiaInterna/GuiaInterna_Nro_00032458.pdf,document,1891,b6bf65f2c071f0aefb716cf1671241cc6d2a4860
WebGestor/Inventario/GuiaInterna/GuiaInterna_Nro_00032459.pdf,document,2103,c07cfb6ca5f45caca7d2d3fe89ca2a4b0440d3fd
WebGestor/Inventario/GuiaInterna/GuiaInterna_Nro_00032461.pdf,document,1914,82e8e7160b74e9722aa15e428320d600d51faf1a
WebGestor/Inventario/GuiaInterna/GuiaInterna_Nro_00032474.pdf,document,1919,f63920123e8f16f754389f6e34b6c320442b025e
WebGestor/Inventario/GuiaInterna/GuiaInterna_Nro_00032477.pdf,document,1999,29b0d37531f650d062ce8937888249a65b5355d8
WebGestor/Inventario/GuiaInterna/GuiaInterna_Nro_00032478.pdf,document,1953,5b16a7b8508cfbc7cce4de4bd69887bddd15de66
WebGestor/Inventario/GuiaInterna/GuiaInterna_Nro_00032479.pdf,document,2063,c43a11cec042fd181ebac92f7061a3bbd0b9ec0c
WebGestor/Inventario/GuiaInterna/GuiaInterna_Nro_00032484.pdf,document,1929,6ce854a2647c980be79971e243655c1b2f4f5837
WebGestor/Inventario/GuiaInterna/GuiaInterna_Nro_00032488.pdf,document,1935,7c86669b58ec7fa599328452b62b831e2642eb1e
WebGestor/Inventario/GuiaInterna/GuiaInterna_Nro_00032494.pdf,document,1894,e8ebf40ad8053a7be8e52f65062970c615836148
WebGestor/Inventario/GuiaInterna/GuiaInterna_Nro_00032495.pdf,document,1909,b99e7d24a7454e5f6d94ac30fc827c0a706a20d3
WebGestor/Inventario/GuiaInterna/GuiaInterna_Nro_00032496.pdf,document,1986,117c377fbf92b433d3fa93e729c179f3b61c6321
WebGestor/Inventario/GuiaInterna/GuiaInterna_Nro_00032500.pdf,document,1895,3daa0e72bd21988025f41a728ba96496e6c96dc9
WebGestor/Inventario/GuiaInterna/GuiaInterna_Nro_00032501.pdf,document,1893,2ab3c71d4fc5423455892781b6fb06e29bf57437
WebGestor/Inventario/GuiaInterna/GuiaInterna_Nro_00032509.pdf,document,1898,38caaba3654c53165fd2289ff3b5a2b7a713fd64
WebGestor/Inventario/GuiaInterna/GuiaInterna_Nro_00032510.pdf,document,1915,84f0ce8db6fd0e26700441569a3e7c0506c174c5
WebGestor/Inventario/GuiaInterna/GuiaInterna_Nro_00032511.pdf,document,1938,e23ca874676bf60eaf19e695ed8039d03004a0a4
WebGestor/Inventario/GuiaInterna/GuiaInterna_Nro_00032512.pdf,document,1889,6e50d7a45ab9210896aa053c0f65ed8ce92c3c89
WebGestor/Inventario/GuiaInterna/GuiaInterna_Nro_00032513.pdf,document,2067,08e36981e459f508cf4899222cd8493c6ffccce6
WebGestor/Inventario/GuiaInterna/GuiaInterna_Nro_00032517.pdf,document,1884,1bfd64b4f09544667ac88ba5cbf5391bb2b21025
WebGestor/Inventario/GuiaInterna/GuiaInterna_Nro_00032518.pdf,document,1925,11ad1b09020f5c0d2d5a1c12eead0a7d8e10da16
WebGestor/Inventario/GuiaInterna/GuiaInterna_Nro_00032521.pdf,document,1894,844c5346dd70abca6b57fe91964f92437dac136e
WebGestor/Inventario/GuiaInterna/GuiaInterna_Nro_00032522.pdf,document,2449,27f71b1385922506c0ebcedfae6f1d314ed25890
WebGestor/Inventario/GuiaInterna/GuiaInterna_Nro_00032523.pdf,document,2485,cdcb8fe3065a050899b340fe5934a2b66605ea29
WebGestor/Inventario/GuiaInterna/GuiaInterna_Nro_00032524.pdf,document,1915,bbc5a92bca1090c320efe71611fe1a98a3224bed
WebGestor/Inventario/GuiaInterna/GuiaInterna_Nro_00032525.pdf,document,1896,705a2ee6ca967828921804bca815411b3c490acb
WebGestor/Inventario/GuiaInterna/GuiaInterna_Nro_00032531.pdf,document,1941,b7fc9605efe46aed3b17ce873e234f0b3f84ace0
WebGestor/Inventario/GuiaInterna/GuiaInterna_Nro_00032536.pdf,document,1970,505e655827fb80d0501b9baceb47ffa9f912311d
WebGestor/Inventario/GuiaInterna/GuiaInterna_Nro_00032538.pdf,document,1982,abda8a1c5f0821aa2f97d678de176b2cc2094f86
WebGestor/Inventario/GuiaInterna/GuiaInterna_Nro_00032539.pdf,document,1947,8a8b33e7217c529b52a84184fd0fd9b364a35075
WebGestor/Inventario/GuiaInterna/GuiaInterna_Nro_00032543.pdf,document,1915,c3a0c397d5496860d397ed5c37c543e35d124ec9
WebGestor/Inventario/GuiaInterna/GuiaInterna_Nro_00032544.pdf,document,2113,d6adbcd6e3a6e60f98fc904465788a41e4350371
WebGestor/Inventario/GuiaInterna/GuiaInterna_Nro_00032545.pdf,document,1892,147337cca0f92f174bc808433bbf17c3a2c87b0b
WebGestor/Inventario/GuiaInterna/GuiaInterna_Nro_00032547.pdf,document,1912,97baa98bb482f45b75f17825a7c839477468f42c
WebGestor/Inventario/GuiaInterna/GuiaInterna_Nro_00032548.pdf,document,2290,92af2fc889ae2a379050200cde04d8a0a47cf58e
WebGestor/Inventario/GuiaInterna/GuiaInterna_Nro_00032549.pdf,document,2004,4805db1dd5ff776faa924544ea42a90be4537fda
WebGestor/Inventario/GuiaInterna/GuiaInterna_Nro_00032550.pdf,document,1995,69880400025c35f35887d046461b5e13e0efb7b6
WebGestor/Inventario/GuiaInterna/GuiaInterna_Nro_00032552.pdf,document,2063,59809c61a9d44ef13990fb933cefe324763d991d
WebGestor/Inventario/GuiaInterna/GuiaInterna_Nro_00032562.pdf,document,1897,74f9b213bb42a0b9070467c8397b28c87f4af9c0
WebGestor/Inventario/GuiaInterna/GuiaInterna_Nro_00032564.pdf,document,1916,dc28e3548c4a3287156a7f1826c3bff3a008e96e
WebGestor/Inventario/GuiaInterna/GuiaInterna_Nro_00032565.pdf,document,1970,5e4b39c1f9e69550795e0b39fb5c932e0492ef8d
WebGestor/Inventario/GuiaInterna/GuiaInterna_Nro_00032566.pdf,document,1930,59a2ce46aa7ffa4e64a56ef260304820d34f3559
WebGestor/Inventario/GuiaInterna/GuiaInterna_Nro_00032567.pdf,document,1965,e010e5f5e5e3f20d61241da28332722788801e18
WebGestor/Inventario/GuiaInterna/GuiaInterna_Nro_00032568.pdf,document,1959,ce3896bb40acc6e27c62ed5795c84460721d00a8
WebGestor/Inventario/GuiaInterna/GuiaInterna_Nro_00032569.pdf,document,1953,5705e94f26111279692066f995c6a9088e4ce89b
WebGestor/Inventario/GuiaInterna/GuiaInterna_Nro_00032570.pdf,document,1926,3f8f776b4d443cc8ea96046a9858a02c29e02851
WebGestor/Inventario/GuiaInterna/GuiaInterna_Nro_00032577.pdf,document,1904,ebf5112825343d4af5cd3f1dacdf540dd1307fed
WebGestor/Inventario/GuiaInterna/GuiaInterna_Nro_00032579.pdf,document,2169,3c9d5ee2fe46cf8dbc30150dfb88af18f805cfbb
WebGestor/Inventario/GuiaInterna/GuiaInterna_Nro_00032583.pdf,document,2008,8da5d05622c338616c4f56de349974d796357cc2
WebGestor/Inventario/GuiaInterna/GuiaInterna_Nro_00032585.pdf,document,1953,f0024f5162a6fae60bab6ee0829b54a174a7d39b
WebGestor/Inventario/GuiaInterna/GuiaInterna_Nro_00032586.pdf,document,2022,6cc6d9881a95af0adf10eee7d968461b6c6853be
WebGestor/Inventario/GuiaInterna/GuiaInterna_Nro_00032587.pdf,document,2135,fba3b67e9c6cd9f1b840aaf8a89e471ae98c25f5
WebGestor/Inventario/GuiaInterna/GuiaInterna_Nro_00032588.pdf,document,1993,6fc59bd6dd0c345e2085eec5b1748bc5d7ba2f11
WebGestor/Inventario/GuiaInterna/GuiaInterna_Nro_00032589.pdf,document,1954,13ffb275516f8f8f62da62edf51625721e8217ff
WebGestor/Inventario/GuiaInterna/GuiaInterna_Nro_00032590.pdf,document,1999,8c7ad46ee8a9812c7cb9f3c821aba426fd1af2ad
WebGestor/Inventario/GuiaInterna/GuiaInterna_Nro_00032591.pdf,document,1917,054366fab504805950799ebeb08fea0f1193ffd1
WebGestor/Inventario/GuiaInterna/GuiaInterna_Nro_00032595.pdf,document,1893,77b2e48fb46cde42628f66b9125cdcb0bd283025
WebGestor/Inventario/GuiaInterna/GuiaInterna_Nro_00032600.pdf,document,1965,199c3f379236fc6575af3c35e252a05d2292010c
WebGestor/Inventario/GuiaInterna/GuiaInterna_Nro_00032601.pdf,document,1911,7502c5d15b24093d8c0c42b47c39fb61aeeffbfc
WebGestor/Inventario/GuiaInterna/GuiaInterna_Nro_00032604.pdf,document,1974,9398810b805c1da2a7eaca28aea83beba539a3b2
WebGestor/Inventario/GuiaInterna/GuiaInterna_Nro_00032605.pdf,document,1924,c5c2d114cd7edee35f0737d6d0d74f246412827a
WebGestor/Inventario/GuiaInterna/GuiaInterna_Nro_00032606.pdf,document,2258,c6436eb3db068df2fab2e8501ff0f89b0bf7df68
WebGestor/Inventario/GuiaInterna/GuiaInterna_Nro_00032608.pdf,document,1909,b8108ed6a858db05aebe69637ff9ce7df2df8de4
WebGestor/Inventario/GuiaInterna/GuiaInterna_Nro_00032619.pdf,document,1921,c875ae9d0e9e115e54f6d679eb07fa50cc34d464
WebGestor/Inventario/GuiaInterna/GuiaInterna_Nro_00032623.pdf,document,1927,336cfdc6840e6438b6e82606ccd6b8b0b7923e4e
WebGestor/Inventario/GuiaInterna/GuiaInterna_Nro_00032625.pdf,document,1911,5fba89cd6eef34628535d64f9d3979be455f1d6a
WebGestor/Inventario/GuiaInterna/GuiaInterna_Nro_00032626.pdf,document,1879,29fe9381b0b0efb9a37cacca8e72b3e5a0ea8538
WebGestor/Inventario/GuiaInterna/GuiaInterna_Nro_00032627.pdf,document,1883,99ddf0c2aacad7565009e642c3c1a36378c44b1b
WebGestor/Inventario/GuiaInterna/GuiaInterna_Nro_00032628.pdf,document,1878,135eba6ac03062f9565361acd69c393439b182e9
WebGestor/Inventario/GuiaInterna/GuiaInterna_Nro_00032629.pdf,document,1879,b1ab22de3bad3765746521cbc406fe2dd7c2369e
WebGestor/Inventario/GuiaInterna/GuiaInterna_Nro_00032630.pdf,document,1907,b6b4916ef502d6456664ef62b0446bb0de4c0367
WebGestor/Inventario/GuiaInterna/GuiaInterna_Nro_00032631.pdf,document,1893,c744d0a60caf3ed40b2e5ff2000fd6785736dd23
WebGestor/Inventario/GuiaInterna/GuiaInterna_Nro_00032632.pdf,document,1886,dbe124510cc75aa2c43d0089aa5bf0b5dff68bf9
WebGestor/Inventario/GuiaInterna/GuiaInterna_Nro_00032633.pdf,document,1874,0fccadd7e1fce3d5927e4e899a1a4804649baae2
WebGestor/Inventario/GuiaInterna/GuiaInterna_Nro_00032634.pdf,document,1887,9d2f563ab468f2443f2e8b55dae3dc775e146d81
WebGestor/Inventario/GuiaInterna/GuiaInterna_Nro_00032635.pdf,document,1875,e3f7f04884f16a759e25b2ce93b2d6f6c5a618fe
WebGestor/Inventario/GuiaInterna/GuiaInterna_Nro_00032636.pdf,document,1888,eadcee70162b58d18b004e9ba5daa4ecdf7ac3c3
WebGestor/Inventario/GuiaInterna/GuiaInterna_Nro_00032637.pdf,document,1905,69314a16cc4a0edd259065a9e8a27a5d3c1f314f
WebGestor/Inventario/GuiaInterna/GuiaInterna_Nro_00032638.pdf,document,1880,f8f9ebde703ca9fd1278170afe1a130ef91b87a8
WebGestor/Inventario/GuiaInterna/GuiaInterna_Nro_00032639.pdf,document,1885,82bfd7df33b8a7cb6b425a24f8563bf4befd1d46
WebGestor/Inventario/GuiaInterna/GuiaInterna_Nro_00032640.pdf,document,1880,c4563566ca1ee22a49a4d3b576f8293ee9faa074
WebGestor/Inventario/GuiaInterna/GuiaInterna_Nro_00032641.pdf,document,1896,1e255cbebe2879eddd21da1564d65148ae253eae
WebGestor/Inventario/GuiaInterna/GuiaInterna_Nro_00032642.pdf,document,1898,a11bd13c18d4c0cc5e2741edce25e43f9462a0b3
WebGestor/Inventario/GuiaInterna/GuiaInterna_Nro_00032643.pdf,document,1891,21566504316674c311d8beec3482b518a960958d
WebGestor/Inventario/GuiaInterna/GuiaInterna_Nro_00032644.pdf,document,1896,45cdfe2d6a900d5536e4d2b53eca4509bbd9f85d
WebGestor/Inventario/GuiaInterna/GuiaInterna_Nro_00032645.pdf,document,1896,4c8245a9ffd9a5f6ea24dc5629d4b1d05f1e82d7
WebGestor/Inventario/GuiaInterna/GuiaInterna_Nro_00032646.pdf,document,1912,74be7b4f79a7753de542b5e84acc9b541aee1429
WebGestor/Inventario/GuiaInterna/GuiaInterna_Nro_00032647.pdf,document,1895,efdff9cd6cfb483f172aa5abe1b12fb7707d94f3
WebGestor/Inventario/GuiaInterna/GuiaInterna_Nro_00032648.pdf,document,1911,ede45f6fbb5a73cf859d07b2617d329564624953
WebGestor/Inventario/GuiaInterna/GuiaInterna_Nro_00032649.pdf,document,2171,f2d83eeb302a91e147b86baad50ce6a5534d136d
WebGestor/Inventario/GuiaInterna/GuiaInterna_Nro_00032651.pdf,document,1932,0fa51906f62a44fd709aee7a274881024c845dd2
WebGestor/Inventario/GuiaInterna/GuiaInterna_Nro_00032652.pdf,document,1900,2d82f7729507d9ff62f8417fc6d8e1de0f25f622
WebGestor/Inventario/GuiaInterna/GuiaInterna_Nro_00032654.pdf,document,1949,e36fa21a964c20b150434ad4c524a524b0459a17
WebGestor/Inventario/GuiaInterna/GuiaInterna_Nro_00032655.pdf,document,2030,02e35e38c445bbec524e1fde705423824222a4d2
WebGestor/Inventario/GuiaInterna/GuiaInterna_Nro_00032656.pdf,document,1893,0a5a9ea94c738a48d22101ded4c8bc44123fd8e5
WebGestor/Inventario/GuiaInterna/GuiaInterna_Nro_00032659.pdf,document,3093,d0d0d90363fb09487d0baa6ec07494e9f312de4d
WebGestor/Inventario/GuiaInterna/GuiaInterna_Nro_00032660.pdf,document,2272,1933f80164f13e4e634162985a40a5a7ffaaf3c4
WebGestor/Inventario/GuiaInterna/GuiaInterna_Nro_00032663.pdf,document,2170,fd40aa60b1366f8b2518e948bb64c3bde62cff9a
WebGestor/Inventario/GuiaInterna/GuiaInterna_Nro_00032664.pdf,document,1928,614ed8f3d7edb67c410a75468e1c87ff099bd041
WebGestor/Inventario/GuiaInterna/GuiaInterna_Nro_00032666.pdf,document,1951,3e3ee145491ec92c930253ee7a4e32c9a9239024
WebGestor/Inventario/GuiaInterna/GuiaInterna_Nro_00032667.pdf,document,1942,9c853fca5b3064818c074b804e297164103b8f92
WebGestor/Inventario/GuiaInterna/GuiaInterna_Nro_00032668.pdf,document,1926,1d89a442b6b5af7316e6698fae00eec4e3398fd2
WebGestor/Inventario/GuiaInterna/GuiaInterna_Nro_00032669.pdf,document,2025,c25e585ade0cafcfa604f759d2106b10cd765e8b
WebGestor/Inventario/GuiaInterna/GuiaInterna_Nro_00032718.pdf,document,1938,f83caaab04d7bb13ba8accbdd0167b0e2a8d714f
WebGestor/Inventario/GuiaInterna/GuiaInterna_Nro_00032719.pdf,document,1916,84cc5430591a6c3855fa09104eee76e1d8ecc7a8
WebGestor/Inventario/GuiaInterna/GuiaInterna_Nro_00032720.pdf,document,2358,caffa95cc2cd1b55615e6a8df2974688527114ce
WebGestor/Inventario/GuiaInterna/GuiaInterna_Nro_00032722.pdf,document,1993,c50b1c5c0db8b4e72e4a31d6b45701ac1b8657fd
WebGestor/Inventario/GuiaInterna/GuiaInterna_Nro_00032725.pdf,document,1998,c1ccd5db6a6a3c43bfc217cdc415d394f1f66a36
WebGestor/Inventario/GuiaInterna/GuiaInterna_Nro_00032729.pdf,document,2003,0108b4a6e62ed28afb0df8e0e2fe5788f675f65b
WebGestor/Inventario/GuiaInterna/GuiaInterna_Nro_00032734.pdf,document,1915,26f93a94731c29c0e2898b6384fbdad20a9a69a6
WebGestor/Inventario/GuiaInterna/GuiaInterna_Nro_00032735.pdf,document,1989,dee97387f71644108831e8c694825d693fffae03
WebGestor/Inventario/GuiaInterna/GuiaInterna_Nro_00032736.pdf,document,1928,35a986b2bc9d9fd2aadfbf1f0a1342113b706740
WebGestor/Inventario/GuiaInterna/GuiaInterna_Nro_00032746.pdf,document,2333,4c597136a67340797308736263c847df4c2676c2
WebGestor/Inventario/GuiaInterna/GuiaInterna_Nro_00032748.pdf,document,1972,f383d69cb344f2b88a60c5e3427e3286bdaa7296
WebGestor/Inventario/GuiaInterna/GuiaInterna_Nro_00032752.pdf,document,1942,377b593d4657f0361270c7aa7956f27abdba84c0
WebGestor/Inventario/GuiaInterna/GuiaInterna_Nro_00032753.pdf,document,1944,0820af563673d9eb045ca3a07bc9290a6b6b0992
WebGestor/Inventario/GuiaInterna/GuiaInterna_Nro_00032754.pdf,document,1928,dc592fbb277bad6795f6da16358de40b85f3e0e3
WebGestor/Inventario/GuiaInterna/GuiaInterna_Nro_00032755.pdf,document,1962,03e34fb497f2fafeeb24cba4b4bcb99e0b0ac760
WebGestor/Inventario/GuiaInterna/GuiaInterna_Nro_00032756.pdf,document,1872,0255a72765247834c0912919a13144b05daaf398
WebGestor/Inventario/GuiaInterna/GuiaInterna_Nro_00032759.pdf,document,2096,843b858ae01e5d235fa7a93af16be44492e4ede3
WebGestor/Inventario/GuiaInterna/GuiaInterna_Nro_00032760.pdf,document,1891,116fa94a9cba543e176fc1278eddebf90b6ba132
WebGestor/Inventario/GuiaInterna/GuiaInterna_Nro_00032761.pdf,document,1935,e88148fbb219f84b080bf50e87183aba64e0e175
WebGestor/Inventario/GuiaInterna/GuiaInterna_Nro_00032767.pdf,document,1922,cd7e99ba660420f7234154239ac106323e7da57c
WebGestor/Inventario/GuiaInterna/GuiaInterna_Nro_00032768.pdf,document,1931,338526ece3c861b71855a7fb8c5158331b8528b3
WebGestor/Inventario/GuiaInterna/GuiaInterna_Nro_00032769.pdf,document,1944,802b5c40afae0a85ef20345306fc9eb81d35dc53
WebGestor/Inventario/GuiaInterna/GuiaInterna_Nro_00032774.pdf,document,1899,23c014a11b2472b3344fd86f0bbc315b4cd7dbc7
WebGestor/Inventario/GuiaInterna/GuiaInterna_Nro_00032777.pdf,document,1985,4bc79a796fa177871f6b9da259effddb79d64cba
WebGestor/Inventario/GuiaInterna/GuiaInterna_Nro_00032778.pdf,document,1925,e2243c1b2b97566196f41d614a8620044cb0a2e4
WebGestor/Inventario/GuiaInterna/GuiaInterna_Nro_00032779.pdf,document,2048,34fc61d8036a10426b7deb5bb7e34dd0e6b13f19
WebGestor/Inventario/GuiaInterna/GuiaInterna_Nro_00032785.pdf,document,2063,f5e3aa7446eccced226eceb85435ff733cd00470
WebGestor/Inventario/GuiaInterna/GuiaInterna_Nro_00032786.pdf,document,2274,fa7277f3bd58a598ad3243ac5c8a1a25b15896fa
WebGestor/Inventario/GuiaInterna/GuiaInterna_Nro_00032788.pdf,document,1974,6bbe8cccd65cf55ff20c648518d88c489a8c4037
WebGestor/Inventario/GuiaInterna/GuiaInterna_Nro_00032793.pdf,document,2026,5226b6598b3e2184dfcbefd75fafa78f786983d0
WebGestor/Inventario/GuiaInterna/GuiaInterna_Nro_00032794.pdf,document,1948,0ec74f9e3f44e3cc6ba28e4f4966cf98026868ae
WebGestor/Inventario/GuiaInterna/GuiaInterna_Nro_00032795.pdf,document,1998,329c60d6fbd9d462f34cc2ae1bcfa6fc44b22e6c
WebGestor/Inventario/GuiaInterna/GuiaInterna_Nro_00032796.pdf,document,2028,6994d9b85ef111393324ab4d1690c16c4056fafd
WebGestor/Inventario/GuiaInterna/GuiaInterna_Nro_00032797.pdf,document,1971,78d3d9b1002c7b65e45c793ca3f7bf13460517ee
WebGestor/Inventario/GuiaInterna/GuiaInterna_Nro_00032802.pdf,document,1927,051bcffeeaaef05a1fbfd0b94cf58aa4f1f044a7
WebGestor/Inventario/GuiaInterna/GuiaInterna_Nro_00032803.pdf,document,1942,a80a83e5e566ebc303cdda9f9949fbe39c94dcd0
WebGestor/Inventario/GuiaInterna/GuiaInterna_Nro_00032805.pdf,document,1942,7b77b5459bb88d94c06eec0f91c8769d18e90a98
WebGestor/Inventario/GuiaInterna/GuiaInterna_Nro_00032807.pdf,document,1894,d949733d6f4dbf63b237bc165530cfc48141221f
WebGestor/Inventario/GuiaInterna/GuiaInterna_Nro_00032812.pdf,document,1947,210d53996bb486dd6c72b10adca79b99612e8a34
WebGestor/Inventario/GuiaInterna/GuiaInterna_Nro_00032813.pdf,document,1955,dcee550e3fc94512af02f658fe3704a5a9a76b31
WebGestor/Inventario/GuiaInterna/GuiaInterna_Nro_00032817.pdf,document,1922,af8a27da9efaaf89ac0a82c0e616a398f3645c81
WebGestor/Inventario/GuiaInterna/GuiaInterna_Nro_00032818.pdf,document,1893,104f909717589acaf2763bf4464c61e75ac393b2
WebGestor/Inventario/GuiaInterna/GuiaInterna_Nro_00032819.pdf,document,1888,7ed9f5af60b55d3504b67c3c93c6aa6a38be61b6
WebGestor/Inventario/GuiaInterna/GuiaInterna_Nro_00032825.pdf,document,1917,7b37a16d0c269feec6b606034f8d4af488add79f
WebGestor/Inventario/GuiaInterna/GuiaInterna_Nro_00032826.pdf,document,1953,813c2e1f3fe431e6cf1ea1536dc527b02b304485
WebGestor/Inventario/GuiaInterna/GuiaInterna_Nro_00032827.pdf,document,1925,1bd1074a58a89594842d2569aaf17532d1dbbbb4
WebGestor/Inventario/GuiaInterna/GuiaInterna_Nro_00032828.pdf,document,1981,6039911b8c61b529ff65082585fd0881146d3cc0
WebGestor/Inventario/GuiaInterna/GuiaInterna_Nro_00032830.pdf,document,1906,66f2828b8c8c621aa4b310ee49c35a95a3b1ce3e
WebGestor/Inventario/GuiaInterna/GuiaInterna_Nro_00032833.pdf,document,1962,bc135dec2f6a62298dd6c81b014cfc5826b0e9a5
WebGestor/Inventario/GuiaInterna/GuiaInterna_Nro_00032834.pdf,document,1948,5e6c6d139f6134589d6cdc9da877419d346f3be6
WebGestor/Inventario/GuiaInterna/GuiaInterna_Nro_00032842.pdf,document,1927,19186e17565ad1a37340863d5b85771bc361b433
WebGestor/Inventario/GuiaInterna/GuiaInterna_Nro_00032850.pdf,document,1923,853fce58ae39e634f9e922f5f0a2961f3576779e
WebGestor/Inventario/GuiaInterna/GuiaInterna_Nro_00032851.pdf,document,2018,ba6eca9269525fad9722a5e27161aa9a9a96df40
WebGestor/Inventario/GuiaInterna/GuiaInterna_Nro_00032855.pdf,document,1889,9f48ca3260ec61b7269dee548e06969b52e71546
WebGestor/Inventario/GuiaInterna/GuiaInterna_Nro_00032856.pdf,document,2027,45b15ed059d85ab32f9117d2ca152ed6df2aa94b
WebGestor/Inventario/GuiaInterna/GuiaInterna_Nro_00032857.pdf,document,1945,5bec9a065af42becf812141ae840cd4cb56e7b1b
WebGestor/Inventario/GuiaInterna/GuiaInterna_Nro_00032858.pdf,document,1928,4914ce2938da247c142e5dc9a52d18756b4fd625
WebGestor/Inventario/GuiaInterna/GuiaInterna_Nro_00032859.pdf,document,1975,52ba0e2b77f9298ffab15568011f0778bdc8d416
WebGestor/Inventario/GuiaInterna/GuiaInterna_Nro_00032860.pdf,document,2035,b468dc92fe1482836b978a3cd8adca3a79277c58
WebGestor/Inventario/GuiaInterna/GuiaInterna_Nro_00032861.pdf,document,1888,fc19b20a04d68d262268ea461adb9575cc5f6e61
WebGestor/Inventario/GuiaInterna/GuiaInterna_Nro_00032865.pdf,document,1997,51259647c49e004e062b6ddaecad3b19f22546ff
WebGestor/Inventario/GuiaInterna/GuiaInterna_Nro_00032870.pdf,document,1954,321eb1d193a144fe3682271bd968f6d23f1a7f5b
WebGestor/Inventario/GuiaInterna/GuiaInterna_Nro_00032871.pdf,document,1944,02705f81e3b6fc4c179aef2d21f01ad246505692
WebGestor/Inventario/GuiaInterna/GuiaInterna_Nro_00032873.pdf,document,2059,8818e1cb1b4b147c759d3d934d64469dcc9b4930
WebGestor/Inventario/GuiaInterna/GuiaInterna_Nro_00032874.pdf,document,2067,63cbd3ad39ec0c03541e0aed721e3d5046349616
WebGestor/Inventario/GuiaInterna/GuiaInterna_Nro_00032876.pdf,document,1897,6a9929b5427f6cf4c4a765a41705b6965c86604a
WebGestor/Inventario/GuiaInterna/GuiaInterna_Nro_00032877.pdf,document,1890,a0b3b2b3ffc4152bdefeac57eb6503067f886087
WebGestor/Inventario/GuiaInterna/GuiaInterna_Nro_00032878.pdf,document,1893,a4e2b15ab5f0ca7fbbbfeb4c5c658e454b911b21
WebGestor/Inventario/GuiaInterna/GuiaInterna_Nro_00032881.pdf,document,1930,f2b0025f59ff5fb595829f3f70b774310bc7de80
WebGestor/Inventario/GuiaInterna/GuiaInterna_Nro_00032882.pdf,document,1908,6562d5bb252cf808e247f2dab7fe5789e554e79b
WebGestor/Inventario/GuiaInterna/GuiaInterna_Nro_00032887.pdf,document,1959,85eefa34e4ba0f72bf7848506171967245cae631
WebGestor/Inventario/GuiaInterna/GuiaInterna_Nro_00032897.pdf,document,1935,48216febecf52472950857575d9609c3f2dcc6e6
WebGestor/Inventario/GuiaInterna/GuiaInterna_Nro_00032898.pdf,document,1953,8daa1075fab6c0f67c41a3f1f35c0e054b20b360
WebGestor/Inventario/GuiaInterna/GuiaInterna_Nro_00032899.pdf,document,1883,21e836d72d0bc746eede18dc160c2669866d2de4
WebGestor/Inventario/GuiaInterna/GuiaInterna_Nro_00032900.pdf,document,1948,704d2021e93b6cd59bb7b38d8ebb3ee3e4c84115
WebGestor/Inventario/GuiaInterna/GuiaInterna_Nro_00032901.pdf,document,1888,d3e1ecc5ed9ee44d2285675cc4cfa828b88d61b4
WebGestor/Inventario/GuiaInterna/GuiaInterna_Nro_00032902.pdf,document,1880,0ae37ff914fd190c85d49f7ce56315802dfa4bbe
WebGestor/Inventario/GuiaInterna/GuiaInterna_Nro_00032903.pdf,document,1893,f93a1ba7785290ddfac89ee52cc299d0321a2116
WebGestor/Inventario/GuiaInterna/GuiaInterna_Nro_00032904.pdf,document,1884,4ec8260f1f939f0944ae2d3a45ed6cff5c3aa554
WebGestor/Inventario/GuiaInterna/GuiaInterna_Nro_00032905.pdf,document,1899,8e3fe7885991841893fb72334d46e347c6c8e6b1
WebGestor/Inventario/GuiaInterna/GuiaInterna_Nro_00032906.pdf,document,1881,c97fe46502e37f5fd5fa5234a84aaf83e2b03a32
WebGestor/Inventario/GuiaInterna/GuiaInterna_Nro_00032907.pdf,document,1904,b9ff8ece22667411e2c0d62fd0a42b3a0d1013ed
WebGestor/Inventario/GuiaInterna/GuiaInterna_Nro_00032908.pdf,document,1887,12169f9d9715857547b95dfc5a457cdf0edb0e84
WebGestor/Inventario/GuiaInterna/GuiaInterna_Nro_00032909.pdf,document,1894,7f64a9957deac46aca01bbdbeeef4ac44b72531e
WebGestor/Inventario/GuiaInterna/GuiaInterna_Nro_00032910.pdf,document,1885,03d573ae964156127cef8732d256f52f763c184b
WebGestor/Inventario/GuiaInterna/GuiaInterna_Nro_00032911.pdf,document,1898,051c5e9806097f0c241df772e858926f973fc434
WebGestor/Inventario/GuiaInterna/GuiaInterna_Nro_00032912.pdf,document,1885,14d29d8358cb09a71a19a79772e66cca063ec610
WebGestor/Inventario/GuiaInterna/GuiaInterna_Nro_00032913.pdf,document,1904,c5ad81af20e1aec274f35a07b96ed3d44ac05e62
WebGestor/Inventario/GuiaInterna/GuiaInterna_Nro_00032914.pdf,document,1891,119ffcafa220d88791f38a8f8219d87b5b5532fb
WebGestor/Inventario/GuiaInterna/GuiaInterna_Nro_00032915.pdf,document,1896,b15f6196753a4a43a3419fc2d1950e5179586dd5
WebGestor/Inventario/GuiaInterna/GuiaInterna_Nro_00032916.pdf,document,1898,e02090b541469af07684f003040aa61e9b3325b1
WebGestor/Inventario/GuiaInterna/GuiaInterna_Nro_00032917.pdf,document,1889,ce0956b16fa40cc5950c6941b5939042177ec608
WebGestor/Inventario/GuiaInterna/GuiaInterna_Nro_00032918.pdf,document,2115,df57e93e52b037c0bb20cb2538bbccc7ba5b4ffd
WebGestor/Inventario/GuiaInterna/GuiaInterna_Nro_00032919.pdf,document,1893,089bcd078839dc0205ef71ff08382f2dc5db6328
WebGestor/Inventario/GuiaInterna/GuiaInterna_Nro_00032920.pdf,document,1897,ad19ba5dfc8bd380c9ab992330aa5e1828acfe51
WebGestor/Inventario/GuiaInterna/GuiaInterna_Nro_00032921.pdf,document,1884,e8cad7ee4d15d7a6e1cedf2c88417432e95bcc9d
WebGestor/Inventario/GuiaInterna/GuiaInterna_Nro_00032922.pdf,document,1927,6fc894daa5f7055994bb138a747828028c44657d
WebGestor/Inventario/GuiaInterna/GuiaInterna_Nro_00032923.pdf,document,1925,09aa4e10f5bd265c653b7089f9204759bf8be826
WebGestor/Inventario/GuiaInterna/GuiaInterna_Nro_00032925.pdf,document,1937,bac393f54daea3003b5566c0f63ed0cec74dc9b7
WebGestor/Inventario/GuiaInterna/GuiaInterna_Nro_00032926.pdf,document,1931,6f7eedc1750458f29a36ab308138b03025c061a1
WebGestor/Inventario/GuiaInterna/GuiaInterna_Nro_00032927.pdf,document,1940,ac2c1c6adcf632c1296b419afc35c74803932031
WebGestor/Inventario/GuiaInterna/GuiaInterna_Nro_00032929.pdf,document,1971,636e1c6555d737992ced4fa5a8c78bcc9dee406e
WebGestor/Inventario/GuiaInterna/GuiaInterna_Nro_00032930.pdf,document,1973,8222ef10995b6ff85e656215f6659bd127d98529
WebGestor/Inventario/GuiaInterna/GuiaInterna_Nro_00032931.pdf,document,1996,3e15f2f6a8d27bbfd6320abbff5236a1ba0a50fe
WebGestor/Inventario/GuiaInterna/GuiaInterna_Nro_00032933.pdf,document,2168,84db3f159695f08998f20cba606afa449e146f5b
WebGestor/Inventario/GuiaInterna/GuiaInterna_Nro_00032935.pdf,document,1895,077773b6c368ce6284635b40bf1788199b4ab532
WebGestor/Inventario/GuiaInterna/GuiaInterna_Nro_00032937.pdf,document,1971,fa5923fa30f6280e46a7d084c3d2c04e43e21eba
WebGestor/Inventario/GuiaInterna/GuiaInterna_Nro_00032941.pdf,document,1906,a4f98d93ba12a5d97512613f9482090b5c2727f0
WebGestor/Inventario/GuiaInterna/GuiaInterna_Nro_00032942.pdf,document,1943,63360f5322dc8f0a59edc139bb2affdbafff96fb
WebGestor/Inventario/GuiaInterna/GuiaInterna_Nro_00032943.pdf,document,1984,75a161ed239d71143a54f27b866b476d848b321a
WebGestor/Inventario/GuiaInterna/GuiaInterna_Nro_00032944.pdf,document,1927,48fd6ca752b4dd1f817cbffd9e1d168f61417cfb
WebGestor/Inventario/GuiaInterna/GuiaInterna_Nro_00032945.pdf,document,2003,5cf2ac2d22f0bb013cef2568d18da0ceb009bae5
WebGestor/Inventario/GuiaInterna/GuiaInterna_Nro_00032948.pdf,document,1994,93d5349a263e026bf53575c4033a19f42d18177c
WebGestor/Inventario/GuiaInterna/GuiaInterna_Nro_00032949.pdf,document,1880,2eb7141617fda7e990fca03533f92d5838f49cd6
WebGestor/Inventario/GuiaInterna/GuiaInterna_Nro_00032950.pdf,document,1914,25f10d9ffdaf0e9c97ba1a3e85297573a366e41f
WebGestor/Inventario/GuiaInterna/GuiaInterna_Nro_00032951.pdf,document,1892,c7cec23de0d20059b4ef80c0417415b8829d7ece
WebGestor/Inventario/GuiaInterna/GuiaInterna_Nro_00032959.pdf,document,1918,49f8a9a52195e6cb9e8119aefcfb67cbe106a9e7
WebGestor/Inventario/GuiaInterna/GuiaInterna_Nro_00032960.pdf,document,1995,f5c08e3950355dc90795438073c401294f266bb3
WebGestor/Inventario/GuiaInterna/GuiaInterna_Nro_00032961.pdf,document,2076,e37e8828d9ebb8813b7653ba27de98442840bfc4
WebGestor/Inventario/GuiaInterna/GuiaInterna_Nro_00032962.pdf,document,2128,687b51fb450da52d240d185841ff764e1be754c0
WebGestor/Inventario/GuiaInterna/GuiaInterna_Nro_00032965.pdf,document,1909,7a37f13699e28bb7092101571352b6396ccd2ed4
WebGestor/Inventario/GuiaInterna/GuiaInterna_Nro_00032971.pdf,document,1912,2d5e355af3cf876aa03d942b9d0b4809a612e8cd
WebGestor/Inventario/GuiaInterna/GuiaInterna_Nro_00032972.pdf,document,2044,8f116d6b89961437e0f74ef106521278e5abd7fb
WebGestor/Inventario/GuiaInterna/GuiaInterna_Nro_00032973.pdf,document,2116,7edaceb8644a88f6eb1b1acb7ffb0b5d89e1687b
WebGestor/Inventario/GuiaInterna/GuiaInterna_Nro_00032977.pdf,document,1958,8edd43b6550997a190b5cdc155d5dbc8adbb6761
WebGestor/Inventario/GuiaInterna/GuiaInterna_Nro_00032978.pdf,document,2077,995c9a240d64dd0a6b86cb02fae1b61fa16a6180
WebGestor/Inventario/GuiaInterna/GuiaInterna_Nro_00032979.pdf,document,1922,78b70a984a65a2e0edf37b02a31b1ddd2d251703
WebGestor/Inventario/GuiaInterna/GuiaInterna_Nro_00032981.pdf,document,2051,48c17618c5a48dae07ccd78fc07eb940ae4d479d
WebGestor/Inventario/GuiaInterna/GuiaInterna_Nro_00032986.pdf,document,1909,2ee40b5ec353fcf8bb4d13f73d360b70d08f1565
WebGestor/Inventario/GuiaInterna/GuiaInterna_Nro_00032989.pdf,document,1896,cab58b7473408b5d01ce5eaceb88495ce9f1f718
WebGestor/Inventario/GuiaInterna/GuiaInterna_Nro_00032992.pdf,document,1911,ac5d31595bb6ca3dea6370a0524d07a76a6fc90c
WebGestor/Inventario/GuiaInterna/GuiaInterna_Nro_00032994.pdf,document,1903,87af85079ba934a95c90fc38ff8626580d73b15a
WebGestor/Inventario/GuiaInterna/GuiaInterna_Nro_00032998.pdf,document,1891,ec4592abb7caa9ff5fb026d60dcb50351e1f5d26
WebGestor/Inventario/GuiaInterna/GuiaInterna_Nro_00033007.pdf,document,1971,d61e27e975516a0a082295fdc2cad642820d43f2
WebGestor/Inventario/GuiaInterna/GuiaInterna_Nro_00033008.pdf,document,1910,ce1532a262034099bc17b4dbec9df136668a1e0d
WebGestor/Inventario/GuiaInterna/GuiaInterna_Nro_00033010.pdf,document,1913,c0b5bcf7ccf758a973659b8f4546de1da42d0de1
WebGestor/Inventario/GuiaInterna/GuiaInterna_Nro_00033011.pdf,document,1940,51b92e4ab5e37bfd5d9bcfbd38a9e72708d8f711
WebGestor/Inventario/GuiaInterna/GuiaInterna_Nro_00033015.pdf,document,1917,a388f58b20e3eec1d40f7b63b1813be3071599d9
WebGestor/Inventario/GuiaInterna/GuiaInterna_Nro_00033016.pdf,document,1877,758881bf170703dc4f6577caec2b7761afe417e6
WebGestor/Inventario/GuiaInterna/GuiaInterna_Nro_00033018.pdf,document,2061,10d7560d7a96a5d90bb5a2b92d8b35eff742831b
WebGestor/Inventario/GuiaInterna/GuiaInterna_Nro_00033020.pdf,document,1891,e99f97d122c2d9774ea7ae1a75a4f970bd97fe67
WebGestor/Inventario/GuiaInterna/GuiaInterna_Nro_00033029.pdf,document,1900,c955c07e5a11ab68968e0d53140b99f2c48e1f92
WebGestor/Inventario/GuiaInterna/GuiaInterna_Nro_00033030.pdf,document,1915,07a6000515c1685c4250408ddd1f233efe03f550
WebGestor/Inventario/GuiaInterna/GuiaInterna_Nro_00033032.pdf,document,1937,aed073d55bde57cccc1dd158c797897942e0cebe
WebGestor/Inventario/GuiaInterna/GuiaInterna_Nro_00033034.pdf,document,2097,84290bc21182c2fe3a4b27e80cb852afaf20fb48
WebGestor/Inventario/GuiaInterna/GuiaInterna_Nro_00033035.pdf,document,1956,9324640f5e59d0aad8740ed775c2b2399aba5342
WebGestor/Inventario/GuiaInterna/GuiaInterna_Nro_00033038.pdf,document,1938,d9572e890a16602d70bd908df1aa566076604c4b
WebGestor/Inventario/GuiaInterna/GuiaInterna_Nro_00033044.pdf,document,2373,ec82dbcf0fd675accf86807794e2b89f439e6110
WebGestor/Inventario/GuiaInterna/GuiaInterna_Nro_00033045.pdf,document,1941,8935a4bfe5bf74151fd6e3d9b3f35af065886b97
WebGestor/Inventario/GuiaInterna/GuiaInterna_Nro_00033046.pdf,document,2095,92862acfe08c5ed7af082d997ce0f8cea53e99c2
WebGestor/Inventario/GuiaInterna/GuiaInterna_Nro_00033047.pdf,document,1982,ae3ea5f5aff251f287138511714b44d7ba2260a4
WebGestor/Inventario/GuiaInterna/GuiaInterna_Nro_00033048.pdf,document,1892,a600ceb30a30e529fee06879db6406e7a8c34d30
WebGestor/Inventario/GuiaInterna/GuiaInterna_Nro_00033049.pdf,document,1994,8bc1bed6906798e3428e473a060564ff6db18227
WebGestor/Inventario/GuiaInterna/GuiaInterna_Nro_00033050.pdf,document,1923,b00bbba237b11f7a00c7a7ba5a39ea9e049f2f11
WebGestor/Inventario/GuiaInterna/GuiaInterna_Nro_00033051.pdf,document,2070,2ad15984652105148a81f17d26d7cf207ed0cf89
WebGestor/Inventario/GuiaInterna/GuiaInterna_Nro_00033052.pdf,document,1953,91c57484979840408dc1afbce436fe50cc7a0ee1
WebGestor/Inventario/GuiaInterna/GuiaInterna_Nro_00033054.pdf,document,1913,f11d089a16d3677c0f41a99b95d909f192c0b69b
WebGestor/Inventario/GuiaInterna/GuiaInterna_Nro_00033055.pdf,document,1880,5688c416e6d2d4052da76f5b7710a2507cacbe2b
WebGestor/Inventario/GuiaInterna/GuiaInterna_Nro_00033060.pdf,document,1914,ca3bb7eaa3413f1768fce719bb9e1dfd31d184ce
WebGestor/Inventario/GuiaInterna/GuiaInterna_Nro_00033063.pdf,document,2040,ef0b9b7d7f1d29f28288d4219646895679029758
WebGestor/Inventario/GuiaInterna/GuiaInterna_Nro_00033065.pdf,document,1942,fde8a03cf72a99f45c6b58fc4e18970326a936c4
WebGestor/Inventario/GuiaInterna/GuiaInterna_Nro_00033070.pdf,document,2263,8333667a57711608009d6ea4d693c849e0f790d6
WebGestor/Inventario/GuiaInterna/GuiaInterna_Nro_00033071.pdf,document,2215,e6b55e80aa25f5a206b21c3d73d52979f2733420
WebGestor/Inventario/GuiaInterna/GuiaInterna_Nro_00033072.pdf,document,1895,dcca2de8e2704725f62f1b9b53f8a395e608d250
WebGestor/Inventario/GuiaInterna/GuiaInterna_Nro_00033073.pdf,document,1998,dcd59153b200e51992358c6f9c7e14dc6caa1922
WebGestor/Inventario/GuiaInterna/GuiaInterna_Nro_00033074.pdf,document,2023,e8624ccff4395a27434ed2d27358a8abb0b9746b
WebGestor/Inventario/GuiaInterna/GuiaInterna_Nro_00033075.pdf,document,1945,756ee810889fa3f6ecea93b5ef54d13ab8e3e8fd
WebGestor/Inventario/GuiaInterna/GuiaInterna_Nro_00033077.pdf,document,2274,6965ba4c141b076d9e8f5f1aa319c811ace5e932
WebGestor/Inventario/GuiaInterna/GuiaInterna_Nro_00033078.pdf,document,1896,0a3a20b16704468525e828ec626670c36baab74a
WebGestor/Inventario/GuiaInterna/GuiaInterna_Nro_00033082.pdf,document,1922,2b429782e550447d9cf56bf6f0e77bf3b1b64500
WebGestor/Inventario/GuiaInterna/GuiaInterna_Nro_00033083.pdf,document,2010,2e9bdd5021af3e26080c98c74e42a79d6cf50db9
WebGestor/Inventario/GuiaInterna/GuiaInterna_Nro_00033084.pdf,document,2032,1f5b060690bde1a490e29ac515a4f334f21947a1
WebGestor/Inventario/GuiaInterna/GuiaInterna_Nro_00033099.pdf,document,2289,455bcd3e8555e81d50d2b191b4397b5d9c692816
WebGestor/Inventario/GuiaInterna/GuiaInterna_Nro_00033107.pdf,document,1893,18a5b189a83ca076a4300b0f90d0448158cd378e
WebGestor/Inventario/GuiaInterna/GuiaInterna_Nro_00033108.pdf,document,1894,24c3803970b8432a9751607c04050a3224ec7c94
WebGestor/Inventario/GuiaInterna/GuiaInterna_Nro_00033109.pdf,document,1877,62fb2f9120db94894702460ed50cdc8c68b970ef
WebGestor/Inventario/GuiaInterna/GuiaInterna_Nro_00033110.pdf,document,1880,38c669fd81cd98c3d5d941af625962cdd54cc511
WebGestor/Inventario/GuiaInterna/GuiaInterna_Nro_00033111.pdf,document,1887,2f8600cda61807b006fa9d386811c1a57aeb1faa
WebGestor/Inventario/GuiaInterna/GuiaInterna_Nro_00033112.pdf,document,1881,7df4205d9e439c75f26e836cccd171c38a32a635
WebGestor/Inventario/GuiaInterna/GuiaInterna_Nro_00033113.pdf,document,1878,27db3c15409eb1f2d251ba095d18e793c205db88
WebGestor/Inventario/GuiaInterna/GuiaInterna_Nro_00033114.pdf,document,1897,c5ed84a225009e82c6d69efc2780b2cfcbc59e45
WebGestor/Inventario/GuiaInterna/GuiaInterna_Nro_00033115.pdf,document,1893,c48c0fb67cc82fb65119abce5e2b203b39041ee2
WebGestor/Inventario/GuiaInterna/GuiaInterna_Nro_00033116.pdf,document,1895,3c1735ff21338c07ffdfc129caf2d726226c70a8
WebGestor/Inventario/GuiaInterna/GuiaInterna_Nro_00033117.pdf,document,1879,399352f0a8cf613eee8162b1114d8f5bfbc100a1
WebGestor/Inventario/GuiaInterna/GuiaInterna_Nro_00033118.pdf,document,1881,20c6c7c3f829c2395bf8b154bf19bb5aa3266df9
WebGestor/Inventario/GuiaInterna/GuiaInterna_Nro_00033119.pdf,document,1882,02644db3fdacf53bfd8f26f98539ac9660f6ddfd
WebGestor/Inventario/GuiaInterna/GuiaInterna_Nro_00033120.pdf,document,1895,9d254fbf607c34b43a50c5057177dabbb9275c1c
WebGestor/Inventario/GuiaInterna/GuiaInterna_Nro_00033121.pdf,document,1881,c0aa27abe79f50b4a954513a7958e626f251f28a
WebGestor/Inventario/GuiaInterna/GuiaInterna_Nro_00033122.pdf,document,1887,92bb3c6a9891a40bffbc3c331ff99b6867e47e6e
WebGestor/Inventario/GuiaInterna/GuiaInterna_Nro_00033123.pdf,document,1886,b838ba8c257efd3afc849b37db30f6cfa89f4350
WebGestor/Inventario/GuiaInterna/GuiaInterna_Nro_00033124.pdf,document,1893,7039189a3aa5c21d236d380a0cb1b51f995992a7
WebGestor/Inventario/GuiaInterna/GuiaInterna_Nro_00033125.pdf,document,1894,4ceb165da3811fe82107cb3920b91da34aaad366
WebGestor/Inventario/GuiaInterna/GuiaInterna_Nro_00033126.pdf,document,1887,fe4786de423d8a7007d26a582bb37f162d8c139b
WebGestor/Inventario/GuiaInterna/GuiaInterna_Nro_00033127.pdf,document,1890,c657dac41159a2f3ea57c29186e1f5e00d0197fe
WebGestor/Inventario/GuiaInterna/GuiaInterna_Nro_00033128.pdf,document,1944,5166d9299d2a9e7c5880c5b9ff5876a4de1d0397
WebGestor/Inventario/GuiaInterna/GuiaInterna_Nro_00033129.pdf,document,1881,ab95fa361364f2d30bff70a60c151b3eaeea542c
WebGestor/Inventario/GuiaInterna/GuiaInterna_Nro_00033130.pdf,document,1882,7dd1883a6a4937f3c09a1c40fbbb61cc05c8f7ce
WebGestor/Inventario/GuiaInterna/GuiaInterna_Nro_00033131.pdf,document,1971,75813b4370c08f073d300e57c536641c1bb76383
WebGestor/Inventario/GuiaInterna/GuiaInterna_Nro_00033132.pdf,document,1891,4994df7b8ed753a96098911cc355b0191c52282e
WebGestor/Inventario/GuiaInterna/GuiaInterna_Nro_00033133.pdf,document,2080,2d28e36a7793f98d00e6a954fd3da3da8afec6c2
WebGestor/Inventario/GuiaInterna/GuiaInterna_Nro_00033134.pdf,document,2016,adb5ad269e36cf5bce8251a48d0f0667307f5dbe
WebGestor/Inventario/GuiaInterna/GuiaInterna_Nro_00033135.pdf,document,2030,b15614924906a040c6500c9bb545d4ef7967f6f0
WebGestor/Inventario/GuiaInterna/GuiaInterna_Nro_00033136.pdf,document,2021,58e0a8db920a10646baea795897e385d3978d346
WebGestor/Inventario/GuiaInterna/GuiaInterna_Nro_00033137.pdf,document,2426,75f453ee4c4fa88c75b96663db090da2ef29834e
WebGestor/Inventario/GuiaInterna/GuiaInterna_Nro_00033138.pdf,document,1919,1c7a47103c3fc2a4c47c27a443b5df11c34b1c88
WebGestor/Inventario/GuiaInterna/GuiaInterna_Nro_00033139.pdf,document,1937,da243fa1daf92bbf385d83d1c2ef1422610cd679
WebGestor/Inventario/GuiaInterna/GuiaInterna_Nro_00033140.pdf,document,1893,6582ffb03e99acb1446f95d039297f2cbd52b644
WebGestor/Inventario/GuiaInterna/GuiaInterna_Nro_00033141.pdf,document,1894,28e74f4bf42b102df392b63d79cbff18debf2403
WebGestor/Inventario/GuiaInterna/GuiaInterna_Nro_00033142.pdf,document,1888,256b5b87e06c23b13af8206ce8168855d248588b
WebGestor/Inventario/GuiaInterna/GuiaInterna_Nro_00033143.pdf,document,1937,3dc91728de19dff23c969c6489db2c542350f6c3
WebGestor/Inventario/GuiaInterna/GuiaInterna_Nro_00033144.pdf,document,1905,1ce79af390f9507b81b665343046c264c570c680
WebGestor/Inventario/GuiaInterna/GuiaInterna_Nro_00033145.pdf,document,1891,45615a2ea4ec2a0d3a2dd0706dde25c355b46e8f
WebGestor/Inventario/GuiaInterna/GuiaInterna_Nro_00033146.pdf,document,1999,221d17353dfa30ce5e974bd5bcbaabff8cacd037
WebGestor/Inventario/GuiaInterna/GuiaInterna_Nro_00033147.pdf,document,1910,e74ef23fc760b4eddd5a3999c29d27220583d297
WebGestor/Inventario/GuiaInterna/GuiaInterna_Nro_00033148.pdf,document,1999,de5fa04c0965b73c86a311a14f80ecb6e6311692
WebGestor/Inventario/GuiaInterna/GuiaInterna_Nro_00033149.pdf,document,1893,b865145f815e6b36e7c285e2b401ab9a94d3107f
WebGestor/Inventario/GuiaInterna/GuiaInterna_Nro_00033154.pdf,document,1900,0bb9fd363f9be6f95f864c872afd296782dd6a69
WebGestor/Inventario/GuiaInterna/GuiaInterna_Nro_00033155.pdf,document,1938,a8f8c22fce1648b32a96e5ada01c16c8ae20d46c
WebGestor/Inventario/GuiaInterna/GuiaInterna_Nro_00033156.pdf,document,1942,7d4d7f40cccdd4a7b9bfe140e3a5e84731cc2743
WebGestor/Inventario/GuiaInterna/GuiaInterna_Nro_00033157.pdf,document,2051,a45b35976c977ac25ac30edef8fa8df17410da31
WebGestor/Inventario/GuiaInterna/GuiaInterna_Nro_00033158.pdf,document,2140,bd2545ee8eb66ce2dd274071b5f0f8ebe1ace332
WebGestor/Inventario/GuiaInterna/GuiaInterna_Nro_00033159.pdf,document,1914,fac33d223ea7e04d6289d5024ce4a6b4380b75b5
WebGestor/Inventario/GuiaInterna/GuiaInterna_Nro_00033166.pdf,document,3108,6ee44855fbebe33c22037503b559f0d146dfb92f
WebGestor/Inventario/GuiaInterna/GuiaInterna_Nro_00033167.pdf,document,2381,8dfd2de1fb8a20b1c9f11218fec3fa18122202b5
WebGestor/Inventario/GuiaInterna/GuiaInterna_Nro_00033168.pdf,document,1951,60c189871f5f83a3ba1e8fd4353a62ba0d846cef
WebGestor/Inventario/GuiaInterna/GuiaInterna_Nro_00033169.pdf,document,1939,efd37b6aba8fb3cd2a3979b0af3d04cf2b1b1c10
WebGestor/Inventario/GuiaInterna/GuiaInterna_Nro_00033170.pdf,document,1923,2df5a037883842f7bd784332e9e63293d859a1c7
WebGestor/Inventario/GuiaInterna/GuiaInterna_Nro_00033171.pdf,document,1886,2719d20c2be6158c829982ec3944fd71c276e554
WebGestor/Inventario/GuiaInterna/GuiaInterna_Nro_00033201.pdf,document,1923,97ddc0a58a677c294ac096418d3898f560a2385a
WebGestor/Inventario/GuiaInterna/GuiaInterna_Nro_00033243.pdf,document,1891,cd7640764fb1a70a834a87aceb76f75a35f7da16
WebGestor/Inventario/GuiaInterna/GuiaInterna_Nro_00033245.pdf,document,1898,18116bdd77a07e590975214e17633e9c3371b38f
WebGestor/Inventario/GuiaInterna/GuiaInterna_Nro_00033246.pdf,document,1914,6546a65e539d7a36bd33026959909a64173f01a3
WebGestor/Inventario/GuiaInterna/GuiaInterna_Nro_00033247.pdf,document,1927,f9e0bd54771583941e07a7cf25933ef35893eecf
WebGestor/Inventario/GuiaInterna/GuiaInterna_Nro_00033248.pdf,document,1994,5a28f632f0bc19db2ab7e0f22a94a97a0a6bf406
WebGestor/Inventario/GuiaInterna/GuiaInterna_Nro_00033249.pdf,document,1919,ebbf06f9a2765372f3879b1ca996f5aad5fa33dd
WebGestor/Inventario/GuiaInterna/GuiaInterna_Nro_00033253.pdf,document,2067,b9bfd7f417f82be39c871da7d9384995e02190e5
WebGestor/Inventario/GuiaInterna/GuiaInterna_Nro_00033254.pdf,document,1908,a5f003fdf312634d53bfa77bc121b42c1671d301
WebGestor/Inventario/GuiaInterna/GuiaInterna_Nro_00033255.pdf,document,1910,1de9ab7592d6dc8a040823d5c0d5d605d1de5865
WebGestor/Inventario/GuiaInterna/GuiaInterna_Nro_00033256.pdf,document,1960,05c676a2c6652bd261991960c96cca0f63178e9c
WebGestor/Inventario/GuiaInterna/GuiaInterna_Nro_00033257.pdf,document,2123,ecd55bc7be083f684128974873e46b37dd727973
WebGestor/Inventario/GuiaInterna/GuiaInterna_Nro_00033258.pdf,document,1974,00cd1493fa75d59308e4ca9e3d066b3addfc3f84
WebGestor/Inventario/GuiaInterna/GuiaInterna_Nro_00033259.pdf,document,1948,d26749e9eb275d81000f10c75246df1f944670d1
WebGestor/Inventario/GuiaInterna/GuiaInterna_Nro_00033260.pdf,document,1894,514ae7a82ad234028eb808d104fc28acbb58a1f9
WebGestor/Inventario/GuiaInterna/GuiaInterna_Nro_00033263.pdf,document,1920,6fbda05b731f4135d0ee4b50fdf77a278d7ae7ec
WebGestor/Inventario/GuiaInterna/GuiaInterna_Nro_00033271.pdf,document,1922,e5cbad2977ace4d5644ca589537272aaea4fc278
WebGestor/Inventario/GuiaInterna/GuiaInterna_Nro_00033272.pdf,document,1915,0dd74b98b3d9a883b95d2f0d6f28e480f1c87d29
WebGestor/Inventario/GuiaInterna/GuiaInterna_Nro_00033278.pdf,document,1919,28275cb95b389ca14d83725d4bc250039d5a035b
WebGestor/Inventario/GuiaInterna/GuiaInterna_Nro_00033279.pdf,document,1936,0cdce804f385c3cb25f6dd183b23990657b55b9b
WebGestor/Inventario/GuiaInterna/GuiaInterna_Nro_00033280.pdf,document,2004,8514d0707a0fe351ee51448ad563d7d7394964d6
WebGestor/Inventario/GuiaInterna/GuiaInterna_Nro_00033281.pdf,document,1892,75dfbb822643bf4f565fa040ea0d3ed62b03b672
WebGestor/Inventario/GuiaInterna/GuiaInterna_Nro_00033282.pdf,document,1930,eb039bb597d2a013c951c9c4e25d22fb88076480
WebGestor/Inventario/GuiaInterna/GuiaInterna_Nro_00033284.pdf,document,1890,4c947139ba870bedd4ce874e8515df170c553f51
WebGestor/Inventario/GuiaInterna/GuiaInterna_Nro_00033288.pdf,document,2045,febd3c06562e953b4d7d4e1ec8b8313f66b99eb0
WebGestor/Inventario/GuiaInterna/GuiaInterna_Nro_00033294.pdf,document,1949,413085724faf8697a89bbdd8bda247788574c575
WebGestor/Inventario/GuiaInterna/GuiaInterna_Nro_00033295.pdf,document,1952,105eb81eba6ef6dc75f4199e8a67942f00b81cf2
WebGestor/Inventario/GuiaInterna/GuiaInterna_Nro_00033296.pdf,document,1940,85a32195d441e7b4a4b49bf563fed71723fb356a
WebGestor/Inventario/GuiaInterna/GuiaInterna_Nro_00033297.pdf,document,1940,ff6bb447e86459e29f7f2baecd88a87d4d3734ee
WebGestor/Inventario/GuiaInterna/GuiaInterna_Nro_00033322.pdf,document,1996,65d6402d78275ba7cf0b592cc4e8ba2a4b5f234f
WebGestor/Inventario/GuiaInterna/GuiaInterna_Nro_00033324.pdf,document,1911,ad740cc7071478a5287d95d2601c6e3506f946eb
WebGestor/Inventario/GuiaInterna/GuiaInterna_Nro_00033326.pdf,document,2119,f2d1cf98ce2118cdc06182ae07d2bcbf2a9f15d1
WebGestor/Inventario/GuiaInterna/GuiaInterna_Nro_00033327.pdf,document,1905,410b800acaf52d383d08a1991f7f1b138e5bb8ed
WebGestor/Inventario/GuiaInterna/GuiaInterna_Nro_00033328.pdf,document,1890,648165c05f6cdbc2e08db6630a49a9c8e989631d
WebGestor/Inventario/GuiaInterna/GuiaInterna_Nro_00033329.pdf,document,1892,db843bcd269f1d825106309514e15f175565b99f
WebGestor/Inventario/GuiaInterna/GuiaInterna_Nro_00033336.pdf,document,1944,03555c3ad0cfc0d069c6b92a844e03fe8d3393d6
WebGestor/Inventario/GuiaInterna/GuiaInterna_Nro_00033337.pdf,document,1925,83f42743c4448c23d1ac1969320836f91b18c2fc
WebGestor/Inventario/GuiaInterna/GuiaInterna_Nro_00033338.pdf,document,1893,07d78e6cc672eae7dbe856ac4977056f715ad37d
WebGestor/Inventario/GuiaInterna/GuiaInterna_Nro_00033339.pdf,document,2029,e4f82a400369644a1bf09dc979734d478bf3f7aa
WebGestor/Inventario/GuiaInterna/GuiaInterna_Nro_00033340.pdf,document,1955,c0b56a0fadaf4dba3f520b451297df2614a81e7e
WebGestor/Inventario/GuiaInterna/GuiaInterna_Nro_00033341.pdf,document,1928,8413741574fdf3187cf1949a40e363c86a9e1ccf
WebGestor/Inventario/GuiaInterna/GuiaInterna_Nro_00033342.pdf,document,1941,41bf9799c117999434c8f0c04486256295af921c
WebGestor/Inventario/GuiaInterna/GuiaInterna_Nro_00033343.pdf,document,1886,0b025345b545c84a9dfe0a907dfebb612ba0a9c6
WebGestor/Inventario/GuiaInterna/GuiaInterna_Nro_00033344.pdf,document,1955,9b9ae59bfe30bac5abe327126f945c01bf833980
WebGestor/Inventario/GuiaInterna/GuiaInterna_Nro_00033345.pdf,document,1938,b5fac3c52e533457e1631adeed370a76cf3b5d0e
WebGestor/Inventario/GuiaInterna/GuiaInterna_Nro_00033346.pdf,document,1886,b124aab8c58550c24cfb2ee99abc7d1b95b917d6
WebGestor/Inventario/GuiaInterna/GuiaInterna_Nro_00033347.pdf,document,1891,c973c7942ab35dce40dfe2ac7b1a98322a7d381d
WebGestor/Inventario/GuiaInterna/GuiaInterna_Nro_00033348.pdf,document,1921,96f1aece8afbbfc5970fdbef9b5303195048b09c
WebGestor/Inventario/GuiaInterna/GuiaInterna_Nro_00033349.pdf,document,1887,f0c76bc1c76cb0039643bf66810cb85a07d7bac4
WebGestor/Inventario/GuiaInterna/GuiaInterna_Nro_00033350.pdf,document,2001,1bb8d1cefc3ac77403824f9f8608f40a67335c9a
WebGestor/Inventario/GuiaInterna/GuiaInterna_Nro_00033351.pdf,document,1882,1d2b4e6a25b46e4073f7836b8c677da8ba5d5154
WebGestor/Inventario/GuiaInterna/GuiaInterna_Nro_00033352.pdf,document,2045,7c6f2e73f4deaae555dd40fe1fe873790648046a
WebGestor/Inventario/GuiaInterna/GuiaInterna_Nro_00033353.pdf,document,1971,59ec032a0eae40585a7ab94c5b455ba87abb2e28
WebGestor/Inventario/GuiaInterna/GuiaInterna_Nro_00033354.pdf,document,1943,e804f20a03cc8464e423cb18fb89d40c91c3898f
WebGestor/Inventario/GuiaInterna/GuiaInterna_Nro_00033355.pdf,document,1935,7727f21e28c34f524bf578ea079cc0413c005e63
WebGestor/Inventario/GuiaInterna/GuiaInterna_Nro_00033359.pdf,document,1908,2a578a8d9f20b7c6fc899c3a30789c4bc1428a97
WebGestor/Inventario/GuiaInterna/GuiaInterna_Nro_00033360.pdf,document,1896,9ce5d960b32705f25f006b5131ffd6c8ac0fafe1
WebGestor/Inventario/GuiaInterna/GuiaInterna_Nro_00033361.pdf,document,1887,5626973579bfd278adc0bf97cd8352782613f4fb
WebGestor/Inventario/GuiaInterna/GuiaInterna_Nro_00033362.pdf,document,1888,2e18b1bd52dbf00f3ddc312605f6d3422c5dac65
WebGestor/Inventario/GuiaInterna/GuiaInterna_Nro_00033365.pdf,document,1893,2aa61d9a5420b7cd6011ebbb5159c18b0166be1f
WebGestor/Inventario/GuiaInterna/GuiaInterna_Nro_00033366.pdf,document,1892,c06237eab1c26d6b5b51fa1d1378f9ec8044bd07
WebGestor/Inventario/GuiaInterna/GuiaInterna_Nro_00033367.pdf,document,1940,fafd9b4ea5cfb971c9ce5bd04c508fc1571792bf
WebGestor/Inventario/GuiaInterna/GuiaInterna_Nro_00033368.pdf,document,1980,72be9f30d9acb66737b3f016edbfc390320458ba
WebGestor/Inventario/GuiaInterna/GuiaInterna_Nro_00033369.pdf,document,1971,77749659de180a9983a24901b16ba005ca6d368c
WebGestor/Inventario/GuiaInterna/GuiaInterna_Nro_00033370.pdf,document,1913,2e82a42940712d8dc9c3ba08d17f0b0867282e28
WebGestor/Inventario/GuiaInterna/GuiaInterna_Nro_00033372.pdf,document,1919,d7ffb5fa4c99aca3583ab2120bbe2514c1a1c0a4
WebGestor/Inventario/GuiaInterna/GuiaInterna_Nro_00033373.pdf,document,1897,f2717f371f3dcacbb9d7d6fb8938e888c92e1a22
WebGestor/Inventario/GuiaInterna/GuiaInterna_Nro_00033374.pdf,document,1911,fe16ffb51792c9ddb4b869c29f8d6c3d8aabc41d
WebGestor/Inventario/GuiaInterna/GuiaInterna_Nro_00033375.pdf,document,1898,685e27a0618558604a9869aa20afd57dc0221a15
WebGestor/Inventario/GuiaInterna/GuiaInterna_Nro_00033376.pdf,document,1901,bcd70ca6cf5ddec30d79eff49fa3b018b5134373
WebGestor/Inventario/GuiaInterna/GuiaInterna_Nro_00033377.pdf,document,1901,40379512bd149459c33f4ed91b4a7baa7b230c6d
WebGestor/Inventario/GuiaInterna/GuiaInterna_Nro_00033378.pdf,document,1892,547d10b9158eae51ce2315622627f3cffa16b46c
WebGestor/Inventario/GuiaInterna/GuiaInterna_Nro_00033379.pdf,document,1895,f749c22e6d59e65534291d650c1f7d1bdd49d83e
WebGestor/Inventario/GuiaInterna/GuiaInterna_Nro_00033380.pdf,document,1895,e36a54e7d59febbffd306c7fc5ed463297894e2f
WebGestor/Inventario/GuiaInterna/GuiaInterna_Nro_00033381.pdf,document,1928,1bfda3696c442c1f910e49f334e68db92086006b
WebGestor/Inventario/GuiaInterna/GuiaInterna_Nro_00033382.pdf,document,1896,5604a2b830514256258a5cbe7c0bda9e81955f28
WebGestor/Inventario/GuiaInterna/GuiaInterna_Nro_00033383.pdf,document,1904,c59de2bf12b528582c673a11cae6a4436e5514ca
WebGestor/Inventario/GuiaInterna/GuiaInterna_Nro_00033385.pdf,document,1978,069f9f96f0af7355015b172467ef979da13bc1a0
WebGestor/Inventario/GuiaInterna/GuiaInterna_Nro_00033386.pdf,document,2047,9180ef1e752040f73adcda16cc28f07ef50d764b
WebGestor/Inventario/GuiaInterna/GuiaInterna_Nro_00033387.pdf,document,1916,6c0262371f9cff43375f5a3e6722aeb93aedb64c
WebGestor/Inventario/GuiaInterna/GuiaInterna_Nro_00033388.pdf,document,1970,bc38c8b3673a88246e32d5d164ebc2b2585d9588
WebGestor/Inventario/GuiaInterna/GuiaInterna_Nro_00033389.pdf,document,1908,c98b11477ffe1ebfedb27e41e3955afd7bdcec1a
WebGestor/Inventario/GuiaInterna/GuiaInterna_Nro_00033390.pdf,document,1920,822a99cf40a0b82d1f6bf7d7cc7a023b62a2fafe
WebGestor/Inventario/GuiaInterna/GuiaInterna_Nro_00033391.pdf,document,1956,5424fa18664f4a2205b0af47dd7cb4166175d59a
WebGestor/Inventario/GuiaInterna/GuiaInterna_Nro_00033392.pdf,document,1901,0cca1329345e35a899f1165285fe775857e1eed2
WebGestor/Inventario/GuiaInterna/GuiaInterna_Nro_00033393.pdf,document,1912,1bdb300734df15dae6db3d8d6d3852a78f5430d8
WebGestor/Inventario/GuiaInterna/GuiaInterna_Nro_00033394.pdf,document,1898,6e6a8d8ac2ca2be3de6cefb0c5a9f77f638e1af4
WebGestor/Inventario/GuiaInterna/GuiaInterna_Nro_00033395.pdf,document,1928,df22fd99999113d184864e6f4a3d47dbb7d9895d
WebGestor/Inventario/GuiaInterna/GuiaInterna_Nro_00033396.pdf,document,1923,c49327c595105cb597fea26b6771dfc985118731
WebGestor/Inventario/GuiaInterna/GuiaInterna_Nro_00033397.pdf,document,1930,ef0b04a2914fa8e4cb5aa6e21c7d4fe64e47cdf6
WebGestor/Inventario/GuiaInterna/GuiaInterna_Nro_00033398.pdf,document,2090,e8b97dd7adb48dfe323ee37ee9bbd073097b7523
WebGestor/Inventario/GuiaInterna/GuiaInterna_Nro_00033399.pdf,document,2066,42031360f47ada67c3309a43473617ec3e9ab9ce
WebGestor/Inventario/GuiaInterna/GuiaInterna_Nro_00033400.pdf,document,2068,728d7ee95f1ca3d578828a3917f2439f2f5501c3
WebGestor/Inventario/GuiaInterna/GuiaInterna_Nro_00033401.pdf,document,1916,3ee382a48f4dcb87a4aadeb4ca871c39510c9327
WebGestor/Inventario/GuiaInterna/GuiaInterna_Nro_00033402.pdf,document,1963,ab7fd67ba469a2d0dd7f9e99aff164a1c73f29da
WebGestor/Inventario/GuiaInterna/GuiaInterna_Nro_00033403.pdf,document,1992,ef304a4611c57171ce0709b4295c42cbd251a5d7
WebGestor/Inventario/GuiaInterna/GuiaInterna_Nro_00033404.pdf,document,2020,8f9d911e1f1a2a4717a95d46802dd403cb4e0868
WebGestor/Inventario/GuiaInterna/GuiaInterna_Nro_00033405.pdf,document,1971,21b07479dd3f74bb9df274bb80ea917936aeb5c9
WebGestor/Inventario/GuiaInterna/GuiaInterna_Nro_00033407.pdf,document,1974,17a8a50abd060a77eae384425bc70b8b3edd4259
WebGestor/Inventario/GuiaInterna/GuiaInterna_Nro_00033408.pdf,document,1995,e830c6d481cc68e6d8b731f0e8eb3947dc8c89e3
WebGestor/Inventario/GuiaInterna/GuiaInterna_Nro_00033409.pdf,document,1927,69c1742290640438779afda26b427b420a3ed223
WebGestor/Inventario/GuiaInterna/GuiaInterna_Nro_00033410.pdf,document,1981,997af095005119873bb13e326d8b4d9bfa774e7d
WebGestor/Inventario/GuiaInterna/GuiaInterna_Nro_00033426.pdf,document,1962,9c4c6e400392968bedb56355022bc559693db7fc
WebGestor/Inventario/GuiaInterna/GuiaInterna_Nro_00033427.pdf,document,1962,55122aca3ce841fb1cd90369a10c2e822967106a
WebGestor/Inventario/GuiaInterna/GuiaInterna_Nro_00033428.pdf,document,1975,9d9a128141c34fcc2f3c0a82528fd19c1dd93742
WebGestor/Inventario/GuiaInterna/GuiaInterna_Nro_00033429.pdf,document,1958,b291976fd924847ad4bc699106241b688929812c
WebGestor/Inventario/GuiaInterna/GuiaInterna_Nro_00033430.pdf,document,1986,06f654ccb47e48cea9e82094ebd4dde2adf09be5
WebGestor/Inventario/GuiaInterna/GuiaInterna_Nro_00033431.pdf,document,1965,4c8daddf57559757470bfa9d18f8337f6bf6ee81
WebGestor/Inventario/GuiaInterna/GuiaInterna_Nro_00033432.pdf,document,1991,a24d2928abbad7881491caee25f825bdb621fb2f
WebGestor/Inventario/GuiaInterna/GuiaInterna_Nro_00033433.pdf,document,2012,383a12633f79625f880837fcff6aaee3c7ac1e8b
WebGestor/Inventario/GuiaInterna/GuiaInterna_Nro_00033434.pdf,document,1993,ee16c69c45d71ed23c625294e45222d74be02e2a
WebGestor/Inventario/GuiaInterna/GuiaInterna_Nro_00033435.pdf,document,1959,2d7aff3c2a7a51674780d8b10ed306dac75a5e0b
WebGestor/Inventario/GuiaInterna/GuiaInterna_Nro_00033436.pdf,document,1939,fd8bead8d90eef8658ce8cc1877d02767366afa1
WebGestor/Inventario/GuiaInterna/GuiaInterna_Nro_00033437.pdf,document,1954,b324b1bc2b1ab7f34255561c8be88ab1be662650
WebGestor/Inventario/GuiaInterna/GuiaInterna_Nro_00033438.pdf,document,2045,59d6c4f0874b31019e9aec32720f4ee14f4172f6
WebGestor/Inventario/GuiaInterna/GuiaInterna_Nro_00033439.pdf,document,2038,bc19ff5b1910590a7fd4003fee20296e6bd06216
WebGestor/Inventario/GuiaInterna/GuiaInterna_Nro_00033441.pdf,document,1900,3b6c66ae767f5299ab32843cf56a3c7994cbe27f
WebGestor/Inventario/GuiaInterna/GuiaInterna_Nro_00033442.pdf,document,1944,db98ec12014bbabc28ff4b6f5ce2efcb098b447a
WebGestor/Inventario/GuiaInterna/GuiaInterna_Nro_00033443.pdf,document,1984,9174f0b49d516a749510b158f54eafb328df5812
WebGestor/Inventario/GuiaInterna/GuiaInterna_Nro_00033444.pdf,document,2030,d9919d87f8af4d025a422457b76bbb66aa080692
WebGestor/Inventario/GuiaInterna/GuiaInterna_Nro_00033445.pdf,document,1996,127d3b8282b44db3a795316d686b162047c82029
WebGestor/Inventario/GuiaInterna/GuiaInterna_Nro_00033446.pdf,document,2013,b824cfa785dfb4529de9878ab8c394c4f585c7f3
WebGestor/Inventario/GuiaInterna/GuiaInterna_Nro_00033447.pdf,document,1911,171b40daba97d22d35f08a65c100fd92281e5072
WebGestor/Inventario/GuiaInterna/GuiaInterna_Nro_00033449.pdf,document,2293,631b2afec8eadd833a1aab8c8fd3480d5c13b54b
WebGestor/Inventario/GuiaInterna/GuiaInterna_Nro_00033450.pdf,document,1896,aaa7a05343542c6778bea7a5cf5f70c056f803a0
WebGestor/Inventario/GuiaInterna/GuiaInterna_Nro_00033451.pdf,document,2013,ff1303d3fff675e375301ba93aed165b5446864e
WebGestor/Inventario/GuiaInterna/GuiaInterna_Nro_00033453.pdf,document,1924,b6edd19e304f1f7fcfa99ac32b2d7854323854e9
WebGestor/Inventario/GuiaInterna/GuiaInterna_Nro_00033455.pdf,document,1924,56fcb8edeb6be85751e53ca670b683dddf007b2c
WebGestor/Inventario/GuiaInterna/GuiaInterna_Nro_00033456.pdf,document,1991,c27e67de867d4cb51c8e84eb337c8cdfdd0f375b
WebGestor/Inventario/GuiaInterna/GuiaInterna_Nro_00033457.pdf,document,1993,af7641be7dd84be6a7f5f5b6e758c68e8d2d5e8e
WebGestor/Inventario/GuiaInterna/GuiaInterna_Nro_00033458.pdf,document,1987,f74612fd7e7026c60af44ea0eb49a2b97c9f3588
WebGestor/Inventario/GuiaInterna/GuiaInterna_Nro_00033459.pdf,document,1989,e6fb0e131c9beb9acf4671dede8939c25aade5bb
WebGestor/Inventario/GuiaInterna/GuiaInterna_Nro_00033460.pdf,document,1988,03051bb538eb068eecd41fa592b70b828bee5b43
WebGestor/Inventario/GuiaInterna/GuiaInterna_Nro_00033461.pdf,document,1989,5fb156f2a9145b1066c67ad94852a8fa1d162230
WebGestor/Inventario/GuiaInterna/GuiaInterna_Nro_00033466.pdf,document,2045,0174b285b942ba49d52dafb59d38723ff65b9720
WebGestor/Inventario/GuiaInterna/GuiaInterna_Nro_00033467.pdf,document,1941,81b2baf884c18a6900b5d4a35ac107d61c5febf5
WebGestor/Inventario/GuiaInterna/GuiaInterna_Nro_00033469.pdf,document,1904,98069769a31426cc8093722b5bca38b7e3e38611
WebGestor/Inventario/GuiaInterna/GuiaInterna_Nro_00033487.pdf,document,1934,22eef81ba464042de11279aad77e73701fc1d903
WebGestor/Inventario/GuiaInterna/GuiaInterna_Nro_00033488.pdf,document,1902,ded4a0908ea62e8690c26d2be4bda02a1aea3f90
WebGestor/Inventario/GuiaInterna/GuiaInterna_Nro_00033489.pdf,document,1902,4ad005d7ff1af99be86296789d85f88b9db53873
WebGestor/Inventario/GuiaInterna/GuiaInterna_Nro_00033490.pdf,document,1897,61af5015dc0614e69bf9579ecec7bef2abb4a415
WebGestor/Inventario/GuiaInterna/GuiaInterna_Nro_00033491.pdf,document,1888,14f8a9e099306110388d45342340de6dfea1e33f
WebGestor/Inventario/GuiaInterna/GuiaInterna_Nro_00033492.pdf,document,1907,1529b6daea8d15a93be95ef86cf733d341e6449c
WebGestor/Inventario/GuiaInterna/GuiaInterna_Nro_00033493.pdf,document,1886,1b73115e9ee97994ca692b605ee8cbd4e7b46d94
WebGestor/Inventario/GuiaInterna/GuiaInterna_Nro_00033494.pdf,document,1889,3359516c9f6dd6c676fc10edcc79ecabc04f4d7b
WebGestor/Inventario/GuiaInterna/GuiaInterna_Nro_00033495.pdf,document,1908,c797d7939ac617799e91f95cc18a3faf025c334d
WebGestor/Inventario/GuiaInterna/GuiaInterna_Nro_00033496.pdf,document,1911,792b6c922fc4999c6b5d73a7fb2730a0da915d98
WebGestor/Inventario/GuiaInterna/GuiaInterna_Nro_00033497.pdf,document,1905,7f87622b2d1e478c3ea9b91c6012af894dc4cf48
WebGestor/Inventario/GuiaInterna/GuiaInterna_Nro_00033498.pdf,document,1912,f1c2ae8c0fb11b1eb0a116acf5738f65f28fb29a
WebGestor/Inventario/GuiaInterna/GuiaInterna_Nro_00033499.pdf,document,2031,b1756651cdca5b31b3b094cd1dc4aef8166e36a3
WebGestor/Inventario/GuiaInterna/GuiaInterna_Nro_00033500.pdf,document,1927,04156afb37c5fd19ea145878525d40c8cb01aa8c
WebGestor/Inventario/GuiaInterna/GuiaInterna_Nro_00033501.pdf,document,1910,f514c0cd119de88e4867acb799d7ff5ac3ab8142
WebGestor/Inventario/GuiaInterna/GuiaInterna_Nro_00033502.pdf,document,1925,68fa4c3730a3b0b4bf28a5424facde3cd51f6055
WebGestor/Inventario/GuiaInterna/GuiaInterna_Nro_00033503.pdf,document,1928,3806646c494fdc7132553ce19e06927187e6eb0e
WebGestor/Inventario/GuiaInterna/GuiaInterna_Nro_00033505.pdf,document,1979,f75523fcb849ee64687f5ad5c137a8f53ee3e00a
WebGestor/Inventario/GuiaInterna/GuiaInterna_Nro_00033506.pdf,document,1975,d4bdd4451a65a1c61bd76bc02a1f96bcf690736c
WebGestor/Inventario/GuiaInterna/GuiaInterna_Nro_00033507.pdf,document,1953,8d5ec314d6eefdf0531eca705300c295bc0e65af
WebGestor/Inventario/GuiaInterna/GuiaInterna_Nro_00033508.pdf,document,1973,381146059ddc23154a074558d7b97177996687b8
WebGestor/Inventario/GuiaInterna/GuiaInterna_Nro_00033509.pdf,document,1976,508629434fa881eee814088266860c0801b643a0
WebGestor/Inventario/GuiaInterna/GuiaInterna_Nro_00033510.pdf,document,1966,4fc6be33b43a1a910f263d83f622f4fde19c3858
WebGestor/Inventario/GuiaInterna/GuiaInterna_Nro_00033511.pdf,document,2008,65bd38982192ab04a8cec41fc564314b3070bc0a
WebGestor/Inventario/GuiaInterna/GuiaInterna_Nro_00033512.pdf,document,1980,b3af05cfcd8d15279494662276945b1e0fc4f5c8
WebGestor/Inventario/GuiaInterna/GuiaInterna_Nro_00033513.pdf,document,1974,4701b56a9a61bf0cf7dc0dab51928d1129569e04
WebGestor/Inventario/GuiaInterna/GuiaInterna_Nro_00033514.pdf,document,1943,8c0defb66c72460a9aec86caf9071cbd09b86035
WebGestor/Inventario/GuiaInterna/GuiaInterna_Nro_00033515.pdf,document,1942,d6e728b8796784eeaaa9435cfd8f02f626b227c7
WebGestor/Inventario/GuiaInterna/GuiaInterna_Nro_00033516.pdf,document,2009,095776617f8f2331754cd0f69c5ce78b99fc8293
WebGestor/Inventario/GuiaInterna/GuiaInterna_Nro_00033517.pdf,document,1901,ac949928c3333449322ac89bfbf55620f5fd7d91
WebGestor/Inventario/GuiaInterna/GuiaInterna_Nro_00033518.pdf,document,1913,58f6fea6dbb536321eb5be26c9176457859ba422
WebGestor/Inventario/GuiaInterna/GuiaInterna_Nro_00033520.pdf,document,1922,290c7a6e2604747265c50be212b094d03f9284e1
WebGestor/Inventario/GuiaInterna/GuiaInterna_Nro_00033521.pdf,document,1912,dcd54d231d374ba3d6e82707108156a17eb86d8a
WebGestor/Inventario/GuiaInterna/GuiaInterna_Nro_00033522.pdf,document,1914,85ffc28197f5c51afac53566267e6bca488d45b5
WebGestor/Inventario/GuiaInterna/GuiaInterna_Nro_00033523.pdf,document,1919,d7da2ef17a1c7a13afe259d8ca0c66e28324591c
WebGestor/Inventario/GuiaInterna/GuiaInterna_Nro_00033526.pdf,document,2032,662730a2c185645cbe980001ea706a7833d07e08
WebGestor/Inventario/GuiaInterna/GuiaInterna_Nro_00033527.pdf,document,1942,da911dbc8489a132db28e423aeb6e0c45a1d9246
WebGestor/Inventario/GuiaInterna/GuiaInterna_Nro_00033528.pdf,document,1939,4cd74d234ab605250b1e37b13ba682de866c8713
WebGestor/Inventario/GuiaInterna/GuiaInterna_Nro_00033529.pdf,document,1917,70b4614c263275ee4acba7fa66ecee30bc80f02c
WebGestor/Inventario/GuiaInterna/GuiaInterna_Nro_00033531.pdf,document,1980,1184c723b5913e2d2d0affa59736c0921ceec14c
WebGestor/Inventario/GuiaInterna/GuiaInterna_Nro_00033532.pdf,document,2823,2967d2ceb9fbde569f7e2d14d9a6bea027ec91ea
WebGestor/Inventario/GuiaInterna/GuiaInterna_Nro_00033533.pdf,document,1898,764f800c3cb35cd45f5e9440fa2aa2bb7b83963b
WebGestor/Inventario/GuiaInterna/GuiaInterna_Nro_00033536.pdf,document,2708,9c71e76fec1aa5eec06fe292636eae1f5684e610
WebGestor/Inventario/GuiaInterna/GuiaInterna_Nro_00033546.pdf,document,1995,6b2a1b08fd6267c92d28699dc7445b4814f924ab
WebGestor/Inventario/GuiaInterna/GuiaInterna_Nro_00033547.pdf,document,1966,407032131e4e5fcaca16b08fede36e3bd4363465
WebGestor/Inventario/GuiaInterna/GuiaInterna_Nro_00033548.pdf,document,1980,13ef5096155bc6cc0acdfc11cedad786021f5d11
WebGestor/Inventario/GuiaInterna/GuiaInterna_Nro_00033549.pdf,document,1999,8999b6d37664908679326f47ee372c89695c5ff2
WebGestor/Inventario/GuiaInterna/GuiaInterna_Nro_00033550.pdf,document,2014,18fa0572a852954eb7810118718d24a96bdbf121
WebGestor/Inventario/GuiaInterna/GuiaInterna_Nro_00033551.pdf,document,2008,c674e81585ba753171d757d64ee09d2f3656d3df
WebGestor/Inventario/GuiaInterna/GuiaInterna_Nro_00033552.pdf,document,1976,910fb15f8a8964714cf60691419cb8b345c24192
WebGestor/Inventario/GuiaInterna/GuiaInterna_Nro_00033553.pdf,document,1994,10ebb7637757b4e2b95ab216bbe4869220dbe6c7
WebGestor/Inventario/GuiaInterna/GuiaInterna_Nro_00033554.pdf,document,2000,ff395525d3b090b7cb2418f57aae54b6329403d5
WebGestor/Inventario/GuiaInterna/GuiaInterna_Nro_00033555.pdf,document,2012,fd713b9fbc2c4f8174620c5bb2fe3cc4d7893ebe
WebGestor/Inventario/GuiaInterna/GuiaInterna_Nro_00033556.pdf,document,1996,578ac112011fd7364945fa2a9cdf6d36cf206aa5
WebGestor/Inventario/GuiaInterna/GuiaInterna_Nro_00033557.pdf,document,1997,0934a268792be444d5ada19f40d7832d9b3c8032
WebGestor/Inventario/GuiaInterna/GuiaInterna_Nro_00033558.pdf,document,1998,b0e07223894bc19f759f683f31d74627a61e3cc5
WebGestor/Inventario/GuiaInterna/GuiaInterna_Nro_00033559.pdf,document,1992,12788133fcf67dca1c653f44bd75341b4b001990
WebGestor/Inventario/GuiaInterna/GuiaInterna_Nro_00033560.pdf,document,2733,4f3c958b796c494d2dda5e21b584209941dc4c8f
WebGestor/Inventario/GuiaInterna/GuiaInterna_Nro_00033561.pdf,document,2163,ff06b39415c5fd47b2be944c4a7b807a0b4e54af
WebGestor/Inventario/GuiaInterna/GuiaInterna_Nro_00033562.pdf,document,1944,6a933f65720329c1811804445fb72c5d13c3ba3a
WebGestor/Inventario/GuiaInterna/GuiaInterna_Nro_00033563.pdf,document,2274,c90f16c75421e202cb541ed783dfe6ac52cc5d1c
WebGestor/Inventario/GuiaInterna/GuiaInterna_Nro_00033573.pdf,document,1957,2038b19100beb29b4ac5ffb3e3f6851e4276bdbc
WebGestor/Inventario/GuiaInterna/GuiaInterna_Nro_00033574.pdf,document,1939,98e54f50e53daba22d086ad605fdaa067fbd4313
WebGestor/Inventario/GuiaInterna/GuiaInterna_Nro_00033582.pdf,document,1957,6c2e4a713aa14f2406b723848d67806829b31482
WebGestor/Inventario/GuiaInterna/GuiaInterna_Nro_00033583.pdf,document,1961,43e810b61f5800cd5a9eb912f7cb8f603e82d3f4
WebGestor/Inventario/GuiaInterna/GuiaInterna_Nro_00033584.pdf,document,1998,babc80f2bf6fa1201f219d552953375db3154824
WebGestor/Inventario/GuiaInterna/GuiaInterna_Nro_00033585.pdf,document,1972,1798ee7a4d2bf0252c5204aad8f94e60f0c230b0
WebGestor/Inventario/GuiaInterna/GuiaInterna_Nro_00033586.pdf,document,1978,c6bfe4bbca327f620dfc619dd8783a7c9b3d688f
WebGestor/Inventario/GuiaInterna/GuiaInterna_Nro_00033587.pdf,document,1968,53d13bd2c3119e8e9ec0cde7a0bbad52d6e89c94
WebGestor/Inventario/GuiaInterna/GuiaInterna_Nro_00033589.pdf,document,2005,ad2ddd6858dfc7e95ec470cc95078c4e9039a506
WebGestor/Inventario/GuiaInterna/GuiaInterna_Nro_00033590.pdf,document,2000,12d3867aa814775cb8d6a15ffacbb0a668b08dfd
WebGestor/Inventario/GuiaInterna/GuiaInterna_Nro_00033591.pdf,document,1983,e2bd341cc0363f4d20252e57adfdf1f6b101415d
WebGestor/Inventario/GuiaInterna/GuiaInterna_Nro_00033592.pdf,document,2057,0e27434da0187347f117a2c69d011cc726caa1e4
WebGestor/Inventario/GuiaInterna/GuiaInterna_Nro_00033593.pdf,document,1986,828686e39d4203dc8903d046e5a7349e193be4a9
WebGestor/Inventario/GuiaInterna/GuiaInterna_Nro_00033594.pdf,document,1942,c5f7815783a947d2f0025e71ffadce49bf1b247b
WebGestor/Inventario/GuiaInterna/GuiaInterna_Nro_00033595.pdf,document,1980,6d060b32eb49fd35d6e68aa501c80f3d5792619e
WebGestor/Inventario/GuiaInterna/GuiaInterna_Nro_00033596.pdf,document,2145,2c41e8056f7c5d1c8f0e08b3905457c5612a6059
WebGestor/Inventario/GuiaInterna/GuiaInterna_Nro_00033599.pdf,document,1953,6692b85d2b5a28adcdc7e3dd0bf233796c25b583
WebGestor/Inventario/GuiaInterna/GuiaInterna_Nro_00033600.pdf,document,1919,fec180bb7101f58b4e4e8e07fa3f42b70ee8b787
WebGestor/Inventario/GuiaInterna/GuiaInterna_Nro_00033601.pdf,document,1912,5e92f0662bd058e2c95023a0ebd70363498e07b3
WebGestor/Inventario/GuiaInterna/GuiaInterna_Nro_00033602.pdf,document,2011,323023b56b54519d2e3ccae99907788a19bc75b5
WebGestor/Inventario/GuiaInterna/GuiaInterna_Nro_00033605.pdf,document,1948,1cdebb8b49bf26485c297c4d685b0ac35ba57155
WebGestor/Inventario/GuiaInterna/GuiaInterna_Nro_00033617.pdf,document,1946,5490af0ec3f7b84b4043573dc83313934d0bf5b1
WebGestor/Inventario/GuiaInterna/GuiaInterna_Nro_00033618.pdf,document,1872,944ada8bec577e98484047974ed4470d6a35c0e8
WebGestor/Inventario/GuiaInterna/GuiaInterna_Nro_00033671.pdf,document,1993,f2ff15be49ba43d8ea81de0a18afa70c23f99bba
WebGestor/Inventario/GuiaInterna/GuiaInterna_Nro_00033672.pdf,document,1994,3e1c0e080298c44952cc9951b8056641d33c52b6
WebGestor/Inventario/GuiaInterna/GuiaInterna_Nro_00033673.pdf,document,2002,fa91a68ea429f4b12308b0de4224152b96b4c5c3
WebGestor/Inventario/GuiaInterna/GuiaInterna_Nro_00033674.pdf,document,1987,1d5082e0ab0c791ef5a832ccfb79395c9ac0ef95
WebGestor/Inventario/GuiaInterna/GuiaInterna_Nro_00033675.pdf,document,1983,9990a3aab5cd3dec66fe92ca5f470775e1982eb8
WebGestor/Inventario/GuiaInterna/GuiaInterna_Nro_00033676.pdf,document,1994,7f3b5a9de2ce0a970301bcdb9dca225a21d87a38
WebGestor/Inventario/GuiaInterna/GuiaInterna_Nro_00033677.pdf,document,1998,cd46ca58331de4245b2473b1c320f10c6ceef04f
WebGestor/Inventario/GuiaInterna/GuiaInterna_Nro_00033678.pdf,document,1987,f620861b20cf8bb4a29bd3fd802c9ca52a65f260
WebGestor/Inventario/GuiaInterna/GuiaInterna_Nro_00033679.pdf,document,1963,c0217968151ddc884dd1e81dd96933bdc67ce9e4
WebGestor/Inventario/GuiaInterna/GuiaInterna_Nro_00033680.pdf,document,1991,54071ea20a364ba8ba0fec7480015061f8f6fb70
WebGestor/Inventario/GuiaInterna/GuiaInterna_Nro_00033681.pdf,document,1932,c5de21d6c2b84d444380e67952bd8859e6338532
WebGestor/Inventario/GuiaInterna/GuiaInterna_Nro_00033682.pdf,document,1992,dbb83282f1ee10fef4e76496fccf0bda930a39a2
WebGestor/Inventario/GuiaInterna/GuiaInterna_Nro_00033684.pdf,document,1907,dae3a599a9246633d3d7e13999561ab6514b12b6
WebGestor/Inventario/GuiaInterna/GuiaInterna_Nro_00033691.pdf,document,1956,dd87a381d6bd217c236c6232b5bbfd1a372bca11
WebGestor/Inventario/GuiaInterna/GuiaInterna_Nro_00033692.pdf,document,1951,6090923e7201970a29cdb5b164fd1def7a233279
WebGestor/Inventario/GuiaInterna/GuiaInterna_Nro_00033693.pdf,document,2143,a26117167593d1981fd963da738bbee614c57967
WebGestor/Inventario/GuiaInterna/GuiaInterna_Nro_00033715.pdf,document,1929,1bbcc82907dde46b3db5069fd650ca38148df899
WebGestor/Inventario/GuiaInterna/GuiaInterna_Nro_00033718.pdf,document,1959,f43e88908e67e8287b9f354a68f04baf4f06d817
WebGestor/Inventario/GuiaInterna/GuiaInterna_Nro_00033802.pdf,document,1969,e7973123e7d15459019ef00aa4257c0ed05f0893
WebGestor/Inventario/GuiaInterna/GuiaInterna_Nro_00033803.pdf,document,2020,b257b20b1c31676535c46e4c9a25c003700c4188
WebGestor/Inventario/GuiaInterna/GuiaInterna_Nro_00033804.pdf,document,2007,af401f59d6ee07407bfc04522335b4a032b38f16
WebGestor/Inventario/GuiaInterna/GuiaInterna_Nro_00033805.pdf,document,1991,70006a3931b7ef0de482f4747473eddf9d47e17d
WebGestor/Inventario/GuiaInterna/GuiaInterna_Nro_00033806.pdf,document,2004,260f229da3d498ce6e8c5e6763fbb04ac16c0258
WebGestor/Inventario/GuiaInterna/GuiaInterna_Nro_00033807.pdf,document,1988,53b1d4c6e77e85f2ab25870bf58995ed68f164aa
WebGestor/Inventario/GuiaInterna/GuiaInterna_Nro_00033808.pdf,document,2012,b96d0cecf20e110d3763818703a2261230f314c0
WebGestor/Inventario/GuiaInterna/GuiaInterna_Nro_00033815.pdf,document,2012,9f6e41bf4ef31a5a8ac935b7a4b57a9c29322129
WebGestor/Inventario/GuiaInterna/GuiaInterna_Nro_00033820.pdf,document,1957,43a47fc70f14622c41704b24e0c8ee1595e9c689
WebGestor/Inventario/GuiaInterna/GuiaInterna_Nro_00033826.pdf,document,1959,5341a4678dca0bd9f932640fc383f6c213d4f3c1
WebGestor/Inventario/GuiaInterna/GuiaInterna_Nro_00033827.pdf,document,1992,d73cdf6c671b6ebcd6f436607102c43d0847cd8d
WebGestor/Inventario/GuiaInterna/GuiaInterna_Nro_00033828.pdf,document,2099,4c549854d615e4fe2a7f9178021332db253544d2
WebGestor/Inventario/GuiaInterna/GuiaInterna_Nro_00033830.pdf,document,1985,6e152f6bbf7742c361bb007608f152ba0f0e2e2f
WebGestor/Inventario/GuiaInterna/GuiaInterna_Nro_00033834.pdf,document,2010,f1df963d7047c37d0c3fa9679f2524cd87620312
WebGestor/Inventario/GuiaInterna/GuiaInterna_Nro_00033835.pdf,document,2023,dce22bcd227bc4d649e0a2c78b9374adb4e73510
WebGestor/Inventario/GuiaInterna/GuiaInterna_Nro_00033836.pdf,document,1932,9e64f36641710ea0c17eef37edf9542b8e224237
WebGestor/Inventario/GuiaInterna/GuiaInterna_Nro_00033837.pdf,document,2146,798e88108e70994a542af7e8810771f998089ccd
WebGestor/Inventario/GuiaInterna/GuiaInterna_Nro_00033838.pdf,document,1913,0eeb57acd8d22465173b0b0003891021383ce481
WebGestor/Inventario/GuiaInterna/GuiaInterna_Nro_00033839.pdf,document,2037,0af81bc2ab88d0bf0a5f0d8a7a39078ae23d596d
WebGestor/Inventario/GuiaInterna/GuiaInterna_Nro_00033840.pdf,document,1994,fb05015a7d88ad3779de21bb0a4a24a64bdd4f24
WebGestor/Inventario/GuiaInterna/GuiaInterna_Nro_00033841.pdf,document,2027,cd76646ba63a3ff674a46da8c83b2c71205361b3
WebGestor/Inventario/GuiaInterna/GuiaInterna_Nro_00033842.pdf,document,1997,f81d3514864fc57c5e5e16ec645ef01ebd9bcfb6
WebGestor/Inventario/GuiaInterna/GuiaInterna_Nro_00033843.pdf,document,2019,e68231ac1b7a2b0a232e72901766363fca18aa78
WebGestor/Inventario/GuiaInterna/GuiaInterna_Nro_00033844.pdf,document,2009,ac0eb91b027540e3e730295334757261aea87796
WebGestor/Inventario/GuiaInterna/GuiaInterna_Nro_00033845.pdf,document,1998,09bd6adc24fa4db1649c117d04844fb4176dcad4
WebGestor/Inventario/GuiaInterna/GuiaInterna_Nro_00033846.pdf,document,2018,dc63aeab4bc03654cbd6a6223ff178b3f6a8a343
WebGestor/Inventario/GuiaInterna/GuiaInterna_Nro_00033847.pdf,document,1998,2a3a78c98dece7ace55d601b8865a1699712eb2e
WebGestor/Inventario/GuiaInterna/GuiaInterna_Nro_00033849.pdf,document,1909,2fdeb44e6f300b9469930b23161351af4b8688d6
WebGestor/Inventario/GuiaInterna/GuiaInterna_Nro_00033861.pdf,document,2006,1d38659bbad7fa946861ea231971409965ff9239
WebGestor/Inventario/GuiaInterna/GuiaInterna_Nro_00033862.pdf,document,2000,92c0e04f0f1b924c2bb49244dcaf6d73d7b35b54
WebGestor/Inventario/GuiaInterna/GuiaInterna_Nro_00033865.pdf,document,2036,23c2233e59cb2cc7cf122200fbc02fcd5e16dfd5
WebGestor/Inventario/GuiaInterna/GuiaInterna_Nro_00033866.pdf,document,2008,ef5288a3d3c3581c873c3bf3bb063285499dada7
WebGestor/Inventario/GuiaInterna/GuiaInterna_Nro_00033867.pdf,document,1924,3c9bbf2ad51d24441b1288f6b18fbf4a4b409e84
WebGestor/Inventario/GuiaInterna/GuiaInterna_Nro_00033872.pdf,document,2015,9bfe491df394f7dfb5752daf845fdc519b3fe153
WebGestor/Inventario/GuiaInterna/GuiaInterna_Nro_00033873.pdf,document,1950,2ae838b440ba511a994d023ad4b89c907338f876
WebGestor/Inventario/GuiaInterna/GuiaInterna_Nro_00033874.pdf,document,1986,9c06db71a31cc9f339a055aa5fff94cb18b4726c
WebGestor/Inventario/GuiaInterna/GuiaInterna_Nro_00033875.pdf,document,2087,0a567fdc18ec6440a2230ca523a584ee50a2889c
WebGestor/Inventario/GuiaInterna/GuiaInterna_Nro_00033876.pdf,document,1960,7d3d342fe84271f19e87823071f27ccffc758a08
WebGestor/Inventario/GuiaInterna/GuiaInterna_Nro_00033877.pdf,document,1926,e0795e16af01071518c56e37a220e10cc44db3c2
WebGestor/Inventario/GuiaInterna/GuiaInterna_Nro_00033878.pdf,document,1925,8c695951732d133100688549193493231629b182
WebGestor/Inventario/GuiaInterna/GuiaInterna_Nro_00033880.pdf,document,1958,18ac663730daecaf97a2c0648c879a70d7c6362f
WebGestor/Inventario/GuiaInterna/GuiaInterna_Nro_00033881.pdf,document,1947,0c60dbe8feb6beff2da78aa341e94cf89fed971d
WebGestor/Inventario/GuiaInterna/GuiaInterna_Nro_00033885.pdf,document,1935,0ea5804ae01ee8661a7178c59e2d2416c525709b
WebGestor/Inventario/GuiaInterna/GuiaInterna_Nro_00033890.pdf,document,2320,91758b594cae30481d754b41a8362873c950195d
WebGestor/Inventario/GuiaInterna/GuiaInterna_Nro_00033892.pdf,document,1999,2f334d5274e1c2431dc1a967506d2bda7f2ffe7d
WebGestor/Inventario/GuiaInterna/GuiaInterna_Nro_00033893.pdf,document,2002,6fa33c3c4c86cb2a4189e478e74d0d913bd95794
WebGestor/Inventario/GuiaInterna/GuiaInterna_Nro_00033896.pdf,document,1942,85f37fc4f5525da66e244c8968715978c7eed94e
WebGestor/Inventario/GuiaInterna/GuiaInterna_Nro_00033897.pdf,document,2005,fd90f00d8eeeeaa1a804e3dfb1090b7760fa617f
WebGestor/Inventario/GuiaInterna/GuiaInterna_Nro_00033898.pdf,document,2010,91fa6a1251c9e875e3bd588f30d8f845746e19b0
WebGestor/Inventario/GuiaInterna/GuiaInterna_Nro_00033899.pdf,document,1953,c3f9976a87783b5fa5b189ed8b41a4c71420969c
WebGestor/Inventario/GuiaInterna/GuiaInterna_Nro_00033907.pdf,document,1916,9bf48f8deaf5403317859749e4eceb9544b91341
WebGestor/Inventario/GuiaInterna/GuiaInterna_Nro_00033908.pdf,document,1927,c5e5410e31b3f387d493cfef090ca86890003dfe
WebGestor/Inventario/GuiaInterna/GuiaInterna_Nro_00033909.pdf,document,1916,80b458f4044e8b2a895069588fa52ae2f465b4fd
WebGestor/Inventario/GuiaInterna/GuiaInterna_Nro_00033910.pdf,document,1927,668665ee181676adc570eea2163895d1c8615137
WebGestor/Inventario/GuiaInterna/GuiaInterna_Nro_00033911.pdf,document,1924,d3469aa412e56238ade835f3cb2747a90918ec6c
WebGestor/Inventario/GuiaInterna/GuiaInterna_Nro_00033912.pdf,document,1927,b46afc3760f6c893210bed21ee38b830703f47f6
WebGestor/Inventario/GuiaInterna/GuiaInterna_Nro_00033913.pdf,document,1925,ceb259ba5ac7eb5dc21d068bb3acdda6e81f4d92
WebGestor/Inventario/GuiaInterna/GuiaInterna_Nro_00033914.pdf,document,1933,6853cd61a7d5a02f9d7d685c1a27d7a73cb3822b
WebGestor/Inventario/GuiaInterna/GuiaInterna_Nro_00033915.pdf,document,1918,8355db1b6d5d411f0de67f1bfe623a7aa5211087
WebGestor/Inventario/GuiaInterna/GuiaInterna_Nro_00033916.pdf,document,1929,01a3194b1077b7c6e1eea2a122555c6ec265b96b
WebGestor/Inventario/GuiaInterna/GuiaInterna_Nro_00033917.pdf,document,1919,99e6a1e7b5afb0df62fefa90402dd8bfbe066011
WebGestor/Inventario/GuiaInterna/GuiaInterna_Nro_00033918.pdf,document,1934,ea3a1b27293d5e0b5bbac7fbdcca47ea5a14e625
WebGestor/Inventario/GuiaInterna/GuiaInterna_Nro_00033919.pdf,document,1969,e9068503ba111402dc838ab83b30f84ac78bc03a
WebGestor/Inventario/GuiaInterna/GuiaInterna_Nro_00033920.pdf,document,1925,3211a8779ebc181e89cbf1df93a120e3316a8a94
WebGestor/Inventario/GuiaInterna/GuiaInterna_Nro_00033921.pdf,document,2000,8a09bc4a7d542dbfa69e3875ce5e36df1e10b6fc
WebGestor/Inventario/GuiaInterna/GuiaInterna_Nro_00033922.pdf,document,1928,1dd97105504590e67963da34a8034fd09515226d
WebGestor/Inventario/GuiaInterna/GuiaInterna_Nro_00033923.pdf,document,1924,143701a27e35e50b9c699ca62cbcbc104d948598
WebGestor/Inventario/GuiaInterna/GuiaInterna_Nro_00033924.pdf,document,2010,a1c500ef2e1fba8c185d459baefd7a48d1be42c2
WebGestor/Inventario/GuiaInterna/GuiaInterna_Nro_00033925.pdf,document,1925,ddbff518300bfd5952d094a09263ed80181bfbe3
WebGestor/Inventario/GuiaInterna/GuiaInterna_Nro_00033926.pdf,document,1968,ed66b9b9d2d3e6456f4b3045a56d79496dbd5eef
WebGestor/Inventario/GuiaInterna/GuiaInterna_Nro_00033927.pdf,document,1932,e4343ed999be755b2e5020c297d0de526ed08190
WebGestor/Inventario/GuiaInterna/GuiaInterna_Nro_00033928.pdf,document,1958,5d09402704d39812cba98baf90256fb7b735cd79
WebGestor/Inventario/GuiaInterna/GuiaInterna_Nro_00033929.pdf,document,1916,54ded0862bf1415a66a3f6912d382c05eef50728
WebGestor/Inventario/GuiaInterna/GuiaInterna_Nro_00033930.pdf,document,1935,5b83ad089fa6bbf3713f8fbc8234f461a2648fe5
WebGestor/Inventario/GuiaInterna/GuiaInterna_Nro_00033931.pdf,document,1931,ad1838b634b60ebc1eaec44cb957f8cce4aae802
WebGestor/Inventario/GuiaInterna/GuiaInterna_Nro_00033932.pdf,document,1933,329ea62fb39bdaa643b9dba8c8fe304e7901a405
WebGestor/Inventario/GuiaInterna/GuiaInterna_Nro_00033933.pdf,document,2029,c59c146d689d982d3234fbcc85e9da59d46542cd
WebGestor/Inventario/GuiaInterna/GuiaInterna_Nro_00033934.pdf,document,1931,cd593e3af8d65286c05bfbd95800210190ddfbe9
WebGestor/Inventario/GuiaInterna/GuiaInterna_Nro_00033935.pdf,document,1939,ef675c3d6e72d12b8b8cac61b5bdfccdc648d758
WebGestor/Inventario/GuiaInterna/GuiaInterna_Nro_00033936.pdf,document,1936,fb7299f59e0e33ea0ae5cbc13f2d04628b05c803
WebGestor/Inventario/GuiaInterna/GuiaInterna_Nro_00033937.pdf,document,2055,88079d3c5918e8accaef4d0278f7a9ea440b2780
WebGestor/Inventario/GuiaInterna/GuiaInterna_Nro_00033939.pdf,document,1919,0624bfd032b83e0334dd16bbbd185dc40d7a7505
WebGestor/Inventario/GuiaInterna/GuiaInterna_Nro_00033940.pdf,document,1946,1bb9ee858dd1e9fef90d8c60e5abb3b89b3d098e
WebGestor/Inventario/GuiaInterna/GuiaInterna_Nro_00033941.pdf,document,1927,5fdfd33576ee4061c5383c260ea41872217b5d69
WebGestor/Inventario/GuiaInterna/GuiaInterna_Nro_00033942.pdf,document,1936,5cbbd8d68035409d868b42d0e938ade4936cf37b
WebGestor/Inventario/GuiaInterna/GuiaInterna_Nro_00033944.pdf,document,2014,7f1654e1821ff788b6065cb28ad953824260bb5b
WebGestor/Inventario/GuiaInterna/GuiaInterna_Nro_00033946.pdf,document,1944,a888aee96dced8ada1ce1f965b17d1d2084da0c6
WebGestor/Inventario/GuiaInterna/GuiaInterna_Nro_00033947.pdf,document,1956,d0a2b0cf1830b7aafacdcb78a7fb86137e1e4025
WebGestor/Inventario/GuiaInterna/GuiaInterna_Nro_00033948.pdf,document,1991,0e6bc05850f99e9ef45b74c8f7a6f2850e67c6f9
WebGestor/Inventario/GuiaInterna/GuiaInterna_Nro_00033949.pdf,document,1935,6838ad5e312b526200fbb227f43dec3f0ae6d06c
WebGestor/Inventario/GuiaInterna/GuiaInterna_Nro_00033950.pdf,document,1966,3f4a18b523485b362de1c48f8a6bbb85c6978512
WebGestor/Inventario/GuiaInterna/GuiaInterna_Nro_00033952.pdf,document,1958,f9c35196237260f5260df7d7cb16a4cdea937a51
WebGestor/Inventario/GuiaInterna/GuiaInterna_Nro_00033953.pdf,document,2010,4578caeb85ad7e1afd74b7355f049b3203bc1fa1
WebGestor/Inventario/GuiaInterna/GuiaInterna_Nro_00033954.pdf,document,1955,9d0491b406480b5c66b84851cbdf5656888d5e4d
WebGestor/Inventario/GuiaInterna/GuiaInterna_Nro_00033955.pdf,document,1953,2e992815b1c20fa05d240e6bc64d8768be1c8b14
WebGestor/Inventario/GuiaInterna/GuiaInterna_Nro_00033956.pdf,document,1928,1449357ae271bdafdaa088d337fad1080422d469
WebGestor/Inventario/GuiaInterna/GuiaInterna_Nro_00033957.pdf,document,1973,38d836a20dce9fe7406ba49fc5804191a556a38f
WebGestor/Inventario/GuiaInterna/GuiaInterna_Nro_00033958.pdf,document,1986,bdfc9a40f82ca86eddc254b1fd7d4c68ff731673
WebGestor/Inventario/GuiaInterna/GuiaInterna_Nro_00033959.pdf,document,1934,1ade03b58a57d3cd2134a1884992574886445c3c
WebGestor/Inventario/GuiaInterna/GuiaInterna_Nro_00033961.pdf,document,1894,4db6267ed46821554e5931458efcd9e05e13496c
WebGestor/Inventario/GuiaInterna/GuiaInterna_Nro_00033962.pdf,document,1998,227c53a4ef276ad9f086d826f5efbbb1943c0c15
WebGestor/Inventario/GuiaInterna/GuiaInterna_Nro_00033970.pdf,document,2051,263110a9d3f350b1efce3bf6c6b6a9f695f521eb
WebGestor/Inventario/GuiaInterna/GuiaInterna_Nro_00033971.pdf,document,2041,c9b5c94f3583f2fc5fbb6f22454b1939fa54bf25
WebGestor/Inventario/GuiaInterna/GuiaInterna_Nro_00033972.pdf,document,1991,a706dbf76dc5784632c8add3d223d56b6ea7a116
WebGestor/Inventario/GuiaInterna/GuiaInterna_Nro_00033973.pdf,document,2054,101f651c360ed8dfad7046a6cb7e60c68f2a9067
WebGestor/Inventario/GuiaInterna/GuiaInterna_Nro_00033974.pdf,document,2032,1e3832357f4c5aaed22b2a2245b444eae2256707
WebGestor/Inventario/GuiaInterna/GuiaInterna_Nro_00033975.pdf,document,2047,ecb0c0981f3e5672e7ba6183b2752e081b73f450
WebGestor/Inventario/GuiaInterna/GuiaInterna_Nro_00033976.pdf,document,1958,a7e62ce23382743b3768fb473a480d73105f7cd8
WebGestor/Inventario/GuiaInterna/GuiaInterna_Nro_00033977.pdf,document,2012,f6565108b05cf7d410e752a1b7c16ae75b73fab4
WebGestor/Inventario/GuiaInterna/GuiaInterna_Nro_00033978.pdf,document,1934,f9baf470ceee7dca7c106303ef6e28d58b170064
WebGestor/Inventario/GuiaInterna/GuiaInterna_Nro_00033979.pdf,document,1932,746af549f7a41d01573cbcb86d8da810b1397c84
WebGestor/Inventario/GuiaInterna/GuiaInterna_Nro_00033980.pdf,document,2024,b8bd8bbd566446c0530c672a5f29b3c99d6fd533
WebGestor/Inventario/GuiaInterna/GuiaInterna_Nro_00033981.pdf,document,2002,b4fef2b6b58c003e9c828e8d034293b71fd7f467
WebGestor/Inventario/GuiaInterna/GuiaInterna_Nro_00033982.pdf,document,1934,237a36bcb3476417a409ad5883ebd2caa6d7179f
WebGestor/Inventario/GuiaInterna/GuiaInterna_Nro_00033983.pdf,document,2047,4b27dcd9692f60ddbc785c097083dd1380aa5812
WebGestor/Inventario/GuiaInterna/GuiaInterna_Nro_00033984.pdf,document,1947,5acb39e4058467d863ebe45a0d423677b20814d7
WebGestor/Inventario/GuiaInterna/GuiaInterna_Nro_00033985.pdf,document,1990,f6212ab6622e434ea3bfeb9a93f049db244f9d74
WebGestor/Inventario/GuiaInterna/GuiaInterna_Nro_00033986.pdf,document,2205,ff57b92e02a508cf0a287b7e2ab7af02fc5b95fc
WebGestor/Inventario/GuiaInterna/GuiaInterna_Nro_00033987.pdf,document,1985,2e811cbf4962fe0b1f95ce8db44ee62f080f797f
WebGestor/Inventario/GuiaInterna/GuiaInterna_Nro_00033988.pdf,document,2043,e65e79b3117714a1344b0f5056d7991bb42765f3
WebGestor/Inventario/GuiaInterna/GuiaInterna_Nro_00033989.pdf,document,1942,fdb3f731a2439a224f465c17c23569d8ce572f87
WebGestor/Inventario/GuiaInterna/GuiaInterna_Nro_00033991.pdf,document,2007,497e0f231c84d3782e4ca207292b26fc81754deb
WebGestor/Inventario/GuiaInterna/GuiaInterna_Nro_00033992.pdf,document,1998,1c79745ef0bad3b0d4bf845ec163e620d5629a09
WebGestor/Inventario/GuiaInterna/GuiaInterna_Nro_00033993.pdf,document,1971,100b87f0bcd9b6d75fbe9ec39db38d58bf010c33
WebGestor/Inventario/GuiaInterna/GuiaInterna_Nro_00033994.pdf,document,1981,676a753f434055afa5a59221d4193f2725f60c9f
WebGestor/Inventario/GuiaInterna/GuiaInterna_Nro_00033995.pdf,document,1975,14dc940e1adfa64ac7176a8f856216de90af3665
WebGestor/Inventario/GuiaInterna/GuiaInterna_Nro_00033997.pdf,document,1923,db13b6291db29a00ed61a659334b758cdb94231a
WebGestor/Inventario/GuiaInterna/GuiaInterna_Nro_00034009.pdf,document,1914,37d10d5f99060a5992c65d9cc216079ef3517758
WebGestor/Inventario/GuiaInterna/GuiaInterna_Nro_00034010.pdf,document,1958,08ddbe7665daaa58ee0318b6d8d62c6f0667321c
WebGestor/Inventario/GuiaInterna/GuiaInterna_Nro_00034011.pdf,document,1983,94510377698b1654ad4362e92e10034fe2c7fb82
WebGestor/Inventario/GuiaInterna/GuiaInterna_Nro_00034012.pdf,document,1996,6dbafabe13227181c6310497f3a47760706cdba2
WebGestor/Inventario/GuiaInterna/GuiaInterna_Nro_00034015.pdf,document,1958,5884b4c1dcf1fd14e6bd465360f9ca74a2e97fa7
WebGestor/Inventario/GuiaInterna/GuiaInterna_Nro_00034016.pdf,document,1989,f599cfdf85042948a4abff646deb6dddc5df4007
WebGestor/Inventario/GuiaInterna/GuiaInterna_Nro_00034017.pdf,document,2222,0395f8ca3561c90c82c576f37fe085ff34a511bb
WebGestor/Inventario/GuiaInterna/GuiaInterna_Nro_00034018.pdf,document,2054,692541d059a08a074cedcddf93f707418a84986f
WebGestor/Inventario/GuiaInterna/GuiaInterna_Nro_00034019.pdf,document,2013,56b29b59efaeb2ba3de14b2eedbc6b1c0fde4dd4
WebGestor/Inventario/GuiaInterna/GuiaInterna_Nro_00034020.pdf,document,1970,1bd9fe80458ca535fa01db96a3104c5a9979292e
WebGestor/Inventario/GuiaInterna/GuiaInterna_Nro_00034021.pdf,document,1994,838fb687abcb28ee054e7854cad33bc9e2d94845
WebGestor/Inventario/GuiaInterna/GuiaInterna_Nro_00034022.pdf,document,2004,9a957163092ce463503686f540c6b916a4f26254
WebGestor/Inventario/GuiaInterna/GuiaInterna_Nro_00034023.pdf,document,2008,a6b533e4b71ee1d83cb89802bd652ec8f0f54962
WebGestor/Inventario/GuiaInterna/GuiaInterna_Nro_00034024.pdf,document,2030,5a02d48b3ff0c79be4d0596ba4ff3f21e5702a45
WebGestor/Inventario/GuiaInterna/GuiaInterna_Nro_00034025.pdf,document,2033,49397911c345013d5e9c0e86880c586d501bcce5
WebGestor/Inventario/GuiaInterna/GuiaInterna_Nro_00034026.pdf,document,1934,acf97bbff4e68a349cd6a515a7872eb4cc0388ed
WebGestor/Inventario/GuiaInterna/GuiaInterna_Nro_00034027.pdf,document,1947,f316cfcf5d3e7f3ce8cee04e63ff4e46c2341cf9
WebGestor/Inventario/GuiaInterna/GuiaInterna_Nro_00034028.pdf,document,2050,55fec05588328a363a0137eaf1e056c50abbde1c
WebGestor/Inventario/GuiaInterna/GuiaInterna_Nro_00034029.pdf,document,1960,2828bbdb47fe8550dd98a6b112b337d93ab4fbd4
WebGestor/Inventario/GuiaInterna/GuiaInterna_Nro_00034030.pdf,document,2141,8db36024d8de06913bdf1ae99a898f5421e230b7
WebGestor/Inventario/GuiaInterna/GuiaInterna_Nro_00034031.pdf,document,1985,80c83f809f1a98ce22a96e3cee0b9b56969c08e8
WebGestor/Inventario/GuiaInterna/GuiaInterna_Nro_00034032.pdf,document,2393,d84b146c88e996d3cb265cc387f91f8c18930a23
WebGestor/Inventario/GuiaInterna/GuiaInterna_Nro_00034033.pdf,document,1887,182c84a95c77afcdc12ab3315c9ca91fff76b3a1
WebGestor/Inventario/GuiaInterna/GuiaInterna_Nro_00034034.pdf,document,2056,d2d7122a2c575868ef79b7d01da3143ed903282c
WebGestor/Inventario/GuiaInterna/GuiaInterna_Nro_00034036.pdf,document,1934,3775a03f9641d55511089ebd48945c0c204d4196
WebGestor/Inventario/GuiaInterna/GuiaInterna_Nro_00034038.pdf,document,1924,48cf31efe597acd2bd7373f15b825cbe67d67de8
WebGestor/Inventario/GuiaInterna/GuiaInterna_Nro_00034039.pdf,document,1970,e6def2ee09f92e528961a45c527a3e335333243e
WebGestor/Inventario/GuiaInterna/GuiaInterna_Nro_00034040.pdf,document,1974,28343ab1e9ffde39735e2d692c20ddf025ebab96
WebGestor/Inventario/GuiaInterna/GuiaInterna_Nro_00034041.pdf,document,1985,2f65f64d290739112a9c31614a277035acf0cc3b
WebGestor/Inventario/GuiaInterna/GuiaInterna_Nro_00034042.pdf,document,1893,0122bc199766833ee41c12e8409c92113d15e465
WebGestor/Inventario/GuiaInterna/GuiaInterna_Nro_00034043.pdf,document,1922,817821efadc182a4f04aa539fe4fb5740dff61e6
WebGestor/Inventario/GuiaInterna/GuiaInterna_Nro_00034045.pdf,document,2033,1769b28e5a473136a0274a5e96ba463193c262f2
WebGestor/Inventario/GuiaInterna/GuiaInterna_Nro_00034046.pdf,document,1962,b941a11bb8572a7713e77efd7583efca1d4d4114
WebGestor/Inventario/GuiaInterna/GuiaInterna_Nro_00034047.pdf,document,1986,289b17376ddb338a6fe5944adc676bd72ea350dd
WebGestor/Inventario/GuiaInterna/GuiaInterna_Nro_00034051.pdf,document,1981,c15a979f7c74a563e7503e7473630e7c4545ab19
WebGestor/Inventario/GuiaInterna/GuiaInterna_Nro_00034055.pdf,document,1981,4a396898b10b1d34619eb532e85b388d5c0ebd47
WebGestor/Inventario/GuiaInterna/GuiaInterna_Nro_00034057.pdf,document,1993,86a10f1deb15098add4783664c878680c9d77de4
WebGestor/Inventario/GuiaInterna/GuiaInterna_Nro_00034061.pdf,document,1958,0802baca28f2ba5c316df75157b54312665509cc
WebGestor/Inventario/GuiaInterna/GuiaInterna_Nro_00034062.pdf,document,1953,caa502e65ed9d4923593973fc8013052a5b79525
WebGestor/Inventario/GuiaInterna/GuiaInterna_Nro_00034063.pdf,document,1988,bab4ecf301f889a592b124c1c90885589b5a1edb
WebGestor/Inventario/GuiaInterna/GuiaInterna_Nro_00034066.pdf,document,1928,1e97bb405a91c36f19f48943eaaeb6e74978dc78
WebGestor/Inventario/GuiaInterna/GuiaInterna_Nro_00034073.pdf,document,1974,bd5f74219a8a792afc76201195327d998550a0a5
WebGestor/Inventario/GuiaInterna/GuiaInterna_Nro_00034074.pdf,document,1994,cd3004386bc3c3e6f596c364a96803661f68b856
WebGestor/Inventario/GuiaInterna/GuiaInterna_Nro_00034075.pdf,document,1970,b9d456f9969f3eccf40cebd7b3672b7c24c64bde
WebGestor/Inventario/GuiaInterna/GuiaInterna_Nro_00034076.pdf,document,1968,9a9b1622565a60a8e90e513dacb7ed87ec74b360
WebGestor/Inventario/GuiaInterna/GuiaInterna_Nro_00034077.pdf,document,1964,01f239d8d849d2fae23c9d31fa79d9d3a366626a
WebGestor/Inventario/GuiaInterna/GuiaInterna_Nro_00034078.pdf,document,1993,60adc98bb3f2c438950ed24c70d2b414d56b1d88
WebGestor/Inventario/GuiaInterna/GuiaInterna_Nro_00034079.pdf,document,2020,c70c07945aff22dc2583622e1f0084d2ec3b218e
WebGestor/Inventario/GuiaInterna/GuiaInterna_Nro_00034080.pdf,document,1989,5642573f4776105ab4296a7a9dab49586764f200
WebGestor/Inventario/GuiaInterna/GuiaInterna_Nro_00034081.pdf,document,1952,2a27f3d76ce387d127e63ca42c3a7315db236aba
WebGestor/Inventario/GuiaInterna/GuiaInterna_Nro_00034082.pdf,document,1960,ed2c516a80c1a11f206ee393cea2f41a32bd7db2
WebGestor/Inventario/GuiaInterna/GuiaInterna_Nro_00034083.pdf,document,1940,4146917aebb82554a8c7a450db47facb708e4d90
WebGestor/Inventario/GuiaInterna/GuiaInterna_Nro_00034084.pdf,document,1976,2bf4effa66207c2eb2c816bbe9cc6073075eefeb
WebGestor/Inventario/GuiaInterna/GuiaInterna_Nro_00034085.pdf,document,2116,8941d406e3e23cd92e79f93639817ddd0804f183
WebGestor/Inventario/GuiaInterna/GuiaInterna_Nro_00034091.pdf,document,2041,c0a6c0c7fac94dd3867f75edccffe37e67802e93
WebGestor/Inventario/GuiaInterna/GuiaInterna_Nro_00034092.pdf,document,1992,86eef7c866585930dad70733e329d3135c685256
WebGestor/Inventario/GuiaInterna/GuiaInterna_Nro_00034093.pdf,document,2070,6900cf522f8df40ec11886eabc67edbb6646ecdf
WebGestor/Inventario/GuiaInterna/GuiaInterna_Nro_00034094.pdf,document,1915,a549e676691b48cc8b3c371d6b4b9516cadeb81f
WebGestor/Inventario/GuiaInterna/GuiaInterna_Nro_00034098.pdf,document,1985,b0247151856267dcc780b91ef456fb4dd24a2448
WebGestor/Inventario/GuiaInterna/GuiaInterna_Nro_00034099.pdf,document,1981,234bdda1a2f01efc9a146e2d4dc56b4ca7a5ee9a
WebGestor/Inventario/GuiaInterna/GuiaInterna_Nro_00034100.pdf,document,1981,2f65c567395b0916cc7a7582deacb836f5ae9dc9
WebGestor/Inventario/GuiaInterna/GuiaInterna_Nro_00034101.pdf,document,1885,1a7b614d59b51d0500cf92873b567b993b56e676
WebGestor/Inventario/GuiaInterna/GuiaInterna_Nro_00034105.pdf,document,1938,90188ecd6c8cf656edf5dc6715d4898cf506841a
WebGestor/Inventario/GuiaInterna/GuiaInterna_Nro_00034106.pdf,document,2242,b7ce045bee173aa2d68fb5b9f13ff7e8b11d3c98
WebGestor/Inventario/GuiaInterna/GuiaInterna_Nro_00034108.pdf,document,1978,d1ae74572bbe6494754fceb3a5303a82535548e3
WebGestor/Inventario/GuiaInterna/GuiaInterna_Nro_00034109.pdf,document,1979,b9f6f1954eb9a1b8b64a705e6c4b2c83f4a06db3
WebGestor/Inventario/GuiaInterna/GuiaInterna_Nro_00034110.pdf,document,1967,274e872d31acc33551dc67893cb6aeafc4ad311a
WebGestor/Inventario/GuiaInterna/GuiaInterna_Nro_00034111.pdf,document,1965,60b7d170dc6236b72ef5ab945f420b6c9183d054
WebGestor/Inventario/GuiaInterna/GuiaInterna_Nro_00034112.pdf,document,1992,b5e89bdd784a831f20ca3ccb81055c1a951dc9c3
WebGestor/Inventario/GuiaInterna/GuiaInterna_Nro_00034113.pdf,document,1940,28b6ed431e70622d31a95b42b39a7c818566ce49
WebGestor/Inventario/GuiaInterna/GuiaInterna_Nro_00034114.pdf,document,1973,1f53cdc6efd0321b3ce8dee30b6825735d9b6487
WebGestor/Inventario/GuiaInterna/GuiaInterna_Nro_00034154.pdf,document,1930,8ebd9bf26af22024bb9e5d4835af0313965cf1aa
WebGestor/Inventario/GuiaInterna/GuiaInterna_Nro_00034167.pdf,document,1933,dbcc813bc83471941bb40f006e8269ca8a819c3b
WebGestor/Inventario/GuiaInterna/GuiaInterna_Nro_00034169.pdf,document,1957,4a8295343164112f25dc79158fd31b70de8e7f87
WebGestor/Inventario/GuiaInterna/GuiaInterna_Nro_00034177.pdf,document,1983,7551117cf21e26da14031cdc5fcaf6f42c8e23cc
WebGestor/Inventario/GuiaInterna/GuiaInterna_Nro_00034179.pdf,document,1915,d489724bd79886b966c180eb0eceb9b50bafd497
WebGestor/Inventario/GuiaInterna/GuiaInterna_Nro_00034185.pdf,document,1968,8a3f4c703fcbc4d879bfbb60c7cdd5e88a5ee81a
WebGestor/Inventario/GuiaInterna/GuiaInterna_Nro_00034186.pdf,document,1943,bf9a2842f356188dd2e09eb047a0a12a9880009b
WebGestor/Inventario/GuiaInterna/GuiaInterna_Nro_00034190.pdf,document,2019,08af59f61ae38b329b8daa0136b1acd9651ae968
WebGestor/Inventario/GuiaInterna/GuiaInterna_Nro_00034194.pdf,document,2007,522287c59ea9ba43b1b121fcd7e7f04292dc16df
WebGestor/Inventario/GuiaInterna/GuiaInterna_Nro_00034196.pdf,document,1937,bee9dfef8aa638d7053a1c94ed39e27160fe2780
WebGestor/Inventario/GuiaInterna/GuiaInterna_Nro_00034197.pdf,document,1958,6210ef8910da294f1774a492af92f5db79df61f1
WebGestor/Inventario/GuiaInterna/GuiaInterna_Nro_00034208.pdf,document,2041,be090bdb0a06791df35657861a5b5971d6cc9387
WebGestor/Inventario/GuiaInterna/GuiaInterna_Nro_00034211.pdf,document,2000,0a7fd77a1358668f1d00c9afab432ba47b53aa0e
WebGestor/Inventario/GuiaInterna/GuiaInterna_Nro_00034212.pdf,document,2012,d3f99ea6473d6c34f16c323d2b2364a03c204d5d
WebGestor/Inventario/GuiaInterna/GuiaInterna_Nro_00034215.pdf,document,1914,4f611ef3c819de18e724cd59b45b92ee69895598
WebGestor/Inventario/GuiaInterna/GuiaInterna_Nro_00034216.pdf,document,1941,d3f29df19be6babacd01b473a8878191c8db642f
WebGestor/Inventario/GuiaInterna/GuiaInterna_Nro_00034218.pdf,document,2001,d1ab429e824098da6a65a61e40636d0fd09a8154
WebGestor/Inventario/GuiaInterna/GuiaInterna_Nro_00034220.pdf,document,1911,a8fc6b075f3d6b7517973e2edfba12b8c87877df
WebGestor/Inventario/GuiaInterna/GuiaInterna_Nro_00034221.pdf,document,2014,bffa80ded06ef532d2ea4b37a2ceee1e9a1102fb
WebGestor/Inventario/GuiaInterna/GuiaInterna_Nro_00034222.pdf,document,1996,a024b4a4df1c795d9b0ffb2d75e9599b7eb8989a
WebGestor/Inventario/GuiaInterna/GuiaInterna_Nro_00034223.pdf,document,2009,d04e3350679f322bb96ac505b1229bb0c706c0bb
WebGestor/Inventario/GuiaInterna/GuiaInterna_Nro_00034224.pdf,document,2003,8be8f8f5a6702df70ad4b74cb7e8258dfbe39e4a
WebGestor/Inventario/GuiaInterna/GuiaInterna_Nro_00034225.pdf,document,2037,82eefef189f1b1e3f9dfd124e4f7bc357f97d717
WebGestor/Inventario/GuiaInterna/GuiaInterna_Nro_00034226.pdf,document,1990,304ccbc33e597d4be1d989fc34336491bc0faaaa
WebGestor/Inventario/GuiaRemision/CargaMasiva/Copia de CUADRO MOV  INFORMATICA SATELITE2 - OCTUBRE 2024.xlsx,document,4026663,818cf189081b2aa52fffe25b49e899ce56c04a1f
WebGestor/Inventario/GuiaRemision/CargaMasiva/Copia de SERIES.xlsx,document,29515,275da6dee33c7ab3ac5837749da6d4095d2598f1
WebGestor/Inventario/GuiaRemision/CargaMasiva/CUADRO MOV  INFORMATICA SATELITE2 - OCTUBRE 2024.xlsx,document,2727270,3ce78fdfaf31fc4d710a7d3e01d1b051a4773ed0
WebGestor/Inventario/GuiaRemision/CargaMasiva/Recepción de Bienes en Desuso_Placado_05.02.2025.xlsx,document,22572,f490eda1bfa39604171343c6022dbb5f9b5d3eed
WebGestor/Inventario/GuiaRemision/CargaMasiva/SERIES.xlsx,document,34767,739007b4b243552a7d6470fd0fa98e2674d0c775
WebGestor/Inventario/GuiaRemision/TABD-247 GAMBETTA 09SET.pdf,document,38673,8b3359a883f72f81968c1c12446c40e61c620995
WebGestor/Inventario/GuiaRemision/TABD-248 CORPAC RECOJO 09SET.pdf,document,37168,ecd77810f03cedb17b44b9e7aa925187d2d32abb
WebGestor/Inventario/GuiaRemision/TABD-261-MOYOBAMBA 14SET.pdf,document,37972,33c44a2423f05ee97bc8129d702ebb7d550caa23
WebGestor/Inventario/GuiaRemision/TABD-263-AREQUIPA RECOJO 15SET.pdf,document,38086,90625d9ad7c1d7be11ed94c33b98b2e6ec9d1431
WebGestor/Inventario/GuiaRemision/TABD-71CR CHACLACAYO.pdf,document,37980,7be718942ab602bd67d6560a5ab75a60e7b1dc7b
WebGestor/Inventario/GuiaRemision/TABD-82 BELEN IQUITOS 21JUL.pdf,document,38048,0921c5e1e1683b26bda2cafa4da581d0d3f08515
WebGestor/Inventario/GuiaRemision/TABD1-IQUITOS301.pdf,document,37300,c37472f7eef9cbd4b5e8de7106da9c098277398b
WebGestor/Inventario/GuiaRemision/TABD10-EL REMANSO.pdf,document,37657,8e5b2d08116b08a7c029b1c80af4ee0ba92afe93
WebGestor/Inventario/GuiaRemision/TABD100-MIRAFLORES AREQUIPA 25JUL.pdf,document,152920,f3a61f7a83151132c6b7e1c8249ddc0195e1f054
WebGestor/Inventario/GuiaRemision/TABD101-NESTLE RECOJO 25JUL RECOJO.pdf,document,37746,b116c440b489e7ba19ef5a9fe385afebb3659fa7
WebGestor/Inventario/GuiaRemision/TABD102-UNIVERSITARIA FREIRE 25JUL RECOJO.pdf,document,38299,1b046a3530e243ebaba4b75db5da47dc8c67836c
WebGestor/Inventario/GuiaRemision/TABD103-CC AURORA 25JUL RECOJO.pdf,document,38358,6bc93cfa2d7c36faea1f11b8486b5520741414b0
WebGestor/Inventario/GuiaRemision/TABD106-GAMARRA 26JUL.pdf,document,37336,fac7481c70f98da5ec961de8aa88a6bfbb4ac992
WebGestor/Inventario/GuiaRemision/TABD107-ARAMBURU 26JUL.pdf,document,37447,f82aca740fff8d23cd5dea3a3d3b678bddf6fe1b
WebGestor/Inventario/GuiaRemision/TABD108-EL PORVENIR.pdf,document,153195,8741798083ea6cda5aa7a582f448f6e945d8cadf
WebGestor/Inventario/GuiaRemision/TABD109-RIMAC 26JUL.pdf,document,37513,b50c69161d951b0e29928493087edb89c8caf491
WebGestor/Inventario/GuiaRemision/TABD11-MINKA.pdf,document,37481,4bbae031ca8d77b238d4b3900488b403e5d5801a
WebGestor/Inventario/GuiaRemision/TABD110-LA PLANICIE 26JUL.pdf,document,37772,ebb1014ad5729d8363d6666142ffdfab3526e03d
WebGestor/Inventario/GuiaRemision/TABD111-MIRAFLORES RECOJO 27JUL.pdf,document,37968,94c51cdb800bdf0c364e7dcbf4289767cdea0655
WebGestor/Inventario/GuiaRemision/TABD112-SAN FELIPE COMAS 27JUL.pdf,document,37955,8946ed8af26dcb61eadc8513b65a9f02abb80dd5
WebGestor/Inventario/GuiaRemision/TABD113-CAMACHO 27JUL.pdf,document,37664,e34287a2faa891a3ef5f491651b99d93499ab2f8
WebGestor/Inventario/GuiaRemision/TABD114-BARRANCA RECOJO 27JUL.pdf,document,37261,eccd72cd876b9a843b4430775822f252abd34142
WebGestor/Inventario/GuiaRemision/TABD115-HUSARES DE JUNIN RECOJO 27JUL.pdf,document,38648,a08753f339565b6a5df63473375b31a20cf73cac
WebGestor/Inventario/GuiaRemision/TABD116-BECLIMA CENTRO 31JUL.pdf,document,37727,017a0ba52b08dfd9245421131f4741c54ce5d609
WebGestor/Inventario/GuiaRemision/TABD117-LIMA CARGO CITY 31JUL RECOJO.pdf,document,37864,7aeeffd0cf09a0b7fda03045e45ee8b0bcbb14ec
WebGestor/Inventario/GuiaRemision/TABD118-BE LA MOLINA 31JUL.pdf,document,37998,0846405b895085a44f8acfc6379ab9f0dc7bb78d
WebGestor/Inventario/GuiaRemision/TABD119-ANDAHUAYLAS 01AGO.pdf,document,37924,e24d971b52519c148b7e15e0fd2365a74bd5636c
WebGestor/Inventario/GuiaRemision/TABD12-BE CUSCO.pdf,document,37341,1d3a37a2c196c51217fecea964e2f0f45c4c2a2a
WebGestor/Inventario/GuiaRemision/TABD120-TINGO MARIA 01AGO.pdf,document,38189,02601f26105ec153af7997443a81906067a0fb30
WebGestor/Inventario/GuiaRemision/TABD121-IQUITOS 01AGO.pdf,document,37472,b27b8ef8cef6e85af10802e797a72c047ac0efad
WebGestor/Inventario/GuiaRemision/TABD122-PQUE IND. AREQUIPA 01AGO.pdf,document,38268,b63b20b2e9c170c243ee8fc627945bdb65f03068
WebGestor/Inventario/GuiaRemision/TABD123-MEGA PZA CHIMBOTE 01AGO.pdf,document,37470,162687e13c53a0abafb165f16ebaf445be5b0013
WebGestor/Inventario/GuiaRemision/TABD124-LAS BEGONIAS 01AGO.pdf,document,37448,d602c9a7f45055162de041845779b2007e233501
WebGestor/Inventario/GuiaRemision/TABD125-VENEZUELA 2 03AGO.pdf,document,37495,377b14ded942727c3fb7d2842a636805fb533b12
WebGestor/Inventario/GuiaRemision/TABD126-IQUITOS 03AGO.pdf,document,37649,52025b9c8048d3d0d45adaa1d4ba3b29c345664e
WebGestor/Inventario/GuiaRemision/TABD127-LIMA 03AGO.pdf,document,37529,18d3ed990d55b991f886a60a572247b65c2ba112
WebGestor/Inventario/GuiaRemision/TABD128-REAL PZA C.CIVICO 03AGO.pdf,document,37447,4516699a33e8f880f6fc7ac0f6b8ec2c270c4391
WebGestor/Inventario/GuiaRemision/TABD129-PREMIUM EL POLO 03AGO.pdf,document,38225,b1408755719eac2b64eab5f27766bdcfc574b1ec
WebGestor/Inventario/GuiaRemision/TABD13-DOS DE MAYO.pdf,document,37816,4c33b6a0ae602ef18b2419396cbf778aa90e166c
WebGestor/Inventario/GuiaRemision/TABD130-PREMIUM PARDO Y ALIAGA 03AGO.pdf,document,38198,ff59f7b59b47b3e388855e23de96d4021ca5c3f0
WebGestor/Inventario/GuiaRemision/TABD131-VENTA PEDRO SANCHEZ SEDE 04AGO.pdf,document,38306,f02d3ae4685ba568c5120ec3d8387c6776094c14
WebGestor/Inventario/GuiaRemision/TABD132-VENTA PEDRO SANCHEZ SEDE  04AGO.pdf,document,37807,ae35aee965b359e87c998a7218be7ff93e4f796a
WebGestor/Inventario/GuiaRemision/TABD133-VENTA PEDRO SANCHEZ SEDE 04AGO.pdf,document,38169,9d42f3fbcb41c43fe26cb7e9073db2c4cfcdc836
WebGestor/Inventario/GuiaRemision/TABD134-VENTA PEDRO SANCHEZ SEDE 04AGO.pdf,document,38026,d2c3b38760fc73d6d8578bfc3dbddd306f73c9de
WebGestor/Inventario/GuiaRemision/TABD135-VENTA PEDRO SANCHEZ SEDE 04AGO.pdf,document,74551,872193f86f1c6c841d6682d34fabb42a74d374da
WebGestor/Inventario/GuiaRemision/TABD136-VENTA PEDRO SANCHEZ SEDE 04AGO.pdf,document,38919,70b6c45d523847f1c949cb6bc64ff267127843eb
WebGestor/Inventario/GuiaRemision/TABD137-VENTA PEDRO SANCHEZ SEDE 04AGO.pdf,document,38664,ed0697d6aef92bec6808aa7687938d5f8b8a5f66
WebGestor/Inventario/GuiaRemision/TABD138-VENTA PEDRO SANCHEZ SEDE 04AGO.pdf,document,40725,1b20b0a96d4d920a53e57ad7c7b8a72bb1a91034
WebGestor/Inventario/GuiaRemision/TABD139-VENTA PEDRO SANCHEZ CORPAC 05AGO.pdf,document,42596,1affbe62ae29127fb807df10fd560fdf08e0180a
WebGestor/Inventario/GuiaRemision/TABD14-ABANCAY CONGRESO.pdf,document,37369,5eca3609de2c1a7e5e84a99cf388d35427740c99
WebGestor/Inventario/GuiaRemision/TABD140-VENTA PEDRO SANCHEZ CORPAC 05AGO.pdf,document,77892,bd782c0ebff704a48395bb648fc3d56206ebba07
WebGestor/Inventario/GuiaRemision/TABD141-VENTA PEDRO SANCHEZ CORPAC 05AGO.pdf,document,39463,15e47f0f20ac2187e0403b3bc1d3ce7ce2f8d0fd
WebGestor/Inventario/GuiaRemision/TABD142-VENTA PEDRO SANCHEZ BARRANCA 07AGO.pdf,document,77775,307c045d73771c421d2d1f246353a4c9d0c08342
WebGestor/Inventario/GuiaRemision/TABD143-VENTA PEDRO SANCHEZ BARRANCA 07AGO.pdf,document,78811,a1c5448b396bb6f0e8927cc5bb100e77483f8bee
WebGestor/Inventario/GuiaRemision/TABD144-VENTA PEDRO SANCHEZ BARRANCA 07AGO.pdf,document,77678,f9a38f5c2d81e1a108d99084968da38d802201ed
WebGestor/Inventario/GuiaRemision/TABD145-VENTA PEDRO SANCHEZ BARRANCA 07AGO.pdf,document,40877,0bbf24a6e7c2bd21f61bce503522b60ad353b832
WebGestor/Inventario/GuiaRemision/TABD146-HUACHO 07AGO.pdf,document,37444,df96682d3725aa152eeda97db03635fd5d1f217e
WebGestor/Inventario/GuiaRemision/TABD147-C.C.SAN ISDRO 07AGO.pdf,document,37626,448651cd7d4064a8bee0d8bcbd13af6276ebe229
WebGestor/Inventario/GuiaRemision/TABD148-CAMINO REAL RECOJO 07AGO.pdf,document,37442,54d73aee27a7e83bf074f06703257ee504b0e7a1
WebGestor/Inventario/GuiaRemision/TABD149-VENTA PEDRO SANCHEZ PIURA 09AGO.pdf,document,37640,078dad8cf67b8807fcd20565f8bcb883a1544cf8
WebGestor/Inventario/GuiaRemision/TABD15-IQUITOS.pdf,document,37689,afa1f56a7c6f3930f026e88b64202446f15ece4c
WebGestor/Inventario/GuiaRemision/TABD150-DAMERO GAMARRA 08AGO.pdf,document,37488,905f0e7057b18566fefb3bae45e73db6e1520956
WebGestor/Inventario/GuiaRemision/TABD151-COMANDANTE ESPINAR 08AGO.pdf,document,37582,bc16f2359da1142d64a6b9ab0272b51e2bc5549a
WebGestor/Inventario/GuiaRemision/TABD152-BE CHACARILLA.pdf,document,37549,d22dcf2887bcc1117eb6b6b14f25d61bfec48567
WebGestor/Inventario/GuiaRemision/TABD153-LURIN 08AGO.pdf,document,37638,0dca36295823a415d9ab956c2d3e039cdda36b13
WebGestor/Inventario/GuiaRemision/TABD154-LIMA 08AGO.pdf,document,37471,2207ee26ed97569df5614b5513f084599f5f4371
WebGestor/Inventario/GuiaRemision/TABD155-PREMIUM PARDO Y ALIAGA 08AGO.pdf,document,38468,8665655e1413011b0ac1352cb92a5e269b7500c6
WebGestor/Inventario/GuiaRemision/TABD156-PREMIUM EL POLO.pdf,document,38126,eb898cdcc8cf9932d793ced35600886b2a7a7776
WebGestor/Inventario/GuiaRemision/TABD157-VENTA PEDRO SANCHEZ EL PORVENIR 09AGO.pdf,document,78328,3986db697d1f52f31cf7b0110089ef015b2347f5
WebGestor/Inventario/GuiaRemision/TABD158-VENTA PEDRO SANCHEZ EL PORVENIR 09AGO.pdf,document,77812,f76d41218ff512d0e7ed5429e9ea5cf261c2ca1e
WebGestor/Inventario/GuiaRemision/TABD159-VENTA PEDRO SANCHEZ EL PORVENIR 09AGO.pdf,document,42296,9889e35cc79eff89ac12bc978274374a1dd0633b
WebGestor/Inventario/GuiaRemision/TABD16-MAGDALENA RECOJO.pdf,document,37277,7b844300fddc3b110596be894b2aff98b97e8f0a
WebGestor/Inventario/GuiaRemision/TABD160-VENTA PEDRO SANCHEZ EL PORVENIR 09AGO.pdf,document,40883,ecfe1f1a169559df33c3d74e27d0f67e535ccebc
WebGestor/Inventario/GuiaRemision/TABD161-OPEN PZA ANGAMOS 09AGO.pdf,document,37804,b3cf5a1a1399bfac1eeea78f4fa88cffe5474bcb
WebGestor/Inventario/GuiaRemision/TABD162-PUCALLPA 09AGO.pdf,document,37619,61e856bb2486e3cde6c524db5d9306eea3da258c
WebGestor/Inventario/GuiaRemision/TABD163-CAJAMARCA 09AGO.pdf,document,37474,86efc1fca5d94f6cc0c41a201005f55cc8f03f48
WebGestor/Inventario/GuiaRemision/TABD164-BE LIMA NORTE 09AGO.pdf,document,37985,d8d31d56b4553be9ab0977bba79393bcec15e8b5
WebGestor/Inventario/GuiaRemision/TABD165-MOQUEGUA 10AGOS.pdf,document,37995,25b0fb92dc3a66fa23c7aeb8b4e7b1ffb71686b1
WebGestor/Inventario/GuiaRemision/TABD166-JORGE BASADRE 11AGO.pdf,document,37383,1ab271e342d838112f59542a53b7980d07b7b94e
WebGestor/Inventario/GuiaRemision/TABD167-LA RAMBLA 11AGO.pdf,document,37449,0f19c98d9e64c350647f2103a514a6a47c3289ad
WebGestor/Inventario/GuiaRemision/TABD168-SATIPO 15AGOS.pdf,document,37652,e126289cb0e93dae1fb98617c0c85fe0edfbb191
WebGestor/Inventario/GuiaRemision/TABD169-PUCALLPA 15AGOS.pdf,document,37834,8442e1b33b893fe83556789dd42ec174d551fbff
WebGestor/Inventario/GuiaRemision/TABD17-HUAYCAN RECOJO.pdf,document,37642,d4986987060ff5cb8f2e6b1a8e2727acc5efaeae
WebGestor/Inventario/GuiaRemision/TABD170- PARDO 16AGO.pdf,document,37556,746a1219368252951ff2a94f25c9c34e7098d58c
WebGestor/Inventario/GuiaRemision/TABD171-MDO MODELO CHICLAYO RECOJO 16AGO.pdf,document,37410,27233922a568aae98a6917600afc2995a31c383a
WebGestor/Inventario/GuiaRemision/TABD172-IQUITOS RECOJO 16AGO.pdf,document,38433,6d609e1b4a91ead20b6714a38adb7bf5505f0cac
WebGestor/Inventario/GuiaRemision/TABD173- PARDO 16AGO.pdf,document,37734,c835bb396f099b8778c8ccabd027c596c12e3d04
WebGestor/Inventario/GuiaRemision/TABD174-BARRANCA RECOJO 17AGO.pdf,document,37377,481b58ee60bd656aacc06cb145d3fac0030cb670
WebGestor/Inventario/GuiaRemision/TABD175-CARABAYLLO 17AGO.pdf,document,37156,3678cffe7ad4a7ce609cf3666c6a0a4cdc4ea29e
WebGestor/Inventario/GuiaRemision/TABD176-PUENTE PIEDRA RECOJO 17AGO.pdf,document,37389,7cdd1fe0ef438767386096faa8069a35c97feefd
WebGestor/Inventario/GuiaRemision/TABD177-MARANGA RECOJO 18AGO.pdf,document,37633,b14f35cd055f036b362b6d2c646fd6e958980916
WebGestor/Inventario/GuiaRemision/TABD178-REAL PZA HUANCAYO 18AGO.pdf,document,37853,fb1f8cef63416fcd5c6dc6965dd1b534aca98ebd
WebGestor/Inventario/GuiaRemision/TABD179-OPEN PZA PUCALLPA 18AGO.pdf,document,38034,938a8b4dfbae0eae4d0bed99470c34b7f5d9c070
WebGestor/Inventario/GuiaRemision/TABD18-ARAMBURU.pdf,document,37620,6de696751c084c574e19b92a5624564b4a3ac147
WebGestor/Inventario/GuiaRemision/TABD180-JAEN 18AGO.pdf,document,38049,2831cb7d37c7901e523d14b761ea048d82c1621f
WebGestor/Inventario/GuiaRemision/TABD181-C.C. EL QUINDE 18AGO.pdf,document,37903,408b28a8d5f2c020a4044894953bc9280623534f
WebGestor/Inventario/GuiaRemision/TABD182-OVALO LARCO TRUJILLO 22AGO.pdf,document,37416,bc5a6109c5e76cfc1b7bbbe2506639cc153f85af
WebGestor/Inventario/GuiaRemision/TABD183-CAMINO REAL 22AGO.pdf,document,37512,79e94480cdf8d5b94e0ddc9c09e92f4f53bd1e18
WebGestor/Inventario/GuiaRemision/TABD184-REAL PLAZA CENTRO CIVICO 22AGO.pdf,document,37393,aded72c8fede9f93c392cc5b704141c6a90c0af6
WebGestor/Inventario/GuiaRemision/TABD185-VENTANILLA 22AGO.pdf,document,37242,eb276eb8032672d9cef8f81f1f394bff8fc36e07
WebGestor/Inventario/GuiaRemision/TABD186-C.C.EL POLO22AGO.pdf,document,37541,89231c3396617e7624e7f6ca0b8102d584a248ce
WebGestor/Inventario/GuiaRemision/TABD187-MULTIPLAZA RECOJO 22AGO.pdf,document,38344,acf8cf51266774f9c50840f73e293586dc83b6e1
WebGestor/Inventario/GuiaRemision/TABD188-MALL PLAZA COMAS 22AGO.pdf,document,37608,5627273d6bf1ae85cd057446cd4285ded015a70a
WebGestor/Inventario/GuiaRemision/TABD189-ROMIS 23AGO.pdf,document,37837,1fdb665dfe967a28a61aa31c3e1a56d796dad7d1
WebGestor/Inventario/GuiaRemision/TABD19-PARDO.pdf,document,40525,59697360f867499764d43ff8cecc1a0569b6c3aa
WebGestor/Inventario/GuiaRemision/TABD190-ROMIS 23AGO.pdf,document,37297,46da3132508e173ec4f06f5d5b706437c6796869
WebGestor/Inventario/GuiaRemision/TABD191-TRUJILLO 23AGO.pdf,document,37974,8986d6e02e3858c08d9320d2b0bb86c10e2a0484
WebGestor/Inventario/GuiaRemision/TABD192-ADP CHICLAYO 24AGO.pdf,document,37437,245204346d2b111fd1d4836c53bcfa20c0074196
WebGestor/Inventario/GuiaRemision/TABD193-ADP CAJAMARCA 24AGO.pdf,document,36986,ef5c633d26d0e1b9c0767556b333e37b5eea0c28
WebGestor/Inventario/GuiaRemision/TABD194-ADP PIURA 24AGO.pdf,document,38255,bfb146ec915568d5a23c209356542e6362a36ace
WebGestor/Inventario/GuiaRemision/TABD195-AAP PUERTO MALDONADO 24AGO.pdf,document,38002,67a3846ee17f04e626586ea603351123dcc211c1
WebGestor/Inventario/GuiaRemision/TABD196-CALERA CHINCHA 24AGO.pdf,document,37612,7d775ad31b41f5e15d6023f370e807cad2f9f0b9
WebGestor/Inventario/GuiaRemision/TABD197-VMS TEXTIL DEL VALLE 24AGO.pdf,document,38048,57d797f523895cba15c2ac9fbc6aef85c054b764
WebGestor/Inventario/GuiaRemision/TABD198-ADP CHICLAYO RECOJO 24AGO.pdf,document,37558,2d4b119fb11dd43643648716871d28fbac3f5a00
WebGestor/Inventario/GuiaRemision/TABD199-ADP CAJAMARCA RECOJO 24AGOS.pdf,document,37751,11454d649d84c757251969bc5ec7c8674660bb9e
WebGestor/Inventario/GuiaRemision/TABD2-BARRANCO.pdf,document,37400,ed7211bb51d467780ab4c0f87943abb2aaac05ee
WebGestor/Inventario/GuiaRemision/TABD20-LINCE.pdf,document,37679,0ff4f6f698752bd264cb90db793eaabf0ecdcccb
WebGestor/Inventario/GuiaRemision/TABD200-ADP PIURA RECOJO 24AGOS.pdf,document,37590,58120d4bf2442b972beee73e31e8bbc22208df63
WebGestor/Inventario/GuiaRemision/TABD201-AAP PTO MALDONADO RECOJO 24AGOS.pdf,document,37734,3926b485cd257b841722b2bfd552b2d06957666c
WebGestor/Inventario/GuiaRemision/TABD202-CALERA CHINCHA RECOJO 24AGOS.pdf,document,38152,a326c07b1208a7689a2e554b615e611da32fbb05
WebGestor/Inventario/GuiaRemision/TABD203-VMS TEXTIL VALLE CHINCHA 24AGOS.pdf,document,37956,ca5f2711a01f6206c388718daf571d53095cabac
WebGestor/Inventario/GuiaRemision/TABD204-TRUJILLO RECOJO 25AGOS.pdf,document,37497,ebb08efd55815998bf0d1a409d12ee83547a43f4
WebGestor/Inventario/GuiaRemision/TABD205-REAL PZA CUSCO RECOJO 25AGO.pdf,document,37705,515ac9a017bdefe6a59af6e00ae69a3438640a1e
WebGestor/Inventario/GuiaRemision/TABD206-APOLO RECOJO 25AGO.pdf,document,38552,819c171f3132cd345203306a7d3d7681be26a6e2
WebGestor/Inventario/GuiaRemision/TABD207-PEDRO SANCHEZ VENTA 25AGOS.pdf,document,37394,f7024739a633b698469879e15a0c8c3196dea464
WebGestor/Inventario/GuiaRemision/TABD208-BELLAVISTA RECOJO 26AGOS.pdf,document,37646,22fe9f5bbf7818c91f9cbdd79d959b747cdf25e6
WebGestor/Inventario/GuiaRemision/TABD209-REAL PZA JULIACA RECOJO 26AGOS.pdf,document,37571,597931b856436fde2aa2a604ccb7faafe15ed272
WebGestor/Inventario/GuiaRemision/TABD21-CAMACHO.pdf,document,37485,52b3267968033d9c36577f8ae40718e580a95799
WebGestor/Inventario/GuiaRemision/TABD210-LARAPA RECOJO 26AGOS.pdf,document,36863,e66e456bb2d47693e5db9ae1f276cc22bfc3dd24
WebGestor/Inventario/GuiaRemision/TABD211-LA PLANICIE 28AGO.pdf,document,37416,2e4271ef075817ec277cbe295d8adcbcc6986f5c
WebGestor/Inventario/GuiaRemision/TABD212-TARAPOTO 29AGOS.pdf,document,38160,fc4a3fde64a96a3d715b52e317212845f46fc74c
WebGestor/Inventario/GuiaRemision/TABD213-TARAPOTO RECOJO 29AGOS.pdf,document,37884,215954ca0a60940a2326039359bac6b12e2231b6
WebGestor/Inventario/GuiaRemision/TABD214-EL TAMBO 31AGO.pdf,document,36764,d622c60ee07896fcb0a59de9e6ff4e932f952e66
WebGestor/Inventario/GuiaRemision/TABD215-PEDRO SANCHEZ GCIA DIV. SUR 31AGO.pdf,document,37790,99f94dd9d2e709cb3e6d809d85abae65c5d6005d
WebGestor/Inventario/GuiaRemision/TABD216- VILLA INFANTAS RECOJO 31AGO.pdf,document,37708,61872691cbb7a18ab38046a63c54bfaf666eaf54
WebGestor/Inventario/GuiaRemision/TABD217-ADP CHICLAYO 31AGO.pdf,document,37771,b197501bbcc5c3cc93d5f35c32ebea0484399349
WebGestor/Inventario/GuiaRemision/TABD218-ADP CHICLAYO RECOJO 01SET.pdf,document,37561,962e7c29a01017625de606a38f60418f8a683a47
WebGestor/Inventario/GuiaRemision/TABD219-MEGAPLAZA RECOJO 01SET.pdf,document,37944,b69f918fb5790739bb7ad5daaebd336e3de78728
WebGestor/Inventario/GuiaRemision/TABD22-CANTO GRANDE RECOJO PRIVADO.pdf,document,37632,0d9887f836c745767eccf95916bc96080053f079
WebGestor/Inventario/GuiaRemision/TABD220-YURIMAGUAS RECOJO 01SET.pdf,document,37496,de8535707fa8a902c4562127b419995724a30870
WebGestor/Inventario/GuiaRemision/TABD221-CAJAMARCA 02SET.pdf,document,37692,ebe77bfee84f3148ef9cdd84b79139eb1bc5e4c1
WebGestor/Inventario/GuiaRemision/TABD222-CLIENTS SOLUTION 02SET.pdf,document,38071,e653a4bf8a29c76f8c0b29120013dcfaf147ad0d
WebGestor/Inventario/GuiaRemision/TABD223-UNIVERSIDAD CATOLICA 04SET.pdf,document,37359,21a02d9b52e07d9b8f15d94db2f7b4db3dca8d5a
WebGestor/Inventario/GuiaRemision/TABD224-PUCALLPA RECOJO 04SET.pdf,document,39620,1a2ad55273247928d730cfd570047e057335c3d3
WebGestor/Inventario/GuiaRemision/TABD225-COVIDA RECOJO 05SET.pdf,document,37630,21104b5f9a82979708965994a87233324adf6e0d
WebGestor/Inventario/GuiaRemision/TABD226-BELLAVISTA 05SET.pdf,document,37693,3295bef8b891f2fdb5670e33fe417cec4fa1dd03
WebGestor/Inventario/GuiaRemision/TABD227-ANULADO.pdf,document,37527,ffe8057b4f12ffde639a0f18cdfe4f66dfc013c6
WebGestor/Inventario/GuiaRemision/TABD228-GCIA DIV. NORTE 06SET.pdf,document,37587,f23002d85537e5bd769bae19814e4ffb1f8d6186
WebGestor/Inventario/GuiaRemision/TABD229-PARQUE INDUSTRIAL 06SET.pdf,document,37484,54c012ac2f7649c39ff69613a1e0a53a21f9d03e
WebGestor/Inventario/GuiaRemision/TABD23-GCIA RECOJO T.S. PRIVADO.pdf,document,37121,a940ca4acad01564f93ca01bdd39e68a305eec78
WebGestor/Inventario/GuiaRemision/TABD230-C.C. SAN ISIDRO RECOJO 06SET.pdf,document,37769,15633a509bdedacb52bc72743b5721d562e562f3
WebGestor/Inventario/GuiaRemision/TABD231-CERRO COLORADO 06SET.pdf,document,37782,8a16f6e0a8ca826a7f7f6432e981b23b326f9dfc
WebGestor/Inventario/GuiaRemision/TABD232-CERRO COLORADO RECOJO 06SET.pdf,document,37245,1aaa1daf156fec54c4a063ac1893d2c250623d50
WebGestor/Inventario/GuiaRemision/TABD233-C.C. SUCRE 06SET.pdf,document,37579,1eacf97739b27158dd1f406929573b543b795723
WebGestor/Inventario/GuiaRemision/TABD234-SAN BORJA 06SET.pdf,document,37347,73624501ec168a248477b3d696e683ce063190c6
WebGestor/Inventario/GuiaRemision/TABD235-REAL PZA JULIACA 06SET.pdf,document,36925,d91cd2bd8c3c24526ddad3c0d10131e58b4a4369
WebGestor/Inventario/GuiaRemision/TABD236-TRUJILLO 06SET.pdf,document,38505,af7a98c9ad4fb5a2380a783e43618fff0ef55233
WebGestor/Inventario/GuiaRemision/TABD237-BELEN RECOJO 06SET.pdf,document,37337,05559c71c53251d3b3ea283921abfc5d80c203c8
WebGestor/Inventario/GuiaRemision/TABD238-TRUJILLO RECOJO 07SET.pdf,document,38024,9e984dd80e4047b783b5cf4b9458f109e81c4727
WebGestor/Inventario/GuiaRemision/TABD239-BE PIURA 07SET.pdf,document,37744,33cd4556205e09b8456e3745363616bde07d96f9
WebGestor/Inventario/GuiaRemision/TABD240-07SET.pdf,document,37945,0af4e597539e1fbfca167df02a73d51b07b3beaf
WebGestor/Inventario/GuiaRemision/TABD240-GCIA DIVISIO. NORT 07SET.pdf,document,37945,0af4e597539e1fbfca167df02a73d51b07b3beaf
WebGestor/Inventario/GuiaRemision/TABD241-HOSPITAL ALMENARA 07SET.pdf,document,37314,314a280e096332163496e1783e62d01d3034285f
WebGestor/Inventario/GuiaRemision/TABD242-REAL PZA HUANCAYO 07SET.pdf,document,37801,0f4b8aab078fd5b0aad91547e4b76f3c0a5e20b7
WebGestor/Inventario/GuiaRemision/TABD243-PREMIUM PARDO Y ALIA 08SET.pdf,document,37801,0f4b8aab078fd5b0aad91547e4b76f3c0a5e20b7
WebGestor/Inventario/GuiaRemision/TABD244-PREMIUM EL POLO 08SET.pdf,document,37325,5d1fdc61b7a0d6a5b131784e7ab510eb9f59de3a
WebGestor/Inventario/GuiaRemision/TABD245-COMAS 08SET.pdf,document,37323,f1e04715002fd125684e0950efc5f808db6ca594
WebGestor/Inventario/GuiaRemision/TABD246-VALLE SHARON 08SET.pdf,document,37519,5e0f37c16efe5faa518031de8158b4f4377309fc
WebGestor/Inventario/GuiaRemision/TABD249-JESUS MARIA 11SET.pdf,document,37731,56ec484df911ae172790768f3bd326d97de8bf25
WebGestor/Inventario/GuiaRemision/TABD25-MEXICO RECOJO PRIVADO.pdf,document,38218,d1b1b0cdde58f2dfb7c4080d0b04e09ef194951b
WebGestor/Inventario/GuiaRemision/TABD250-OPEN PLAZA PIURA 11SET.pdf,document,37417,1d61bca582f9c906a5f35cbf57d2f4dbd76cf73a
WebGestor/Inventario/GuiaRemision/TABD251-BELLAVISTA RECOJO 12SET.pdf,document,36771,12e62fa97a775e803edc2f85abd19b9bd5502728
WebGestor/Inventario/GuiaRemision/TABD252-PRIMAVERA 12SET.pdf,document,37586,b3acc27e7e4cc16b02b5539c58904639a52eaa1a
WebGestor/Inventario/GuiaRemision/TABD253-CERRO DE PASCO 12SET.pdf,document,37878,17a2938ffc193bf0dc32c45cbda9dfd1b35b46da
WebGestor/Inventario/GuiaRemision/TABD254-CAMANA 12SET.pdf,document,37914,02c2f08710352d53e3d9749046bf8806491e71a6
WebGestor/Inventario/GuiaRemision/TABD255-SERPOST PIURA 12SET.pdf,document,39858,3002e1c21dc2f11de400a2e2592ef739f088fe29
WebGestor/Inventario/GuiaRemision/TABD256 AREQUIPA 12SET.pdf,document,37930,1797ccbb761ffa2e5b6f0824572af5a2e7b3a79a
WebGestor/Inventario/GuiaRemision/TABD257-MOYOBAMBA 13SET.pdf,document,37633,d594e5e35adf9d1a8cf3a73386a3ea6b2e93d966
WebGestor/Inventario/GuiaRemision/TABD258-PUNO 14SET.pdf,document,37405,60c8461bf08df2c308601f13a87353c956f2c862
WebGestor/Inventario/GuiaRemision/TABD259-ANULADO.pdf,document,37573,70ffcdf79036de33a7b79642bcada2fb889e0a7d
WebGestor/Inventario/GuiaRemision/TABD26-BE CHACARILLA RECOJO PRIVADO.pdf,document,37271,951ca17387d1b69a04af6d848a0b071ee619fb76
WebGestor/Inventario/GuiaRemision/TABD260-BOLOGNESI 14SET.pdf,document,37577,cfca0c0fa30da6299c74e28f6e4e1248d1207042
WebGestor/Inventario/GuiaRemision/TABD262-FAUCETT 2 14SET.pdf,document,39342,da0c8d63466b0284be33997a348b3bc05a8b94d9
WebGestor/Inventario/GuiaRemision/TABD264-GAMARRA RECOJO 15SET.pdf,document,37528,b6c0b328cf03e83ea7e171ab5556a22c7bebe0e4
WebGestor/Inventario/GuiaRemision/TABD265-IQUITOS 15SET.pdf,document,36849,5008a9853cf4d36e3799f1d0dc56890c9f3f9800
WebGestor/Inventario/GuiaRemision/TABD266-VILLA MARINA 15SET.pdf,document,37903,a80607263d8789342d1a112943da50a5eee71e05
WebGestor/Inventario/GuiaRemision/TABD267-HUANUCO 15SET.pdf,document,37467,7702c0377e1fe88477c68a71be01be28f7caf2b2
WebGestor/Inventario/GuiaRemision/TABD268-CC MONTERRICO 18SET.pdf,document,37508,f8704e21d367caddad4c41b7b376588eefd7e569
WebGestor/Inventario/GuiaRemision/TABD269-LA MERCED 18SET.pdf,document,37443,5996280feb926702ad95c7802a012aee5ad44121
WebGestor/Inventario/GuiaRemision/TABD27-LA MERCED RECOJO PRIVADO.pdf,document,37693,baad48a3d6c66c10a0483917ed8f298b266833e8
WebGestor/Inventario/GuiaRemision/TABD270-PARQUE CASTILLA 19SET.pdf,document,37568,eae82d8683163a464fc685cf52e878912c17e612
WebGestor/Inventario/GuiaRemision/TABD271-CHOTA 19SET.pdf,document,37810,70d1e21529e669c906e1464d0247461c7f2d81ce
WebGestor/Inventario/GuiaRemision/TABD272-JAEN 19SET.pdf,document,37669,9e01efc30055be04fb00c321311149413b8df59e
WebGestor/Inventario/GuiaRemision/TABD273-R.P.HUANCAYO 20SET.pdf,document,40055,0eaf5fed51220c6155d8e8f0c8f6ebee4704a724
WebGestor/Inventario/GuiaRemision/TABD274-COLMENA 20SET.pdf,document,39956,78cd3e4e3323abcac65b9550d78b714e29d4da8b
WebGestor/Inventario/GuiaRemision/TABD275-LA VICTORIA 20SET.pdf,document,39947,96d6517c40192a0d8e25fa5ac8ef1d5188ce2af1
WebGestor/Inventario/GuiaRemision/TABD276-GRAN CHIMU RECOJO 20SET.pdf,document,37524,402ad19f3bc078a4db510a9655e69f9666e67ec8
WebGestor/Inventario/GuiaRemision/TABD277-O.P.PUCALLPA 20SET.pdf,document,38150,e6edd60b368f3f0becee2f2a26b046d19c0951c5
WebGestor/Inventario/GuiaRemision/TABD278-LAS TIENDAS 20SET.pdf,document,37453,36c47b10c33f83f0eabdc8f156568f1c61e5619a
WebGestor/Inventario/GuiaRemision/TABD279-PZA SOL DE HUACHO RECOJO 22SET.pdf,document,37454,5c734cc25f495f5fdc3730287f426da62d5c239b
WebGestor/Inventario/GuiaRemision/TABD279-SOL DE HUACHO RECOJO 20SET.pdf,document,37454,47e606daf1f18bf96a2f3fe3886091f818642982
WebGestor/Inventario/GuiaRemision/TABD28-EL QUINDE ICA.pdf,document,37434,69792ec9e4d9c3bfb9e9b496c11247a48dfd3cb1
WebGestor/Inventario/GuiaRemision/TABD280-SAN JUAN 21SET.pdf,document,37252,1fc85c5953f2b5888bc9c3b2c731e4af51cbfd19
WebGestor/Inventario/GuiaRemision/TABD281-ILO 21SET.pdf,document,37561,d84b3575e1e1155dce6a7a15695c2863a36909a9
WebGestor/Inventario/GuiaRemision/TABD282-GRIMALDO DEL SOLAR RECOJO 22SET.pdf,document,37815,e94f1a8c563a5f8367212508076bdce9f77bc8e0
WebGestor/Inventario/GuiaRemision/TABD283-AEROPUERTO 22SET.pdf,document,37534,62b9d0994ce73991b9baa35509d9b5e4503513f8
WebGestor/Inventario/GuiaRemision/TABD284-FAUCETT2 22SET.pdf,document,38018,9e5ac3cb1a22ab6a24e6ccf0970020e76e167a1b
WebGestor/Inventario/GuiaRemision/TABD285-LIMA 22SET.pdf,document,37340,4641c818cf7dcd18a29fdb7be197c0802fb442a8
WebGestor/Inventario/GuiaRemision/TABD286-ELISEO NAVAL 22SET.pdf,document,37695,f73e25a96f8fd56ee2788e367dfb80026630f4f8
WebGestor/Inventario/GuiaRemision/TABD287-ELISEO NAVAL RECOJO 22SET.pdf,document,37887,9dbb13775479670490c1aa022438810dc1cfa895
WebGestor/Inventario/GuiaRemision/TABD288-REAL PZA HUANCAYO 23SET.pdf,document,37720,445cff3ce047bf370174ef1005b3cd4eb5dc937d
WebGestor/Inventario/GuiaRemision/TABD289- MEGA PZA CHIMBOTE.pdf,document,38017,0cd82bcc3660893639363831d7b5bc8803d6239d
WebGestor/Inventario/GuiaRemision/TABD29-WANCHAQ ANULAR.pdf,document,37728,f6793eac1cf5050a9f0f849a8034d5d6fd179005
WebGestor/Inventario/GuiaRemision/TABD290-LA MERCED 25SET.pdf,document,37529,2973cbbb6bff276e0a5d9c5d5c16ebdeef576fe2
WebGestor/Inventario/GuiaRemision/TABD291-HUAYCAN 25SET.pdf,document,37408,4017702d012352d7dafb8e00f7e517018a073e20
WebGestor/Inventario/GuiaRemision/TABD292-TRIGAL RECOJO 25SET.pdf,document,37567,e11f4e481bbf3cafb8af0887fa1ea7b02b177d7f
WebGestor/Inventario/GuiaRemision/TABD293-REAL PLAZA TRUJILLO 25SET.pdf,document,37547,e2495899f74af1cb1a1e4d5f4790b3f42591f582
WebGestor/Inventario/GuiaRemision/TABD294-ESSALUD 26SET.pdf,document,37629,b07e9f9bfa5e46a7b288d12d9272e5c31aef7806
"WebGestor/Inventario/GuiaRemision/TABD294-REAL PZA C, CIVICO 26SET.pdf",document,37564,b2803f96dcb5124e7fd5129529b77ca3761f68a6
WebGestor/Inventario/GuiaRemision/TABD297-PRIMAVERA 26SET.pdf,document,37696,363a7b8084e70a9edaafce6a3efba8f1c9ec388f
WebGestor/Inventario/GuiaRemision/TABD298-EL PINO 27SET.pdf,document,37200,a8e57ed9fd0ee82df9af0991537e4e42d2d83d65
WebGestor/Inventario/GuiaRemision/TABD299-REAL PZA PRO 27SET.pdf,document,37497,4945604b3d688b61e87d38bbede4844d473eb8ac
WebGestor/Inventario/GuiaRemision/TABD3-BREÑA.pdf,document,37365,4ad2142ef0741f92ea5e373ff5e3d27d5383e536
WebGestor/Inventario/GuiaRemision/TABD30-WANCHAQ.pdf,document,38160,845facb589f81fc4a72b24844eab168528b65fcc
WebGestor/Inventario/GuiaRemision/TABD300-MANTAS 27SET.pdf,document,38797,1907f3efae69e4e7493630f2b469fa089f85b8d0
WebGestor/Inventario/GuiaRemision/TABD301-REAL PZA HUANCAYO 27SET.pdf,document,37808,caeccfe284c181c549cb653a4a56a2345f7c3319
WebGestor/Inventario/GuiaRemision/TABD302-LAS GARDENIAS 27SET.pdf,document,37669,dc3d291c0e4f1f8fad75ad74e0083f2f39ca182f
WebGestor/Inventario/GuiaRemision/TABD303-LA COLMENA RECOJO 27SET.pdf,document,37887,aa6de21643c88a97c8ea7ce51d40ca90aa0e78ff
WebGestor/Inventario/GuiaRemision/TABD304-ANULADO.pdf,document,37486,4891b0637133a700b8dd6c967a9ffe0af6a019e9
WebGestor/Inventario/GuiaRemision/TABD305-BARRIO COMERCIO 29SET.pdf,document,37569,5efde1ed0f9b65ce3266dbc8054bcacd7c2e4e5b
WebGestor/Inventario/GuiaRemision/TABD306-CRONOS 29SET.pdf,document,37466,3a2445e3e78cbb1fdabce80c3bb3819c1b05f3dc
WebGestor/Inventario/GuiaRemision/TABD307-LIMA RECOJO 29SET.pdf,document,37354,228b3bb5b8a6c7d0365eed4c444d0b5eacc8007a
WebGestor/Inventario/GuiaRemision/TABD308-METRO PLAZA CASTILLA 29SET.pdf,document,37395,c2e0d9cc131d103c00723dc1557ac0602c1efaa8
WebGestor/Inventario/GuiaRemision/TABD309-LA OROYA RECOJO 02 OCT.pdf,document,37598,61cc893d67c2d3f7001977610b4eaf6431fb4417
WebGestor/Inventario/GuiaRemision/TABD31-MALA RECOJO.pdf,document,37891,bc9bf4fdabebb82d097ef1d49fe42f1b11bd1160
WebGestor/Inventario/GuiaRemision/TABD310-MEGA AREQUIPA 02OCT.pdf,document,37427,125c01beccf48849b1b0522080b238269e56e13e
WebGestor/Inventario/GuiaRemision/TABD311-AREQUIPA TALENTO 02OCT.pdf,document,38409,74fe7b1fae98da5296b87f99ebfc37e42bcaad1a
WebGestor/Inventario/GuiaRemision/TABD312-AREQUIPA RECOJO 02OCT.pdf,document,38054,0ba974409f58e39c6f59353403747150de285f72
WebGestor/Inventario/GuiaRemision/TABD313-BELEN 02OCT.pdf,document,39059,e07fcee0401e8ede04f95c793fa68cee16352000
WebGestor/Inventario/GuiaRemision/TABD314-PROCERES 02OCT.pdf,document,39059,e07fcee0401e8ede04f95c793fa68cee16352000
WebGestor/Inventario/GuiaRemision/TABD315-JESUS MARIA 03OCT.pdf,document,37434,f946616e10b6425743c178f610a22663d05083f7
WebGestor/Inventario/GuiaRemision/TABD316-UNIVERS. CATOL 03OCT.pdf,document,37961,9eedcd5de64494b938bd2fc824ff89459baf5932
WebGestor/Inventario/GuiaRemision/TABD317-SULLANA 03OCT.pdf,document,37405,ec4b289ff1b60f8484745c9ad8b68bc02442a5a4
WebGestor/Inventario/GuiaRemision/TABD318-PRO RECOJO 04OCT.pdf,document,37428,c9e5eeb9b3bbc693ad6a108c85bb8b8e8b9d0073
WebGestor/Inventario/GuiaRemision/TABD319-EL MURO 04OCT.pdf,document,40171,53b2863ae1489da2356a0ed95895b559f5f4fb98
WebGestor/Inventario/GuiaRemision/TABD32-CAPON PRIVADO.pdf,document,36992,aad6188b8b095d315a0d8fd9045a35a94ac56a57
WebGestor/Inventario/GuiaRemision/TABD320-VENEZUELA 1 04OCT.pdf,document,37462,a9237114da0445e81fa465403b53d307004e1811
WebGestor/Inventario/GuiaRemision/TABD321-ANULADO.pdf,document,37552,f0d9ba409575a5c6eb0c828deb4c040ea0925926
WebGestor/Inventario/GuiaRemision/TABD322-LAMBAYEQUE 04OCT.pdf,document,37537,af2d2986644ecdefad6e825578259a52ed6f81ea
WebGestor/Inventario/GuiaRemision/TABD323-CANAVAL Y MOREYRA 04OCT.pdf,document,37384,4473eaf1932c91ad7972628565ce8595a2bacd08
WebGestor/Inventario/GuiaRemision/TABD324-REAL PLAZA PIURA RECOJO 04OCT.pdf,document,37124,88f816d9518277d10434f5d01db1628cc4473835
WebGestor/Inventario/GuiaRemision/TABD325-TRUJILLO RECOJO 04OCT.pdf,document,37492,9edb887f56c5c67d3704ed935c13cba210cecbb0
WebGestor/Inventario/GuiaRemision/TABD326-CAVENECIA 05OCT.pdf,document,38242,d64de56a43856230087d2ab903d52fff6bb569b6
WebGestor/Inventario/GuiaRemision/TABD327-CAVENECIA.pdf,document,37583,0240fb87b8b68dc13a23aee96bf8d4281e586965
WebGestor/Inventario/GuiaRemision/TABD33-CHEPEN.pdf,document,37520,f643c7c7dae8643e6ffc10a1e4f918ee4a37dcd4
WebGestor/Inventario/GuiaRemision/TABD34-GRAN CHIMU.pdf,document,37611,43a309d529536c9bd20587a696344b8b85fce335
WebGestor/Inventario/GuiaRemision/TABD35-PARURO.pdf,document,37500,ba138215db2715b70de062a415d8cf4c94726dd9
WebGestor/Inventario/GuiaRemision/TABD36-UNIVERSITARIA FREIRE.pdf,document,40284,9a1948346217b79a0b581e001f547225bf88a6da
WebGestor/Inventario/GuiaRemision/TABD37-SAN BORJA SUR.pdf,document,40248,499f8979f7d9273772dc001c32db03e2a5c1b512
WebGestor/Inventario/GuiaRemision/TABD38-NICOLAS ARRIOLA1.pdf,document,37476,21b7865d649279d7becddc30367309282a7bcf14
WebGestor/Inventario/GuiaRemision/TABD39-MEGAPLAZA CHIMBOTE.pdf,document,37725,37ba5b483162703730f0316b6de2f6255b1463bb
WebGestor/Inventario/GuiaRemision/TABD40-PANDO.pdf,document,37430,f1e5331f4a42ecb8864d648371425f96694a2157
WebGestor/Inventario/GuiaRemision/TABD41-CANTA CALLAO.pdf,document,37511,802433b621a32c503115493e8354e81e41bd0cc6
WebGestor/Inventario/GuiaRemision/TABD42-AEROPUERTO.pdf,document,37359,dff7ac3524f49c49d8e0a484fcca4f0c9b094e57
WebGestor/Inventario/GuiaRemision/TABD43-COVIDA.pdf,document,37610,4c203ab4767363a68885bbceecf369c67a3ace4b
WebGestor/Inventario/GuiaRemision/TABD44-EL PINO.pdf,document,37340,479d2079c8e9764392afc20cc4afcabf78efe85a
WebGestor/Inventario/GuiaRemision/TABD45-C.C. SAN SIDRO 14JUL.pdf,document,37454,58997cca6a5350a914f54d55146b607b23d8f62e
WebGestor/Inventario/GuiaRemision/TABD46-SAMUEL DE ALCAZAR 15JUL.pdf,document,37495,93c41d2c1892a1738f1f921391689c8506a9e154
WebGestor/Inventario/GuiaRemision/TABD47-BE CHACARILLA 14JUL.pdf,document,40679,edf3717b16833086bca2ef06320f5d12b9d6f662
WebGestor/Inventario/GuiaRemision/TABD48-AEROPUERTO 14JUL.pdf,document,37373,0a48b0f0fe494f1468c23a0b62ba0c84c86a6d13
WebGestor/Inventario/GuiaRemision/TABD49-COVIDA 14JUL.pdf,document,37662,a3af2aada84bd921847568c5de586bd86c055978
WebGestor/Inventario/GuiaRemision/TABD5-BELEN.pdf,document,37751,a75bdb166cfc49bc8dd556755cf1a16974fe63a6
WebGestor/Inventario/GuiaRemision/TABD50-SALAVERRY 14JUL.pdf,document,37562,27e819d92faa4386a7a244df3f5efc52e3b9929e
WebGestor/Inventario/GuiaRemision/TABD51-CHOTA 14JUL.pdf,document,37439,e26ab3f8a22abbe87dd924d3e21c8c7fa0de0a47
WebGestor/Inventario/GuiaRemision/TABD52-AREQUIPA 14JUL.pdf,document,37605,4880b4490a265a3f4e8bf2d72f4cf8cb5a203014
WebGestor/Inventario/GuiaRemision/TABD53-CHORRILLOS 14 JUL.pdf,document,37919,8d8d700ece12b15821caa8222b1ef416f85845f1
WebGestor/Inventario/GuiaRemision/TABD54-CHORRILLOS RECOJO 14JUL.pdf,document,37578,70497bdab961b25c16031f12e44254b2357429d7
WebGestor/Inventario/GuiaRemision/TABD55-MONTEGRANDE RECOJO 14JUL.pdf,document,37630,3c5f16a2aa73a08187dcb68325642b1773be87f5
WebGestor/Inventario/GuiaRemision/TABD56-AEROPUERTO RECOJO 14JUL.pdf,document,37818,325197972d6c0997f442fb1ee5ba1febd9de7de9
WebGestor/Inventario/GuiaRemision/TABD57-AV. CENTRAL 15JUL.pdf,document,37358,961e938b6a18216e2722db3be3bfc1ae26673f28
WebGestor/Inventario/GuiaRemision/TABD58-MAP STA ANITA RECOJO 15JUL.pdf,document,37942,ebd00e4de5210924046357e35c19863d23c50b43
WebGestor/Inventario/GuiaRemision/TABD59-AEROPUERTO.pdf,document,37458,b9bca3193cedfb127e66df1d58b034bdee14f419
WebGestor/Inventario/GuiaRemision/TABD60-AEROPUERTO RECOJO 17JULIO.pdf,document,37870,511992b199626c65eada5a7227b99b4ba1646255
WebGestor/Inventario/GuiaRemision/TABD61-METRO CHILCA 17JUL.pdf,document,37491,4ad7079394685bcc2b7725cbb47df7fb02b9bded
WebGestor/Inventario/GuiaRemision/TABD62-CORPAC 17JUL.pdf,document,37412,d401683d88ea83dcbcad32a0a9b630417b387e6b
WebGestor/Inventario/GuiaRemision/TABD63-ANULADO.pdf,document,37602,fe160baf02d40c0e761e3cabf9cbd0ce52e31457
WebGestor/Inventario/GuiaRemision/TABD64-CC SAN MIGUEL RECOJO 17 JUL.pdf,document,37647,ca0bb9fb85543aee23fa1c22a8d4d0627e44d4c1
WebGestor/Inventario/GuiaRemision/TABD65-BE CHICLAYO RECOJO 17JUL.pdf,document,15967,e10f71a4c3f60ed9695fe767f5e70ffff8f90e02
WebGestor/Inventario/GuiaRemision/TABD66-BASADRE 17JUL.pdf,document,15641,5a2cc36059024fb56f71a48529d0cceb9b06fe4d
WebGestor/Inventario/GuiaRemision/TABD67-MONTEGRANDE 18JUL.pdf,document,37366,09d1d3a5bdf4ab5e282691cb7e58aa70c0d24bfb
WebGestor/Inventario/GuiaRemision/TABD68-CORPAC RECOJO 18JUL.pdf,document,37632,dae461c125585f462d9be612de2a70bfd1256474
WebGestor/Inventario/GuiaRemision/TABD69-EL RETABLO RECOJO.pdf,document,39879,1b78ce4d390e60c751218862f55cd9d2bd371809
WebGestor/Inventario/GuiaRemision/TABD70-SC BARRANCA RECOJO.pdf,document,37571,e0629dbd9e8b004f714a61b706fc0dc1cc6e174e
WebGestor/Inventario/GuiaRemision/TABD72-JUANJUI 19JUL.pdf,document,37529,7746b0fa660d674d4bd64e2017e21f86c1b2dcdb
WebGestor/Inventario/GuiaRemision/TABD73-SURQUILLO 19JUL.pdf,document,37437,413b6fb3d0dbbce0d22431907c4fe5ad02c52c0c
WebGestor/Inventario/GuiaRemision/TABD74-PLAZA LIMA NORTE 19JUL.pdf,document,37363,a6d801851d548b1586920c6ddca1f61d4d7e64aa
WebGestor/Inventario/GuiaRemision/TABD75-LAS BEGONIAS RECOJO 19JUL.pdf,document,37697,9cd74ae210041052012bde541ca092d266157942
WebGestor/Inventario/GuiaRemision/TABD77-PZA SOL DE HUACHO 20JUL.pdf,document,37510,82153f7e4036cc535754be2ed172d08042be1863
WebGestor/Inventario/GuiaRemision/TABD78-COVIDA 20JUL.pdf,document,37648,ab32bf8a9e5e010e1b0377e92a6ca9ee71a52d35
WebGestor/Inventario/GuiaRemision/TABD79-EL PORVENIR 20JUL.pdf,document,15964,4f3c4ef59ed4de7154e614024bd4cf6f6b7b67dd
WebGestor/Inventario/GuiaRemision/TABD8-EL POLO.pdf,document,37250,59f601fe51fceed61cf7d3f29f49090931f8132d
WebGestor/Inventario/GuiaRemision/TABD80-PICHANAQUI 20JUL.pdf,document,37370,bcd3aa7c114ec2fa4477264d03619eeb3709b3a0
WebGestor/Inventario/GuiaRemision/TABD81-MINKA 21JUL.pdf,document,37587,7dd31848e4561761313100fe3ccaefbd4d5123e5
WebGestor/Inventario/GuiaRemision/TABD83-LAS TIENDAS 21JUL.pdf,document,37359,a4e3cd865ee177568a089b4134e451ca573d5953
WebGestor/Inventario/GuiaRemision/TABD85-CHACARILLA 24JUL.pdf,document,37624,2944f1b5182a1695969c92914b5786c85338b32f
WebGestor/Inventario/GuiaRemision/TABD86-CHACARILLA 24JUL.pdf,document,40142,76be947fd563e357864e10520ae23a1503ecdcf6
WebGestor/Inventario/GuiaRemision/TABD87-MAL PZA COMAS 24JUL.pdf,document,37427,6cc244635c3f96325d9656d7a8f0e79eedeb2eb2
WebGestor/Inventario/GuiaRemision/TABD88-AREQUIPA 25JUL.pdf,document,38251,4a11f31918d4f0ade0db49cba10c2ac6a4e67813
WebGestor/Inventario/GuiaRemision/TABD89-SAN CAMILO 25JUL.pdf,document,37727,4399f25818e4d589c8176b77aaaaa5f5eb35804b
WebGestor/Inventario/GuiaRemision/TABD9-EL POLO.pdf,document,39070,101e386d3877852c81f8ee741e0fbd06c7f5bdae
WebGestor/Inventario/GuiaRemision/TABD91-CAYMA 25JUL.pdf,document,38026,c2ba3cf1166d74fd23e484786c4ed801384bbd7c
WebGestor/Inventario/GuiaRemision/TABD93- CAMANA AREQUIPA 25JUL.pdf,document,38215,9a0344f8ecea0f1d568d8c3f3e5a239dba5160e8
WebGestor/Inventario/GuiaRemision/TABD94-PARQUE IND. 25JUL.pdf,document,38180,d8598f52c03060bdae6c192525102c907cdc78fc
WebGestor/Inventario/GuiaRemision/TABD95-JLBUSTAMANTE 25JUL.pdf,document,38282,c1f5ba89ee268b0aaed2a4e4cc59d6316e6bf89d
WebGestor/Inventario/GuiaRemision/TABD96-PEDREGAL 25JUL.pdf,document,38191,8a3c52f00106791423835b8da55c60c78556645f
WebGestor/Inventario/GuiaRemision/TABD97-MAP AREQUIPA 25JUL.pdf,document,38146,41119c67ed1beaa3f286034a8a86187ea37ced96
WebGestor/Inventario/GuiaRemision/TABD98-CERRO COLORADO 25JUL.pdf,document,38013,2fbaf324d50f22c4320e677a29dedab7a26135aa
WebGestor/Inventario/GuiaRemision/TABD99-YANAHUARA 25JUL.pdf,document,38236,268786b9998be4f223dbb4d676200da01509e13d
WebGestor/Inventario/Imagenes/FranlaLeft.jpg,image,5357,944b1938955e00904d545c027d116e2d55fc9c36
WebGestor/Inventario/Imagenes/imgInforme.jpg,image,144191,60b16a96d59aeee5a011cbec1356d5ce43da30f3
WebGestor/Inventario/Imagenes/LOGO WEB HACDATA.jpg,image,17544,005587e9cc0acf841f1735fff6bc434b7ca35ef2
WebGestor/Inventario/Informe/Etiquetas_.ppla,print_template,174937,4eabd6615ac100023ed05fb07341b51790a7b935
WebGestor/Inventario/Informe/Etiquetas_23.ppla,print_template,12,13158c47dc3262f1353774748c7b62b5e77fae95
WebGestor/Inventario/Informe/Etiquetas_PE11000115.ppla,print_template,3808,adeb4603f11d5dc2e3391c4b698b2e8a8cde3f28
WebGestor/Inventario/Informe/Etiquetas_PE11000736.ppla,print_template,136,b36949a6f13e251717353c082eef679c34af070b
WebGestor/Inventario/Informe/Etiquetas_PE11000960.ppla,print_template,676,7a3aadbb5fa994d9e8e3aacea82afc92527ac92c
WebGestor/Inventario/Informe/INFORME_FINAL24_PE11000387.pdf,document,15,16c66091abdcee9db991f68d585820b50077cca5
WebGestor/Inventario/Informe/INFORME_FINAL_-.pdf,document,158247,2f6ec207074d684e203305d670800c11c635cbff
WebGestor/Inventario/Informe/INFORME_FINAL_.pdf,document,158321,673bf5a685ca915e5c91af07fe74b1a37d2289ee
WebGestor/Inventario/Informe/INFORME_FINAL_1PE11000354.pdf,document,254228,c9aa32fafcc9a85c40144f229d1d92e099f40bda
WebGestor/Inventario/Informe/INFORME_FINAL_1PE11000387.pdf,document,228957,57e758475c81625bcfbe2cf207a8f03496fbed0d
WebGestor/Inventario/Informe/INFORME_FINAL_22-GAMBETA.pdf,document,6995363,2bffde8a79e30a33f5c13ae9c71155e95864af04
WebGestor/Inventario/Informe/INFORME_FINAL_23-SATELITE.pdf,document,150265,424262ab09cf33027876bbc66f131f359f868e1d
WebGestor/Inventario/Informe/INFORME_FINAL_PE11000002.pdf,document,233945,f4669cd9f6223e3cefb5b74feedee803a3ab3e64
WebGestor/Inventario/Informe/INFORME_FINAL_PE11000005-Oficina Mega Plaza Chimbote.pdf,document,233774,4ea0adf5cbbcf9fe6910deeec93c1885d9b5bbf7
WebGestor/Inventario/Informe/INFORME_FINAL_PE11000010-Oficina Andahuaylas.pdf,document,233131,d958821dea72d071e74f40f6807a24b3a3b4a3b5
WebGestor/Inventario/Informe/INFORME_FINAL_PE11000013-Oficina Paseo de la Castellana.pdf,document,231614,f3aa3d19379545c6b926e52329c7e626a819d3b1
WebGestor/Inventario/Informe/INFORME_FINAL_PE11000014-Oficina Metro Chilca.pdf,document,226051,4cdb37e31d592aa1fa22281ca7df5c4cc147304f
WebGestor/Inventario/Informe/INFORME_FINAL_PE11000030-Oficina Ovalo Larco Trujillo.pdf,document,278945,a1622fe5278a93b36e35d2483fc4bc63398f2fe5
WebGestor/Inventario/Informe/INFORME_FINAL_PE11000048-Oficina Mega Express Villa El Salvador.pdf,document,224263,8ffe3cd89fcc6af32ca5d61e9e21c97dbb598d08
WebGestor/Inventario/Informe/INFORME_FINAL_PE11000050-Oficina San Juan.pdf,document,225797,15b484531270a8fa692abb1231fbb2cdbc53bdda
WebGestor/Inventario/Informe/INFORME_FINAL_PE11000059-Oficina Legu&#237;a Chiclayo.pdf,document,223494,40e2766be14923f416428e47eff36da80c8a958d
WebGestor/Inventario/Informe/INFORME_FINAL_PE11000059-Oficina Leguía Chiclayo.pdf,document,223276,4aef1ff9ea184f40ed84c6cec076eef2c37bbdec
WebGestor/Inventario/Informe/INFORME_FINAL_PE11000081-Oficina Bagua Grande.pdf,document,239248,9e9ec9e0fe5a579077cf368544c0a7fe1091d2f6
WebGestor/Inventario/Informe/INFORME_FINAL_PE11000083-Oficina Real Plaza Cusco.pdf,document,234988,60746922f11648db1aec406b86d9b58d20c3209e
WebGestor/Inventario/Informe/INFORME_FINAL_PE11000087-Oficina Santa Rosa - Sullana.pdf,document,225199,111bbe58ab4d419fa93f6cc5d6f58f9ad0f60d20
WebGestor/Inventario/Informe/INFORME_FINAL_PE11000094.pdf,document,238025,9b6db6316d43fca8ded865bd58508b1b906d0c68
WebGestor/Inventario/Informe/INFORME_FINAL_PE11000102.pdf,document,280043,f40970aa7b46eff98e80d52654cc1b4c72a55885
WebGestor/Inventario/Informe/INFORME_FINAL_PE11000107.pdf,document,247878,d0f3882314a4c47627bd542ef7bfd4356d23af0b
WebGestor/Inventario/Informe/INFORME_FINAL_PE11000114.pdf,document,244965,446ea13e70942e295193f5d1b2a4865151725e2f
WebGestor/Inventario/Informe/INFORME_FINAL_PE11000117.pdf,document,311763,8f67b9dc8d49ad7b4be891eaa158b8dec6141adf
WebGestor/Inventario/Informe/INFORME_FINAL_PE11000118.pdf,document,251032,6005cc69e9d4d38b5f502a608f9f5559172b624d
WebGestor/Inventario/Informe/INFORME_FINAL_PE11000119.pdf,document,247667,3e173396af7c993a6bc70ee6d810807a4220cfa0
WebGestor/Inventario/Informe/INFORME_FINAL_PE11000120.pdf,document,259312,185bec85df2a8b5feea936cf667f1a96a749feb6
WebGestor/Inventario/Informe/INFORME_FINAL_PE11000121-Oficina Club Regatas Lima.pdf,document,217890,0bf332aa1d309db84b54494b2f3f0e28541ae9b1
WebGestor/Inventario/Informe/INFORME_FINAL_PE11000122.pdf,document,238159,d98c24a18a1a3687c40bb9e80ffcd2867cb6248b
WebGestor/Inventario/Informe/INFORME_FINAL_PE11000123.pdf,document,266241,e4508426116afe45e0966ea0bcab890a72372b6d
WebGestor/Inventario/Informe/INFORME_FINAL_PE11000125-Oficina Chorillos.pdf,document,222601,016380536e71dd1ff7ff20735590b850057edece
WebGestor/Inventario/Informe/INFORME_FINAL_PE11000127.pdf,document,272626,b1d4d70c9eb7459875c61c23de133844f1de513a
WebGestor/Inventario/Informe/INFORME_FINAL_PE11000133-Oficina Villa Ma.del Triunfo.pdf,document,244102,9163513db5225be09dc58ad9a5e2bbf6f564d1b4
WebGestor/Inventario/Informe/INFORME_FINAL_PE11000135-Oficina San Juan de Miraflores.pdf,document,261004,99ec90a5da964fb7d8369d3b45b74ac90c9962a8
WebGestor/Inventario/Informe/INFORME_FINAL_PE11000137-Oficina Villa Marina.pdf,document,250013,d27d9f846c1c963af94448dce56ba553a7645862
WebGestor/Inventario/Informe/INFORME_FINAL_PE11000138.pdf,document,256063,9398bad21e5f9b19be37424a6e61ea68575dffb4
WebGestor/Inventario/Informe/INFORME_FINAL_PE11000140.pdf,document,231791,49ce6860c9a3d47faeb6fb073bc35fc468cadaa9
WebGestor/Inventario/Informe/INFORME_FINAL_PE11000142.pdf,document,250504,61bf9ec5708cecfc936fe880cbd02433cfbbe109
WebGestor/Inventario/Informe/INFORME_FINAL_PE11000148.pdf,document,239873,5a6ff390a0665d3ef85765498c25d73998e97f26
WebGestor/Inventario/Informe/INFORME_FINAL_PE11000149.pdf,document,200525,cdf1055e82c734655b4d91e821087b71473ed7a3
WebGestor/Inventario/Informe/INFORME_FINAL_PE11000150-Oficina Higuereta.pdf,document,247979,12f98f4f7c9b319d4d5fb0b63412b76b6214be08
WebGestor/Inventario/Informe/INFORME_FINAL_PE11000151.pdf,document,219104,863ffd32abfb8e17d3d72cf934e8c53433b39d34
WebGestor/Inventario/Informe/INFORME_FINAL_PE11000153.pdf,document,208359,acdd98fa5d2f61015a9d54d8d0b7e27c41342cc3
WebGestor/Inventario/Informe/INFORME_FINAL_PE11000156.pdf,document,228245,a969b08fbf8dc8728c13d294ebfc87d96e8a38c8
WebGestor/Inventario/Informe/INFORME_FINAL_PE11000157-Oficina C.C. Las Gardenias.pdf,document,225055,8fb0e0a5df45ead78b44cc658b463ff117120abb
WebGestor/Inventario/Informe/INFORME_FINAL_PE11000159-Oficina Hunter.pdf,document,214466,6cf851f2f0dc56a632896b683449c15d4cf45d46
WebGestor/Inventario/Informe/INFORME_FINAL_PE11000161.pdf,document,232154,45b433df99b15aa27a676edb88689483b425b4a0
WebGestor/Inventario/Informe/INFORME_FINAL_PE11000165.pdf,document,219109,5e77462fd73e5e9beb5665dfc4c83b517509316d
WebGestor/Inventario/Informe/INFORME_FINAL_PE11000166.pdf,document,226747,844a3cd77039f8a2f6484536eca8ce4df61c04ba
WebGestor/Inventario/Informe/INFORME_FINAL_PE11000169.pdf,document,226315,3842e0439171c26949d8143a33ed1a395cd2028b
WebGestor/Inventario/Informe/INFORME_FINAL_PE11000170.pdf,document,214744,df26c0851388231d761132cabbc406cd762221d6
WebGestor/Inventario/Informe/INFORME_FINAL_PE11000171-Oficina Los Rosales.pdf,document,241616,e55d22dc758ac75034ba077ffd4d5fbc58581bfb
WebGestor/Inventario/Informe/INFORME_FINAL_PE11000174-Oficina Mega Plaza.pdf,document,292502,86a75b997abb0e6005e0ba90451385c74f12beb7
WebGestor/Inventario/Informe/INFORME_FINAL_PE11000179.pdf,document,228191,fcc8e345dedb23891d9c040da973afce2089c292
WebGestor/Inventario/Informe/INFORME_FINAL_PE11000180.pdf,document,236615,2ed35d2ccdf3269abe97c5aba279d45ed337cd64
WebGestor/Inventario/Informe/INFORME_FINAL_PE11000182.pdf,document,204971,5043deb13bd1f602f24bcc2cd13e1f443548d428
WebGestor/Inventario/Informe/INFORME_FINAL_PE11000184.pdf,document,267484,7aa7a2813050eb5e2c70c728a783fabc48722b1b
WebGestor/Inventario/Informe/INFORME_FINAL_PE11000187.pdf,document,230440,6761f8caba296a55058e278692d3a95e3935ceab
WebGestor/Inventario/Informe/INFORME_FINAL_PE11000189.pdf,document,237292,3cda31e8424be8b8613a3fdf457be22c0847c1e0
WebGestor/Inventario/Informe/INFORME_FINAL_PE11000190.pdf,document,296300,04c001d471b3f92e52e0a2985d1613a0e085cfca
WebGestor/Inventario/Informe/INFORME_FINAL_PE11000192.pdf,document,285724,9e6d2a1a11fb3a5f8689ffbddf4a4df0e198a6a6
WebGestor/Inventario/Informe/INFORME_FINAL_PE11000194-Oficina Chacarilla.pdf,document,282819,ef44530d697b522cfa35d54a9b36e436457fb2ad
WebGestor/Inventario/Informe/INFORME_FINAL_PE11000200-Oficina Cusco.pdf,document,467208,a7b5ba169a7468d37bbd58df277307e8f7acf90a
WebGestor/Inventario/Informe/INFORME_FINAL_PE11000201-Oficina Wanchaq.pdf,document,270442,2ca7ef0359b4f712cb1a0dd68d5da74ba525ec28
WebGestor/Inventario/Informe/INFORME_FINAL_PE11000202-Oficina Ayacucho.pdf,document,280165,94da60026dc616bce5ca2ab18e4ddfd86e1baf89
WebGestor/Inventario/Informe/INFORME_FINAL_PE11000203-Oficina San Martin - Ica.pdf,document,256690,cad17aceb92e36a23ec1dd3755129fbf0c17f94c
WebGestor/Inventario/Informe/INFORME_FINAL_PE11000204-BE Cusco.pdf,document,216338,e4339c79b1d2809a41255c0a6254594e533fc83e
WebGestor/Inventario/Informe/INFORME_FINAL_PE11000205-Oficina Tintaya.pdf,document,246345,44deafe6499dc21f943ccc8615345f6084f948c1
WebGestor/Inventario/Informe/INFORME_FINAL_PE11000208-OF. HUAYRUROPATA.pdf,document,217839,3580b1553b976d409a6924206a8568cc5f029569
WebGestor/Inventario/Informe/INFORME_FINAL_PE11000210-Oficina Huanuco.pdf,document,265245,81332f9a104cbf64ff6d844e15c644bcaa3d6695
WebGestor/Inventario/Informe/INFORME_FINAL_PE11000211-Oficina Cañete.pdf,document,228909,b9056e01dfde61e955ade348e3f602def109ae8f
WebGestor/Inventario/Informe/INFORME_FINAL_PE11000214.pdf,document,263773,b47f7e75777cbd07e398b1e470c79188669de218
WebGestor/Inventario/Informe/INFORME_FINAL_PE11000215-Oficina Chincha.pdf,document,298533,8a74aa8c3349e39b33a20f07ee790922bf95436d
WebGestor/Inventario/Informe/INFORME_FINAL_PE11000218-Oficina Quillabamba.pdf,document,247848,46e32fe719a717f87517085539a9b94fb219e0b8
WebGestor/Inventario/Informe/INFORME_FINAL_PE11000220-Oficina Arequipa.pdf,document,434416,da93834d09ff156e8e01439102d1267370f641a8
WebGestor/Inventario/Informe/INFORME_FINAL_PE11000221-Oficina San Camilo.pdf,document,246415,55e9eb7b3d784046f7e21bba1c5a77e7b8706065
WebGestor/Inventario/Informe/INFORME_FINAL_PE11000222-Oficina Miraflores - Arequipa.pdf,document,244681,f431962950fe892dcf8628c710260e14d978e506
WebGestor/Inventario/Informe/INFORME_FINAL_PE11000223-Oficina Cayma.pdf,document,370353,008f8c28dda01c5d8de5e555bdf196002f60955f
WebGestor/Inventario/Informe/INFORME_FINAL_PE11000224-PE11000224.pdf,document,217842,5c8dbcc3820621b845e74154786bd2e58ff14193
WebGestor/Inventario/Informe/INFORME_FINAL_PE11000225-Oficina Camana - Arequipa.pdf,document,243566,7043378902a461250fd01eb462728e539cf41f97
WebGestor/Inventario/Informe/INFORME_FINAL_PE11000226-Oficina Parque Industrial.pdf,document,249967,b7dfedb2dab4d45a378e4f314daac25db1182c28
WebGestor/Inventario/Informe/INFORME_FINAL_PE11000228-Oficina Juliaca.pdf,document,344531,fb886fd6da33ae91e1d6b3b856a453559c20c1d3
WebGestor/Inventario/Informe/INFORME_FINAL_PE11000229-Oficina Puno.pdf,document,291361,32af58581f56f1946f6dcaf581e38bbd37f1aa1c
WebGestor/Inventario/Informe/INFORME_FINAL_PE11000231-Oficina Ilo.pdf,document,215641,d35e2d465843dfa1b6c93116b2d38c608bff8966
WebGestor/Inventario/Informe/INFORME_FINAL_PE11000232-Oficina Tacna.pdf,document,321324,514fadd89f857cd08caf5bc5cf9724b3ee3aaadb
WebGestor/Inventario/Informe/INFORME_FINAL_PE11000233-Oficina 7 de Junio.pdf,document,255549,9efb3011606e9f250faf709e69e4dac4e0629c15
WebGestor/Inventario/Informe/INFORME_FINAL_PE11000234-Of. Parque Industrial Villa el Salvador.pdf,document,227966,e5adbca752be3bbbf454c784385b378c5989040f
WebGestor/Inventario/Informe/INFORME_FINAL_PE11000235-Oficina Huancayo.pdf,document,453709,18bf44a818e61f05e1fe8cddd9cbd9b56c2b9992
WebGestor/Inventario/Informe/INFORME_FINAL_PE11000236-Oficina La Oroya.pdf,document,238667,84e8008422da2c03c543fafc7f6031823234fd9a
WebGestor/Inventario/Informe/INFORME_FINAL_PE11000237-Oficina El Tambo.pdf,document,264211,56f9f993b0e69a1d439931812bc9c40f698ac840
WebGestor/Inventario/Informe/INFORME_FINAL_PE11000238-Oficina La Merced.pdf,document,232530,a7012bbedd46a6ba15b0b42a54d68b09a548aa32
WebGestor/Inventario/Informe/INFORME_FINAL_PE11000239-BE Arequipa.pdf,document,229258,4a1ca970876d031606227a0af13c8e7c609420dc
WebGestor/Inventario/Informe/INFORME_FINAL_PE11000240-Oficina Ica.pdf,document,333297,103a9bc0dd7ec6c00015bcb16a16675d419e0641
WebGestor/Inventario/Informe/INFORME_FINAL_PE11000241-Oficina Pisco.pdf,document,236081,fa6627a35accc468438cb0b578b99d1dbdd591f7
WebGestor/Inventario/Informe/INFORME_FINAL_PE11000245-Oficina Mega Plaza Piura.pdf,document,274922,65c7aeea96fcc78188dcb9873bba21f12cfd4d00
WebGestor/Inventario/Informe/INFORME_FINAL_PE11000246-Oficina Husares de Junin -Trujillo.pdf,document,266111,d6dd132a9ccd2bc4c5e0b0ae731916e645184c95
WebGestor/Inventario/Informe/INFORME_FINAL_PE11000247-Oficina Chepen.pdf,document,230515,186cae293b2c56e90402ab0c8e147a108f779399
WebGestor/Inventario/Informe/INFORME_FINAL_PE11000248-Oficina El Quinde.pdf,document,248317,6554553ac7fd627420c233603f0a7c500ad4ffb3
WebGestor/Inventario/Informe/INFORME_FINAL_PE11000249-Oficina Trujillo Pizarro.pdf,document,606331,69ee699c029c4f32a92432d4ff03445ed31cf6f3
WebGestor/Inventario/Informe/INFORME_FINAL_PE11000250-Oficina Primavera.pdf,document,260458,9f9fbe78616a4e48b6895efd290545d0b52bb241
WebGestor/Inventario/Informe/INFORME_FINAL_PE11000251-Oficina Mercado Mayorista - Trujillo.pdf,document,247926,1b249ef04f39b3ec8e2afae94b9bf6ae74eb4b13
WebGestor/Inventario/Informe/INFORME_FINAL_PE11000252.pdf,document,216533,f201fa7018f7371dd3a6dc98027bb171fe18b5eb
WebGestor/Inventario/Informe/INFORME_FINAL_PE11000254-Oficina Larco - Trujillo.pdf,document,241862,83846911d3b6286e79570f0a1d2ab4b5e3a16229
WebGestor/Inventario/Informe/INFORME_FINAL_PE11000258-Oficina Larapa.pdf,document,242916,8b7a7fc30ae111d1aa2eb9a27e6647fe2dbfdc64
WebGestor/Inventario/Informe/INFORME_FINAL_PE11000260-Oficina Huaraz Ancash.pdf,document,265450,16a12b812e2bb73d2b9f4a63a8eb9938f70f87ab
WebGestor/Inventario/Informe/INFORME_FINAL_PE11000261-Oficina Mall del Sur.pdf,document,214815,453fa83cc95743b2f7ed2fc27ccc8ec3085b0dcf
WebGestor/Inventario/Informe/INFORME_FINAL_PE11000263-Oficina Puerto Maldonado.pdf,document,248003,b2e91253b596a1a8fa388df080b376d14970067c
WebGestor/Inventario/Informe/INFORME_FINAL_PE11000264-Oficina Chancay.pdf,document,219781,6b06b776f2c7528bf9f92601b4393615d23ca5b9
WebGestor/Inventario/Informe/INFORME_FINAL_PE11000265-Oficina Tumbes.pdf,document,275310,34c79bbe97662937e628bb603500b8bf446ddbbf
WebGestor/Inventario/Informe/INFORME_FINAL_PE11000266-Oficina C.C. Real Plaza Huancayo.pdf,document,226282,054c2763034c363638c411f6b2efe6241f2c57e0
WebGestor/Inventario/Informe/INFORME_FINAL_PE11000267-Oficina Piura.pdf,document,371311,a2e2d95e82ba2e305055d1c1d446cc6fd9c2ad44
WebGestor/Inventario/Informe/INFORME_FINAL_PE11000268-Oficina Mercado Modelo - Piura.pdf,document,252089,37efd06888bdbd8ca2bbe24596a74de3db09bcd7
WebGestor/Inventario/Informe/INFORME_FINAL_PE11000270-Oficina Talara.pdf,document,245305,b09f83a789b057e809e78c83658735e4db184b86
WebGestor/Inventario/Informe/INFORME_FINAL_PE11000271-Oficina Paita.pdf,document,249690,20dc45d731bd8a33aaedc2ee844dfbbc1c7d2c5e
WebGestor/Inventario/Informe/INFORME_FINAL_PE11000272-Oficina Nuevo Chimbote.pdf,document,234953,69e8cfd61ee0dbc98de080784b38877ed66c426c
WebGestor/Inventario/Informe/INFORME_FINAL_PE11000273-Oficina Huaral.pdf,document,229540,f5cc4344394df8ab8e2763f7a731957e3756308e
WebGestor/Inventario/Informe/INFORME_FINAL_PE11000274-Oficina Sullana.pdf,document,258963,8c6573629739ac3791a72e3e7ed34cefbe8bf498
WebGestor/Inventario/Informe/INFORME_FINAL_PE11000275-Oficina Huacho.pdf,document,291022,7318bfd63188147081428d56f5bbc3bb5ee940d3
WebGestor/Inventario/Informe/INFORME_FINAL_PE11000276-Oficina Barranca.pdf,document,237830,060f0b12ca920ddd4ff538c6f973c8fe771512fc
WebGestor/Inventario/Informe/INFORME_FINAL_PE11000277-Oficina Cajamarca.pdf,document,332417,96680c4a2a7f8cb24f1e2db4d4df409591e66fa8
WebGestor/Inventario/Informe/INFORME_FINAL_PE11000278-BE Piura.pdf,document,217593,480f34c3b03bab75e28a02216788202e98225a6b
WebGestor/Inventario/Informe/INFORME_FINAL_PE11000279-BE Chiclayo.pdf,document,223564,53517582af392102775d92c830b9646e4ee94376
WebGestor/Inventario/Informe/INFORME_FINAL_PE11000280-BE Trujillo.pdf,document,240582,9b7340ca6a50d3dd7ddbd69a16e4fd1307657863
WebGestor/Inventario/Informe/INFORME_FINAL_PE11000281-Oficina Jaen.pdf,document,286693,90a20e75ee97a94056e24a2be3c9766473edb989
WebGestor/Inventario/Informe/INFORME_FINAL_PE11000285-Oficina Chiclayo.pdf,document,450001,afe13733600b01c73290cda16f679959cec82e6e
WebGestor/Inventario/Informe/INFORME_FINAL_PE11000287-Oficina Mercado Modelo - Chiclayo.pdf,document,235311,aa625e6415feca4396c51df701069cadf4f7ccef
WebGestor/Inventario/Informe/INFORME_FINAL_PE11000288-Oficina Moshoqueque.pdf,document,242242,2b3d2e8abbe52cc7ca1b37c17e36324e2310c530
WebGestor/Inventario/Informe/INFORME_FINAL_PE11000291-Oficina Pacasmayo.pdf,document,257239,bb5c0fd4d5639cb815d825abc2f68d4aa2e0b8a5
WebGestor/Inventario/Informe/INFORME_FINAL_PE11000295-Oficina Chimbote.pdf,document,399961,91e36350e5425ec2f0aacb639d347a3a6e135f2b
WebGestor/Inventario/Informe/INFORME_FINAL_PE11000297-Oficina Mercado Modelo Chimbote.pdf,document,256085,3af5c86e89cd95e0c3f6316b13e044fe5a5f4058
WebGestor/Inventario/Informe/INFORME_FINAL_PE11000299-OF.ESP EXP BELLAVISTA SM.pdf,document,227486,5d486f013b876c8925a9ebb0ea38f4ff72dc225f
WebGestor/Inventario/Informe/INFORME_FINAL_PE11000301-Oficina Iquitos.pdf,document,441841,7d613bef4734d2ae0d762da2da80988dee367deb
WebGestor/Inventario/Informe/INFORME_FINAL_PE11000304-Oficina Belen.pdf,document,279176,de697e11954e4860c9776d74364e19e4eae7c8c2
WebGestor/Inventario/Informe/INFORME_FINAL_PE11000305-BE Iquitos.pdf,document,191357,b9c56d2be11c3027e42f56505ab7951a5c812360
WebGestor/Inventario/Informe/INFORME_FINAL_PE11000306-Oficina Pucallpa.pdf,document,346767,ac5c6805498e853a053f7cc7aedfb327a82a54ab
WebGestor/Inventario/Informe/INFORME_FINAL_PE11000310-Oficina Tarapoto.pdf,document,377214,808c0dd3eed7316018cca3a386e749e8debb82e0
WebGestor/Inventario/Informe/INFORME_FINAL_PE11000311-BE Chincha.pdf,document,210121,bd7f8be8c0bd6ea939bc62ac26b50a02d5fe94c5
WebGestor/Inventario/Informe/INFORME_FINAL_PE11000314-Oficina Moyobamba.pdf,document,277780,a041918586abe441603e4d64e151f2927991d88b
WebGestor/Inventario/Informe/INFORME_FINAL_PE11000317-Oficina Lima Plaza Sur.pdf,document,217376,6e3b97c0d31e3f31fe25447af67fc707499e9e34
WebGestor/Inventario/Informe/INFORME_FINAL_PE11000318-Oficina Tingo Maria.pdf,document,257434,c3438f003c4e195b81362502772d227d628ef823
WebGestor/Inventario/Informe/INFORME_FINAL_PE11000320.pdf,document,232591,92796509ddb4cab66db73b7cb472876f5bc5ae7a
WebGestor/Inventario/Informe/INFORME_FINAL_PE11000321-Oficina Cerro de Pasco.pdf,document,276198,714019ad2aec405f5dcfc9fa255606165cca8d53
WebGestor/Inventario/Informe/INFORME_FINAL_PE11000323-Oficina Villa El Salvador.pdf,document,230769,6042fa03e342339327c875604b9591591853c9dd
WebGestor/Inventario/Informe/INFORME_FINAL_PE11000324-Oficina Yurimaguas.pdf,document,258969,86aa224d5d56c01fe9ce8a3f8d4dbfddb0fd062e
WebGestor/Inventario/Informe/INFORME_FINAL_PE11000327-Oficina Juanjui.pdf,document,249257,b8078fdbff293ad51a4347567daa2db06e497c59
WebGestor/Inventario/Informe/INFORME_FINAL_PE11000333.pdf,document,423841,ced630cd35ca0aa131b75ed122d5fdfba5b6ddd6
WebGestor/Inventario/Informe/INFORME_FINAL_PE11000338-Oficina Vargas Machuca.pdf,document,228164,256ff92bf6d22dfb1ad1cc5bcb9ece9eb359780e
WebGestor/Inventario/Informe/INFORME_FINAL_PE11000344.pdf,document,211445,ac49fc9c669743386032d80f50fd8b1ac3923c9d
WebGestor/Inventario/Informe/INFORME_FINAL_PE11000348-Oficina Especial Real Plaza Chiclayo.pdf,document,237453,27d84a5b6b9a464170a4790b2a519446d1204ba4
WebGestor/Inventario/Informe/INFORME_FINAL_PE11000350.pdf,document,261186,ba939e6d6744890a90d921f122448bc49af09977
WebGestor/Inventario/Informe/INFORME_FINAL_PE11000352.pdf,document,213286,24654accf08864f301f5e1e25346ec48b9e31b33
WebGestor/Inventario/Informe/INFORME_FINAL_PE11000353.pdf,document,203591,c5f96cfffd55867574975ae46aef4b4faa8d3820
WebGestor/Inventario/Informe/INFORME_FINAL_PE11000354.pdf,document,254546,5da9cf07eed9db0fc33d480e90a60223c97df05f
WebGestor/Inventario/Informe/INFORME_FINAL_PE11000359.pdf,document,231805,170410e232387542751357d4e8b6a083ed9a6b25
WebGestor/Inventario/Informe/INFORME_FINAL_PE11000364.pdf,document,214368,73ca7a775f8c48a4bfafb61b65b870daa14034c2
WebGestor/Inventario/Informe/INFORME_FINAL_PE11000365-Oficina Abancay.pdf,document,223973,3d68c95a4b5c8d4fb898facff682dfeb25f71c1c
WebGestor/Inventario/Informe/INFORME_FINAL_PE11000366.pdf,document,220062,16d2b23e845cc1b54532e2f0f1c422e960daa6e0
WebGestor/Inventario/Informe/INFORME_FINAL_PE11000367.pdf,document,204908,b1428bd9634f0280ff60c77493d0272287bdf98a
WebGestor/Inventario/Informe/INFORME_FINAL_PE11000368.pdf,document,219869,962ebd955406c615d8810298a9c0e234cd6b133d
WebGestor/Inventario/Informe/INFORME_FINAL_PE11000372.pdf,document,222376,d687b848a71f9e8948f0e226cd9629275cc7e814
WebGestor/Inventario/Informe/INFORME_FINAL_PE11000377.pdf,document,246175,88513ad89cbe342582f8aba02e109fc9361d2ca3
WebGestor/Inventario/Informe/INFORME_FINAL_PE11000378.pdf,document,241588,cb9c72ed601fdb2bf0ac02999722c758c2177dc5
WebGestor/Inventario/Informe/INFORME_FINAL_PE11000380-BE Chacarilla.pdf,document,233438,8a28535e36e3160ad59bdaf11df78aca2a7dfae9
WebGestor/Inventario/Informe/INFORME_FINAL_PE11000383.pdf,document,227239,6e08160f386c75d4782679e52b1265d63332746b
WebGestor/Inventario/Informe/INFORME_FINAL_PE11000384.pdf,document,252448,7bd2c550c056d4a2e011a7b21b6e66dd527abc91
WebGestor/Inventario/Informe/INFORME_FINAL_PE11000387.pdf,document,228981,f6b45f5aae1b36a544f274913edba98f2bbdf849
WebGestor/Inventario/Informe/INFORME_FINAL_PE11000426.pdf,document,216588,edbb6c56ac36bb296db9617a17e6e252bfe1e3ea
WebGestor/Inventario/Informe/INFORME_FINAL_PE11000427-Oficina Bolognesi.pdf,document,249390,961bd197b531e272f9dbbb7948e9d3401c303ad7
WebGestor/Inventario/Informe/INFORME_FINAL_PE11000436.pdf,document,159385,f1978f10ca812abbd6fab621bd2059747ed6361e
WebGestor/Inventario/Informe/INFORME_FINAL_PE11000441.pdf,document,207885,27509842da8dab3a34181e42b4ed4c197b7481d7
WebGestor/Inventario/Informe/INFORME_FINAL_PE11000442-Oficina Lambayeque.pdf,document,230028,c3cb99443f8e1bd3b532fa5aa7ed4b29840f5afa
WebGestor/Inventario/Informe/INFORME_FINAL_PE11000467.pdf,document,289144,d0d2765f2253e4a0cc785b40697e7255023d8072
WebGestor/Inventario/Informe/INFORME_FINAL_PE11000480.pdf,document,241489,738cd45977b36682ca82fb012a82bd3d8e86b9af
WebGestor/Inventario/Informe/INFORME_FINAL_PE11000486.pdf,document,345837,ff655c93cc55305600721f96a25865ec099efefd
WebGestor/Inventario/Informe/INFORME_FINAL_PE11000508.pdf,document,242390,2dde8eb95c18839dec8d07f92b8d8f35fd6fb64f
WebGestor/Inventario/Informe/INFORME_FINAL_PE11000518-Oficina Velasco Astete.pdf,document,226623,f9a199d8efb141063af01e9b4ad0367302e39dfd
WebGestor/Inventario/Informe/INFORME_FINAL_PE11000521-Oficina Strip Center Proceres.pdf,document,236088,6af772e82569e6d7b74f0088e214bed0c0e08443
WebGestor/Inventario/Informe/INFORME_FINAL_PE11000524.pdf,document,224129,e18981f4edec4e70ac37595a98b2a3897bcb5b3c
WebGestor/Inventario/Informe/INFORME_FINAL_PE11000554-Oficina Open Plaza Piura.pdf,document,258144,9d46eaacf6903c451066d7059484a084493e5207
WebGestor/Inventario/Informe/INFORME_FINAL_PE11000564.pdf,document,234513,5499c123b1324bf08d6cdd7633ba818c0cd69f0b
WebGestor/Inventario/Informe/INFORME_FINAL_PE11000584-Oficina Real Plaza Juliaca.pdf,document,232774,757f799357bc92ee5438b75dec0b5dff2131307c
WebGestor/Inventario/Informe/INFORME_FINAL_PE11000597-Oficina Pichanaqui.pdf,document,215790,24d930674d9c43a09281886167cccdacf76f654b
WebGestor/Inventario/Informe/INFORME_FINAL_PE11000616.pdf,document,224054,ccc99ade07def6610d32b03993f414579d593350
WebGestor/Inventario/Informe/INFORME_FINAL_PE11000621-Oficina Moquegua.pdf,document,205206,5a12114f4e987d659a2e03c155988938c4a28542
WebGestor/Inventario/Informe/INFORME_FINAL_PE11000628-Oficina Satipo.pdf,document,237658,366e0c80dbb97ee33eb18ed34013c9b7f4e78e63
WebGestor/Inventario/Informe/INFORME_FINAL_PE11000643-Oficina Tarma.pdf,document,227972,ff3859d42ca85d582195ab9df4561233009ad560
WebGestor/Inventario/Informe/INFORME_FINAL_PE11000648-Oficina Chota.pdf,document,210228,0cbd355e43cd2257e868e5e7a933aac017164ec7
WebGestor/Inventario/Informe/INFORME_FINAL_PE11000654-Oficina Plaza del Sol de Huacho.pdf,document,223298,6bdf8898409900d8e6c7541e4da5dcd2df7d5e61
WebGestor/Inventario/Informe/INFORME_FINAL_PE11000667-Oficina Real Plaza Piura.pdf,document,236454,5d1f3a8be49d7b4a41c872f5d676ca3d19a9c017
WebGestor/Inventario/Informe/INFORME_FINAL_PE11000713-Oficina Caminos del Inca.pdf,document,220748,d19fabe1dc84fdfcfe8d8a2526fced61d74bdbbc
WebGestor/Inventario/Informe/INFORME_FINAL_PE11000716.pdf,document,256730,fd3456b4b9de200e6442ea78da4f78de33408349
WebGestor/Inventario/Informe/INFORME_FINAL_PE11000717-Oficina Jose Luis Bustamante y Rivero.pdf,document,248748,f670f03b2ffe55a30578e7c3caa638b9a998f2b3
WebGestor/Inventario/Informe/INFORME_FINAL_PE11000732.pdf,document,263822,f814cd507a9d6ff46dad8fc81211068895e54adb
WebGestor/Inventario/Informe/INFORME_FINAL_PE11000737.pdf,document,252052,076950adbadf0bdf4b8fbd6ce7846b07470b1062
WebGestor/Inventario/Informe/INFORME_FINAL_PE11000751-Oficina El Trigal.pdf,document,224395,938caf40d9c16b7ec80e9ef00c1eb3221b179006
WebGestor/Inventario/Informe/INFORME_FINAL_PE11000755-Oficina Universidad San Pablo - Arequipa.pdf,document,173651,3ab128365833f85dbcfed6cc8c3c78e75a8ab6c2
WebGestor/Inventario/Informe/INFORME_FINAL_PE11000760-Oficina La Floresta.pdf,document,246430,3726c7b847be0cbfe9adedb3a013e8ab3458c1c7
WebGestor/Inventario/Informe/INFORME_FINAL_PE11000763-Oficina El pedregal.pdf,document,227614,8819a62487caceec2fd8d5ea41f832eca793893e
WebGestor/Inventario/Informe/INFORME_FINAL_PE11000764-Oficina Mall Aventura Plaza Arequipa.pdf,document,228687,cc7dac84aa6bcc2636bd6c42c31432dc9d787557
WebGestor/Inventario/Informe/INFORME_FINAL_PE11000767-OF CN EMPRESAS Y PYM.pdf,document,202813,3712f07086623c4f2e2c610f9043e06c87c442ff
WebGestor/Inventario/Informe/INFORME_FINAL_PE11000767-Pymes Higuereta.pdf,document,202807,3690142d54c6556cf91da0e683e6aa5d335451d7
WebGestor/Inventario/Informe/INFORME_FINAL_PE11000778-Oficina Cerro Colorado.pdf,document,244995,b1b1f4d73ce3d50e348de815e2291b436fd2b1f7
WebGestor/Inventario/Informe/INFORME_FINAL_PE11000787-Oficina Monte Grande.pdf,document,226265,34bf1342eef1b0717a77a502ff5e777039b1c677
WebGestor/Inventario/Informe/INFORME_FINAL_PE11000792.pdf,document,190574,21e6e14c9bf40b39cb69445aed8b920ad1067ff6
WebGestor/Inventario/Informe/INFORME_FINAL_PE11000796-Oficina Metro Santa Elena.pdf,document,220800,67b0af9eeb4b100cae1807e03d0136a5ff3099c5
WebGestor/Inventario/Informe/INFORME_FINAL_PE11000797-Oficina Barrio Comercio.pdf,document,239811,dcd6d71b11ab4cdbc077320a312b6dd4dcd0cfcb
WebGestor/Inventario/Informe/INFORME_FINAL_PE11000827-Oficina Plaza de Armas Huanuco.pdf,document,251920,229dee6db75c09ce90ae16949674f7296d3ea263
WebGestor/Inventario/Informe/INFORME_FINAL_PE11000841-Oficina Especial Senati.pdf,document,186071,300968a06273ec1d57aecaa6525bdb0c184ec63f
WebGestor/Inventario/Informe/INFORME_FINAL_PE11000843-Oficina Ovalo Papal.pdf,document,231648,952648a1637f3a53caa197c24ec6bc9380518820
WebGestor/Inventario/Informe/INFORME_FINAL_PE11000849-Oficina Cedros de Villa.pdf,document,210674,030451e01930a77160cb78700e0796deb95bf186
WebGestor/Inventario/Informe/INFORME_FINAL_PE11000857-Oficina Valle Sharon.pdf,document,242788,e1a99a21ae37354af49d79f7181767d4e5d0e081
WebGestor/Inventario/Informe/INFORME_FINAL_PE11000868-Oficina Mala.pdf,document,210731,f5030f850faaa3b20e199922e34497f46f30d333
WebGestor/Inventario/Informe/INFORME_FINAL_PE11000872-Oficina Parque de la amistad.pdf,document,221423,f13bb821eb804d01ba2fa863834df7309a0df5d1
WebGestor/Inventario/Informe/INFORME_FINAL_PE11000876.pdf,document,252801,4eba323598ccd446b593ad8339b01a81f9c64ce3
WebGestor/Inventario/Informe/INFORME_FINAL_PE11000891-Oficina Rioja.pdf,document,217801,e77e49306049c1bf7abe92f4a708fbc90facea84
WebGestor/Inventario/Informe/INFORME_FINAL_PE11000900-Oficina Mall Plaza Trujillo.pdf,document,241252,c9af6b8a4d13eccae5c84afa88566d7fdd67f8e4
WebGestor/Inventario/Informe/INFORME_FINAL_PE11000908-Oficina Yanahuara.pdf,document,237100,e15bf478b2c5e7c4464b5c034542166a07593276
WebGestor/Inventario/Informe/INFORME_FINAL_PE11000918-Oficina Real Plaza Trujillo.pdf,document,242003,9ccd31296efe983c02cbd0889e323f50ee735549
WebGestor/Inventario/Informe/INFORME_FINAL_PE11000933-Oficina Lurín.pdf,document,250397,986b7392bbecc4c987854c287ffe140586213036
WebGestor/Inventario/Informe/INFORME_FINAL_PE11000939.pdf,document,232313,1c34731c0fcf9f1ab0e2a52abe98c74583b29a5c
WebGestor/Inventario/Informe/INFORME_FINAL_PE11000960-Oficina Plaza San Jose.pdf,document,228152,9c6b426a02ce328603cb59c801fb01949f1436cd
WebGestor/Inventario/Informe/INFORME_FINAL_PE11000960.pdf,document,257804,3884730db7e58cc8d757123b98c5ad2362420e0e
WebGestor/Inventario/Informe/INFORME_FINAL_PE11000967-BE Huancayo.pdf,document,215223,2e882ebd0b16a8f8b5d7973da52cd9a728368587
WebGestor/Inventario/Informe/INFORME_FINAL_PE11000976-Oficina Las Bambas.pdf,document,230868,1666ed20ddbbfaf8dafb58cc68ca9c6132279566
WebGestor/Inventario/Informe/INFORME_FINAL_PE11000982-Oficina Open Plaza Pucallpa.pdf,document,236458,1f30e93793882ff6fc7c340510cf4f915930377f
WebGestor/Inventario/Informe/INFORME_FINAL_PE11002001-Mantas Cusco.pdf,document,183829,8f6c1cadd4c2a68d0f359576cf9a19296042979f
WebGestor/Inventario/Informe/INFORME_FINAL_PE11003249-GERENCIA DIVISIONAL CENTRO ORIENTE.pdf,document,181961,eebadcd0cfa1d872f75914e1c13d913fa4686385
WebGestor/Inventario/Informe/INFORME_FINAL_PE11003630-GERENCIA DIVISIONAL SUR.pdf,document,238875,81e9dd024c128caabd424fec9f2d7fc25233523b
WebGestor/Inventario/Informe/INFORME_FINAL_PE11003668-GERENCIA DIVISIONAL NORTE.pdf,document,254061,9eacff4f5c3f5263bcd9fdcbfea68853a1901e73
WebGestor/Menu/TECNOLOGIAS VERDE.JPG,image,2551,dba7d2064b8bff383116ae4ece94ea57e57e6413
WebGestor/MenuWeb/Imagenes_1TE/cuarto1.jpg,image,5673,527929c5313bba9f7852c95afff9feadbf6ad1b2
WebGestor/MenuWeb/Imagenes_3TG/m10.JPG,image,26193,147b73563f5575d0dedf4a5ba5f5caa2870b161a
WebGestor/MenuWeb/Imagenes_3TG/m11.jpg,image,13784,1bea4930cf32101836f508360dc836fb10775e4c
WebGestor/MenuWeb/Imagenes_3TG/m12.jpg,image,9908,f38f11fe2b888155611ee8ad75424b5c6336c737
WebGestor/MenuWeb/Imagenes_3TG/m14.jpg,image,655479,08c703934e1c7ca75c169f2c126168591af8ee4f
WebGestor/MenuWeb/Imagenes_3TG/m15.jpg,image,73730,e6f84417d1503b60c15fa1b71b13731db114d84a
WebGestor/MenuWeb/Imagenes_3TG/m20.jpg,image,186846,e4474cdee1aa602e9365eb93e6f6f239fcd89348
WebGestor/MenuWeb/Imagenes_3TG/m21.jpg,image,161795,d0d1f22546f98eebe0a60912b87c2b6b40888f1a
WebGestor/MenuWeb/Imagenes_3TG/m22.jpg,image,59815,baa666ed96c65c299a9877481d8adbebfbffdf87
WebGestor/MenuWeb/Imagenes_3TG/m27.jpg,image,392269,d0088ff69543978efa9c9e0cef5aaf2ae6f47ede
WebGestor/MenuWeb/Imagenes_3TG/m28.jpg,image,138586,5866d01ba58ef670fdd8aba0f89d647f24da6633
WebGestor/MenuWeb/Imagenes_3TG/m29.jpg,image,205863,051951fb5e8305a84de4a8dcc82dbc3c8b5ffd9c
WebGestor/MenuWeb/Imagenes_3TG/m34.jpg,image,4051,1dae1e475ada244be9604c0c5deb389937ace43b
WebGestor/MenuWeb/Imagenes_3TG/m36.jpg,image,18193,32436e5c478d0f2689b33cdf29011d90e0e88654
WebGestor/MenuWeb/Imagenes_3TG/m37.jpg,image,9363,48ffbbe224f1cedea7ab2f5a5d953c0fd76536c2
WebGestor/MenuWeb/Imagenes_3TG/m39.jpg,image,58894,a1e0f89e90e5e2ff0ed54cea78e6ca9723fc36db
WebGestor/MenuWeb/Imagenes_3TG/m4.JPG,image,3884,c96455c3f95556fe5c758296e9e883c404dd13c1
WebGestor/MenuWeb/Imagenes_3TG/m41.jpg,image,19219,581413bbd6e051236178de16eaedb65835f1edad
WebGestor/MenuWeb/Imagenes_3TG/m42.jpg,image,294368,8ea313a40d0d1101c114c9b8872b7f87c13ed476
WebGestor/MenuWeb/Imagenes_3TG/m43.jpg,image,44370,a79ad322d04d70d26b8a17e30fc4cb1460296b87
WebGestor/MenuWeb/Imagenes_3TG/m44.jpg,image,13856,daffd19d24304afc54430ef41f332216178d391d
WebGestor/MenuWeb/Imagenes_3TG/m45.jpg,image,59009,c8fdf032fe3485c651ccb5915efa14700ce4b6d8
WebGestor/MenuWeb/Imagenes_3TG/m46.jpg,image,61871,79b7097afc656446762da29220e37d5ea527600b
WebGestor/MenuWeb/Imagenes_3TG/m47.jpg,image,60460,efd2c786b8a6bdaf5cf63ee7a20302cb587488ea
WebGestor/MenuWeb/Imagenes_3TG/m48.jpg,image,60085,b6758222fe5816fa4d3dea1903041a9f7d30fdfd
WebGestor/MenuWeb/Imagenes_3TG/m49.jpg,image,322949,48303595aee8e83fba9741a82b17f5aeef4c18cb
WebGestor/MenuWeb/Imagenes_3TG/m50.jpg,image,57468,4d7966e9279ae85908aa2e12e3ace36bfaa396d1
WebGestor/MenuWeb/Imagenes_3TG/m51.jpg,image,57468,4d7966e9279ae85908aa2e12e3ace36bfaa396d1
WebGestor/MenuWeb/Imagenes_3TG/m52.jpg,image,58134,9d79ca7e21993c23082fdd175ea417090d9f8b54
WebGestor/MenuWeb/Imagenes_3TG/m55.jpg,image,41246,b890ee0b4f3298ed31027051060bef995b83769f
WebGestor/MenuWeb/Imagenes_3TG/m57.jpg,image,5650,9532ebea8b993aa9fe1c4d08f84097201a776875
WebGestor/MenuWeb/Imagenes_3TG/m59.jpg,image,155840,bb4fdf8fed5b612226fba092b76a50a4bab0e166
WebGestor/MenuWeb/Imagenes_3TG/m6.jpg,image,5749,0816db7af79835ca79cd09a31a7c48a1c7725193
WebGestor/MenuWeb/Imagenes_3TG/m60.jpg,image,41701,2747f832fe5ec0329e4e244c3446d2c6d7d767df
WebGestor/MenuWeb/Imagenes_3TG/m61.jpg,image,11535,754be9e5aab0d19aecb7b4e2d9d0b7e4d4dce8d7
WebGestor/MenuWeb/Imagenes_3TG/m62.jpg,image,167357,859f8534190a182b1eb59fa4b2244ab16e29b568
WebGestor/MenuWeb/Imagenes_3TG/m64.jpg,image,145867,880ac87cf24dcb7d6fe5ff2e1a150fdb2bf3c5eb
WebGestor/MenuWeb/Imagenes_3TG/m68.jpg,image,14336,914b8ebcb73c4eb1aaeed282dd8a29bd7e31e9ec
WebGestor/MenuWeb/Imagenes_3TG/m69.jpg,image,19464,bb388ef1078479622e619125c6739cb1f75ab459
WebGestor/MenuWeb/Imagenes_3TG/m70.jpg,image,28170,00f0fa40b9004169d740428786b89032c4e5a9ce
WebGestor/MenuWeb/Imagenes_3TG/m71.jpg,image,85803,23b8313b1d4df41a1ada6466ecb91fe80669f266
WebGestor/MenuWeb/Imagenes_3TG/m74.jpg,image,149784,d5c45883119b8f1bea991a0673ec0e1cbb1b7a2c
WebGestor/MenuWeb/Imagenes_3TG/m75.jpg,image,6627,a1396ec014ae78ca32d13216b441133ef5d894cf
WebGestor/MenuWeb/Imagenes_3TG/m76.jpg,image,59515,15274721ccf97cb2d732ab9cefe214537a1fa25b
WebGestor/MenuWeb/Imagenes_3TG/m77.jpg,image,2631,ab9173e455e5ea339c443f2019e9a271b882c638
WebGestor/MenuWeb/Imagenes_3TG/m78.jpg,image,9469,e03d0ab1f2425105fd092e15cb95996facb2c1b6
WebGestor/MenuWeb/Imagenes_3TG/m79.jpg,image,3313,268ecee78fc9d8a4d9ae48b10d929b5499832747
WebGestor/MenuWeb/Imagenes_3TG/m8.jpg,image,13924,03b8f6a37c4f61b2706638d63e44f37f3bb953de
WebGestor/MenuWeb/Imagenes_3TG/m80.jpg,image,2922,5575035f09c2b83b2965c75a7d6e06e1d2911596
WebGestor/MenuWeb/Imagenes_3TG/m81.jpg,image,4832,7efcf96a9f228578e2e8d1d6bfdf8ec1a7f05953
WebGestor/MenuWeb/Imagenes_3TG/m82.jpg,image,3208,e0739e616f8d82707ea980d88a585137946088f4
WebGestor/MenuWeb/Imagenes_3TG/m83.jpg,image,47290,38d50793d59c3884618fcc12c6a8dde70081f839
WebGestor/MenuWeb/Imagenes_3TG/m84.jpg,image,133746,05a23a897426326ae1b9a8ce966654282cb95a70
WebGestor/MenuWeb/Imagenes_3TG/m85.jpg,image,17686,7c8d1f45d93cca1c7be670f4815b13ca75a1c687
WebGestor/MenuWeb/Imagenes_3TG/m86.jpg,image,43614,136458ef501e3b5d27612b892022ebfb7db72c74
WebGestor/MenuWeb/Imagenes_3TG/m87.jpg,image,20218,64eea737cc96bb08c9556b79a1473f6c2cbe6dd1
WebGestor/MenuWeb/Imagenes_3TG/m88.jpg,image,7648,06504e44497a56f3b8fac679b9498acd95af6d78
WebGestor/MenuWeb/Imagenes_3TG/m89.jpg,image,5728,ee05f12cb7d968914ac7828fccc013df0df42dd8
WebGestor/MenuWeb/Imagenes_3TG/m9.JPG,image,50115,53ab4741a56764d6680f20c07efc7c9b4c19318c
WebGestor/MenuWeb/Imagenes_3TG/m92.jpg,image,3656,65243517169e0aab0b7dfde39465e07ca8a7eddf
WebGestor/MenuWeb/Imagenes_3TG/m93.jpg,image,2929,7d20fb0c84a9021c0bebe48dfce1f62deeb8ca42
WebGestor/MenuWeb/ImagesAusp_1TE/Auspi1.JPG,image,2510342,b20b9bb206d7d903c89a00b69342cfa28e0a0737
WebGestor/MesaAyuda/Archivos/ANULACION DE RECEPCION.JPG,image,68265,919800666be1d3cc97b5a78c6899fe95ea2c3b74
WebGestor/MesaAyuda/Archivos/ANULACION RECEPCION DE EQUIPO 342.JPG,image,58018,04f1b5b15a77ffeee6bafcb922b503599ecf86bb
WebGestor/MesaAyuda/Archivos/ANULACION SALIDA VERIFICAR.JPG,image,81064,58fb0e3cd86c60c362ce5e545c1d073096cb4c00
WebGestor/MesaAyuda/Archivos/ANULACION SALIDA.JPG,image,61771,18ea01e30fc2003baaffb820d65c5b5d52923dbe
WebGestor/MesaAyuda/Archivos/ANULAR SALIDA ERROR 3704.JPG,image,99861,9c33c97863e02f82c988caaf21e447fd1a91b7e3
WebGestor/MesaAyuda/Archivos/autoriza orden de venta.JPG,image,199768,7ae569a6847abbfce08289678861b1be5b59fc2a
WebGestor/MesaAyuda/Archivos/buttonhover2.gif,image,1177,737fbd9fadce100ede1d8762bb8c715dd86873d9
WebGestor/MesaAyuda/Archivos/CAMBIO DE MONEDA ORDENE DE COMPRA.JPG,image,64287,ae1b4161e49b98e6ddecba1c8bf099cf4c730fd9
WebGestor/MesaAyuda/Archivos/CAMBIO DE PROVEEDOR.JPG,image,28092,fc3fcb5e27e0cbaee6bde4b4c9cce9a02fe59a58
WebGestor/MesaAyuda/Archivos/Copia de ANEXO2+RM1212011+ACTFEB2013.xlsx,document,554640,fbf04aaad2cb0c400d60809695c139b8becef8f7
WebGestor/MesaAyuda/Archivos/DEVOLUCION DE EQUIPO AL PROVEEDOR.JPG,image,150654,6bcf78a677cc9c98874063884245df0011f1a207
WebGestor/MesaAyuda/Archivos/DEVOLUCION POR PRESTAMO 2.JPG,image,63526,dcc1c657e28d0a8cb529a104f1f5c9bbc75ac28c
WebGestor/MesaAyuda/Archivos/ERROR DE BUSQUEDA.JPG,image,114501,d0c0a4b5c14e95b612e913cf3fef9b27d5512f73
WebGestor/MesaAyuda/Archivos/ERROR DE RECEPCION ACCESORIO.JPG,image,45371,38ce3a1d6c6d610a809b62e4390b1c9cdeef4227
WebGestor/MesaAyuda/Archivos/ERROR DEVOLUCION POR PRESTAMO.JPG,image,74621,fc871f1e2f41a3633fdc0665c840912cd2ee7721
WebGestor/MesaAyuda/Archivos/ERROR GENERA OC.JPG,image,121707,d129bd92b2c0e8ff0757c4acdfa2bf54281dacca
WebGestor/MesaAyuda/Archivos/ERROR RECEPCION.bmp,image,782806,427e810ed4083407595ce284aa035e0a6214178e
WebGestor/MesaAyuda/Archivos/GUIA 10428.JPG,image,71764,10df9ef1c6b47c3d445db85552ecec8a25f56e2e
WebGestor/MesaAyuda/Archivos/GUIA A CORREGIR.JPG,image,35693,e8b3ebc949c66d12db5007a594a756586969c503
WebGestor/MesaAyuda/Archivos/imag1.bmp,image,2294370,48fb58ce64c521c6a289d8b1a9a41622e4c04e71
WebGestor/MesaAyuda/Archivos/INCLUSION SUMA EN ORDEN DE COMPRA.JPG,image,86484,f0dcc428c1e82e52efd9cabc60e08da9f686355f
WebGestor/MesaAyuda/Archivos/MENSAJE DE USUARIO CADUCADO GESTOR PLUS.docx,document,97110,f5a33eddc2c062c914b6b7b24d152f28996b5c64
WebGestor/MesaAyuda/Archivos/ORDEN DE COMPRA REGISTRO DE FACTURA.JPG,image,126957,f7941209bab964711bbbccfaba3cdfb8e7e24cfb
WebGestor/MesaAyuda/Archivos/ORDEN DE VENTA SIN ESTADO.JPG,image,125958,b89ef37363daa7e34a0222b96f8818c4d023f22c
WebGestor/MesaAyuda/Archivos/PROCESO ANULACION.JPG,image,150840,ed47eb2f69ada9edfaa745e3da4e1cc444f5f7a4
WebGestor/MesaAyuda/Archivos/RECEPCION  ERROR 11.JPG,image,36525,bd0d05e81ca8346fa4ddfc4b29abe0d73778da60
WebGestor/MesaAyuda/Archivos/RELACION OC OV.JPG,image,138266,cfaff6bacb3d79a8c1bf472bb88c3abc909897f9
WebGestor/MesaAyuda/Archivos/REPORTE DE COSTOS DE ARTICULO.JPG,image,23655,21f46c40a386bd2bb1155f86925daec1d0be07f6
WebGestor/MesaAyuda/Archivos/REPORTE DE GUIA DE REMISION.JPG,image,60012,0ae52d36a728b2830464b7c65d6f9e295e7ca690
WebGestor/MesaAyuda/Archivos/SALIDA A PROVEEDOR NO ENCUENTRA ARTICULOS.bmp,image,789314,c07924b360164f9640bfabd32d6606c05eb75d2e
WebGestor/MesaAyuda/Archivos/SALIDA DE MERCADERIA -21.bmp,image,788310,c3f2b18479e2d9f7e3cd664bfbf755aaf02d6e0a
WebGestor/MesaAyuda/Archivos/SALIDA DE MERCADERIA.JPG,image,40937,b15915ef7d30e9a5633d44fe527c9194ad140a63
WebGestor/MesaAyuda/Archivos/SALIDA NO GENERA.JPG,image,77778,a70621258f6bedf46de6410b0e3ffbd4db56e79c
WebGestor/MesaAyuda/Archivos/SERIES DUPLICADAS.bmp,image,2516094,b7c2d5110e79bbe668abc6b3bf1e966681c8229f
WebGestor/MesaAyuda/Archivos/STOCK ART 1079.JPG,image,50502,ed3b3da040a437412610157533d617f2fa8ca64a
WebGestor/MesaAyuda/Archivos/STOCK COMPROMETIDO.bmp,image,762326,6b18857b1c62673b0db7aad023f6528443d62306
WebGestor/MesaAyuda/Archivos/STOCK ERROR.JPG,image,88978,473a75fb91a29beaf492e2293af779c40b65d507
WebGestor/MesaAyuda/Archivos/STOCK PARLANTES ERROR.JPG,image,6795,d35464c0ddbd9c3987676049c94e58e6c7218ad8
WebGestor/MesaAyuda/Copia de ANEXO2+RM1212011+ACTFEB2013.xlsx,document,554640,fbf04aaad2cb0c400d60809695c139b8becef8f7
WebGestor/MesaAyuda/imag1.bmp,image,2294370,48fb58ce64c521c6a289d8b1a9a41622e4c04e71
WebGestor/plugins/ckeditor/plugins/about/dialogs/hidpi/logo_ckeditor.png,image,13339,bc70f667eb295d0d5de8170f71f170d2ba520486
WebGestor/plugins/ckeditor/plugins/about/dialogs/logo_ckeditor.png,image,6757,2e8f59fbf77f4821c568085345727e05ffca28fa
WebGestor/plugins/ckeditor/plugins/fakeobjects/images/spacer.gif,image,43,ea7df583983133b62712b5e73bffbcd45cc53736
WebGestor/plugins/ckeditor/plugins/icons.png,image,10030,154520351622ef6d083b34e51865c4e7945c17f1
WebGestor/plugins/ckeditor/plugins/icons_hidpi.png,image,34465,caf65dded11fa91fba69b03c5e731a13f043a798
WebGestor/plugins/ckeditor/plugins/image/images/noimage.png,image,2115,668b5651fdbfcaa69f4f636455ad31677d4dbc3b
WebGestor/plugins/ckeditor/plugins/link/images/anchor.png,image,763,41451c7f2a3654a7a3c97e37c76cc135425b2722
WebGestor/plugins/ckeditor/plugins/link/images/hidpi/anchor.png,image,1597,bdc5d80fea6ee68f3688958bc195a6b2fc0ec026
WebGestor/plugins/ckeditor/plugins/magicline/images/hidpi/icon.png,image,260,0a0e8e97b45f1dd728f9c2280f062e636359e3bd
WebGestor/plugins/ckeditor/plugins/magicline/images/icon.png,image,172,17da12e943dba8071d22be86ef08aff6052b9f08
WebGestor/plugins/ckeditor/skins/moono/icons.png,image,10030,154520351622ef6d083b34e51865c4e7945c17f1
WebGestor/plugins/ckeditor/skins/moono/icons_hidpi.png,image,34465,caf65dded11fa91fba69b03c5e731a13f043a798
WebGestor/plugins/ckeditor/skins/moono/images/arrow.png,image,261,e5ec3c7cb8e36f3f9d89f22ffb8f3e659ccc80c3
WebGestor/plugins/ckeditor/skins/moono/images/close.png,image,824,cbcf4c81de14668366a764d2b269c19b18ae06c5
WebGestor/plugins/ckeditor/skins/moono/images/hidpi/close.png,image,1792,db4750a4a03fe06483afc5319cc079ffc8536113
WebGestor/plugins/ckeditor/skins/moono/images/hidpi/lock-open.png,image,1503,7008235493ce044e9ba7fab006c3f1f687315fa5
WebGestor/plugins/ckeditor/skins/moono/images/hidpi/lock.png,image,1616,6ba19aece78de4c05a06c1b2e8dc6c8eab7ad838
WebGestor/plugins/ckeditor/skins/moono/images/hidpi/refresh.png,image,2320,7db5032f85f95c1cbba5f99acf58131d3dfedaf9
WebGestor/plugins/ckeditor/skins/moono/images/lock-open.png,image,736,039bbe547054abb891b36978523d28ec4462ffd2
WebGestor/plugins/ckeditor/skins/moono/images/lock.png,image,728,8519e65eaeb759fcd53057d711a255b97f1f6c4d
WebGestor/plugins/ckeditor/skins/moono/images/refresh.png,image,953,eaef9e2a1b27f427c143253e96d19e675b6c3f9f
WebGestor/plugins/colorpicker/img/alpha-horizontal.png,image,3635,cf921cf167790bf4d2c462885fd110ec3d9ffdf9
WebGestor/plugins/colorpicker/img/alpha.png,image,3271,5d3dc8dcf7438d9a4288f8edd4533610c759714d
WebGestor/plugins/colorpicker/img/hue-horizontal.png,image,2837,a25033b694a4bc16e41d7cf5493aeaecf8a51a30
WebGestor/plugins/colorpicker/img/hue.png,image,2972,68d21f6cbaa0b079d15587d15873cf5cd0262633
WebGestor/plugins/colorpicker/img/saturation.png,image,8817,12bd7b7941ebb90d78f39657196fddd1c8ce304a
WebGestor/plugins/datatables/extensions/AutoFill/images/filler.png,image,1040,f368e46d1e8f84ba89025e6dd1ccf4608ebe7695
WebGestor/plugins/datatables/extensions/ColReorder/images/insert.png,image,1885,ea6cbd96bcbf9ad86a6cac2f6e7e0e7176f8e6db
WebGestor/plugins/datatables/extensions/Scroller/images/loading-background.png,image,1013,785510d327b100077c79f9be66029c5b6fc5b04a
WebGestor/plugins/datatables/extensions/TableTools/images/collection.png,image,1166,f9a3df7335de9a62ffc089eaa37149ceffc028c2
WebGestor/plugins/datatables/extensions/TableTools/images/collection_hover.png,image,1194,ed4d045094d62f76ce4d8c85373237051f34cf78
WebGestor/plugins/datatables/extensions/TableTools/images/copy.png,image,2184,3631e6b61be7ff2db9c0b94a92ceba21b870c913
WebGestor/plugins/datatables/extensions/TableTools/images/copy_hover.png,image,2797,af09cb7a29f3cd6642753c41bfd7bfedfb5b652b
WebGestor/plugins/datatables/extensions/TableTools/images/csv.png,image,1607,f878be4135d2b01a6df87b2e4717f7e3c7a55cc6
WebGestor/plugins/datatables/extensions/TableTools/images/csv_hover.png,image,1854,562634d17ea4b12baa4757486af1429a624c30c4
WebGestor/plugins/datatables/extensions/TableTools/images/pdf.png,image,4325,2643c3eec78e6c83d2c610d2aa50309fdd01944e
WebGestor/plugins/datatables/extensions/TableTools/images/pdf_hover.png,image,2786,8269e45d0e7ff95135d953629cf5dc0ed44a4ae3
WebGestor/plugins/datatables/extensions/TableTools/images/print.png,image,2123,d069e9bb21de87fa527940d1fdde1bae61448a93
WebGestor/plugins/datatables/extensions/TableTools/images/print_hover.png,image,2230,7e63c691354c65df9486c6d7deecaea1d0f93703
WebGestor/plugins/datatables/extensions/TableTools/images/xls.png,image,1641,e5ce0424199ecd5b9c925a9b936f9a48e41826c3
WebGestor/plugins/datatables/extensions/TableTools/images/xls_hover.png,image,2061,b5d738efe6d629bd3805282f576358ed90e0437d
WebGestor/plugins/datatables/images/sort_asc.png,image,160,4ed7eba22e4258db81fd79761ed5fc6d00c7dab7
WebGestor/plugins/datatables/images/sort_asc_disabled.png,image,148,ae170a833b6f5d6344570061c60291b5b45e6004
WebGestor/plugins/datatables/images/sort_both.png,image,201,96e499eff491eac39508e1696686712df94108aa
WebGestor/plugins/datatables/images/sort_desc.png,image,158,5d17b4a1cd4c5d92df1adc190a9292674e2a3ab0
WebGestor/plugins/datatables/images/sort_desc_disabled.png,image,146,960aafb94a313744af3b6b5cfaced54024a429bf
WebGestor/plugins/iCheck/flat/aero.png,image,1520,6a77a334d63255aefceb99717aa41d74fb5f4f98
WebGestor/plugins/iCheck/flat/aero@2x.png,image,3218,9a35fe426e1e76d783d1698382631e7045ae91f2
WebGestor/plugins/iCheck/flat/blue.png,image,1518,f26af9ef96e73910d6b13a142d79843794904836
WebGestor/plugins/iCheck/flat/blue@2x.png,image,3217,cc6d4f3b1b5b9d4dc926a9be6b4c6905d04b8aff
WebGestor/plugins/iCheck/flat/flat.png,image,1515,c845df563585b50977b31a9a1f1e3d365dd48a8a
WebGestor/plugins/iCheck/flat/flat@2x.png,image,3217,13062568f8eefab3680e649cbc2ea468bee5d587
WebGestor/plugins/iCheck/flat/green.png,image,1444,aa3d0c79410217868b4829f8cba3504207ccb120
WebGestor/plugins/iCheck/flat/green@2x.png,image,3117,375569af5ba13295f5427019879d07e2f044a63f
WebGestor/plugins/iCheck/flat/grey.png,image,1516,74ba1448abb33f0d8e6921287e0bf3676cedb8f3
WebGestor/plugins/iCheck/flat/grey@2x.png,image,3217,f17930180c8ecc3661c9234294cc699639ac61f7
WebGestor/plugins/iCheck/flat/orange.png,image,1518,a1b70283e146d6189c6cd689b70fe153f247f5ea
WebGestor/plugins/iCheck/flat/orange@2x.png,image,3275,b7095f843361774165f815e5266932d192e6f80a
WebGestor/plugins/iCheck/flat/pink.png,image,1522,8a7949cef96688a79baebc06b7c03c515a36981a
WebGestor/plugins/iCheck/flat/pink@2x.png,image,3218,83ccd6fefbe2133fb25dd81de8a9f57bb2334cf0
WebGestor/plugins/iCheck/flat/purple.png,image,1519,beb009b23a7a70b2c4e633412f87b9af4073d596
WebGestor/plugins/iCheck/flat/purple@2x.png,image,3218,c184027516b201def844a2c8d4475dc9d6b59274
WebGestor/plugins/iCheck/flat/red.png,image,1516,6c4c48f912bfa5dfd00bdd6ab108079f9f186349
WebGestor/plugins/iCheck/flat/red@2x.png,image,3276,54bedaffa3cc3baaefa7855cfd54f96bddc848c5
WebGestor/plugins/iCheck/flat/yellow.png,image,1516,3d67473db1290aad76f106f6662af5f9fcf50672
WebGestor/plugins/iCheck/flat/yellow@2x.png,image,3216,569e4ff255ba81eb5afb5c34cbd54e067e50e877
WebGestor/plugins/iCheck/futurico/futurico.png,image,1734,22471791497387d68a9dcc8afa81b6125b2d202a
WebGestor/plugins/iCheck/futurico/futurico@2x.png,image,3446,8c1e2bb2358ae40c20a863a8edbe21e63680b903
WebGestor/plugins/iCheck/line/line.png,image,588,62d5fdadb678645cc530604016c1fa4a21cf3142
WebGestor/plugins/iCheck/line/line@2x.png,image,1073,92af7292b8373ed64170ad3992c62902d42be667
WebGestor/plugins/iCheck/minimal/aero.png,image,1151,5d2ab4b2c5c237c4c7bd2d3e38c0ca7cfc55f340
WebGestor/plugins/iCheck/minimal/aero@2x.png,image,1409,467d7f2b4de5e2eb9263a5dc3b11bf98d2167d33
WebGestor/plugins/iCheck/minimal/blue.png,image,1132,52b35b6268a0288df88e62ecc2a4ed6e90a7fe95
WebGestor/plugins/iCheck/minimal/blue@2x.png,image,1410,3cda28a38fcb0692575bdffe7097be28e9ce6337
WebGestor/plugins/iCheck/minimal/green.png,image,1143,92912d791f41fcadfe27f481cfa6a68267908081
WebGestor/plugins/iCheck/minimal/green@2x.png,image,1408,783ba4f2eeb184555de6f8c66c0b1bef42485434
WebGestor/plugins/iCheck/minimal/grey.png,image,1142,66763cc217c0a7eabb5fe23d397d5dba46ee6d76
WebGestor/plugins/iCheck/minimal/grey@2x.png,image,1407,f00af6aca163e8ce5ce06d3ec5af7284cb78e851
WebGestor/plugins/iCheck/minimal/minimal.png,image,1114,afc5a9079dfab56dc21c16655f8c7ddb5ec45c99
WebGestor/plugins/iCheck/minimal/minimal@2x.png,image,1410,8fa3e8c6e51984f406d8c7d751917674296499fc
WebGestor/plugins/iCheck/minimal/orange.png,image,1139,c0a8ff970fe15245758b476c231f69ffb7eb86e2
WebGestor/plugins/iCheck/minimal/orange@2x.png,image,1407,2599f05b100c4dbb8d4d7e6861dd3ace413dbc17
WebGestor/plugins/iCheck/minimal/pink.png,image,1150,ebe7753c2398e992139583ea0a21ff10686ff7ec
WebGestor/plugins/iCheck/minimal/pink@2x.png,image,1409,adcbe18db956fd8792b692c47d5bdb99eb06dc9e
WebGestor/plugins/iCheck/minimal/purple.png,image,1132,f2f7aa314f722f0bd61065fd2d8763b52380e37a
WebGestor/plugins/iCheck/minimal/purple@2x.png,image,1409,97d6ce9e14e14bd759216c4d9e390efbfafa2f87
WebGestor/plugins/iCheck/minimal/red.png,image,1130,ce620f9ab81b71fb4cd30d3ebdb1c36b9506969e
WebGestor/plugins/iCheck/minimal/red@2x.png,image,1410,0be636325e4a962c4807ba6ddb6b42bbe456a28d
WebGestor/plugins/iCheck/minimal/yellow.png,image,1135,db0d0124abc8985877b90c280ca5f9a31a9630c6
WebGestor/plugins/iCheck/minimal/yellow@2x.png,image,1406,93c24349e2b70663f7acb8e80bebccbb064133c7
WebGestor/plugins/iCheck/polaris/polaris.png,image,6401,4ac6738b863cd3e5b37f93d8724a75ba49dfc6aa
WebGestor/plugins/iCheck/polaris/polaris@2x.png,image,16760,4a46db45d8865f6b0d8f9ae6820723dd83f588e7
WebGestor/plugins/iCheck/square/aero.png,image,2167,26428194a46a2c6e2ccd734fd49d3950153778f4
WebGestor/plugins/iCheck/square/aero@2x.png,image,4455,39b69eb285554e883cca6d4cf8bdc44a40500167
WebGestor/plugins/iCheck/square/blue.png,image,2185,e5cb8bb39c5a15cbeda74f81210d4c205ffabfb3
WebGestor/plugins/iCheck/square/blue@2x.png,image,4485,fd1dfa38178e1e88813a3fbe0e45229e72c2b23b
WebGestor/plugins/iCheck/square/green.png,image,2193,57902f581e6e6fdf6b743865ae77015c92c68e1b
WebGestor/plugins/iCheck/square/green@2x.png,image,4498,6f9fbc8fcd8b9d199816fb9381ff0c9296a27e69
WebGestor/plugins/iCheck/square/grey.png,image,2186,ef13941fdc706f524e5471cf8e338529d8443a8e
WebGestor/plugins/iCheck/square/grey@2x.png,image,4483,fddbcb656950d7ae1fcf5cc4a45772753fa937d0
WebGestor/plugins/iCheck/square/orange.png,image,2181,d5e35d44681cfb45a0918ef9ad123210d146a11c
WebGestor/plugins/iCheck/square/orange@2x.png,image,4474,ab3dfc39017fbf42c58474616cc97120965d62c5
WebGestor/plugins/iCheck/square/pink.png,image,2189,fc058afd2cb63143684141bebce62b739be2281b
WebGestor/plugins/iCheck/square/pink@2x.png,image,4479,6a9ef34d90c66fe86a0847edf44fe9a8759afd6d
WebGestor/plugins/iCheck/square/purple.png,image,2188,57d603e508ff02cc730c8cc15e4a8244cc352046
WebGestor/plugins/iCheck/square/purple@2x.png,image,4501,2afdaed7857fe85ab152828785818ebb202f0fb7
WebGestor/plugins/iCheck/square/red.png,image,2190,9c3196d7269cb781afed50d888c4f43c456baf7f
WebGestor/plugins/iCheck/square/red@2x.png,image,4490,cf52909d4970f9cbfda7321286b23a1b865026e4
WebGestor/plugins/iCheck/square/square.png,image,2175,21bb81d2bb8ee03e0f7d0fd1a3409153ca1c0a5b
WebGestor/plugins/iCheck/square/square@2x.png,image,4478,e96c911456ac8ad032e8f6e21b7953affa14d88d
WebGestor/plugins/iCheck/square/yellow.png,image,2131,2e3bb1b0c1eee45f375ad22a9f22c0d8b5e074ac
WebGestor/plugins/iCheck/square/yellow@2x.png,image,4385,1907ed87c4a9e14dc23c558870acb691e42ee795
WebGestor/plugins/ionslider/img/sprite-skin-flat.png,image,352,53cbe56c075cba056dd3ee009d1eaa92161d6830
WebGestor/plugins/ionslider/img/sprite-skin-nice.png,image,1022,274a093212f92bfaf099c1b7c3f2effa26bf6770
WebGestor/Servicio/Temas/IMAGEN.jpeg,image,5074,932c335b10181d6e4096636bf3cc4140ef28ef44
WebGestor/ServicioIntegral/Imagenes/boton isotipo web-01.jpg,image,18774,c07af0df1965697d8464107c2c4b54f8f563121d
WebGestor/ServicioIntegral/Imagenes/DEPA1.JPG,image,7019,8e43ed01a9040a0d5d8fbb013efbaadae5dffc46
WebGestor/ServicioIntegral/Imagenes/NECESIDADES INFORMATICAS.jpg,image,24792,19267cfedb475ed9d1ef814c82296348c0b02d06
WebGestor/Temas/CONSOLIDADO DE DICIEMBRE.xls,document,5055488,5ed55422a01fa9aabcae488bf46b277141f9af54
WebGestor/UploadedFiles/Copia de REQUERIMIENTOS STEFANINI.xlsx,document,13893,61a0e81a984d28569c440e371288d1e1887dc94f
WebGestor/uploads/022223 GRAMBS CORPORACION GRAFICA S.A.C.xlsx,document,9599,7d45e49df7ff91a6ba6cc50cdb2ded8312dce894
WebGestor/uploads/022400 TESSILE FORZA E.I.R.L..xlsx,document,9568,27e24ae65f83eb2648f7bb87e0d092f4626a4c48
WebGestor/uploads/022459 NEW TENDENCY PERU S.A.C..xlsx,document,8996,aecebd86ad016d7aafd18242da2075e580244faf
WebGestor/uploads/022460 NEW TENDENCY PERU S.A.C..xlsx,document,9095,f2629a9830a8954870f68aa3ac922d76a691f197
WebGestor/uploads/022867 BANCO BBVA PERU.xlsx,document,15340,692954ac6c7b415f5876a76745c8f76638daedb5
WebGestor/uploads/022868 OLIMED MEDICAL IMPORT S.A.C..xlsx,document,15401,b885253d743b62cdc3e2a0d668665c98821647dd
WebGestor/uploads/022869 IRUDIAK SAC.xlsx,document,16653,e45ab05619e4e240cb18f39cfc1cf8539e2041bd
WebGestor/uploads/022998 BANCO BBVA PERU.xlsx,document,19556,5d1d8538144be4d346bf1107e772470dd6638311
WebGestor/uploads/022999 SAVAR AGENTES DE ADUANA S A.xlsx,document,16337,ee4a153c11f11f53f5027547d862dfda13f665b5
WebGestor/uploads/023212 BANCO BBVA PERU.xlsx,document,17860,1178bd9a744283153464c0f3d473221962a002a2
WebGestor/uploads/023213 BANCO BBVA PERU.xlsx,document,15888,ee208df86a65333214c605bf976379ff84fa7824
WebGestor/uploads/023223 BANCO BBVA PERU.xlsx,document,17797,f7158652d6e535d0a5074b1671c557487bc3163e
WebGestor/uploads/023224 BANCO BBVA PERU.xlsx,document,16024,4b29c5d823f5af5ca9d02b352df04b8060da6519
WebGestor/uploads/023225 BANCO BBVA PERU.xlsx,document,14686,50d4973353ce7908e7c5f1ff057e3cfd74c0a91d
WebGestor/uploads/023229 BANCO BBVA PERU.xlsx,document,8777,59b8671512ff491e64a21263dd65389f3a7eaca9
WebGestor/uploads/023230 BANCO BBVA PERU.xlsx,document,15366,aae762892be0a7008d800fb36c1a75033abd872f
WebGestor/uploads/023236 BANCO BBVA PERU.xlsx,document,11402,50fb89eef95acfa2bad891158296b91cb0e33a87
WebGestor/uploads/023238 BANCO BBVA PERU.xlsx,document,9275,b3561ad398444f2b92f63511052aa9893d016cea
WebGestor/uploads/023353 BANCO BBVA PERU.xlsx,document,143498,e494caac6aa83549ab6fb29cdd815657bfa3a7f8
WebGestor/uploads/023365 BANCO BBVA PERU.xlsx,document,46049,7a4143fa725eccfd7ad07ec2777b414c4b8bf842
WebGestor/uploads/023505 BANCO BBVA PERU.xlsx,document,12439,c64fed5274b0294396312f1cedeb3272c65a4f88
WebGestor/uploads/ATMS.xlsx,document,812512,7588eaecb25bde435916d0a38869df88f92969ba
WebGestor/uploads/foto/07239084.jpg,image,828330,b947fb1e046bf237f8377b4460439f6a7b38a70e
WebGestor/uploads/foto/11111111.jpg,image,4917554,6c5e5b2ff1c20ac6b3291ae2eef885e3aa1214a7
WebGestor/uploads/foto/40341631.jpg,image,11369,caa87e77464958b4be40f41d7d39031a6cf1a376
WebGestor/uploads/foto/43059906.jpg,image,19086,f7bc474b0596817bb4fe91af0de3600a334dd38e
WebGestor/uploads/foto/45467889.jpg,image,1782189,f1ea498bde5d8694fabaf0ae80c0dba48de72dc9
WebGestor/uploads/foto/46865288.jpg,image,1563420,431fe7ec47d9a1d66d8cf54ae4b70445363a5079
