path_rel,language,loc,avg_line_length,num_functions,decision_points,comment_lines,comment_ratio,complexity_score
build_repo_package.py,python,938,34.66,0,165,0,0.0,166
path_normalization_report.py,python,116,30.84,0,41,8,0.069,42
WebGestor/About.aspx,aspx,7,52.43,0,1,0,0.0,2
WebGestor/About.aspx.designer.vb,vb,15,28.87,0,0,7,0.467,1
WebGestor/About.aspx.vb,vb,7,20.71,2,0,0,0.0,2
WebGestor/App_Code/Class1.vb,vb,58,36.28,2,8,2,0.034,10
WebGestor/App_Code/Cls_Agenda_Citas.vb,vb,15,38.0,2,0,0,0.0,2
WebGestor/App_Code/Cls_Almacenes.vb,vb,171,45.15,22,9,0,0.0,31
WebGestor/App_Code/Cls_Catalogo.vb,vb,422,49.8,50,27,1,0.002,77
WebGestor/App_Code/Cls_Clasificacion.vb,vb,83,58.6,10,20,0,0.0,30
WebGestor/App_Code/Cls_Cliente.vb,vb,484,56.41,48,9,1,0.002,57
WebGestor/App_Code/Cls_Conciliados.vb,vb,309,56.97,38,7,1,0.003,45
WebGestor/App_Code/Cls_Conexion.vb,vb,3,72.0,0,0,0,0.0,1
WebGestor/App_Code/Cls_Contactos_Cliente.vb,vb,63,55.1,8,3,0,0.0,11
WebGestor/App_Code/Cls_Contenido_Correo.vb,vb,96,54.89,12,0,0,0.0,12
WebGestor/App_Code/Cls_Datos_del_Bien.vb,vb,152,52.05,22,4,0,0.0,26
WebGestor/App_Code/Cls_Detalle_Modelo.vb,vb,120,42.76,16,9,0,0.0,25
WebGestor/App_Code/Cls_Documentos.vb,vb,180,53.21,20,36,1,0.006,56
WebGestor/App_Code/Cls_Enviar_Email.vb,vb,276,45.46,34,14,14,0.051,48
WebGestor/App_Code/Cls_Estado_Cliente.vb,vb,45,48.31,8,0,0,0.0,8
WebGestor/App_Code/Cls_Estado_Ticket.vb,vb,86,50.36,14,0,0,0.0,14
WebGestor/App_Code/Cls_Eventos.vb,vb,259,57.23,28,18,3,0.012,46
WebGestor/App_Code/Cls_Inventario.vb,vb,872,59.32,136,9,3,0.003,145
WebGestor/App_Code/Cls_Inventario_Ubicacion.vb,vb,435,55.13,60,23,7,0.016,83
WebGestor/App_Code/Cls_Inventario_Verificacion.vb,vb,660,59.53,86,64,2,0.003,150
WebGestor/App_Code/Cls_Marcas.vb,vb,104,40.12,14,9,0,0.0,23
WebGestor/App_Code/Cls_Modelo.vb,vb,108,43.34,14,9,0,0.0,23
WebGestor/App_Code/Cls_Pantalla_Operador.vb,vb,130,58.1,8,9,0,0.0,17
WebGestor/App_Code/Cls_Placas.vb,vb,192,41.35,30,3,0,0.0,33
WebGestor/App_Code/Cls_Proceso_Estado.vb,vb,70,49.66,12,0,0,0.0,12
WebGestor/App_Code/Cls_Proceso_Peticion.vb,vb,45,48.4,8,0,0,0.0,8
WebGestor/App_Code/Cls_Propietario.vb,vb,121,41.61,16,9,0,0.0,25
WebGestor/App_Code/Cls_Proyectos.vb,vb,103,43.11,14,9,0,0.0,23
WebGestor/App_Code/Cls_Relacion_con_Procesos.vb,vb,83,48.08,14,0,0,0.0,14
WebGestor/App_Code/Cls_Relacion_Ticket.vb,vb,350,50.62,48,9,7,0.02,57
WebGestor/App_Code/Cls_Ubicacion.vb,vb,94,42.55,12,9,0,0.0,21
WebGestor/App_Code/ClsAgencia.vb,vb,120,73.03,8,0,3,0.025,8
WebGestor/App_Code/clsCont_Funciones.vb,vb,995,81.77,14,479,892,0.896,493
WebGestor/App_Code/clsCont_InsUpdDel.vb,vb,220,67.07,18,3,0,0.0,21
WebGestor/App_Code/clsCont_Listados.vb,vb,409,54.56,64,0,2,0.005,64
WebGestor/App_Code/clsControlPersonal.vb,vb,216,58.12,30,3,0,0.0,33
WebGestor/App_Code/ClsCRM_BaseDatos.vb,vb,171,57.95,26,6,0,0.0,32
WebGestor/App_Code/clsEval_Proceso.vb,vb,924,63.32,132,13,41,0.044,145
WebGestor/App_Code/clsEval_Proceso_Funciones.vb,vb,65,43.62,12,6,1,0.015,18
WebGestor/App_Code/clsExportar_Excel.vb,vb,62,37.39,10,3,0,0.0,13
WebGestor/App_Code/ClsFinanza.vb,vb,25,55.36,2,0,1,0.04,2
WebGestor/App_Code/clsGeneral_Proceso.vb,vb,48,39.31,8,1,0,0.0,9
WebGestor/App_Code/ClsGtp_Listados.vb,vb,173,53.72,30,0,2,0.012,30
WebGestor/App_Code/ClsGtp_Procesos.vb,vb,103,44.62,6,32,1,0.01,38
WebGestor/App_Code/clsInspeccion_InsUpdDel.vb,vb,317,66.86,34,9,1,0.003,43
WebGestor/App_Code/clsInspeccion_Listado.vb,vb,409,60.56,58,10,15,0.037,68
WebGestor/App_Code/clsInv_InsUpdDel.vb,vb,735,65.32,80,13,0,0.0,93
WebGestor/App_Code/clsInv_Listados.vb,vb,2117,56.31,314,101,20,0.009,415
WebGestor/App_Code/clsInv_Procesos.vb,vb,4952,78.79,73,1845,189,0.038,1918
WebGestor/App_Code/ClsLeerCorreos.vb,vb,178,26.12,16,29,127,0.713,45
WebGestor/App_Code/clsLogis_InsUpDel.vb,vb,104,66.14,8,12,0,0.0,20
WebGestor/App_Code/clsLogis_Listado.vb,vb,102,55.51,14,0,2,0.02,14
WebGestor/App_Code/clsMenuWeb_Consultas.vb,vb,451,57.54,66,3,0,0.0,69
WebGestor/App_Code/clsMenuWeb_Funciones.vb,vb,24,44.42,4,2,0,0.0,6
WebGestor/App_Code/clsMesaAyuda.vb,vb,1031,58.25,132,35,3,0.003,167
WebGestor/App_Code/clsPersonal.vb,vb,129,55.31,18,3,0,0.0,21
WebGestor/App_Code/clsSIntegral.vb,vb,107,60.5,12,0,0,0.0,12
WebGestor/App_Code/ClsVentas_Listados.vb,vb,221,57.27,24,19,5,0.023,43
WebGestor/App_Code/ConexionPOP3.vb,vb,5,12.8,0,0,0,0.0,1
WebGestor/App_Code/CustomPageEventHandler.vb,vb,38,47.05,4,5,6,0.158,9
WebGestor/App_Code/Funciones.vb,vb,609,48.19,81,329,4,0.007,410
WebGestor/App_Code/FuncionesCas.vb,vb,224,51.58,16,79,0,0.0,95
WebGestor/App_Code/Global.asax.vb,vb,52,43.48,18,2,14,0.269,20
WebGestor/App_Code/ImagenesArt.vb,vb,168,24.49,10,14,0,0.0,24
WebGestor/App_Code/ImagenesGuia.vb,vb,151,26.17,10,13,0,0.0,23
WebGestor/App_Code/Insertar.vb,vb,128,63.06,10,1,1,0.008,11
WebGestor/App_Code/Licencia.vb,vb,11,31.45,2,1,0,0.0,3
WebGestor/App_Code/Listados.vb,vb,105,49.74,18,4,0,0.0,22
WebGestor/App_Code/Module_Constantes.vb,vb,20,78.15,0,0,4,0.2,1
WebGestor/App_Code/ModuloCas.vb,vb,1010,56.78,144,9,7,0.007,153
WebGestor/App_Code/ModuloGeneral.vb,vb,467,58.22,68,6,4,0.009,74
WebGestor/App_Code/ModuloSeguridad.vb,vb,860,53.1,138,9,12,0.014,147
WebGestor/App_Code/PersonaBE.vb,vb,7,28.71,0,0,0,0.0,1
WebGestor/App_Start/BundleConfig.vb,vb,31,54.58,2,16,4,0.129,18
WebGestor/App_Start/RouteConfig.vb,vb,11,31.73,2,0,0,0.0,2
WebGestor/bootstrap-4.5.2-dist/bootstrap-4.5.2-dist/css/bootstrap-grid.css,css,3872,16.43,0,0,0,0.0,1
WebGestor/bootstrap-4.5.2-dist/bootstrap-4.5.2-dist/css/bootstrap-grid.min.css,css,7,7232.86,0,0,0,0.0,1
WebGestor/bootstrap-4.5.2-dist/bootstrap-4.5.2-dist/css/bootstrap-reboot.css,css,325,13.66,0,0,0,0.0,1
WebGestor/bootstrap-4.5.2-dist/bootstrap-4.5.2-dist/css/bootstrap-reboot.min.css,css,8,487.0,0,0,0,0.0,1
WebGestor/bootstrap-4.5.2-dist/bootstrap-4.5.2-dist/css/bootstrap.css,css,10259,18.31,0,0,0,0.0,1
WebGestor/bootstrap-4.5.2-dist/bootstrap-4.5.2-dist/css/bootstrap.min.css,css,7,22899.29,0,0,0,0.0,1
WebGestor/bootstrap-4.5.2-dist/bootstrap-4.5.2-dist/js/bootstrap.bundle.js,javascript,7023,31.53,458,921,229,0.033,1379
WebGestor/bootstrap-4.5.2-dist/bootstrap-4.5.2-dist/js/bootstrap.bundle.min.js,javascript,7,11560.14,61,268,1,0.143,329
WebGestor/bootstrap-4.5.2-dist/bootstrap-4.5.2-dist/js/bootstrap.js,javascript,4410,29.74,326,424,63,0.014,750
WebGestor/bootstrap-4.5.2-dist/bootstrap-4.5.2-dist/js/bootstrap.min.js,javascript,7,8576.86,16,162,1,0.143,178
WebGestor/bootstrap/css/bootstrap.css,css,6584,20.51,0,0,0,0.0,1
WebGestor/bootstrap/css/bootstrap.min.css,css,4471,19.01,0,0,0,0.0,1
WebGestor/bootstrap/estilos.css,css,42,162.38,0,0,0,0.0,1
WebGestor/bootstrap/js/bootstrap.js,javascript,2317,28.15,190,210,101,0.044,400
WebGestor/bootstrap/js/bootstrap.min.js,javascript,7,5135.0,19,60,0,0.0,79
WebGestor/bootstrap/js/jquery-3.5.1.slim.min.js,javascript,2,36189.0,63,420,0,0.0,483
WebGestor/bootstrap/js/npm.js,javascript,13,36.31,0,0,1,0.077,1
WebGestor/bootstrap/js/popper.min.js,javascript,5,4245.6,53,106,1,0.2,159
WebGestor/build/bootstrap-less/mixins.less,less,39,27.26,0,0,0,0.0,1
WebGestor/build/bootstrap-less/mixins/alerts.less,less,14,17.36,0,0,0,0.0,1
WebGestor/build/bootstrap-less/mixins/background-variant.less,less,8,16.38,0,0,0,0.0,1
WebGestor/build/bootstrap-less/mixins/border-radius.less,less,18,25.0,0,0,0,0.0,1
WebGestor/build/bootstrap-less/mixins/buttons.less,less,52,19.77,0,0,0,0.0,1
WebGestor/build/bootstrap-less/mixins/center-block.less,less,7,16.14,0,0,0,0.0,1
WebGestor/build/bootstrap-less/mixins/clearfix.less,less,22,26.5,0,0,0,0.0,1
WebGestor/build/bootstrap-less/mixins/forms.less,less,85,30.07,0,0,0,0.0,1
WebGestor/build/bootstrap-less/mixins/gradients.less,less,59,73.37,0,0,0,0.0,1
WebGestor/build/bootstrap-less/mixins/grid-framework.less,less,91,29.59,0,0,0,0.0,1
WebGestor/build/bootstrap-less/mixins/grid.less,less,122,24.36,0,0,0,0.0,1
WebGestor/build/bootstrap-less/mixins/hide-text.less,less,21,26.57,0,0,0,0.0,1
WebGestor/build/bootstrap-less/mixins/image.less,less,33,31.18,0,0,0,0.0,1
WebGestor/build/bootstrap-less/mixins/labels.less,less,12,12.42,0,0,0,0.0,1
WebGestor/build/bootstrap-less/mixins/list-group.less,less,29,17.38,0,0,0,0.0,1
WebGestor/build/bootstrap-less/mixins/nav-divider.less,less,10,22.2,0,0,0,0.0,1
WebGestor/build/bootstrap-less/mixins/nav-vertical-align.less,less,9,39.44,0,0,0,0.0,1
WebGestor/build/bootstrap-less/mixins/opacity.less,less,8,17.5,0,0,0,0.0,1
WebGestor/build/bootstrap-less/mixins/pagination.less,less,23,18.04,0,0,0,0.0,1
WebGestor/build/bootstrap-less/mixins/panels.less,less,24,21.38,0,0,0,0.0,1
WebGestor/build/bootstrap-less/mixins/progress-bar.less,less,10,18.1,0,0,0,0.0,1
WebGestor/build/bootstrap-less/mixins/reset-filter.less,less,8,30.0,0,0,0,0.0,1
WebGestor/build/bootstrap-less/mixins/resize.less,less,6,31.67,0,0,0,0.0,1
WebGestor/build/bootstrap-less/mixins/responsive-visibility.less,less,15,21.87,0,0,0,0.0,1
WebGestor/build/bootstrap-less/mixins/size.less,less,10,11.7,0,0,0,0.0,1
WebGestor/build/bootstrap-less/mixins/tab-focus.less,less,9,16.67,0,0,0,0.0,1
WebGestor/build/bootstrap-less/mixins/table-row.less,less,28,24.0,0,0,0,0.0,1
WebGestor/build/bootstrap-less/mixins/text-emphasis.less,less,8,13.5,0,0,0,0.0,1
WebGestor/build/bootstrap-less/mixins/text-overflow.less,less,8,19.25,0,0,0,0.0,1
WebGestor/build/bootstrap-less/mixins/vendor-prefixes.less,less,227,28.3,0,0,0,0.0,1
WebGestor/build/bootstrap-less/variables.less,less,861,30.42,0,0,0,0.0,1
WebGestor/build/less/404_500_errors.less,less,36,18.47,0,0,0,0.0,1
WebGestor/build/less/AdminLTE.less,less,65,23.05,0,0,0,0.0,1
WebGestor/build/less/alerts.less,less,44,13.66,0,0,0,0.0,1
WebGestor/build/less/bootstrap-social.less,less,107,25.43,0,0,0,0.0,1
WebGestor/build/less/boxes.less,less,442,16.12,0,0,0,0.0,1
WebGestor/build/less/buttons.less,less,157,18.88,0,0,0,0.0,1
WebGestor/build/less/callout.less,less,48,16.62,0,0,0,0.0,1
WebGestor/build/less/carousel.less,less,15,15.67,0,0,0,0.0,1
WebGestor/build/less/control-sidebar.less,less,274,19.25,0,0,0,0.0,1
WebGestor/build/less/core.less,less,158,16.26,0,0,0,0.0,1
WebGestor/build/less/direct-chat.less,less,172,16.64,0,0,0,0.0,1
WebGestor/build/less/dropdown.less,less,347,18.9,0,0,0,0.0,1
WebGestor/build/less/forms.less,less,82,14.82,0,0,0,0.0,1
WebGestor/build/less/fullcalendar.less,less,88,16.24,0,0,0,0.0,1
WebGestor/build/less/header.less,less,249,18.77,0,0,0,0.0,1
WebGestor/build/less/info-box.less,less,66,15.48,0,0,0,0.0,1
WebGestor/build/less/invoice.less,less,16,11.56,0,0,0,0.0,1
WebGestor/build/less/labels.less,less,23,12.74,0,0,0,0.0,1
WebGestor/build/less/lockscreen.less,less,68,16.01,0,0,0,0.0,1
WebGestor/build/less/login_and_register.less,less,51,13.16,0,0,0,0.0,1
WebGestor/build/less/mailbox.less,less,77,14.71,0,0,0,0.0,1
WebGestor/build/less/miscellaneous.less,less,354,16.3,0,0,0,0.0,1
WebGestor/build/less/mixins.less,less,301,22.78,0,0,0,0.0,1
WebGestor/build/less/modal.less,less,73,17.05,0,0,0,0.0,1
WebGestor/build/less/navs.less,less,174,16.4,0,0,0,0.0,1
WebGestor/build/less/print.less,less,48,19.06,0,0,0,0.0,1
WebGestor/build/less/products.less,less,44,16.82,0,0,0,0.0,1
WebGestor/build/less/progress-bars.less,less,107,14.73,0,0,0,0.0,1
WebGestor/build/less/sidebar-mini.less,less,137,23.02,0,0,0,0.0,1
WebGestor/build/less/sidebar.less,less,154,16.8,0,0,0,0.0,1
WebGestor/build/less/skins/_all-skins.less,less,13,28.38,0,0,0,0.0,1
WebGestor/build/less/skins/skin-black-light.less,less,64,19.78,0,0,0,0.0,1
WebGestor/build/less/skins/skin-black.less,less,64,19.61,0,0,0,0.0,1
WebGestor/build/less/skins/skin-blue-light.less,less,61,18.62,0,0,0,0.0,1
WebGestor/build/less/skins/skin-blue.less,less,58,18.97,0,0,0,0.0,1
WebGestor/build/less/skins/skin-green-light.less,less,56,17.5,0,0,0,0.0,1
WebGestor/build/less/skins/skin-green.less,less,56,17.8,0,0,0,0.0,1
WebGestor/build/less/skins/skin-purple-light.less,less,55,17.98,0,0,0,0.0,1
WebGestor/build/less/skins/skin-purple.less,less,55,18.25,0,0,0,0.0,1
WebGestor/build/less/skins/skin-red-light.less,less,55,17.67,0,0,0,0.0,1
WebGestor/build/less/skins/skin-red.less,less,55,17.76,0,0,0,0.0,1
WebGestor/build/less/skins/skin-yellow-light.less,less,55,18.16,0,0,0,0.0,1
WebGestor/build/less/skins/skin-yellow.less,less,55,18.25,0,0,0,0.0,1
WebGestor/build/less/small-box.less,less,89,15.2,0,0,0,0.0,1
WebGestor/build/less/table.less,less,71,11.69,0,0,0,0.0,1
WebGestor/build/less/timeline.less,less,98,16.97,0,0,0,0.0,1
WebGestor/build/less/users-list.less,less,39,14.56,0,0,0,0.0,1
WebGestor/build/less/variables.less,less,120,27.47,0,0,0,0.0,1
WebGestor/CallCenter/CallCenter_CargaDatos.aspx,aspx,82,55.56,0,5,0,0.0,6
WebGestor/CallCenter/CallCenter_CargaDatos.aspx.vb,vb,87,40.47,7,25,4,0.046,32
WebGestor/CallCenter/CallCenter_DatosCliente.aspx,aspx,136,63.62,0,12,0,0.0,13
WebGestor/CallCenter/CallCenter_DatosCliente.aspx.vb,vb,5,15.6,0,0,0,0.0,1
WebGestor/CallCenter/CallCenter_Pantalla_Operador.aspx,aspx,284,73.38,0,48,0,0.0,49
WebGestor/CallCenter/CallCenter_Pantalla_Operador.aspx.vb,vb,282,55.24,16,101,2,0.007,117
WebGestor/CallCenter/PagPrincipal_Call.master.vb,vb,18,40.94,2,5,1,0.056,7
WebGestor/camara.aspx,aspx,92,39.33,0,4,0,0.0,5
WebGestor/camara.aspx.vb,vb,123,40.62,12,29,0,0.0,41
WebGestor/camara_.ashx,ashx,45,35.49,0,6,0,0.0,7
WebGestor/camaraUpload.ashx,ashx,30,32.3,0,5,0,0.0,6
WebGestor/CAS/Cas_BusquedaBaseDatos.aspx,aspx,308,54.35,0,49,0,0.0,50
WebGestor/CAS/Cas_BusquedaBaseDatos.aspx.vb,vb,203,58.8,25,88,1,0.005,113
WebGestor/CAS/Cas_Define_Grupo.aspx,aspx,409,112.83,0,82,0,0.0,83
WebGestor/CAS/Cas_Define_Grupo.aspx.vb,vb,588,46.49,82,192,2,0.003,274
WebGestor/CAS/Cas_Define_personas.aspx,aspx,210,89.66,0,60,0,0.0,61
WebGestor/CAS/Cas_Define_personas.aspx.vb,vb,274,64.59,28,111,0,0.0,139
WebGestor/CAS/Cas_Define_TemasAyuda.aspx,aspx,307,58.19,0,31,0,0.0,32
WebGestor/CAS/Cas_Define_TemasAyuda.aspx.vb,vb,96,50.92,14,27,0,0.0,41
WebGestor/CAS/Cas_DefineTablas1.aspx,aspx,738,114.05,0,136,0,0.0,137
WebGestor/CAS/Cas_DefineTablas1.aspx.vb,vb,707,56.01,86,240,37,0.052,326
WebGestor/CAS/Cas_DefineTablas2.aspx,aspx,187,161.3,0,71,0,0.0,72
WebGestor/CAS/Cas_DefineTablas2.aspx.vb,vb,426,49.78,73,114,5,0.012,187
WebGestor/CAS/Cas_Definicion_CarteraConsulta.aspx,aspx,438,77.45,0,75,0,0.0,76
WebGestor/CAS/Cas_Definicion_CarteraConsulta.aspx.vb,vb,462,63.18,36,166,4,0.009,202
WebGestor/CAS/Cas_ImportarPersona.aspx,aspx,83,59.69,0,6,0,0.0,7
WebGestor/CAS/Cas_ImportarPersona.aspx.vb,vb,358,75.13,9,136,24,0.067,145
WebGestor/CAS/Cas_Lista_Enlace_TemasAyuda.aspx,aspx,145,70.7,0,27,0,0.0,28
WebGestor/CAS/Cas_Lista_Enlace_TemasAyuda.aspx.vb,vb,124,46.71,18,28,0,0.0,46
WebGestor/CAS/Cas_ListaAviso_xUsuario.aspx,aspx,199,63.63,0,47,0,0.0,48
WebGestor/CAS/Cas_ListaAviso_xUsuario.aspx.vb,vb,221,47.42,24,80,20,0.09,104
WebGestor/CAS/Cas_ListaIncidentes_GrupoNivel2.aspx,aspx,582,104.44,0,156,0,0.0,157
WebGestor/CAS/Cas_ListaIncidentes_GrupoNivel2.aspx.vb,vb,731,59.23,79,311,15,0.021,390
WebGestor/CAS/Cas_ListaIncidentes_Nivel2.aspx,aspx,591,101.49,0,156,0,0.0,157
WebGestor/CAS/Cas_ListaIncidentes_Nivel2.aspx.vb,vb,707,58.77,73,296,11,0.016,369
WebGestor/CAS/Cas_RedireccionarIncidencia.aspx,aspx,225,51.66,0,27,0,0.0,28
WebGestor/CAS/Cas_RedireccionarIncidencia.aspx.vb,vb,109,53.63,11,50,1,0.009,61
WebGestor/CAS/Cas_Registra_Incidentes.aspx,aspx,1140,68.98,0,283,0,0.0,284
WebGestor/CAS/Cas_Registra_Incidentes.aspx.vb,vb,788,57.15,98,298,22,0.028,396
WebGestor/CAS/Cas_Relacion_AvisoxUsuario.aspx,aspx,175,47.07,0,5,0,0.0,6
WebGestor/CAS/Cas_Relacion_AvisoxUsuario.aspx.vb,vb,28,40.46,2,7,9,0.321,9
WebGestor/CAS/Cas_Relacion_Estadisticas.aspx,aspx,163,58.29,0,15,0,0.0,16
WebGestor/CAS/Cas_Relacion_Estadisticas.aspx.vb,vb,158,70.06,8,84,25,0.158,92
WebGestor/CAS/Cas_Relacion_Reportes.aspx,aspx,172,64.05,0,34,0,0.0,35
WebGestor/CAS/Cas_Relacion_Reportes.aspx.vb,vb,318,75.15,12,153,0,0.0,165
WebGestor/CAS/Cas_RelacionIncidentes.aspx,aspx,396,92.81,0,83,0,0.0,84
WebGestor/CAS/Cas_RelacionIncidentes.aspx.vb,vb,375,59.24,49,162,1,0.003,211
WebGestor/CAS/Cas_Rep_ConsultaxOficiona.aspx,aspx,48,48.04,0,1,0,0.0,2
WebGestor/CAS/Cas_Rep_ConsultaxOficiona.aspx.vb,vb,5,16.0,0,0,0,0.0,1
WebGestor/CAS/Cas_Rep_PorCargos.aspx,aspx,66,51.97,0,2,0,0.0,3
WebGestor/CAS/Cas_Rep_PorCargos.aspx.vb,vb,12,28.83,2,0,0,0.0,2
WebGestor/CAS/Cas_Rep_RankingTerritorial.aspx,aspx,65,48.95,0,1,0,0.0,2
WebGestor/CAS/Cas_Rep_RankingTerritorial.aspx.vb,vb,5,18.0,0,0,0,0.0,1
WebGestor/CAS/Cas_Rep_RegistroPorductoXOficina.aspx,aspx,54,41.85,0,1,0,0.0,2
WebGestor/CAS/Cas_Rep_RegistroPorductoXOficina.aspx.vb,vb,5,19.2,0,0,0,0.0,1
WebGestor/CAS/Cas_Rep_RegistroTematicasXOficina.aspx,aspx,58,46.86,0,2,0,0.0,3
WebGestor/CAS/Cas_Rep_RegistroTematicasXOficina.aspx.vb,vb,8,34.0,2,0,0,0.0,2
WebGestor/CAS/Cas_Rep_RegistroTerritorioXOficina.aspx,aspx,51,44.65,0,1,0,0.0,2
WebGestor/CAS/Cas_Rep_RegistroTerritorioXOficina.aspx.vb,vb,5,19.6,0,0,0,0.0,1
WebGestor/CAS/CasReporte_IncidenteTotales.aspx,aspx,81,53.84,0,2,0,0.0,3
WebGestor/CAS/CasReporte_IncidenteTotales.aspx.vb,vb,8,32.75,2,0,0,0.0,2
WebGestor/CAS/CasReporte_IncidentexComponente.aspx,aspx,80,54.55,0,2,0,0.0,3
WebGestor/CAS/CasReporte_IncidentexComponente.aspx.vb,vb,12,35.08,4,0,3,0.25,4
WebGestor/CAS/CasReporte_IncidentexElemento.aspx,aspx,76,54.03,0,2,0,0.0,3
WebGestor/CAS/CasReporte_IncidentexElemento.aspx.vb,vb,8,33.0,2,0,0,0.0,2
WebGestor/CAS/CasReporte_IncOficinaxComponente.aspx,aspx,65,56.63,0,2,0,0.0,3
WebGestor/CAS/CasReporte_IncOficinaxComponente.aspx.vb,vb,8,33.38,2,0,0,0.0,2
WebGestor/CAS/CasReporte_ResumenBD.aspx,aspx,80,54.11,0,2,0,0.0,3
WebGestor/CAS/CasReporte_ResumenBD.aspx.vb,vb,8,31.88,2,0,0,0.0,2
WebGestor/CAS/MP_PrincipalCas.master.vb,vb,138,57.07,10,37,9,0.065,47
WebGestor/CAS/PagPrincipal_Cas.master.vb,vb,20,42.65,2,5,1,0.05,7
WebGestor/CMenuLeft.ascx,ascx,11,64.09,0,1,0,0.0,2
WebGestor/CMenuLeft.ascx.vb,vb,166,53.77,10,43,27,0.163,53
WebGestor/Contabilidad/Contabilidad_PCGR.aspx,aspx,387,92.88,0,116,0,0.0,117
WebGestor/Contabilidad/Contabilidad_PCGR.aspx.vb,vb,69,51.55,14,19,2,0.029,33
WebGestor/Contabilidad/Contabilidad_Personas.aspx,aspx,272,71.11,0,99,0,0.0,100
WebGestor/Contabilidad/Contabilidad_Personas.aspx.vb,vb,713,67.0,51,422,64,0.09,473
WebGestor/Contabilidad/Contabilidad_Personas_Detalle.aspx,aspx,73,52.75,0,2,0,0.0,3
WebGestor/Contabilidad/Contabilidad_Personas_Detalle.aspx.vb,vb,5,19.4,0,0,0,0.0,1
WebGestor/Contabilidad/Contabilidad_Registrar_Clientes.aspx,aspx,50,57.2,0,11,0,0.0,12
WebGestor/Contabilidad/Contabilidad_Registrar_Clientes.aspx.vb,vb,5,19.8,0,0,0,0.0,1
WebGestor/Contabilidad/Contabilidad_TablasContable.aspx,aspx,577,96.47,0,153,0,0.0,154
WebGestor/Contabilidad/Contabilidad_TablasContable.aspx.vb,vb,983,54.11,166,444,2,0.002,610
WebGestor/Contabilidad/Contabilidad_TablasContables2.aspx,aspx,696,92.09,0,86,0,0.0,87
WebGestor/Contabilidad/Contabilidad_TablasContables2.aspx.vb,vb,463,48.93,81,153,17,0.037,234
WebGestor/Contabilidad/Contabilidad_Voucher.aspx,aspx,245,61.75,0,53,0,0.0,54
WebGestor/Contabilidad/Contabilidad_Voucher.aspx.vb,vb,282,58.87,33,127,2,0.007,160
WebGestor/Contabilidad/Contabilidad_Voucher_Detalle.aspx,aspx,889,60.47,0,135,0,0.0,136
WebGestor/Contabilidad/Contabilidad_Voucher_Detalle.aspx.vb,vb,1104,57.09,87,626,20,0.018,713
WebGestor/Contabilidad/PagPrincipal_Cont.master.vb,vb,20,40.85,2,5,0,0.0,7
WebGestor/Contact.aspx,aspx,18,37.83,0,1,0,0.0,2
WebGestor/Contact.aspx.designer.vb,vb,15,29.0,0,0,7,0.467,1
WebGestor/Contact.aspx.vb,vb,7,21.0,2,0,0,0.0,2
WebGestor/Contador.ascx,ascx,15,76.13,0,1,0,0.0,2
WebGestor/Contador.ascx.vb,vb,15,31.0,2,0,0,0.0,2
WebGestor/Content/bootstrap-theme.css,css,587,43.52,0,0,0,0.0,1
WebGestor/Content/bootstrap-theme.min.css,css,6,3900.67,0,0,0,0.0,1
WebGestor/Content/bootstrap.css,css,6757,20.61,0,0,0,0.0,1
WebGestor/Content/bootstrap.min.css,css,6,20199.17,0,0,0,0.0,1
WebGestor/Content/Site.css,css,29,19.38,0,0,0,0.0,1
WebGestor/ControlMenu.ascx,ascx,27,45.67,0,1,0,0.0,2
WebGestor/ControlMenu.ascx.vb,vb,122,55.56,10,44,31,0.254,54
WebGestor/ControlPersonal/PagPrincipal_CPersonal.master.vb,vb,20,41.1,2,5,0,0.0,7
WebGestor/ControlPersonal/Permisos.aspx,aspx,134,64.7,0,40,0,0.0,41
WebGestor/ControlPersonal/Permisos.aspx.vb,vb,130,45.33,14,44,7,0.054,58
WebGestor/ControlPersonal/Person_Control_Asistencia.aspx,aspx,300,54.2,0,45,0,0.0,46
WebGestor/ControlPersonal/Person_Control_Asistencia.aspx.vb,vb,485,51.99,23,180,37,0.076,203
WebGestor/ControlPersonal/Person_Control_Define_Horarios.aspx,aspx,199,63.77,0,35,0,0.0,36
WebGestor/ControlPersonal/Person_Control_Define_Horarios.aspx.vb,vb,134,61.26,16,44,0,0.0,60
WebGestor/ControlPersonal/Person_Control_EntSal.aspx,aspx,356,56.88,0,59,0,0.0,60
WebGestor/ControlPersonal/Person_Control_EntSal.aspx.vb,vb,521,51.56,33,185,17,0.033,218
WebGestor/ControlPersonal/Person_Control_EntSal_Geo.aspx,aspx,447,35.95,0,6,0,0.0,7
WebGestor/ControlPersonal/Person_Control_EntSal_Geo.aspx.vb,vb,5,19.2,0,0,0,0.0,1
WebGestor/ControlPersonal/Person_Control_EntSal_Ingreso_Directo.aspx,aspx,223,58.08,0,47,0,0.0,48
WebGestor/ControlPersonal/Person_Control_EntSal_Ingreso_Directo.aspx.vb,vb,422,60.98,23,161,20,0.047,184
WebGestor/ControlPersonal/Person_Control_Integran_Asistencia.aspx,aspx,145,56.39,0,26,0,0.0,27
WebGestor/ControlPersonal/Person_Control_Integran_Asistencia.aspx.vb,vb,89,50.36,4,26,0,0.0,30
WebGestor/ControlPersonal/Person_Fotos.ashx,ashx,48,32.17,0,5,0,0.0,6
WebGestor/ControlPersonal/Person_Record_Asistencia.aspx,aspx,191,67.09,0,64,0,0.0,65
WebGestor/ControlPersonal/Person_Record_Asistencia.aspx.vb,vb,615,62.79,25,230,3,0.005,255
WebGestor/ControlVisitas/ControlVisitas_Puntos.aspx,aspx,224,143.58,0,98,0,0.0,99
WebGestor/ControlVisitas/ControlVisitas_Puntos.aspx.vb,vb,769,53.07,88,278,0,0.0,366
WebGestor/ControlVisitas/ControlVisitas_Registro.aspx,aspx,654,78.35,0,132,0,0.0,133
WebGestor/ControlVisitas/ControlVisitas_Registro.aspx.vb,vb,1032,68.09,55,372,7,0.007,427
WebGestor/ControlVisitas/PagPrincipal_ControlVisitas.master.vb,vb,20,41.4,2,5,1,0.05,7
WebGestor/CProyLeft.ascx,ascx,20,46.7,0,1,0,0.0,2
WebGestor/CProyLeft.ascx.vb,vb,141,56.88,12,37,10,0.071,49
WebGestor/CRM/CRM_BeseDatos_Mantenimiento.aspx,aspx,450,76.46,0,117,0,0.0,118
WebGestor/CRM/CRM_BeseDatos_Mantenimiento.aspx.vb,vb,853,64.77,64,328,24,0.028,392
WebGestor/CRM/CRM_BusquedaBaseDatos.aspx,aspx,315,73.79,0,67,0,0.0,68
WebGestor/CRM/CRM_BusquedaBaseDatos.aspx.vb,vb,260,58.2,30,92,4,0.015,122
WebGestor/CRM/CRM_Contenido_del_Correo.aspx,aspx,299,64.04,0,67,0,0.0,68
WebGestor/CRM/CRM_Contenido_del_Correo.aspx.designer.vb,vb,78,35.79,0,7,56,0.718,8
WebGestor/CRM/CRM_Contenido_del_Correo.aspx.vb,vb,325,61.47,38,57,1,0.003,95
WebGestor/CRM/CRM_DxLista_CuadroMando.aspx,aspx,20,58.5,0,5,0,0.0,6
WebGestor/CRM/CRM_DxLista_CuadroMando.aspx.vb,vb,83,44.65,6,15,0,0.0,21
WebGestor/CRM/CRM_Enviar_Email.aspx,aspx,399,62.45,0,94,0,0.0,95
WebGestor/CRM/CRM_Enviar_Email.aspx.designer.vb,vb,249,36.2,0,26,189,0.759,27
WebGestor/CRM/CRM_Enviar_Email.aspx.vb,vb,663,53.3,42,214,12,0.018,256
WebGestor/CRM/CRM_Exportar.aspx,aspx,5,51.8,0,1,0,0.0,2
WebGestor/CRM/CRM_Exportar.aspx.vb,vb,19,32.63,2,2,2,0.105,4
WebGestor/CRM/CRM_Lista_CuadroMando.aspx,aspx,233,70.84,0,36,0,0.0,37
WebGestor/CRM/CRM_Lista_CuadroMando.aspx.vb,vb,433,44.88,25,77,3,0.007,102
WebGestor/CRM/CRM_Lista_Tickect_DevExpress.aspx,aspx,161,60.57,0,5,0,0.0,6
WebGestor/CRM/CRM_Lista_Tickect_DevExpress.aspx.vb,vb,47,36.04,10,8,4,0.085,18
WebGestor/CRM/CRM_Registrar.aspx,aspx,839,81.91,0,230,0,0.0,231
WebGestor/CRM/CRM_Registrar.aspx.vb,vb,1513,57.54,106,579,141,0.093,685
WebGestor/CRM/CRM_Relacion_con_Procesos.aspx,aspx,106,61.33,0,33,0,0.0,34
WebGestor/CRM/CRM_Relacion_con_Procesos.aspx.designer.vb,vb,204,36.74,0,21,154,0.755,22
WebGestor/CRM/CRM_Relacion_con_Procesos.aspx.vb,vb,196,41.75,28,45,0,0.0,73
WebGestor/CRM/CRM_Relacion_Ticket.aspx,aspx,1246,89.96,0,371,0,0.0,372
WebGestor/CRM/CRM_Relacion_Ticket.aspx.vb,vb,1136,56.36,100,309,21,0.018,409
WebGestor/CRM/CRM_Tiempo_Estado_Ticket.aspx,aspx,1182,82.04,0,391,0,0.0,392
WebGestor/CRM/CRM_Tiempo_Estado_Ticket.aspx.designer.vb,vb,177,36.11,0,18,133,0.751,19
WebGestor/CRM/CRM_Tiempo_Estado_Ticket.aspx.vb,vb,1905,49.15,168,404,40,0.021,572
WebGestor/CRM/CrmGuiaHandler.ashx,ashx,36,37.72,0,5,0,0.0,6
WebGestor/CRM/Documento_TemasAyuda.aspx,aspx,371,55.15,0,54,0,0.0,55
WebGestor/CRM/Documento_TemasAyuda.aspx.vb,vb,333,46.37,34,154,79,0.237,188
WebGestor/CRM/PagPrincipal_CRM.master.vb,vb,20,39.65,2,5,1,0.05,7
WebGestor/Css/bootstrap-responsive.css,css,686,17.08,0,0,0,0.0,1
WebGestor/Css/bootstrap-responsive.min.css,css,12,761.5,0,0,0,0.0,1
WebGestor/Css/bootstrap-theme.css,css,347,42.04,0,0,0,0.0,1
WebGestor/Css/bootstrap.css,css,7538,17.95,0,0,0,0.0,1
WebGestor/Css/bootstrap.min.css,css,689,116.78,0,0,0,0.0,1
WebGestor/Css/bootstrapValidator.css,css,31,21.61,0,0,0,0.0,1
WebGestor/Css/CSSWeb.css,css,564,19.42,0,0,0,0.0,1
WebGestor/Css/Custom-Cs.css,css,188,15.16,0,0,0,0.0,1
WebGestor/Css/dataTables.bootstrap.min.css,css,180,27.56,0,0,0,0.0,1
WebGestor/Css/dGenerales.css,css,69,12.04,0,0,0,0.0,1
WebGestor/Css/docs.css,css,845,19.41,0,0,0,0.0,1
WebGestor/Css/Formulario.css,css,81,13.54,0,0,0,0.0,1
WebGestor/Css/main.css,css,506,17.72,0,0,0,0.0,1
WebGestor/Css/MiEstilo.css,css,64,13.47,0,0,0,0.0,1
WebGestor/Css/Principal.css,css,75,11.93,0,0,0,0.0,1
WebGestor/Css/Principal1.css,css,59,11.07,0,0,0,0.0,1
WebGestor/Css/util.css,css,2993,27.01,0,0,0,0.0,1
WebGestor/Css_Gestor/Content.css,css,376,18.12,0,0,0,0.0,1
WebGestor/Css_Gestor/FormLayout.css,css,18,14.28,0,0,0,0.0,1
WebGestor/Css_Gestor/GridView.css,css,118,18.02,0,0,0,0.0,1
WebGestor/Css_Gestor/GridView.js,javascript,69,31.17,10,10,0,0.0,20
WebGestor/Css_Gestor/Layout.css,css,399,17.9,0,0,0,0.0,1
WebGestor/Css_Gestor/Map.js,javascript,18,41.44,3,1,2,0.111,4
WebGestor/Css_Gestor/Scheduler.css,css,50,15.06,0,0,0,0.0,1
WebGestor/Css_Gestor/Scheduler.js,javascript,54,34.02,7,8,2,0.037,15
WebGestor/Css_Gestor/Script.js,javascript,98,32.86,16,13,0,0.0,29
WebGestor/Css_Gestor/SignInRegister.js,javascript,41,36.34,5,5,0,0.0,10
WebGestor/Css_Gestor/SignInRegistred.css,css,63,16.56,0,0,0,0.0,1
WebGestor/Css_IniciarSesion.css,css,80,22.93,0,0,0,0.0,1
WebGestor/Css_Maqueta.css,css,26,13.5,0,0,0,0.0,1
WebGestor/Css_Menu.css,css,33,18.67,0,0,0,0.0,1
WebGestor/Css_Tab.css,css,51,21.63,0,0,0,0.0,1
WebGestor/Css_Tab_Container.css,css,75,16.36,0,0,0,0.0,1
WebGestor/Css_WebGestor.css,css,749,16.71,0,0,0,0.0,1
WebGestor/Default.aspx,aspx,28,92.46,0,9,0,0.0,10
WebGestor/Default.aspx.vb,vb,158,58.62,13,55,9,0.057,68
WebGestor/Default2.aspx,aspx,107,62.29,0,9,0,0.0,10
WebGestor/Default2.aspx.vb,vb,41,57.12,6,6,1,0.024,12
WebGestor/Default3.aspx,aspx,38,39.82,0,0,0,0.0,1
WebGestor/Default3.aspx.vb,vb,5,12.6,0,0,0,0.0,1
WebGestor/Default4.aspx,aspx,253,38.96,0,10,0,0.0,11
WebGestor/Default4.aspx.vb,vb,38,59.92,6,6,0,0.0,12
WebGestor/dist/css/AdminLTE.css,css,4362,21.98,0,0,0,0.0,1
WebGestor/dist/css/AdminLTE.min.css,css,4537,23.59,0,0,0,0.0,1
WebGestor/dist/css/skins/_all-skins.css,css,1787,26.58,0,0,0,0.0,1
WebGestor/dist/css/skins/_all-skins.min.css,css,1996,26.52,0,0,0,0.0,1
WebGestor/dist/css/skins/skin-black-light.css,css,175,27.53,0,0,0,0.0,1
WebGestor/dist/css/skins/skin-black-light.min.css,css,1,4234.0,0,0,0,0.0,1
WebGestor/dist/css/skins/skin-black.css,css,153,25.64,0,0,0,0.0,1
WebGestor/dist/css/skins/skin-black.min.css,css,1,3409.0,0,0,0,0.0,1
WebGestor/dist/css/skins/skin-blue-light.css,css,166,27.09,0,0,0,0.0,1
WebGestor/dist/css/skins/skin-blue-light.min.css,css,1,4031.0,0,0,0,0.0,1
WebGestor/dist/css/skins/skin-blue.css,css,141,25.35,0,0,0,0.0,1
WebGestor/dist/css/skins/skin-blue.min.css,css,1,3182.0,0,0,0,0.0,1
WebGestor/dist/css/skins/skin-green-light.css,css,155,27.56,0,0,0,0.0,1
WebGestor/dist/css/skins/skin-green-light.min.css,css,1,3834.0,0,0,0,0.0,1
WebGestor/dist/css/skins/skin-green.css,css,133,25.58,0,0,0,0.0,1
WebGestor/dist/css/skins/skin-green.min.css,css,1,3033.0,0,0,0,0.0,1
WebGestor/dist/css/skins/skin-purple-light.css,css,155,27.89,0,0,0,0.0,1
WebGestor/dist/css/skins/skin-purple-light.min.css,css,1,3883.0,0,0,0,0.0,1
WebGestor/dist/css/skins/skin-purple.css,css,133,25.91,0,0,0,0.0,1
WebGestor/dist/css/skins/skin-purple.min.css,css,1,3075.0,0,0,0,0.0,1
WebGestor/dist/css/skins/skin-red-light.css,css,155,26.9,0,0,0,0.0,1
WebGestor/dist/css/skins/skin-red-light.min.css,css,1,3736.0,0,0,0,0.0,1
WebGestor/dist/css/skins/skin-red.css,css,133,24.92,0,0,0,0.0,1
WebGestor/dist/css/skins/skin-red.min.css,css,1,2949.0,0,0,0,0.0,1
WebGestor/dist/css/skins/skin-yellow-light.css,css,155,27.89,0,0,0,0.0,1
WebGestor/dist/css/skins/skin-yellow-light.min.css,css,1,3883.0,0,0,0,0.0,1
WebGestor/dist/css/skins/skin-yellow.css,css,133,25.91,0,0,0,0.0,1
WebGestor/dist/css/skins/skin-yellow.min.css,css,1,3075.0,0,0,0,0.0,1
WebGestor/dist/js/app.js,javascript,703,28.65,55,82,117,0.166,137
WebGestor/dist/js/app.min.js,javascript,13,671.77,3,13,0,0.0,16
WebGestor/dist/js/demo.js,javascript,335,52.36,12,21,17,0.051,33
WebGestor/dist/js/pages/dashboard.js,javascript,234,26.3,7,9,11,0.047,16
WebGestor/dist/js/pages/dashboard2.js,javascript,274,31.59,4,13,57,0.208,17
WebGestor/Documentacion/Documentacion_Mantenimiento.aspx,aspx,200,60.34,0,45,0,0.0,46
WebGestor/Documentacion/Documentacion_Mantenimiento.aspx.designer.vb,vb,267,39.21,0,28,203,0.76,29
WebGestor/Documentacion/Documentacion_Mantenimiento.aspx.vb,vb,299,43.44,34,138,20,0.067,172
WebGestor/Documentacion/PagPrincipal_Documentacion.master.vb,vb,21,41.1,2,5,1,0.048,7
WebGestor/Ejemplo_Css.css,css,91,16.53,0,0,0,0.0,1
WebGestor/EjemploAvisos.aspx,aspx,134,20.5,0,0,0,0.0,1
WebGestor/EjemploAvisos.aspx.vb,vb,5,13.6,0,0,0,0.0,1
WebGestor/Encuesta/Encuesta_Anonimos_Des.aspx,aspx,238,62.54,0,24,0,0.0,25
WebGestor/Encuesta/Encuesta_Anonimos_Des.aspx.vb,vb,570,60.9,20,213,54,0.095,233
WebGestor/Encuesta/Encuesta_Des.aspx,aspx,379,62.3,0,54,0,0.0,55
WebGestor/Encuesta/Encuesta_Des.aspx.vb,vb,900,61.47,30,404,67,0.074,434
WebGestor/Encuesta/Encuestas.aspx,aspx,111,61.41,0,13,0,0.0,14
WebGestor/Encuesta/Encuestas.aspx.vb,vb,250,49.56,22,93,71,0.284,115
WebGestor/Encuesta/Encuestas_Anonimos.aspx,aspx,103,64.99,0,13,0,0.0,14
WebGestor/Encuesta/Encuestas_Anonimos.aspx.vb,vb,172,45.56,14,58,10,0.058,72
WebGestor/Encuesta/Encuestas_Realizadas.aspx,aspx,208,65.32,0,21,0,0.0,22
WebGestor/Encuesta/Encuestas_Realizadas.aspx.vb,vb,367,55.99,29,121,42,0.114,150
WebGestor/Encuesta/PagPrincipal_Encuenta.master.vb,vb,20,41.1,2,5,1,0.05,7
WebGestor/Encuesta/VerResultEnc.aspx,aspx,75,57.51,0,5,0,0.0,6
WebGestor/Encuesta/VerResultEnc.aspx.vb,vb,194,65.55,8,68,13,0.067,76
WebGestor/Encuesta/VerResultEncAno.aspx,aspx,75,57.27,0,5,0,0.0,6
WebGestor/Encuesta/VerResultEncAno.aspx.vb,vb,194,68.32,7,66,21,0.108,73
WebGestor/EstiloWebTec.css,css,280,18.75,0,0,0,0.0,1
WebGestor/EvaluacionProcesos/CapturarImagen.aspx,aspx,136,15.11,0,2,0,0.0,3
WebGestor/EvaluacionProcesos/CapturarImagen.aspx.vb,vb,29,47.24,4,5,0,0.0,9
WebGestor/EvaluacionProcesos/EvalProcesos.aspx,aspx,408,71.27,0,119,0,0.0,120
WebGestor/EvaluacionProcesos/EvalProcesos.aspx.vb,vb,1539,53.54,68,458,15,0.01,526
WebGestor/EvaluacionProcesos/EvalProcesos_Analisis.aspx,aspx,151,76.68,0,40,0,0.0,41
WebGestor/EvaluacionProcesos/EvalProcesos_Analisis.aspx.vb,vb,114,46.39,10,31,0,0.0,41
WebGestor/EvaluacionProcesos/EvalProcesos_AnalisisL.aspx,aspx,471,107.43,0,89,0,0.0,90
WebGestor/EvaluacionProcesos/EvalProcesos_AnalisisL.aspx.vb,vb,579,47.42,54,252,1,0.002,306
WebGestor/EvaluacionProcesos/EvalProcesos_Dashboard.aspx,aspx,50,49.02,0,1,0,0.0,2
WebGestor/EvaluacionProcesos/EvalProcesos_Dashboard.aspx.vb,vb,42,51.21,4,8,5,0.119,12
WebGestor/EvaluacionProcesos/EvalProcesos_Define_Oficinas.aspx,aspx,232,59.61,0,64,0,0.0,65
WebGestor/EvaluacionProcesos/EvalProcesos_Define_Oficinas.aspx.vb,vb,279,51.7,35,122,8,0.029,157
WebGestor/EvaluacionProcesos/EvalProcesos_Distancia_Entre2Direcciones.aspx,aspx,130,53.79,0,35,0,0.0,36
WebGestor/EvaluacionProcesos/EvalProcesos_Distancia_Entre2Direcciones.aspx.vb,vb,134,46.11,12,55,2,0.015,67
WebGestor/EvaluacionProcesos/EvalProcesos_Generar.aspx,aspx,184,72.02,0,33,0,0.0,34
WebGestor/EvaluacionProcesos/EvalProcesos_Generar.aspx.vb,vb,203,46.56,29,81,3,0.015,110
WebGestor/EvaluacionProcesos/EvalProcesos_Grafica.aspx,aspx,205,58.2,0,44,0,0.0,45
WebGestor/EvaluacionProcesos/EvalProcesos_Grafica.aspx.vb,vb,602,42.8,43,125,3,0.005,168
WebGestor/EvaluacionProcesos/EvalProcesos_LisaRptaJalados.aspx,aspx,158,62.82,0,31,0,0.0,32
WebGestor/EvaluacionProcesos/EvalProcesos_LisaRptaJalados.aspx.vb,vb,375,49.63,26,146,1,0.003,172
WebGestor/EvaluacionProcesos/EvalProcesos_PagMaster.master.vb,vb,5,20.4,0,0,0,0.0,1
WebGestor/EvaluacionProcesos/EvalProcesos_Prevencion_Ingreso.aspx,aspx,296,55.29,0,83,0,0.0,84
WebGestor/EvaluacionProcesos/EvalProcesos_Prevencion_Ingreso.aspx.vb,vb,351,53.72,16,103,3,0.009,119
WebGestor/EvaluacionProcesos/EvalProcesos_Reclamo.aspx,aspx,200,72.34,0,61,0,0.0,62
WebGestor/EvaluacionProcesos/EvalProcesos_Reclamo.aspx.vb,vb,130,55.42,25,39,10,0.077,64
WebGestor/EvaluacionProcesos/EvalProcesos_ReclamoLista.aspx,aspx,195,67.06,0,40,0,0.0,41
WebGestor/EvaluacionProcesos/EvalProcesos_ReclamoLista.aspx.vb,vb,58,39.91,8,12,0,0.0,20
WebGestor/EvaluacionProcesos/EvalProcesos_Relacionar.aspx,aspx,209,68.28,0,37,0,0.0,38
WebGestor/EvaluacionProcesos/EvalProcesos_Relacionar.aspx.vb,vb,227,39.3,36,76,2,0.009,112
WebGestor/EvaluacionProcesos/GoogleMaps_Prueba.aspx,aspx,234,43.91,0,1,0,0.0,2
WebGestor/EvaluacionProcesos/GoogleMaps_Prueba.aspx.vb,vb,64,35.52,4,8,2,0.031,12
WebGestor/EvaluacionProcesos/GoogleMapsWeb.aspx,aspx,100,57.95,0,3,0,0.0,4
WebGestor/EvaluacionProcesos/GoogleMapsWeb.aspx.vb,vb,26,30.62,4,2,0,0.0,6
WebGestor/EvaluacionProcesos/PagPrincipal_EvalProceso.master.vb,vb,20,42.2,2,5,0,0.0,7
WebGestor/EvaluacionProcesos/VB.aspx,aspx,32,36.88,0,7,0,0.0,8
WebGestor/EvaluacionProcesos/VB.aspx.vb,vb,32,56.91,2,9,1,0.031,11
WebGestor/Eventos/Eventos.aspx,aspx,384,77.97,0,124,0,0.0,125
WebGestor/Eventos/Eventos.aspx.vb,vb,409,61.85,44,198,2,0.005,242
WebGestor/Eventos/Eventos_xParticipantes.aspx,aspx,383,58.33,0,85,0,0.0,86
WebGestor/Eventos/Eventos_xParticipantes.aspx.vb,vb,189,53.13,12,45,8,0.042,57
WebGestor/Eventos/Permisos.aspx,aspx,134,64.7,0,40,0,0.0,41
WebGestor/Eventos/Permisos.aspx.vb,vb,120,46.92,14,40,1,0.008,54
WebGestor/Finanzas/Finanzas_Registro.aspx,aspx,352,49.14,0,68,0,0.0,69
WebGestor/Finanzas/Finanzas_Registro.aspx.vb,vb,42,38.98,10,7,2,0.048,17
WebGestor/Finanzas/Finanzas_Registro_IngresoEgreso.aspx,aspx,129,52.46,0,33,0,0.0,34
WebGestor/Finanzas/Finanzas_Registro_IngresoEgreso.aspx.vb,vb,80,40.95,6,33,2,0.025,39
WebGestor/fonts.css,css,48,21.44,0,0,0,0.0,1
WebGestor/Gestion_Personal/Agencia_Empleador_Relacion.aspx,aspx,395,67.25,0,81,0,0.0,82
WebGestor/Gestion_Personal/Agencia_Empleador_Relacion.aspx.vb,vb,338,52.2,32,144,7,0.021,176
WebGestor/Global2.asax.vb,vb,11,29.27,2,0,1,0.091,2
WebGestor/GTP/GTP_Calcular_Distancia_2Puntos.aspx,aspx,5,58.6,0,1,0,0.0,2
WebGestor/GTP/GTP_Calcular_Distancia_2Puntos.aspx.vb,vb,5,17.8,0,0,0,0.0,1
WebGestor/GTP/GTP_Registrar_Cliente.aspx,aspx,69,51.75,0,21,0,0.0,22
WebGestor/GTP/GTP_Registrar_Cliente.aspx.vb,vb,302,54.43,10,71,0,0.0,81
WebGestor/GTP/GTP_Relacion_Ticket.aspx,aspx,415,76.59,0,102,0,0.0,103
WebGestor/GTP/GTP_Relacion_Ticket.aspx.vb,vb,498,60.4,39,163,7,0.014,202
WebGestor/GTP/GTP_Relacion_TiemposxEstados.aspx,aspx,432,90.09,0,150,0,0.0,151
WebGestor/GTP/GTP_Relacion_TiemposxEstados.aspx.vb,vb,428,57.2,31,135,2,0.005,166
WebGestor/GTP/PagMaestra_GTP.master.vb,vb,5,15.8,0,0,0,0.0,1
WebGestor/HomeMenu.aspx,aspx,9,37.0,0,2,0,0.0,3
WebGestor/HomeMenu.aspx.vb,vb,5,12.6,0,0,0,0.0,1
WebGestor/Inventario/CalcularDistancia.aspx,aspx,25,49.8,0,3,0,0.0,4
WebGestor/Inventario/CalcularDistancia.aspx.vb,vb,107,46.94,9,10,16,0.15,19
WebGestor/Inventario/Capturar_Almacenar_Foto.aspx,aspx,111,42.96,0,0,0,0.0,1
WebGestor/Inventario/Capturar_Almacenar_Foto.aspx.vb,vb,35,40.2,4,4,0,0.0,8
WebGestor/Inventario/Catalogo_Articulo.aspx,aspx,569,67.36,0,144,0,0.0,145
WebGestor/Inventario/Catalogo_Articulo.aspx.designer.vb,vb,672,36.33,0,81,518,0.771,82
WebGestor/Inventario/Catalogo_Articulo.aspx.vb,vb,844,50.96,85,304,5,0.006,389
WebGestor/Inventario/Catalogo_PlacaIni_Prop.aspx,aspx,71,34.21,0,18,0,0.0,19
WebGestor/Inventario/Catalogo_PlacaIni_Prop.aspx.designer.vb,vb,116,39.19,0,11,84,0.724,12
WebGestor/Inventario/Catalogo_PlacaIni_Prop.aspx.vb,vb,135,26.94,20,11,0,0.0,31
WebGestor/Inventario/Foto_.ashx,ashx,45,35.78,0,6,0,0.0,7
WebGestor/Inventario/fotoUpload.ashx,ashx,32,29.22,0,5,0,0.0,6
WebGestor/Inventario/Garantia_ConsultaEquipo.aspx,aspx,233,73.7,0,45,0,0.0,46
WebGestor/Inventario/Garantia_ConsultaEquipo.aspx.vb,vb,74,45.41,7,14,0,0.0,21
WebGestor/Inventario/GuiaHandler.ashx,ashx,39,35.92,0,5,0,0.0,6
WebGestor/Inventario/ImagenGasto.ashx,ashx,39,35.69,0,5,0,0.0,6
WebGestor/Inventario/ImagenHandler.ashx,ashx,40,34.8,0,5,0,0.0,6
WebGestor/Inventario/Inv_Definiciones_Tablas.aspx,aspx,936,74.52,0,297,0,0.0,298
WebGestor/Inventario/Inv_Definiciones_Tablas.aspx.designer.vb,vb,1086,37.31,0,119,840,0.773,120
WebGestor/Inventario/Inv_Definiciones_Tablas.aspx.vb,vb,1165,56.64,152,289,22,0.019,441
WebGestor/Inventario/Inventario.aspx,aspx,374,70.91,0,60,0,0.0,61
WebGestor/Inventario/Inventario.aspx.vb,vb,258,40.75,21,50,20,0.078,71
WebGestor/Inventario/Inventario_.aspx,aspx,454,82.0,0,92,0,0.0,93
WebGestor/Inventario/Inventario_.aspx.vb,vb,740,55.33,44,168,20,0.027,212
WebGestor/Inventario/Inventario_Almacen_Salida.aspx,aspx,676,75.49,0,210,0,0.0,211
WebGestor/Inventario/Inventario_Almacen_Salida.aspx.vb,vb,2982,85.66,79,1039,101,0.034,1118
WebGestor/Inventario/Inventario_Articulo_Foto.aspx,aspx,579,70.51,0,153,0,0.0,154
WebGestor/Inventario/Inventario_Articulo_Foto.aspx.vb,vb,696,49.18,72,141,20,0.029,213
WebGestor/Inventario/Inventario_Articulo_Imagen.aspx,aspx,77,67.31,0,30,0,0.0,31
WebGestor/Inventario/Inventario_Articulo_Imagen.aspx.vb,vb,239,48.61,13,51,23,0.096,64
WebGestor/Inventario/Inventario_BienesNuevos_NoConsiderar.aspx,aspx,349,71.32,0,93,0,0.0,94
WebGestor/Inventario/Inventario_BienesNuevos_NoConsiderar.aspx.vb,vb,453,45.79,40,165,3,0.007,205
WebGestor/Inventario/Inventario_Carga_Atms.aspx,aspx,59,56.92,0,17,0,0.0,18
WebGestor/Inventario/Inventario_Carga_Atms.aspx.vb,vb,247,40.6,10,67,29,0.117,77
WebGestor/Inventario/Inventario_Carga_DatosIniciales.aspx,aspx,37,44.35,0,9,0,0.0,10
WebGestor/Inventario/Inventario_Carga_DatosIniciales.aspx.vb,vb,722,69.06,8,190,13,0.018,198
WebGestor/Inventario/Inventario_Carga_Individual.aspx,aspx,534,76.47,0,131,0,0.0,132
WebGestor/Inventario/Inventario_Carga_Individual.aspx.vb,vb,895,63.36,70,257,15,0.017,327
WebGestor/Inventario/Inventario_Carga_Informacion.aspx,aspx,124,62.88,0,28,0,0.0,29
WebGestor/Inventario/Inventario_Carga_Informacion.aspx.vb,vb,104,39.37,16,37,0,0.0,53
WebGestor/Inventario/Inventario_Carga_MovGps.aspx,aspx,239,66.03,0,77,0,0.0,78
WebGestor/Inventario/Inventario_Carga_MovGps.aspx.vb,vb,976,58.33,60,220,82,0.084,280
WebGestor/Inventario/Inventario_CargaFoto_xBiene.aspx,aspx,518,68.39,0,136,0,0.0,137
WebGestor/Inventario/Inventario_CargaFoto_xBiene.aspx.vb,vb,708,48.93,64,166,61,0.086,230
WebGestor/Inventario/Inventario_Cargar_Valor_Libro.aspx,aspx,64,63.08,0,5,0,0.0,6
WebGestor/Inventario/Inventario_Cargar_Valor_Libro.aspx.vb,vb,122,46.75,7,36,4,0.033,43
WebGestor/Inventario/Inventario_CatalogoArticulo.aspx,aspx,103,63.61,0,24,0,0.0,25
WebGestor/Inventario/Inventario_CatalogoArticulo.aspx.vb,vb,52,47.87,10,17,0,0.0,27
WebGestor/Inventario/Inventario_CCosto_Salida.aspx,aspx,804,70.02,0,183,0,0.0,184
WebGestor/Inventario/Inventario_CCosto_Salida.aspx.vb,vb,1472,63.22,66,468,38,0.026,534
WebGestor/Inventario/Inventario_CCosto_Salida_Generar.aspx,aspx,661,76.27,0,209,0,0.0,210
WebGestor/Inventario/Inventario_CCosto_Salida_Generar.aspx.vb,vb,2131,68.78,81,692,73,0.034,773
WebGestor/Inventario/Inventario_Clasificacion.aspx,aspx,168,69.9,0,62,0,0.0,63
WebGestor/Inventario/Inventario_Clasificacion.aspx.vb,vb,273,42.14,30,85,0,0.0,115
WebGestor/Inventario/Inventario_Conciliacion_Masiva.aspx,aspx,209,72.22,0,68,0,0.0,69
WebGestor/Inventario/Inventario_Conciliacion_Masiva.aspx.vb,vb,602,54.0,29,208,6,0.01,237
WebGestor/Inventario/Inventario_Conciliados_OtrosBienes.aspx,aspx,178,69.07,0,52,0,0.0,53
WebGestor/Inventario/Inventario_Conciliados_OtrosBienes.aspx.vb,vb,522,55.42,25,179,2,0.004,204
WebGestor/Inventario/Inventario_Datos_del_Bien.aspx,aspx,555,84.02,0,146,0,0.0,147
WebGestor/Inventario/Inventario_Datos_del_Bien.aspx.designer.vb,vb,771,37.19,0,100,595,0.772,101
WebGestor/Inventario/Inventario_Datos_del_Bien.aspx.vb,vb,622,49.68,88,202,23,0.037,290
WebGestor/Inventario/Inventario_Define_CentroCostos.aspx,aspx,398,78.31,0,130,0,0.0,131
WebGestor/Inventario/Inventario_Define_CentroCostos.aspx.vb,vb,561,55.02,48,261,1,0.002,309
WebGestor/Inventario/Inventario_Definicion.aspx,aspx,116,60.22,0,36,0,0.0,37
WebGestor/Inventario/Inventario_Definicion.aspx.designer.vb,vb,150,36.07,0,15,112,0.747,16
WebGestor/Inventario/Inventario_Definicion.aspx.vb,vb,120,37.04,20,15,0,0.0,35
WebGestor/Inventario/Inventario_Definiciones_Tablas.aspx,aspx,159,67.11,0,62,0,0.0,63
WebGestor/Inventario/Inventario_Definiciones_Tablas.aspx.vb,vb,425,37.74,70,49,12,0.028,119
WebGestor/Inventario/Inventario_Definir_Zonas.aspx,aspx,298,75.82,0,90,0,0.0,91
WebGestor/Inventario/Inventario_Definir_Zonas.aspx.vb,vb,258,54.49,20,81,1,0.004,101
WebGestor/Inventario/Inventario_Descargas.aspx,aspx,5,56.4,0,1,0,0.0,2
WebGestor/Inventario/Inventario_Descargas.aspx.vb,vb,21,38.67,2,1,2,0.095,3
WebGestor/Inventario/Inventario_Emergente.aspx,aspx,261,79.52,0,99,0,0.0,100
WebGestor/Inventario/Inventario_Emergente.aspx.vb,vb,594,63.14,39,186,75,0.126,225
WebGestor/Inventario/Inventario_EquiposConciliados.aspx,aspx,1100,97.16,0,321,0,0.0,322
WebGestor/Inventario/Inventario_EquiposConciliados.aspx.designer.vb,vb,960,36.93,0,119,742,0.773,120
WebGestor/Inventario/Inventario_EquiposConciliados.aspx.vb,vb,1136,55.05,119,493,8,0.007,612
WebGestor/Inventario/Inventario_EquiposxAlmacen.aspx,aspx,390,72.56,0,103,0,0.0,104
WebGestor/Inventario/Inventario_EquiposxAlmacen.aspx.vb,vb,516,46.83,61,169,31,0.06,230
WebGestor/Inventario/Inventario_Estadistica.aspx,aspx,84,68.07,0,27,0,0.0,28
WebGestor/Inventario/Inventario_Estadistica.aspx.vb,vb,188,43.98,14,45,8,0.043,59
WebGestor/Inventario/Inventario_ExportarExcel.aspx,aspx,5,58.0,0,1,0,0.0,2
WebGestor/Inventario/Inventario_ExportarExcel.aspx.vb,vb,40,35.73,2,1,4,0.1,3
WebGestor/Inventario/Inventario_Flujo_Atencion_Diaria.aspx,aspx,177,65.37,0,40,0,0.0,41
WebGestor/Inventario/Inventario_Flujo_Atencion_Diaria.aspx.vb,vb,76,36.41,6,15,2,0.026,21
WebGestor/Inventario/Inventario_Galeria_Fotos_xBien.aspx,aspx,33,46.42,0,1,0,0.0,2
WebGestor/Inventario/Inventario_Galeria_Fotos_xBien.aspx.vb,vb,57,40.54,6,11,3,0.053,17
WebGestor/Inventario/Inventario_Garantia_Equipos.aspx,aspx,169,114.93,0,53,0,0.0,54
WebGestor/Inventario/Inventario_Garantia_Equipos.aspx.vb,vb,143,55.94,26,26,1,0.007,52
WebGestor/Inventario/Inventario_Gastos.aspx,aspx,568,65.78,0,117,0,0.0,118
WebGestor/Inventario/Inventario_Gastos.aspx.vb,vb,459,52.78,37,152,38,0.083,189
WebGestor/Inventario/Inventario_GenerarGuia.aspx,aspx,682,72.4,0,203,0,0.0,204
WebGestor/Inventario/Inventario_GenerarGuia.aspx.vb,vb,1219,72.59,66,326,33,0.027,392
WebGestor/Inventario/Inventario_GenerarGuia_SinSalida.aspx,aspx,852,74.23,0,238,0,0.0,239
WebGestor/Inventario/Inventario_GenerarGuia_SinSalida.aspx.vb,vb,1765,73.17,107,453,134,0.076,560
WebGestor/Inventario/Inventario_GenerarLista.aspx,aspx,614,70.9,0,139,0,0.0,140
WebGestor/Inventario/Inventario_GenerarLista.aspx.vb,vb,408,51.54,39,120,2,0.005,159
WebGestor/Inventario/Inventario_Geolocalizacion_xBien.aspx,aspx,41,41.8,0,2,0,0.0,3
WebGestor/Inventario/Inventario_Geolocalizacion_xBien.aspx.vb,vb,11,25.55,2,2,0,0.0,4
WebGestor/Inventario/Inventario_GPS.aspx,aspx,253,63.44,0,76,0,0.0,77
WebGestor/Inventario/Inventario_GPS.aspx.vb,vb,909,52.63,58,209,77,0.085,267
WebGestor/Inventario/Inventario_Guia_Transportista.aspx,aspx,418,77.2,0,54,0,0.0,55
WebGestor/Inventario/Inventario_Guia_Transportista.aspx.vb,vb,280,48.09,20,57,32,0.114,77
WebGestor/Inventario/Inventario_GuiaRemision_Masiva.aspx,aspx,737,73.3,0,197,0,0.0,198
WebGestor/Inventario/Inventario_GuiaRemision_Masiva.aspx.vb,vb,875,78.59,70,190,26,0.03,260
WebGestor/Inventario/Inventario_GuiaRemision_Transporte.aspx,aspx,308,68.4,0,40,0,0.0,41
WebGestor/Inventario/Inventario_GuiaRemision_Transporte.aspx.vb,vb,214,43.46,21,51,5,0.023,72
WebGestor/Inventario/Inventario_Imprimir_Placas.aspx,aspx,59,48.54,0,13,0,0.0,14
WebGestor/Inventario/Inventario_Imprimir_Placas.aspx.vb,vb,372,43.01,6,43,39,0.105,49
WebGestor/Inventario/Inventario_Informacion_Bienes.aspx,aspx,199,79.53,0,93,0,0.0,94
WebGestor/Inventario/Inventario_Informacion_Bienes.aspx.vb,vb,102,44.21,6,25,12,0.118,31
WebGestor/Inventario/Inventario_Ingreso_Bienes_Desuso.aspx,aspx,792,77.11,0,252,0,0.0,253
WebGestor/Inventario/Inventario_Ingreso_Bienes_Desuso.aspx.vb,vb,4291,101.14,107,1334,136,0.032,1441
WebGestor/Inventario/Inventario_Ingreso_Equipos.aspx,aspx,579,73.65,0,136,0,0.0,137
WebGestor/Inventario/Inventario_Ingreso_Equipos.aspx.vb,vb,781,49.69,92,305,10,0.013,397
WebGestor/Inventario/Inventario_Ingreso_Equipos_Registrar.aspx,aspx,695,81.85,0,181,0,0.0,182
WebGestor/Inventario/Inventario_Ingreso_Equipos_Registrar.aspx.vb,vb,1379,63.91,78,484,25,0.018,562
WebGestor/Inventario/Inventario_Ingreso_Placas.aspx,aspx,137,68.54,0,51,0,0.0,52
WebGestor/Inventario/Inventario_Ingreso_Placas.aspx.designer.vb,vb,240,36.29,0,25,182,0.758,26
WebGestor/Inventario/Inventario_Ingreso_Placas.aspx.vb,vb,211,41.01,31,41,1,0.005,72
WebGestor/Inventario/Inventario_Ingreso_Series.aspx,aspx,293,93.49,0,107,0,0.0,108
WebGestor/Inventario/Inventario_Ingreso_Series.aspx.vb,vb,1122,62.39,45,375,57,0.051,420
WebGestor/Inventario/Inventario_Interface_GPS.aspx,aspx,380,66.55,0,117,0,0.0,118
WebGestor/Inventario/Inventario_Interface_GPS.aspx.vb,vb,1721,57.21,86,359,107,0.062,445
WebGestor/Inventario/Inventario_Kardex.aspx,aspx,520,86.66,0,140,0,0.0,141
WebGestor/Inventario/Inventario_Kardex.aspx.vb,vb,423,59.13,33,168,91,0.215,201
WebGestor/Inventario/Inventario_Lista_BienesInventariado.aspx,aspx,323,72.15,0,102,0,0.0,103
WebGestor/Inventario/Inventario_Lista_BienesInventariado.aspx.vb,vb,521,41.82,36,142,22,0.042,178
WebGestor/Inventario/Inventario_Lista_EquiposATratar.aspx,aspx,214,71.93,0,42,0,0.0,43
WebGestor/Inventario/Inventario_Lista_EquiposATratar.aspx.vb,vb,111,43.03,12,14,0,0.0,26
WebGestor/Inventario/Inventario_Lista_Oficina_SinUbicaciones.aspx,aspx,54,49.57,0,12,0,0.0,13
WebGestor/Inventario/Inventario_Lista_Oficina_SinUbicaciones.aspx.vb,vb,107,43.77,8,32,4,0.037,40
WebGestor/Inventario/Inventario_ListaTablaMovimientos_ParaGps.aspx,aspx,56,59.89,0,18,0,0.0,19
WebGestor/Inventario/Inventario_ListaTablaMovimientos_ParaGps.aspx.vb,vb,36,35.83,4,12,2,0.056,16
WebGestor/Inventario/Inventario_Monitoreo.aspx,aspx,512,65.67,0,106,0,0.0,107
WebGestor/Inventario/Inventario_Monitoreo.aspx.vb,vb,421,43.9,34,109,7,0.017,143
WebGestor/Inventario/Inventario_Movimiento_Equipos.aspx,aspx,533,73.54,0,125,0,0.0,126
WebGestor/Inventario/Inventario_Movimiento_Equipos.aspx.vb,vb,279,64.7,25,103,3,0.011,128
WebGestor/Inventario/Inventario_Pedido_Listado.aspx,aspx,77,74.94,0,35,0,0.0,36
WebGestor/Inventario/Inventario_Pedido_Listado.aspx.vb,vb,237,51.26,12,61,9,0.038,73
WebGestor/Inventario/Inventario_Pedidos.aspx,aspx,373,73.13,0,89,0,0.0,90
WebGestor/Inventario/Inventario_Pedidos.aspx.vb,vb,296,45.38,43,69,0,0.0,112
WebGestor/Inventario/Inventario_PopPud_DatosOficina.aspx,aspx,121,63.21,0,24,0,0.0,25
WebGestor/Inventario/Inventario_PopPud_DatosOficina.aspx.vb,vb,60,46.9,6,12,0,0.0,18
WebGestor/Inventario/Inventario_Programacion.aspx,aspx,38,40.53,0,8,0,0.0,9
WebGestor/Inventario/Inventario_Programacion.aspx.vb,vb,5,17.8,0,0,0,0.0,1
WebGestor/Inventario/Inventario_Recepcion_IngSeries.aspx,aspx,299,92.25,0,107,0,0.0,108
WebGestor/Inventario/Inventario_Recepcion_IngSeries.aspx.vb,vb,1122,63.98,46,381,25,0.022,427
WebGestor/Inventario/Inventario_Recepcion_Listado.aspx,aspx,856,69.06,0,218,0,0.0,219
WebGestor/Inventario/Inventario_Recepcion_Listado.aspx.vb,vb,1617,60.03,117,549,80,0.049,666
WebGestor/Inventario/Inventario_Recepcion_Registrar.aspx,aspx,845,82.64,0,226,0,0.0,227
WebGestor/Inventario/Inventario_Recepcion_Registrar.aspx.vb,vb,1641,63.3,91,588,53,0.032,679
WebGestor/Inventario/Inventario_Regularizar_Equipos.aspx,aspx,214,70.02,0,72,0,0.0,73
WebGestor/Inventario/Inventario_Regularizar_Equipos.aspx.vb,vb,483,64.13,30,235,0,0.0,265
WebGestor/Inventario/inventario_Regularizar_UbicacionCarga.aspx,aspx,194,61.91,0,57,0,0.0,58
WebGestor/Inventario/inventario_Regularizar_UbicacionCarga.aspx.vb,vb,160,41.09,24,31,1,0.006,55
WebGestor/Inventario/Inventario_Relacion_BienesInv.aspx,aspx,296,71.86,0,105,0,0.0,106
WebGestor/Inventario/Inventario_Relacion_BienesInv.aspx.vb,vb,1965,49.96,88,442,122,0.062,530
WebGestor/Inventario/Inventario_Relacion_Equipos_Prestados.aspx,aspx,302,81.03,0,112,0,0.0,113
WebGestor/Inventario/Inventario_Relacion_Equipos_Prestados.aspx.vb,vb,184,60.11,18,62,0,0.0,80
WebGestor/Inventario/Inventario_Relacion_GuiaInterna.aspx,aspx,477,64.48,0,120,0,0.0,121
WebGestor/Inventario/Inventario_Relacion_GuiaInterna.aspx.vb,vb,660,53.61,40,112,36,0.055,152
WebGestor/Inventario/Inventario_Relacion_GuiaRemision.aspx,aspx,497,65.35,0,128,0,0.0,129
WebGestor/Inventario/Inventario_Relacion_GuiaRemision.aspx.vb,vb,812,53.54,56,131,44,0.054,187
WebGestor/Inventario/Inventario_Relacion_Movimientos.aspx,aspx,297,69.64,0,65,0,0.0,66
WebGestor/Inventario/Inventario_Relacion_Movimientos.aspx.vb,vb,308,51.49,36,71,15,0.049,107
WebGestor/Inventario/Inventario_Relacion_Salidas_Almacent.aspx,aspx,373,75.79,0,101,0,0.0,102
WebGestor/Inventario/Inventario_Relacion_Salidas_Almacent.aspx.vb,vb,313,52.92,16,96,3,0.01,112
WebGestor/Inventario/Inventario_Relacion_Salidas_CCosto.aspx,aspx,238,69.23,0,70,0,0.0,71
WebGestor/Inventario/Inventario_Relacion_Salidas_CCosto.aspx.vb,vb,247,51.64,14,78,2,0.008,92
WebGestor/Inventario/Inventario_Resumen.aspx,aspx,372,67.09,0,112,0,0.0,113
WebGestor/Inventario/Inventario_Resumen.aspx.vb,vb,2251,49.22,96,484,165,0.073,580
WebGestor/Inventario/Inventario_Resumen_Estadistica.aspx,aspx,140,72.24,0,42,0,0.0,43
WebGestor/Inventario/Inventario_Resumen_Estadistica.aspx.vb,vb,189,48.09,20,40,6,0.032,60
WebGestor/Inventario/Inventario_Resumen_Oficinas.aspx,aspx,265,59.52,0,39,0,0.0,40
WebGestor/Inventario/Inventario_Resumen_Oficinas.aspx.vb,vb,210,44.24,14,72,11,0.052,86
WebGestor/Inventario/Inventario_SalidaIngreso_Alavez.aspx,aspx,542,74.32,0,158,0,0.0,159
WebGestor/Inventario/Inventario_SalidaIngreso_Alavez.aspx.vb,vb,2075,82.64,95,666,85,0.041,761
WebGestor/Inventario/Inventario_SalidasEnv_xRecibir.aspx,aspx,321,85.33,0,119,0,0.0,120
WebGestor/Inventario/Inventario_SalidasEnv_xRecibir.aspx.vb,vb,666,68.73,30,174,70,0.105,204
WebGestor/Inventario/Inventario_Stock_Articulos.aspx,aspx,383,72.36,0,86,0,0.0,87
WebGestor/Inventario/Inventario_Stock_Articulos.aspx.vb,vb,638,49.56,73,247,97,0.152,320
WebGestor/Inventario/Inventario_Ubicacion.aspx,aspx,790,72.62,0,213,0,0.0,214
WebGestor/Inventario/Inventario_Ubicacion.aspx.designer.vb,vb,600,37.02,0,81,462,0.77,82
WebGestor/Inventario/Inventario_Ubicacion.aspx.vb,vb,1011,50.47,123,293,4,0.004,416
WebGestor/Inventario/Inventario_Verificacion_Nueva.aspx,aspx,1240,74.31,0,338,0,0.0,339
WebGestor/Inventario/Inventario_Verificacion_Nueva.aspx.vb,vb,2274,55.7,163,909,34,0.015,1072
WebGestor/Inventario/Inventario_Verificar.aspx,aspx,1666,74.45,0,425,0,0.0,426
WebGestor/Inventario/Inventario_Verificar.aspx.designer.vb,vb,861,37.21,0,121,665,0.772,122
WebGestor/Inventario/Inventario_Verificar.aspx.vb,vb,3098,57.63,201,1225,54,0.017,1426
WebGestor/Inventario/Inventario_Verificar_Masivo.aspx,aspx,364,73.96,0,105,0,0.0,106
WebGestor/Inventario/Inventario_Verificar_Masivo.aspx.vb,vb,652,56.0,34,279,31,0.048,313
WebGestor/Inventario/Inventario_Verificar_SinImagen.aspx,aspx,1111,73.93,0,301,0,0.0,302
WebGestor/Inventario/Inventario_Verificar_SinImagen.aspx.vb,vb,1930,56.19,149,831,11,0.006,980
WebGestor/Inventario/Invnetario_Relacion_EquiposConciliados.aspx,aspx,170,69.71,0,50,0,0.0,51
WebGestor/Inventario/Invnetario_Relacion_EquiposConciliados.aspx.vb,vb,208,43.35,23,57,4,0.019,80
WebGestor/Inventario/InvReport_Recepcion.aspx,aspx,20,108.4,0,4,0,0.0,5
WebGestor/Inventario/InvReport_Recepcion.aspx.vb,vb,37,41.11,4,7,8,0.216,11
WebGestor/Inventario/Manejador.ashx,ashx,25,39.24,0,5,0,0.0,6
WebGestor/Inventario/Master_Inventario.master.vb,vb,5,17.8,0,0,0,0.0,1
WebGestor/Inventario/PagPrincipal_Inv.master.vb,vb,20,42.6,2,5,0,0.0,7
WebGestor/Inventario/ProductoSku.ashx,ashx,70,41.4,0,9,0,0.0,10
WebGestor/Inventario/RecepcionHandler.ashx,ashx,39,35.87,0,5,0,0.0,6
WebGestor/Inventario/RecepGuiaHandler.ashx,ashx,39,35.92,0,5,0,0.0,6
WebGestor/Inventario/SerieImagen.ashx,ashx,40,34.9,0,5,0,0.0,6
WebGestor/Inventario/TomarFoto.aspx,aspx,165,31.07,0,0,0,0.0,1
WebGestor/Inventario/TomarFoto.aspx.vb,vb,5,15.0,0,0,0,0.0,1
WebGestor/Js/bootstrap.js,javascript,1726,26.74,142,146,1,0.001,288
WebGestor/Js/bootstrap.min.js,javascript,7,5266.0,19,63,0,0.0,82
WebGestor/Js/bootstrapValidator.js,javascript,8231,38.59,30,1370,421,0.051,1400
WebGestor/Js/dataTables.bootstrap.min.js,javascript,8,243.88,0,14,0,0.0,15
WebGestor/Js/highcharts-3d.js,javascript,81,457.22,7,66,1,0.012,73
WebGestor/Js/highcharts-3d.src.js,javascript,4358,30.94,148,304,199,0.046,452
WebGestor/Js/highcharts-more.js,javascript,69,447.74,1,51,1,0.014,52
WebGestor/Js/highcharts-more.src.js,javascript,5018,31.53,138,422,227,0.045,560
WebGestor/Js/highcharts.js,javascript,402,499.63,19,549,1,0.002,568
WebGestor/Js/highcharts.src.js,javascript,40819,33.04,1614,4320,2165,0.053,5934
WebGestor/Js/Java.js,javascript,5,24.0,0,0,0,0.0,1
WebGestor/Js/jquery.dataTables.min.js,javascript,166,496.73,92,417,0,0.0,509
WebGestor/Js/jquery.min.js,javascript,11015,25.66,119,1937,1662,0.151,2056
WebGestor/Js/locationpicker.jquery.js,javascript,400,46.84,8,74,0,0.0,82
WebGestor/Js/main.js,javascript,71,23.63,4,8,0,0.0,12
WebGestor/Js/Popup.js,javascript,19,16.58,5,3,0,0.0,8
WebGestor/Js/PopupArticulos.js,javascript,17,13.35,4,0,0,0.0,4
WebGestor/Js/validacliente.js,javascript,7,37.43,1,1,0,0.0,2
WebGestor/MapaWeb.aspx,aspx,66,37.35,0,0,0,0.0,1
WebGestor/MapaWeb.aspx.vb,vb,5,12.4,0,0,0,0.0,1
WebGestor/MasterPage_Ejemplo.master.vb,vb,5,15.8,0,0,0,0.0,1
WebGestor/menu.js,javascript,23,16.65,2,1,1,0.043,3
WebGestor/Menu/_Default.aspx,aspx,42,253.17,0,27,0,0.0,28
WebGestor/Menu/_Default.aspx.vb,vb,478,63.97,21,235,38,0.079,256
WebGestor/Menu/Contacto.aspx,aspx,214,61.85,0,33,0,0.0,34
WebGestor/Menu/Contacto.aspx.vb,vb,110,48.85,13,53,6,0.055,66
WebGestor/Menu/Detalle.aspx,aspx,183,73.38,0,11,0,0.0,12
WebGestor/Menu/Detalle.aspx.vb,vb,215,69.74,8,90,28,0.13,98
WebGestor/Menu/HEstiloMenu.css,css,1,109.0,0,0,0,0.0,1
WebGestor/Menu/IngresarElemento.aspx,aspx,221,58.79,0,26,0,0.0,27
WebGestor/Menu/IngresarElemento.aspx.vb,vb,199,64.73,19,78,10,0.05,97
WebGestor/Menu/menu.ascx,ascx,29,45.55,0,1,0,0.0,2
WebGestor/Menu/Menu.ascx.vb,vb,91,41.12,12,29,12,0.132,41
WebGestor/Menu/MenuPrincipal.ascx,ascx,28,47.75,0,1,0,0.0,2
WebGestor/Menu/MenuPrincipal.ascx.vb,vb,83,46.53,8,26,1,0.012,34
WebGestor/Menu/PagMenu.master.vb,vb,39,47.26,2,15,1,0.026,17
WebGestor/Menu/Subscriptor.aspx,aspx,164,60.53,0,23,0,0.0,24
WebGestor/Menu/Subscriptor.aspx.vb,vb,132,43.17,11,44,3,0.023,55
WebGestor/MenuEstiloEj.css,css,254,24.85,0,0,0,0.0,1
WebGestor/MenuWeb/MenuWeb_Definicion.aspx,aspx,251,136.57,0,101,0,0.0,102
WebGestor/MenuWeb/MenuWeb_Definicion.aspx.vb,vb,684,59.96,68,271,4,0.006,339
WebGestor/MenuWeb/MenuWeb_Elementos.aspx,aspx,219,57.19,0,44,0,0.0,45
WebGestor/MenuWeb/MenuWeb_Elementos.aspx.vb,vb,244,56.34,19,91,8,0.033,110
WebGestor/MenuWeb/MenuWeb_Registra_Auspiciador.aspx,aspx,281,64.58,0,33,0,0.0,34
WebGestor/MenuWeb/MenuWeb_Registra_Auspiciador.aspx.vb,vb,108,58.97,20,44,0,0.0,64
WebGestor/MenuWeb/MenuWeb_Registra_Elemento.aspx,aspx,349,76.74,0,63,0,0.0,64
WebGestor/MenuWeb/MenuWeb_Registra_Elemento.aspx.vb,vb,133,68.58,16,73,0,0.0,89
WebGestor/MenuWeb/PagPrincipal_MenuWeb.master.vb,vb,20,41.0,2,5,0,0.0,7
WebGestor/MesaAyuda/AdminProblemas_Creacion.aspx,aspx,291,215.31,0,201,0,0.0,202
WebGestor/MesaAyuda/AdminProblemas_Creacion.aspx.vb,vb,879,60.97,78,337,33,0.038,415
WebGestor/MesaAyuda/AdminProblemas_Creacion2.aspx,aspx,353,73.21,0,97,0,0.0,98
WebGestor/MesaAyuda/AdminProblemas_Creacion2.aspx.vb,vb,574,60.09,37,238,61,0.106,275
WebGestor/MesaAyuda/AdminProblemas_Creacion21.aspx,aspx,352,70.98,0,98,0,0.0,99
WebGestor/MesaAyuda/AdminProblemas_Creacion21.aspx.vb,vb,571,60.07,35,238,34,0.06,273
WebGestor/MesaAyuda/AdminProblemas_Creacion_Edicion.aspx,aspx,257,252.82,0,199,0,0.0,200
WebGestor/MesaAyuda/AdminProblemas_Creacion_Edicion.aspx.vb,vb,862,61.07,77,331,12,0.014,408
WebGestor/MesaAyuda/AdminProblemas_Define_BaseDatos.aspx,aspx,282,72.98,0,67,0,0.0,68
WebGestor/MesaAyuda/AdminProblemas_Define_BaseDatos.aspx.vb,vb,303,64.45,33,142,2,0.007,175
WebGestor/MesaAyuda/AdminProblemas_Define_Personas.aspx,aspx,210,89.89,0,60,0,0.0,61
WebGestor/MesaAyuda/AdminProblemas_Define_Personas.aspx.vb,vb,262,68.26,28,106,0,0.0,134
WebGestor/MesaAyuda/AdminProblemas_DefineTablas1.aspx,aspx,209,117.31,0,66,0,0.0,67
WebGestor/MesaAyuda/AdminProblemas_DefineTablas1.aspx.vb,vb,347,49.89,52,100,0,0.0,152
WebGestor/MesaAyuda/AdminProblemas_DefineTablas2.aspx,aspx,188,155.24,0,74,0,0.0,75
WebGestor/MesaAyuda/AdminProblemas_DefineTablas2.aspx.vb,vb,429,52.02,73,114,5,0.012,187
WebGestor/MesaAyuda/AdminProblemas_DiferenciasTiempo.aspx,aspx,94,70.77,0,18,0,0.0,19
WebGestor/MesaAyuda/AdminProblemas_DiferenciasTiempo.aspx.vb,vb,59,40.97,8,11,17,0.288,19
WebGestor/MesaAyuda/AdminProblemas_Lista_Enlace_TemasAyuda.aspx,aspx,148,67.32,0,27,0,0.0,28
WebGestor/MesaAyuda/AdminProblemas_Lista_Enlace_TemasAyuda.aspx.vb,vb,117,47.15,18,26,2,0.017,44
WebGestor/MesaAyuda/AdminProblemas_Listado.aspx,aspx,279,212.96,0,197,0,0.0,198
WebGestor/MesaAyuda/AdminProblemas_Listado.aspx.vb,vb,886,59.98,73,330,29,0.033,403
WebGestor/MesaAyuda/AdminProblemas_Registrar.aspx,aspx,1188,69.51,0,288,0,0.0,289
WebGestor/MesaAyuda/AdminProblemas_Registrar.aspx.vb,vb,870,60.25,112,335,79,0.091,447
WebGestor/MesaAyuda/AdminProblemas_Registrar_Fecha.aspx,aspx,1215,69.54,0,287,0,0.0,288
WebGestor/MesaAyuda/AdminProblemas_Registrar_Fecha.aspx.vb,vb,878,60.81,115,332,80,0.091,447
WebGestor/MesaAyuda/AdminProblemas_Registrar_Usuario.aspx,aspx,738,64.62,0,161,0,0.0,162
WebGestor/MesaAyuda/AdminProblemas_Registrar_Usuario.aspx.vb,vb,668,62.96,73,273,34,0.051,346
WebGestor/MesaAyuda/AdminProblemas_Reportar.aspx,aspx,413,57.13,0,41,0,0.0,42
WebGestor/MesaAyuda/AdminProblemas_Reportar.aspx.vb,vb,324,57.19,39,138,7,0.022,177
WebGestor/MesaAyuda/PagPrincipal_MesaAyuda.master.vb,vb,20,41.1,2,5,0,0.0,7
WebGestor/MP_Principal.master.vb,vb,138,57.02,10,37,9,0.065,47
WebGestor/MProyLeft.ascx,ascx,28,39.04,0,1,0,0.0,2
WebGestor/MProyLeft.ascx.vb,vb,158,54.61,16,42,15,0.095,58
WebGestor/MProyRight.ascx,ascx,26,52.15,0,3,0,0.0,4
WebGestor/MProyRight.ascx.vb,vb,125,47.68,12,40,11,0.088,52
WebGestor/My Project/Application.Designer.vb,vb,12,33.08,0,0,7,0.583,1
WebGestor/My Project/AssemblyInfo.vb,vb,34,34.97,0,5,15,0.441,6
WebGestor/My Project/MyExtensions/MyWebExtension.vb,vb,73,46.74,0,13,19,0.26,14
WebGestor/My Project/Resources.Designer.vb,vb,61,44.34,0,2,21,0.344,3
WebGestor/My Project/Settings.Designer.vb,vb,72,39.21,2,12,7,0.097,14
WebGestor/OperadorLogistico/Inventario_Archivo_Telefonica.aspx,aspx,196,54.55,0,24,0,0.0,25
WebGestor/OperadorLogistico/Inventario_Archivo_Telefonica.aspx.vb,vb,73,41.1,12,13,2,0.027,25
WebGestor/OperadorLogistico/Inventario_CargaAgenda.aspx,aspx,78,54.19,0,5,0,0.0,6
WebGestor/OperadorLogistico/Inventario_CargaAgenda.aspx.vb,vb,152,58.89,9,36,6,0.039,45
WebGestor/OperadorLogistico/Inventario_GuiaArchivo.aspx,aspx,182,56.97,0,23,0,0.0,24
WebGestor/OperadorLogistico/Inventario_GuiaArchivo.aspx.vb,vb,48,38.56,10,7,1,0.021,17
WebGestor/OperadorLogistico/Inventario_GuiaRemision.aspx,aspx,440,81.54,0,115,0,0.0,116
WebGestor/OperadorLogistico/Inventario_GuiaRemision.aspx.vb,vb,344,50.73,34,118,17,0.049,152
WebGestor/OperadorLogistico/Inventario_GuiaRemision_Admin.aspx,aspx,452,82.53,0,122,0,0.0,123
WebGestor/OperadorLogistico/Inventario_GuiaRemision_Admin.aspx.vb,vb,329,49.4,38,109,3,0.009,147
WebGestor/OperadorLogistico/Inventario_GuiaRemision_CargaArch.aspx,aspx,390,73.95,0,52,0,0.0,53
WebGestor/OperadorLogistico/Inventario_GuiaRemision_CargaArch.aspx.vb,vb,130,54.02,12,18,0,0.0,30
WebGestor/OperadorLogistico/Inventario_GuiaRemision_CargaArch_Admin.aspx,aspx,407,73.61,0,54,0,0.0,55
WebGestor/OperadorLogistico/Inventario_GuiaRemision_CargaArch_Admin.aspx.vb,vb,145,52.73,14,24,0,0.0,38
WebGestor/OperadorLogistico/Inventario_GuiaRemision_Update.aspx,aspx,426,83.36,0,112,0,0.0,113
WebGestor/OperadorLogistico/Inventario_GuiaRemision_Update.aspx.vb,vb,313,53.03,31,112,7,0.022,143
WebGestor/OperadorLogistico/Inventario_Personas.aspx,aspx,190,91.25,0,47,0,0.0,48
WebGestor/OperadorLogistico/Inventario_Personas.aspx.vb,vb,103,51.64,17,23,0,0.0,40
WebGestor/OperadorLogistico/Inventario_Personas_xFechaEntrega.aspx,aspx,356,62.52,0,58,0,0.0,59
WebGestor/OperadorLogistico/Inventario_Personas_xFechaEntrega.aspx.vb,vb,136,48.14,16,25,1,0.007,41
WebGestor/OperadorLogistico/PagPrincipal_OpLogistico.master.vb,vb,20,41.25,2,5,1,0.05,7
WebGestor/PaginaMaestra_Web.master.vb,vb,11,23.64,2,0,0,0.0,2
WebGestor/PaginaPrincipal.aspx,aspx,73,64.08,0,5,0,0.0,6
WebGestor/PaginaPrincipal.aspx.vb,vb,145,54.88,11,57,15,0.103,68
WebGestor/PagPrincipal.master.vb,vb,20,42.45,2,5,1,0.05,7
WebGestor/PagPrincipal_A.master.vb,vb,24,40.75,2,5,1,0.042,7
WebGestor/PersonalAgenda/Agenda_Citas.aspx,aspx,575,111.49,0,115,0,0.0,116
WebGestor/PersonalAgenda/Agenda_Citas.aspx.vb,vb,1044,61.22,56,452,37,0.035,508
WebGestor/PersonalAgenda/Agenda_Entrevista.aspx,aspx,677,114.37,0,140,0,0.0,141
WebGestor/PersonalAgenda/Agenda_Entrevista.aspx.vb,vb,982,69.16,86,408,18,0.018,494
WebGestor/PersonalAgenda/Agenda_Tablas.aspx,aspx,254,124.26,0,116,0,0.0,117
WebGestor/PersonalAgenda/Agenda_Tablas.aspx.vb,vb,1205,54.14,106,461,72,0.06,567
WebGestor/PersonalAgenda/PagPrincipal_PersonalAgenda.master.vb,vb,20,41.35,2,5,0,0.0,7
WebGestor/plugins/bootstrap-slider/bootstrap-slider.js,javascript,1167,29.99,8,162,48,0.041,170
WebGestor/plugins/bootstrap-slider/slider.css,css,169,25.12,0,0,0,0.0,1
WebGestor/plugins/bootstrap-wysihtml5/bootstrap3-wysihtml5.all.min.js,javascript,6,22906.83,111,651,0,0.0,762
WebGestor/plugins/bootstrap-wysihtml5/bootstrap3-wysihtml5.css,css,102,21.88,0,0,0,0.0,1
WebGestor/plugins/bootstrap-wysihtml5/bootstrap3-wysihtml5.js,javascript,350,28.31,3,25,4,0.011,28
WebGestor/plugins/bootstrap-wysihtml5/bootstrap3-wysihtml5.min.css,css,3,691.33,0,0,0,0.0,1
WebGestor/plugins/chartjs/Chart.js,javascript,3457,30.56,42,308,330,0.095,350
WebGestor/plugins/chartjs/Chart.min.js,javascript,11,4711.82,1,80,0,0.0,81
WebGestor/plugins/ckeditor/adapters/jquery.js,javascript,10,299.1,0,20,0,0.0,21
WebGestor/plugins/ckeditor/build-config.js,javascript,142,15.26,0,3,0,0.0,4
WebGestor/plugins/ckeditor/ckeditor.js,javascript,900,510.02,320,2803,0,0.0,3123
WebGestor/plugins/ckeditor/config.js,javascript,38,33.76,0,5,8,0.211,6
WebGestor/plugins/ckeditor/contents.css,css,123,13.04,0,0,0,0.0,1
WebGestor/plugins/ckeditor/lang/af.js,javascript,5,2380.0,0,35,0,0.0,36
WebGestor/plugins/ckeditor/lang/ar.js,javascript,5,2270.6,0,15,0,0.0,16
WebGestor/plugins/ckeditor/lang/bg.js,javascript,5,2504.8,0,18,0,0.0,19
WebGestor/plugins/ckeditor/lang/bn.js,javascript,5,2378.2,0,35,0,0.0,36
WebGestor/plugins/ckeditor/lang/bs.js,javascript,5,2377.4,0,40,0,0.0,41
WebGestor/plugins/ckeditor/lang/ca.js,javascript,5,2615.0,0,38,0,0.0,39
WebGestor/plugins/ckeditor/lang/cs.js,javascript,5,2483.6,0,22,0,0.0,23
WebGestor/plugins/ckeditor/lang/cy.js,javascript,5,2470.6,0,45,0,0.0,46
WebGestor/plugins/ckeditor/lang/da.js,javascript,5,2438.0,0,71,0,0.0,72
WebGestor/plugins/ckeditor/lang/de.js,javascript,5,2622.0,0,34,0,0.0,35
WebGestor/plugins/ckeditor/lang/el.js,javascript,5,2679.4,0,15,0,0.0,16
WebGestor/plugins/ckeditor/lang/en-au.js,javascript,5,2369.2,0,42,0,0.0,43
WebGestor/plugins/ckeditor/lang/en-ca.js,javascript,5,2369.2,0,42,0,0.0,43
WebGestor/plugins/ckeditor/lang/en-gb.js,javascript,5,2371.2,0,42,0,0.0,43
WebGestor/plugins/ckeditor/lang/en.js,javascript,5,2373.0,0,42,0,0.0,43
WebGestor/plugins/ckeditor/lang/eo.js,javascript,5,2507.0,0,31,0,0.0,32
WebGestor/plugins/ckeditor/lang/es.js,javascript,5,2653.4,0,27,0,0.0,28
WebGestor/plugins/ckeditor/lang/et.js,javascript,5,2433.0,0,11,0,0.0,12
WebGestor/plugins/ckeditor/lang/eu.js,javascript,5,2579.6,0,26,0,0.0,27
WebGestor/plugins/ckeditor/lang/fa.js,javascript,5,2354.2,0,11,0,0.0,12
WebGestor/plugins/ckeditor/lang/fi.js,javascript,5,2483.0,0,11,0,0.0,12
WebGestor/plugins/ckeditor/lang/fo.js,javascript,5,2467.2,0,36,0,0.0,37
WebGestor/plugins/ckeditor/lang/fr-ca.js,javascript,5,2599.8,0,48,0,0.0,49
WebGestor/plugins/ckeditor/lang/fr.js,javascript,5,2700.4,0,47,0,0.0,48
WebGestor/plugins/ckeditor/lang/gl.js,javascript,5,2586.4,0,32,0,0.0,33
WebGestor/plugins/ckeditor/lang/gu.js,javascript,5,2338.2,0,11,0,0.0,12
WebGestor/plugins/ckeditor/lang/he.js,javascript,5,2177.6,0,11,0,0.0,12
WebGestor/plugins/ckeditor/lang/hi.js,javascript,5,2353.6,0,31,0,0.0,32
WebGestor/plugins/ckeditor/lang/hr.js,javascript,5,2406.8,0,20,0,0.0,21
WebGestor/plugins/ckeditor/lang/hu.js,javascript,5,2538.0,0,21,0,0.0,22
WebGestor/plugins/ckeditor/lang/id.js,javascript,5,2423.2,0,32,0,0.0,33
WebGestor/plugins/ckeditor/lang/is.js,javascript,5,2400.4,0,37,0,0.0,38
WebGestor/plugins/ckeditor/lang/it.js,javascript,5,2638.0,0,28,0,0.0,29
WebGestor/plugins/ckeditor/lang/ja.js,javascript,5,1809.0,0,12,0,0.0,13
WebGestor/plugins/ckeditor/lang/ka.js,javascript,5,2491.6,0,19,0,0.0,20
WebGestor/plugins/ckeditor/lang/km.js,javascript,5,2369.8,0,18,0,0.0,19
WebGestor/plugins/ckeditor/lang/ko.js,javascript,5,1943.4,0,25,0,0.0,26
WebGestor/plugins/ckeditor/lang/ku.js,javascript,5,2495.6,0,10,0,0.0,11
WebGestor/plugins/ckeditor/lang/lt.js,javascript,5,2512.0,0,23,0,0.0,24
WebGestor/plugins/ckeditor/lang/lv.js,javascript,5,2530.6,0,21,0,0.0,22
WebGestor/plugins/ckeditor/lang/mk.js,javascript,5,2372.6,0,42,0,0.0,43
WebGestor/plugins/ckeditor/lang/mn.js,javascript,5,2489.8,0,32,0,0.0,33
WebGestor/plugins/ckeditor/lang/ms.js,javascript,5,2418.4,0,41,0,0.0,42
WebGestor/plugins/ckeditor/lang/nb.js,javascript,5,2414.2,0,60,0,0.0,61
WebGestor/plugins/ckeditor/lang/nl.js,javascript,5,2546.4,0,18,0,0.0,19
WebGestor/plugins/ckeditor/lang/no.js,javascript,5,2411.0,0,60,0,0.0,61
WebGestor/plugins/ckeditor/lang/pl.js,javascript,5,2566.0,0,28,0,0.0,29
WebGestor/plugins/ckeditor/lang/pt-br.js,javascript,5,2638.4,0,47,0,0.0,48
WebGestor/plugins/ckeditor/lang/pt.js,javascript,5,2591.4,0,42,0,0.0,43
WebGestor/plugins/ckeditor/lang/ro.js,javascript,5,2645.8,0,50,0,0.0,51
WebGestor/plugins/ckeditor/lang/ru.js,javascript,5,2627.2,0,11,0,0.0,12
WebGestor/plugins/ckeditor/lang/si.js,javascript,5,2351.2,0,21,0,0.0,22
WebGestor/plugins/ckeditor/lang/sk.js,javascript,5,2518.4,0,25,0,0.0,26
WebGestor/plugins/ckeditor/lang/sl.js,javascript,5,2451.4,0,17,0,0.0,18
WebGestor/plugins/ckeditor/lang/sq.js,javascript,5,2556.8,0,26,0,0.0,27
WebGestor/plugins/ckeditor/lang/sr-latn.js,javascript,5,2428.8,0,40,0,0.0,41
WebGestor/plugins/ckeditor/lang/sr.js,javascript,5,2421.6,0,34,0,0.0,35
WebGestor/plugins/ckeditor/lang/sv.js,javascript,5,2378.2,0,24,0,0.0,25
WebGestor/plugins/ckeditor/lang/th.js,javascript,5,2477.0,0,34,0,0.0,35
WebGestor/plugins/ckeditor/lang/tr.js,javascript,5,2453.2,0,20,0,0.0,21
WebGestor/plugins/ckeditor/lang/ug.js,javascript,5,2521.6,0,11,0,0.0,12
WebGestor/plugins/ckeditor/lang/uk.js,javascript,5,2594.0,0,11,0,0.0,12
WebGestor/plugins/ckeditor/lang/vi.js,javascript,5,2518.0,0,11,0,0.0,12
WebGestor/plugins/ckeditor/lang/zh-cn.js,javascript,5,1580.0,0,11,0,0.0,12
WebGestor/plugins/ckeditor/lang/zh.js,javascript,5,1723.2,0,18,0,0.0,19
WebGestor/plugins/ckeditor/plugins/a11yhelp/dialogs/a11yhelp.js,javascript,10,284.0,0,11,0,0.0,12
WebGestor/plugins/ckeditor/plugins/a11yhelp/dialogs/lang/ar.js,javascript,9,316.22,0,11,0,0.0,12
WebGestor/plugins/ckeditor/plugins/a11yhelp/dialogs/lang/bg.js,javascript,9,316.33,0,11,0,0.0,12
WebGestor/plugins/ckeditor/plugins/a11yhelp/dialogs/lang/ca.js,javascript,10,333.6,0,7,0,0.0,8
WebGestor/plugins/ckeditor/plugins/a11yhelp/dialogs/lang/cs.js,javascript,10,321.5,0,7,0,0.0,8
WebGestor/plugins/ckeditor/plugins/a11yhelp/dialogs/lang/cy.js,javascript,9,351.67,0,9,0,0.0,10
WebGestor/plugins/ckeditor/plugins/a11yhelp/dialogs/lang/da.js,javascript,9,317.89,0,14,0,0.0,15
WebGestor/plugins/ckeditor/plugins/a11yhelp/dialogs/lang/de.js,javascript,10,329.5,0,9,0,0.0,10
WebGestor/plugins/ckeditor/plugins/a11yhelp/dialogs/lang/el.js,javascript,10,357.2,0,7,0,0.0,8
WebGestor/plugins/ckeditor/plugins/a11yhelp/dialogs/lang/en.js,javascript,9,316.67,0,11,0,0.0,12
WebGestor/plugins/ckeditor/plugins/a11yhelp/dialogs/lang/eo.js,javascript,10,349.4,0,4,0,0.0,5
WebGestor/plugins/ckeditor/plugins/a11yhelp/dialogs/lang/es.js,javascript,10,339.2,0,6,0,0.0,7
WebGestor/plugins/ckeditor/plugins/a11yhelp/dialogs/lang/et.js,javascript,9,317.56,0,11,0,0.0,12
WebGestor/plugins/ckeditor/plugins/a11yhelp/dialogs/lang/fa.js,javascript,9,335.33,0,7,0,0.0,8
WebGestor/plugins/ckeditor/plugins/a11yhelp/dialogs/lang/fi.js,javascript,10,334.4,0,7,0,0.0,8
WebGestor/plugins/ckeditor/plugins/a11yhelp/dialogs/lang/fr-ca.js,javascript,10,383.4,0,7,0,0.0,8
WebGestor/plugins/ckeditor/plugins/a11yhelp/dialogs/lang/fr.js,javascript,11,366.55,0,5,0,0.0,6
WebGestor/plugins/ckeditor/plugins/a11yhelp/dialogs/lang/gl.js,javascript,10,326.9,0,2,0,0.0,3
WebGestor/plugins/ckeditor/plugins/a11yhelp/dialogs/lang/gu.js,javascript,9,313.56,0,11,0,0.0,12
WebGestor/plugins/ckeditor/plugins/a11yhelp/dialogs/lang/he.js,javascript,9,298.78,0,7,0,0.0,8
WebGestor/plugins/ckeditor/plugins/a11yhelp/dialogs/lang/hi.js,javascript,9,316.67,0,11,0,0.0,12
WebGestor/plugins/ckeditor/plugins/a11yhelp/dialogs/lang/hr.js,javascript,9,333.67,0,7,0,0.0,8
WebGestor/plugins/ckeditor/plugins/a11yhelp/dialogs/lang/hu.js,javascript,10,331.7,0,7,0,0.0,8
WebGestor/plugins/ckeditor/plugins/a11yhelp/dialogs/lang/id.js,javascript,9,316.11,0,11,0,0.0,12
WebGestor/plugins/ckeditor/plugins/a11yhelp/dialogs/lang/it.js,javascript,10,353.3,0,1,0,0.0,2
WebGestor/plugins/ckeditor/plugins/a11yhelp/dialogs/lang/ja.js,javascript,8,244.12,0,7,0,0.0,8
WebGestor/plugins/ckeditor/plugins/a11yhelp/dialogs/lang/km.js,javascript,9,316.33,0,11,0,0.0,12
WebGestor/plugins/ckeditor/plugins/a11yhelp/dialogs/lang/ko.js,javascript,9,312.89,0,11,0,0.0,12
WebGestor/plugins/ckeditor/plugins/a11yhelp/dialogs/lang/ku.js,javascript,10,328.8,0,10,0,0.0,11
WebGestor/plugins/ckeditor/plugins/a11yhelp/dialogs/lang/lt.js,javascript,9,317.56,0,11,0,0.0,12
WebGestor/plugins/ckeditor/plugins/a11yhelp/dialogs/lang/lv.js,javascript,11,324.91,0,7,0,0.0,8
WebGestor/plugins/ckeditor/plugins/a11yhelp/dialogs/lang/mk.js,javascript,9,320.44,0,11,0,0.0,12
WebGestor/plugins/ckeditor/plugins/a11yhelp/dialogs/lang/mn.js,javascript,9,316.67,0,11,0,0.0,12
WebGestor/plugins/ckeditor/plugins/a11yhelp/dialogs/lang/nb.js,javascript,9,349.22,0,69,0,0.0,70
WebGestor/plugins/ckeditor/plugins/a11yhelp/dialogs/lang/nl.js,javascript,10,332.6,0,7,0,0.0,8
WebGestor/plugins/ckeditor/plugins/a11yhelp/dialogs/lang/no.js,javascript,9,348.89,0,69,0,0.0,70
WebGestor/plugins/ckeditor/plugins/a11yhelp/dialogs/lang/pl.js,javascript,10,336.7,0,11,0,0.0,12
WebGestor/plugins/ckeditor/plugins/a11yhelp/dialogs/lang/pt-br.js,javascript,9,361.0,0,7,0,0.0,8
WebGestor/plugins/ckeditor/plugins/a11yhelp/dialogs/lang/pt.js,javascript,10,342.5,0,7,0,0.0,8
WebGestor/plugins/ckeditor/plugins/a11yhelp/dialogs/lang/ro.js,javascript,9,318.89,0,11,0,0.0,12
WebGestor/plugins/ckeditor/plugins/a11yhelp/dialogs/lang/ru.js,javascript,9,354.44,0,8,0,0.0,9
WebGestor/plugins/ckeditor/plugins/a11yhelp/dialogs/lang/si.js,javascript,8,329.88,0,7,0,0.0,8
WebGestor/plugins/ckeditor/plugins/a11yhelp/dialogs/lang/sk.js,javascript,10,337.3,0,7,0,0.0,8
WebGestor/plugins/ckeditor/plugins/a11yhelp/dialogs/lang/sl.js,javascript,10,333.3,0,7,0,0.0,8
WebGestor/plugins/ckeditor/plugins/a11yhelp/dialogs/lang/sq.js,javascript,9,321.56,0,11,0,0.0,12
WebGestor/plugins/ckeditor/plugins/a11yhelp/dialogs/lang/sr-latn.js,javascript,9,317.0,0,11,0,0.0,12
WebGestor/plugins/ckeditor/plugins/a11yhelp/dialogs/lang/sr.js,javascript,9,316.44,0,11,0,0.0,12
WebGestor/plugins/ckeditor/plugins/a11yhelp/dialogs/lang/sv.js,javascript,10,315.9,0,35,0,0.0,36
WebGestor/plugins/ckeditor/plugins/a11yhelp/dialogs/lang/th.js,javascript,9,320.0,0,11,0,0.0,12
WebGestor/plugins/ckeditor/plugins/a11yhelp/dialogs/lang/tr.js,javascript,10,313.2,0,7,0,0.0,8
WebGestor/plugins/ckeditor/plugins/a11yhelp/dialogs/lang/ug.js,javascript,9,365.56,0,7,0,0.0,8
WebGestor/plugins/ckeditor/plugins/a11yhelp/dialogs/lang/uk.js,javascript,10,319.3,0,6,0,0.0,7
WebGestor/plugins/ckeditor/plugins/a11yhelp/dialogs/lang/vi.js,javascript,9,366.67,0,7,0,0.0,8
WebGestor/plugins/ckeditor/plugins/a11yhelp/dialogs/lang/zh-cn.js,javascript,7,227.71,0,7,0,0.0,8
WebGestor/plugins/ckeditor/plugins/a11yhelp/dialogs/lang/zh.js,javascript,7,239.71,0,7,0,0.0,8
WebGestor/plugins/ckeditor/plugins/about/dialogs/about.js,javascript,7,214.71,0,1,0,0.0,2
WebGestor/plugins/ckeditor/plugins/clipboard/dialogs/paste.js,javascript,11,317.0,1,10,0,0.0,11
WebGestor/plugins/ckeditor/plugins/dialog/dialogDefinition.js,javascript,4,35.5,0,1,0,0.0,2
WebGestor/plugins/ckeditor/plugins/image/dialogs/image.js,javascript,43,477.21,3,41,0,0.0,44
WebGestor/plugins/ckeditor/plugins/link/dialogs/anchor.js,javascript,8,240.12,0,5,0,0.0,6
WebGestor/plugins/ckeditor/plugins/link/dialogs/link.js,javascript,37,447.05,4,61,0,0.0,65
WebGestor/plugins/ckeditor/plugins/pastefromword/filter/default.js,javascript,31,448.32,2,97,0,0.0,99
WebGestor/plugins/ckeditor/plugins/scayt/dialogs/options.js,javascript,20,408.7,8,43,0,0.0,51
WebGestor/plugins/ckeditor/plugins/scayt/dialogs/toolbar.css,css,71,16.34,0,0,0,0.0,1
WebGestor/plugins/ckeditor/plugins/specialchar/dialogs/lang/ar.js,javascript,13,349.0,0,1,0,0.0,2
WebGestor/plugins/ckeditor/plugins/specialchar/dialogs/lang/bg.js,javascript,13,348.38,0,1,0,0.0,2
WebGestor/plugins/ckeditor/plugins/specialchar/dialogs/lang/ca.js,javascript,14,348.5,0,1,0,0.0,2
WebGestor/plugins/ckeditor/plugins/specialchar/dialogs/lang/cs.js,javascript,13,354.85,0,1,0,0.0,2
WebGestor/plugins/ckeditor/plugins/specialchar/dialogs/lang/cy.js,javascript,14,347.86,0,35,0,0.0,36
WebGestor/plugins/ckeditor/plugins/specialchar/dialogs/lang/de.js,javascript,13,360.69,0,1,0,0.0,2
WebGestor/plugins/ckeditor/plugins/specialchar/dialogs/lang/el.js,javascript,13,363.0,0,1,0,0.0,2
WebGestor/plugins/ckeditor/plugins/specialchar/dialogs/lang/en.js,javascript,13,348.23,0,1,0,0.0,2
WebGestor/plugins/ckeditor/plugins/specialchar/dialogs/lang/eo.js,javascript,12,333.0,0,1,0,0.0,2
WebGestor/plugins/ckeditor/plugins/specialchar/dialogs/lang/es.js,javascript,13,371.15,0,1,0,0.0,2
WebGestor/plugins/ckeditor/plugins/specialchar/dialogs/lang/et.js,javascript,13,340.85,0,1,0,0.0,2
WebGestor/plugins/ckeditor/plugins/specialchar/dialogs/lang/fa.js,javascript,12,315.0,0,1,0,0.0,2
WebGestor/plugins/ckeditor/plugins/specialchar/dialogs/lang/fi.js,javascript,13,350.62,0,1,0,0.0,2
WebGestor/plugins/ckeditor/plugins/specialchar/dialogs/lang/fr-ca.js,javascript,10,314.9,0,1,0,0.0,2
WebGestor/plugins/ckeditor/plugins/specialchar/dialogs/lang/fr.js,javascript,11,343.82,0,1,0,0.0,2
WebGestor/plugins/ckeditor/plugins/specialchar/dialogs/lang/gl.js,javascript,13,374.38,0,3,0,0.0,4
WebGestor/plugins/ckeditor/plugins/specialchar/dialogs/lang/he.js,javascript,12,347.08,0,1,0,0.0,2
WebGestor/plugins/ckeditor/plugins/specialchar/dialogs/lang/hr.js,javascript,13,345.77,0,1,0,0.0,2
WebGestor/plugins/ckeditor/plugins/specialchar/dialogs/lang/hu.js,javascript,12,327.83,0,13,0,0.0,14
WebGestor/plugins/ckeditor/plugins/specialchar/dialogs/lang/id.js,javascript,13,348.92,0,1,0,0.0,2
WebGestor/plugins/ckeditor/plugins/specialchar/dialogs/lang/it.js,javascript,14,357.21,0,1,0,0.0,2
WebGestor/plugins/ckeditor/plugins/specialchar/dialogs/lang/ja.js,javascript,9,246.44,0,1,0,0.0,2
WebGestor/plugins/ckeditor/plugins/specialchar/dialogs/lang/km.js,javascript,13,349.15,0,1,0,0.0,2
WebGestor/plugins/ckeditor/plugins/specialchar/dialogs/lang/ku.js,javascript,13,360.92,0,1,0,0.0,2
WebGestor/plugins/ckeditor/plugins/specialchar/dialogs/lang/lv.js,javascript,13,360.23,0,1,0,0.0,2
WebGestor/plugins/ckeditor/plugins/specialchar/dialogs/lang/nb.js,javascript,11,307.0,0,1,0,0.0,2
WebGestor/plugins/ckeditor/plugins/specialchar/dialogs/lang/nl.js,javascript,13,361.85,0,1,0,0.0,2
WebGestor/plugins/ckeditor/plugins/specialchar/dialogs/lang/no.js,javascript,11,307.0,0,1,0,0.0,2
WebGestor/plugins/ckeditor/plugins/specialchar/dialogs/lang/pl.js,javascript,12,345.58,0,14,0,0.0,15
WebGestor/plugins/ckeditor/plugins/specialchar/dialogs/lang/pt-br.js,javascript,11,337.91,0,1,0,0.0,2
WebGestor/plugins/ckeditor/plugins/specialchar/dialogs/lang/pt.js,javascript,13,358.54,0,2,0,0.0,3
WebGestor/plugins/ckeditor/plugins/specialchar/dialogs/lang/ru.js,javascript,13,354.69,0,1,0,0.0,2
WebGestor/plugins/ckeditor/plugins/specialchar/dialogs/lang/si.js,javascript,13,344.92,0,1,0,0.0,2
WebGestor/plugins/ckeditor/plugins/specialchar/dialogs/lang/sk.js,javascript,13,338.31,0,1,0,0.0,2
WebGestor/plugins/ckeditor/plugins/specialchar/dialogs/lang/sl.js,javascript,12,350.25,0,1,0,0.0,2
WebGestor/plugins/ckeditor/plugins/specialchar/dialogs/lang/sq.js,javascript,13,371.62,0,1,0,0.0,2
WebGestor/plugins/ckeditor/plugins/specialchar/dialogs/lang/sv.js,javascript,11,312.0,0,1,0,0.0,2
WebGestor/plugins/ckeditor/plugins/specialchar/dialogs/lang/th.js,javascript,13,350.15,0,1,0,0.0,2
WebGestor/plugins/ckeditor/plugins/specialchar/dialogs/lang/tr.js,javascript,12,338.58,0,9,0,0.0,10
WebGestor/plugins/ckeditor/plugins/specialchar/dialogs/lang/ug.js,javascript,13,340.69,0,1,0,0.0,2
WebGestor/plugins/ckeditor/plugins/specialchar/dialogs/lang/uk.js,javascript,12,333.0,0,1,0,0.0,2
WebGestor/plugins/ckeditor/plugins/specialchar/dialogs/lang/vi.js,javascript,14,345.86,0,1,0,0.0,2
WebGestor/plugins/ckeditor/plugins/specialchar/dialogs/lang/zh-cn.js,javascript,9,265.89,0,1,0,0.0,2
WebGestor/plugins/ckeditor/plugins/specialchar/dialogs/lang/zh.js,javascript,12,335.75,0,1,0,0.0,2
WebGestor/plugins/ckeditor/plugins/specialchar/dialogs/specialchar.js,javascript,14,343.5,0,19,0,0.0,20
WebGestor/plugins/ckeditor/plugins/table/dialogs/table.js,javascript,21,417.43,3,30,0,0.0,33
WebGestor/plugins/ckeditor/plugins/tabletools/dialogs/tableCell.js,javascript,16,386.94,0,8,0,0.0,9
WebGestor/plugins/ckeditor/plugins/wsc/dialogs/wsc.css,css,82,13.02,0,0,0,0.0,1
WebGestor/plugins/ckeditor/plugins/wsc/dialogs/wsc.js,javascript,67,491.16,1,80,0,0.0,81
WebGestor/plugins/ckeditor/plugins/wsc/dialogs/wsc_ie.js,javascript,11,301.09,2,6,0,0.0,8
WebGestor/plugins/ckeditor/skins/moono/dialog.css,css,5,3170.4,0,0,0,0.0,1
WebGestor/plugins/ckeditor/skins/moono/dialog_ie.css,css,5,3352.6,0,0,0,0.0,1
WebGestor/plugins/ckeditor/skins/moono/dialog_ie7.css,css,5,3464.0,0,0,0,0.0,1
WebGestor/plugins/ckeditor/skins/moono/dialog_ie8.css,css,5,3387.0,0,0,0,0.0,1
WebGestor/plugins/ckeditor/skins/moono/dialog_iequirks.css,css,5,3358.4,0,0,0,0.0,1
WebGestor/plugins/ckeditor/skins/moono/dialog_opera.css,css,5,3196.0,0,0,0,0.0,1
WebGestor/plugins/ckeditor/skins/moono/editor.css,css,5,7034.2,0,0,0,0.0,1
WebGestor/plugins/ckeditor/skins/moono/editor_gecko.css,css,5,7050.4,0,0,0,0.0,1
WebGestor/plugins/ckeditor/skins/moono/editor_ie.css,css,5,7234.0,0,0,0,0.0,1
WebGestor/plugins/ckeditor/skins/moono/editor_ie7.css,css,5,7639.0,0,0,0,0.0,1
WebGestor/plugins/ckeditor/skins/moono/editor_ie8.css,css,5,7269.0,0,0,0,0.0,1
WebGestor/plugins/ckeditor/skins/moono/editor_iequirks.css,css,5,7364.0,0,0,0,0.0,1
WebGestor/plugins/ckeditor/styles.js,javascript,111,30.36,0,7,15,0.135,8
WebGestor/plugins/colorpicker/bootstrap-colorpicker.css,css,214,17.27,0,0,0,0.0,1
WebGestor/plugins/colorpicker/bootstrap-colorpicker.js,javascript,949,34.64,0,122,16,0.017,123
WebGestor/plugins/colorpicker/bootstrap-colorpicker.min.css,css,9,361.56,0,0,0,0.0,1
WebGestor/plugins/colorpicker/bootstrap-colorpicker.min.js,javascript,1,15528.0,0,52,0,0.0,53
WebGestor/plugins/datatables/dataTables.bootstrap.css,css,372,22.73,0,0,0,0.0,1
WebGestor/plugins/datatables/dataTables.bootstrap.js,javascript,206,22.49,2,30,11,0.053,32
WebGestor/plugins/datatables/dataTables.bootstrap.min.js,javascript,8,257.0,0,13,0,0.0,14
WebGestor/plugins/datatables/extensions/AutoFill/css/dataTables.autoFill.css,css,24,19.54,0,0,0,0.0,1
WebGestor/plugins/datatables/extensions/AutoFill/css/dataTables.autoFill.min.css,css,1,343.0,0,0,0,0.0,1
WebGestor/plugins/datatables/extensions/AutoFill/js/dataTables.autoFill.js,javascript,855,25.48,28,88,19,0.022,116
WebGestor/plugins/datatables/extensions/AutoFill/js/dataTables.autoFill.min.js,javascript,22,410.14,0,24,0,0.0,25
WebGestor/plugins/datatables/extensions/ColReorder/css/dataTables.colReorder.css,css,14,15.07,0,0,0,0.0,1
WebGestor/plugins/datatables/extensions/ColReorder/css/dataTables.colReorder.min.css,css,1,138.0,0,0,0,0.0,1
WebGestor/plugins/datatables/extensions/ColReorder/js/dataTables.colReorder.js,javascript,1372,25.47,38,240,33,0.024,278
WebGestor/plugins/datatables/extensions/ColReorder/js/dataTables.colReorder.min.js,javascript,26,427.35,3,57,0,0.0,60
WebGestor/plugins/datatables/extensions/ColVis/css/dataTables.colVis.css,css,185,30.48,0,0,0,0.0,1
WebGestor/plugins/datatables/extensions/ColVis/css/dataTables.colvis.jqueryui.css,css,41,12.63,0,0,0,0.0,1
WebGestor/plugins/datatables/extensions/ColVis/css/dataTables.colVis.min.css,css,1,4375.0,0,0,0,0.0,1
WebGestor/plugins/datatables/extensions/ColVis/js/dataTables.colVis.js,javascript,1123,23.07,40,122,8,0.007,162
WebGestor/plugins/datatables/extensions/ColVis/js/dataTables.colVis.min.js,javascript,24,420.17,0,38,0,0.0,39
WebGestor/plugins/datatables/extensions/FixedColumns/css/dataTables.fixedColumns.css,css,25,20.2,0,0,0,0.0,1
WebGestor/plugins/datatables/extensions/FixedColumns/css/dataTables.fixedColumns.min.css,css,1,326.0,0,0,0,0.0,1
WebGestor/plugins/datatables/extensions/FixedColumns/js/dataTables.fixedColumns.js,javascript,1423,27.76,44,160,26,0.018,204
WebGestor/plugins/datatables/extensions/FixedColumns/js/dataTables.fixedColumns.min.js,javascript,30,469.23,0,43,0,0.0,44
WebGestor/plugins/datatables/extensions/FixedHeader/css/dataTables.fixedHeader.css,css,7,12.86,0,0,0,0.0,1
WebGestor/plugins/datatables/extensions/FixedHeader/css/dataTables.fixedHeader.min.css,css,1,86.0,0,0,0,0.0,1
WebGestor/plugins/datatables/extensions/FixedHeader/js/dataTables.fixedHeader.js,javascript,1028,27.51,42,112,15,0.015,154
WebGestor/plugins/datatables/extensions/FixedHeader/js/dataTables.fixedHeader.min.js,javascript,30,418.63,0,20,0,0.0,21
WebGestor/plugins/datatables/extensions/KeyTable/css/dataTables.keyTable.css,css,7,14.29,0,0,0,0.0,1
WebGestor/plugins/datatables/extensions/KeyTable/css/dataTables.keyTable.min.css,css,1,94.0,0,0,0,0.0,1
WebGestor/plugins/datatables/extensions/KeyTable/js/dataTables.keyTable.js,javascript,1175,24.09,42,183,4,0.003,225
WebGestor/plugins/datatables/extensions/KeyTable/js/dataTables.keyTable.min.js,javascript,18,369.11,11,53,0,0.0,64
WebGestor/plugins/datatables/extensions/Responsive/css/dataTables.responsive.css,css,106,27.78,0,0,0,0.0,1
WebGestor/plugins/datatables/extensions/Responsive/css/dataTables.responsive.scss,scss,149,13.68,0,0,0,0.0,1
WebGestor/plugins/datatables/extensions/Responsive/js/dataTables.responsive.js,javascript,873,27.75,43,139,97,0.111,182
WebGestor/plugins/datatables/extensions/Responsive/js/dataTables.responsive.min.js,javascript,19,383.47,0,35,0,0.0,36
WebGestor/plugins/datatables/extensions/Scroller/css/dataTables.scroller.css,css,44,15.14,0,0,0,0.0,1
WebGestor/plugins/datatables/extensions/Scroller/css/dataTables.scroller.min.css,css,1,571.0,0,0,0,0.0,1
WebGestor/plugins/datatables/extensions/Scroller/js/dataTables.scroller.js,javascript,1262,29.1,44,176,55,0.044,220
WebGestor/plugins/datatables/extensions/Scroller/js/dataTables.scroller.min.js,javascript,25,418.36,0,39,0,0.0,40
WebGestor/plugins/datatables/extensions/TableTools/css/dataTables.tableTools.css,css,361,28.67,0,0,0,0.0,1
WebGestor/plugins/datatables/extensions/TableTools/css/dataTables.tableTools.min.css,css,1,6694.0,0,0,0,0.0,1
WebGestor/plugins/datatables/extensions/TableTools/js/dataTables.tableTools.js,javascript,3230,25.19,103,381,118,0.037,484
WebGestor/plugins/datatables/extensions/TableTools/js/dataTables.tableTools.min.js,javascript,70,453.99,1,114,0,0.0,115
WebGestor/plugins/datatables/jquery.dataTables.css,css,455,32.81,0,0,0,0.0,1
WebGestor/plugins/datatables/jquery.dataTables.js,javascript,14951,28.36,628,2079,659,0.044,2707
WebGestor/plugins/datatables/jquery.dataTables.min.css,css,1,13428.0,0,0,0,0.0,1
WebGestor/plugins/datatables/jquery.dataTables.min.js,javascript,160,498.25,96,399,0,0.0,495
WebGestor/plugins/datatables/jquery.dataTables_themeroller.css,css,416,33.2,0,0,0,0.0,1
WebGestor/plugins/datepicker/bootstrap-datepicker.js,javascript,1671,27.03,7,341,54,0.032,348
WebGestor/plugins/datepicker/datepicker3.css,css,790,41.72,0,0,0,0.0,1
WebGestor/plugins/datepicker/locales/bootstrap-datepicker.ar.js,javascript,15,47.2,0,1,0,0.0,2
WebGestor/plugins/datepicker/locales/bootstrap-datepicker.az.js,javascript,12,51.17,0,0,1,0.083,1
WebGestor/plugins/datepicker/locales/bootstrap-datepicker.bg.js,javascript,14,44.79,0,1,0,0.0,2
WebGestor/plugins/datepicker/locales/bootstrap-datepicker.ca.js,javascript,14,44.57,0,1,0,0.0,2
WebGestor/plugins/datepicker/locales/bootstrap-datepicker.cs.js,javascript,15,43.87,0,1,0,0.0,2
WebGestor/plugins/datepicker/locales/bootstrap-datepicker.cy.js,javascript,14,43.43,0,1,0,0.0,2
WebGestor/plugins/datepicker/locales/bootstrap-datepicker.da.js,javascript,15,43.27,0,1,0,0.0,2
WebGestor/plugins/datepicker/locales/bootstrap-datepicker.de.js,javascript,17,39.82,0,2,0,0.0,3
WebGestor/plugins/datepicker/locales/bootstrap-datepicker.el.js,javascript,13,48.62,0,1,0,0.0,2
WebGestor/plugins/datepicker/locales/bootstrap-datepicker.es.js,javascript,14,44.93,0,1,0,0.0,2
WebGestor/plugins/datepicker/locales/bootstrap-datepicker.et.js,javascript,18,43.33,0,2,0,0.0,3
WebGestor/plugins/datepicker/locales/bootstrap-datepicker.fa.js,javascript,17,38.82,0,2,0,0.0,3
WebGestor/plugins/datepicker/locales/bootstrap-datepicker.fi.js,javascript,16,44.06,0,2,0,0.0,3
WebGestor/plugins/datepicker/locales/bootstrap-datepicker.fr.js,javascript,17,39.94,0,2,0,0.0,3
WebGestor/plugins/datepicker/locales/bootstrap-datepicker.gl.js,javascript,11,49.73,0,0,0,0.0,1
WebGestor/plugins/datepicker/locales/bootstrap-datepicker.he.js,javascript,15,40.07,0,1,0,0.0,2
WebGestor/plugins/datepicker/locales/bootstrap-datepicker.hr.js,javascript,13,44.46,0,0,0,0.0,1
WebGestor/plugins/datepicker/locales/bootstrap-datepicker.hu.js,javascript,16,41.94,0,2,0,0.0,3
WebGestor/plugins/datepicker/locales/bootstrap-datepicker.id.js,javascript,15,42.47,0,1,0,0.0,2
WebGestor/plugins/datepicker/locales/bootstrap-datepicker.is.js,javascript,14,47.29,0,1,0,0.0,2
WebGestor/plugins/datepicker/locales/bootstrap-datepicker.it.js,javascript,17,40.76,0,2,0,0.0,3
WebGestor/plugins/datepicker/locales/bootstrap-datepicker.ja.js,javascript,15,35.6,0,2,0,0.0,3
WebGestor/plugins/datepicker/locales/bootstrap-datepicker.ka.js,javascript,17,45.29,0,2,0,0.0,3
WebGestor/plugins/datepicker/locales/bootstrap-datepicker.kk.js,javascript,15,43.0,0,1,0,0.0,2
WebGestor/plugins/datepicker/locales/bootstrap-datepicker.kr.js,javascript,13,38.15,0,1,0,0.0,2
WebGestor/plugins/datepicker/locales/bootstrap-datepicker.lt.js,javascript,16,45.94,0,1,0,0.0,2
WebGestor/plugins/datepicker/locales/bootstrap-datepicker.lv.js,javascript,16,44.06,0,1,0,0.0,2
WebGestor/plugins/datepicker/locales/bootstrap-datepicker.mk.js,javascript,15,46.4,0,2,0,0.0,3
WebGestor/plugins/datepicker/locales/bootstrap-datepicker.ms.js,javascript,14,43.36,0,1,0,0.0,2
WebGestor/plugins/datepicker/locales/bootstrap-datepicker.nb.js,javascript,14,45.71,0,1,0,0.0,2
WebGestor/plugins/datepicker/locales/bootstrap-datepicker.nl-BE.js,javascript,17,42.29,0,2,0,0.0,3
WebGestor/plugins/datepicker/locales/bootstrap-datepicker.nl.js,javascript,14,44.93,0,1,0,0.0,2
WebGestor/plugins/datepicker/locales/bootstrap-datepicker.no.js,javascript,16,37.5,0,2,0,0.0,3
WebGestor/plugins/datepicker/locales/bootstrap-datepicker.pl.js,javascript,15,49.93,0,1,0,0.0,2
WebGestor/plugins/datepicker/locales/bootstrap-datepicker.pt-BR.js,javascript,15,42.87,0,1,0,0.0,2
WebGestor/plugins/datepicker/locales/bootstrap-datepicker.pt.js,javascript,16,43.56,0,1,0,0.0,2
WebGestor/plugins/datepicker/locales/bootstrap-datepicker.ro.js,javascript,16,41.88,0,1,0,0.0,2
WebGestor/plugins/datepicker/locales/bootstrap-datepicker.rs-latin.js,javascript,14,44.93,0,1,0,0.0,2
WebGestor/plugins/datepicker/locales/bootstrap-datepicker.rs.js,javascript,14,44.5,0,1,0,0.0,2
WebGestor/plugins/datepicker/locales/bootstrap-datepicker.ru.js,javascript,15,43.4,0,1,0,0.0,2
WebGestor/plugins/datepicker/locales/bootstrap-datepicker.sk.js,javascript,15,44.13,0,1,0,0.0,2
WebGestor/plugins/datepicker/locales/bootstrap-datepicker.sl.js,javascript,14,44.79,0,1,0,0.0,2
WebGestor/plugins/datepicker/locales/bootstrap-datepicker.sq.js,javascript,15,42.13,0,1,0,0.0,2
WebGestor/plugins/datepicker/locales/bootstrap-datepicker.sv.js,javascript,16,41.31,0,2,0,0.0,3
WebGestor/plugins/datepicker/locales/bootstrap-datepicker.sw.js,javascript,15,50.53,0,2,0,0.0,3
WebGestor/plugins/datepicker/locales/bootstrap-datepicker.th.js,javascript,14,44.57,0,1,0,0.0,2
WebGestor/plugins/datepicker/locales/bootstrap-datepicker.tr.js,javascript,16,39.88,0,2,0,0.0,3
WebGestor/plugins/datepicker/locales/bootstrap-datepicker.ua.js,javascript,15,42.2,0,1,0,0.0,2
WebGestor/plugins/datepicker/locales/bootstrap-datepicker.vi.js,javascript,16,43.38,0,2,0,0.0,3
WebGestor/plugins/datepicker/locales/bootstrap-datepicker.zh-CN.js,javascript,16,35.62,0,3,0,0.0,4
WebGestor/plugins/datepicker/locales/bootstrap-datepicker.zh-TW.js,javascript,17,39.06,0,2,0,0.0,3
WebGestor/plugins/daterangepicker/daterangepicker-bs3.css,css,335,19.2,0,0,0,0.0,1
WebGestor/plugins/daterangepicker/daterangepicker.js,javascript,1304,40.16,31,304,41,0.031,335
WebGestor/plugins/daterangepicker/moment.js,javascript,3043,31.6,257,592,224,0.074,849
WebGestor/plugins/daterangepicker/moment.min.js,javascript,7,4961.57,75,213,5,0.714,288
WebGestor/plugins/fastclick/fastclick.js,javascript,841,29.87,6,174,86,0.102,180
WebGestor/plugins/fastclick/fastclick.min.js,javascript,1,8776.0,6,69,0,0.0,75
WebGestor/plugins/flot/excanvas.js,javascript,1427,28.39,40,153,110,0.077,193
WebGestor/plugins/flot/excanvas.min.js,javascript,1,19314.0,32,116,0,0.0,148
WebGestor/plugins/flot/jquery.colorhelpers.js,javascript,180,33.19,9,27,17,0.094,36
WebGestor/plugins/flot/jquery.colorhelpers.min.js,javascript,1,3134.0,1,15,0,0.0,16
WebGestor/plugins/flot/jquery.flot.canvas.js,javascript,345,26.82,2,49,65,0.188,51
WebGestor/plugins/flot/jquery.flot.canvas.min.js,javascript,1,3812.0,1,29,0,0.0,30
WebGestor/plugins/flot/jquery.flot.categories.js,javascript,190,30.75,9,65,7,0.037,74
WebGestor/plugins/flot/jquery.flot.categories.min.js,javascript,1,2457.0,7,50,0,0.0,57
WebGestor/plugins/flot/jquery.flot.crosshair.js,javascript,176,29.82,11,21,3,0.017,32
WebGestor/plugins/flot/jquery.flot.crosshair.min.js,javascript,1,2025.0,6,11,0,0.0,17
WebGestor/plugins/flot/jquery.flot.errorbars.js,javascript,353,34.73,10,71,29,0.082,81
WebGestor/plugins/flot/jquery.flot.errorbars.min.js,javascript,1,5312.0,7,56,0,0.0,63
WebGestor/plugins/flot/jquery.flot.fillbetween.js,javascript,226,22.26,4,38,12,0.053,42
WebGestor/plugins/flot/jquery.flot.fillbetween.min.js,javascript,1,2168.0,3,27,0,0.0,30
WebGestor/plugins/flot/jquery.flot.image.js,javascript,241,29.54,12,35,8,0.033,47
WebGestor/plugins/flot/jquery.flot.image.min.js,javascript,1,2542.0,3,21,0,0.0,24
WebGestor/plugins/flot/jquery.flot.js,javascript,3137,37.77,97,638,374,0.119,735
WebGestor/plugins/flot/jquery.flot.min.js,javascript,2,26149.5,60,505,0,0.0,565
WebGestor/plugins/flot/jquery.flot.navigate.js,javascript,346,40.01,20,62,10,0.029,82
WebGestor/plugins/flot/jquery.flot.navigate.min.js,javascript,1,6407.0,14,43,0,0.0,57
WebGestor/plugins/flot/jquery.flot.pie.js,javascript,817,27.93,27,125,71,0.087,152
WebGestor/plugins/flot/jquery.flot.pie.min.js,javascript,1,12024.0,21,79,0,0.0,100
WebGestor/plugins/flot/jquery.flot.resize.js,javascript,60,51.25,7,14,2,0.033,21
WebGestor/plugins/flot/jquery.flot.resize.min.js,javascript,1,2023.0,6,9,0,0.0,15
WebGestor/plugins/flot/jquery.flot.selection.js,javascript,360,35.5,22,52,19,0.053,74
WebGestor/plugins/flot/jquery.flot.selection.min.js,javascript,1,5130.0,13,29,0,0.0,42
WebGestor/plugins/flot/jquery.flot.stack.js,javascript,188,36.71,4,43,10,0.053,47
WebGestor/plugins/flot/jquery.flot.stack.min.js,javascript,1,2324.0,3,27,0,0.0,30
WebGestor/plugins/flot/jquery.flot.symbol.js,javascript,71,34.28,7,3,6,0.085,10
WebGestor/plugins/flot/jquery.flot.symbol.min.js,javascript,1,1046.0,2,2,0,0.0,4
WebGestor/plugins/flot/jquery.flot.threshold.js,javascript,142,30.55,4,18,2,0.014,22
WebGestor/plugins/flot/jquery.flot.threshold.min.js,javascript,1,1699.0,3,12,0,0.0,15
WebGestor/plugins/flot/jquery.flot.time.js,javascript,429,26.37,9,94,35,0.082,103
WebGestor/plugins/flot/jquery.flot.time.min.js,javascript,1,6715.0,6,77,0,0.0,83
WebGestor/plugins/fullcalendar/fullcalendar.css,css,977,22.05,0,0,0,0.0,1
WebGestor/plugins/fullcalendar/fullcalendar.js,javascript,9732,27.7,187,1542,1110,0.114,1729
WebGestor/plugins/fullcalendar/fullcalendar.min.css,css,5,2125.6,0,0,0,0.0,1
WebGestor/plugins/fullcalendar/fullcalendar.min.js,javascript,8,10601.75,161,246,0,0.0,407
WebGestor/plugins/fullcalendar/fullcalendar.print.css,css,202,25.69,0,0,0,0.0,1
WebGestor/plugins/iCheck/all.css,css,61,24.72,0,0,0,0.0,1
WebGestor/plugins/iCheck/flat/_all.css,css,560,23.6,0,0,0,0.0,1
WebGestor/plugins/iCheck/flat/aero.css,css,56,24.52,0,0,0,0.0,1
WebGestor/plugins/iCheck/flat/blue.css,css,56,24.52,0,0,0,0.0,1
WebGestor/plugins/iCheck/flat/flat.css,css,56,23.46,0,0,0,0.0,1
WebGestor/plugins/iCheck/flat/green.css,css,56,24.79,0,0,0,0.0,1
WebGestor/plugins/iCheck/flat/grey.css,css,56,24.52,0,0,0,0.0,1
WebGestor/plugins/iCheck/flat/orange.css,css,56,25.05,0,0,0,0.0,1
WebGestor/plugins/iCheck/flat/pink.css,css,56,24.52,0,0,0,0.0,1
WebGestor/plugins/iCheck/flat/purple.css,css,56,25.05,0,0,0,0.0,1
WebGestor/plugins/iCheck/flat/red.css,css,56,24.25,0,0,0,0.0,1
WebGestor/plugins/iCheck/flat/yellow.css,css,56,25.05,0,0,0,0.0,1
WebGestor/plugins/iCheck/futurico/futurico.css,css,56,24.39,0,0,0,0.0,1
WebGestor/plugins/iCheck/icheck.js,javascript,478,28.63,7,78,81,0.169,85
WebGestor/plugins/iCheck/icheck.min.js,javascript,10,450.6,7,45,0,0.0,52
WebGestor/plugins/iCheck/line/_all.css,css,740,28.31,0,0,0,0.0,1
WebGestor/plugins/iCheck/line/aero.css,css,74,29.04,0,0,0,0.0,1
WebGestor/plugins/iCheck/line/blue.css,css,74,29.04,0,0,0,0.0,1
WebGestor/plugins/iCheck/line/green.css,css,74,29.34,0,0,0,0.0,1
WebGestor/plugins/iCheck/line/grey.css,css,74,29.04,0,0,0,0.0,1
WebGestor/plugins/iCheck/line/line.css,css,74,27.43,0,0,0,0.0,1
WebGestor/plugins/iCheck/line/orange.css,css,74,29.55,0,0,0,0.0,1
WebGestor/plugins/iCheck/line/pink.css,css,74,29.04,0,0,0,0.0,1
WebGestor/plugins/iCheck/line/purple.css,css,74,29.64,0,0,0,0.0,1
WebGestor/plugins/iCheck/line/red.css,css,74,28.74,0,0,0,0.0,1
WebGestor/plugins/iCheck/line/yellow.css,css,74,29.64,0,0,0,0.0,1
WebGestor/plugins/iCheck/minimal/_all.css,css,557,24.45,0,0,0,0.0,1
WebGestor/plugins/iCheck/minimal/aero.css,css,62,25.24,0,0,0,0.0,1
WebGestor/plugins/iCheck/minimal/blue.css,css,62,25.24,0,0,0,0.0,1
WebGestor/plugins/iCheck/minimal/green.css,css,62,25.52,0,0,0,0.0,1
WebGestor/plugins/iCheck/minimal/grey.css,css,62,25.24,0,0,0,0.0,1
WebGestor/plugins/iCheck/minimal/minimal.css,css,62,24.23,0,0,0,0.0,1
WebGestor/plugins/iCheck/minimal/orange.css,css,62,25.79,0,0,0,0.0,1
WebGestor/plugins/iCheck/minimal/pink.css,css,62,25.24,0,0,0,0.0,1
WebGestor/plugins/iCheck/minimal/purple.css,css,62,25.79,0,0,0,0.0,1
WebGestor/plugins/iCheck/minimal/red.css,css,62,24.97,0,0,0,0.0,1
WebGestor/plugins/iCheck/minimal/yellow.css,css,62,25.79,0,0,0,0.0,1
WebGestor/plugins/iCheck/polaris/polaris.css,css,62,24.13,0,0,0,0.0,1
WebGestor/plugins/iCheck/square/_all.css,css,620,24.15,0,0,0,0.0,1
WebGestor/plugins/iCheck/square/aero.css,css,62,25.0,0,0,0,0.0,1
WebGestor/plugins/iCheck/square/blue.css,css,62,25.0,0,0,0,0.0,1
WebGestor/plugins/iCheck/square/green.css,css,62,25.27,0,0,0,0.0,1
WebGestor/plugins/iCheck/square/grey.css,css,62,25.0,0,0,0,0.0,1
WebGestor/plugins/iCheck/square/orange.css,css,62,25.55,0,0,0,0.0,1
WebGestor/plugins/iCheck/square/pink.css,css,62,25.0,0,0,0,0.0,1
WebGestor/plugins/iCheck/square/purple.css,css,62,25.55,0,0,0,0.0,1
WebGestor/plugins/iCheck/square/red.css,css,62,24.73,0,0,0,0.0,1
WebGestor/plugins/iCheck/square/square.css,css,62,23.95,0,0,0,0.0,1
WebGestor/plugins/iCheck/square/yellow.css,css,62,25.55,0,0,0,0.0,1
WebGestor/plugins/input-mask/jquery.inputmask.date.extensions.js,javascript,488,45.75,23,59,2,0.004,82
WebGestor/plugins/input-mask/jquery.inputmask.extensions.js,javascript,122,42.57,7,9,1,0.008,16
WebGestor/plugins/input-mask/jquery.inputmask.js,javascript,1627,54.65,117,391,50,0.031,508
WebGestor/plugins/input-mask/jquery.inputmask.numeric.extensions.js,javascript,177,50.51,7,32,6,0.034,39
WebGestor/plugins/input-mask/jquery.inputmask.phone.extensions.js,javascript,50,30.52,5,1,0,0.0,6
WebGestor/plugins/input-mask/jquery.inputmask.regex.extensions.js,javascript,169,54.57,5,44,8,0.047,49
WebGestor/plugins/ionslider/ion.rangeSlider.css,css,126,24.29,0,0,0,0.0,1
WebGestor/plugins/ionslider/ion.rangeSlider.min.js,javascript,22,440.77,0,16,2,0.091,17
WebGestor/plugins/ionslider/ion.rangeSlider.skinFlat.css,css,89,19.83,0,0,0,0.0,1
WebGestor/plugins/ionslider/ion.rangeSlider.skinNice.css,css,85,19.41,0,0,0,0.0,1
WebGestor/plugins/jQuery/jQuery-2.1.4.min.js,javascript,4,21085.25,65,510,0,0.0,575
WebGestor/plugins/jQueryUI/jquery-ui-1.10.3.js,javascript,8709,27.54,45,1131,600,0.069,1176
WebGestor/plugins/jQueryUI/jquery-ui-1.10.3.min.js,javascript,6,21835.67,25,223,0,0.0,248
WebGestor/plugins/jvectormap/jquery-jvectormap-1.2.2.css,css,40,19.62,0,0,0,0.0,1
WebGestor/plugins/jvectormap/jquery-jvectormap-1.2.2.min.js,javascript,8,4164.5,2,120,0,0.0,122
WebGestor/plugins/jvectormap/jquery-jvectormap-world-mill-en.js,javascript,1,144313.0,0,0,0,0.0,1
WebGestor/plugins/knob/jquery.knob.js,javascript,805,31.57,57,55,45,0.056,112
WebGestor/plugins/morris/morris.css,css,2,213.0,0,0,0,0.0,1
WebGestor/plugins/morris/morris.js,javascript,1892,33.91,9,275,0,0.0,284
WebGestor/plugins/morris/morris.min.js,javascript,7,5092.29,9,127,0,0.0,136
WebGestor/plugins/pace/pace.js,javascript,2,6181.0,14,78,0,0.0,92
WebGestor/plugins/slimScroll/jquery.slimscroll.js,javascript,490,29.56,24,62,87,0.178,86
WebGestor/plugins/slimScroll/jquery.slimscroll.min.js,javascript,1,6230.0,6,44,0,0.0,50
WebGestor/plugins/sparkline/jquery.sparkline.js,javascript,3054,39.42,148,493,58,0.019,641
WebGestor/plugins/sparkline/jquery.sparkline.min.js,javascript,5,8648.6,0,163,0,0.0,164
WebGestor/plugins/timepicker/bootstrap-timepicker.css,css,121,21.98,0,0,0,0.0,1
WebGestor/plugins/timepicker/bootstrap-timepicker.js,javascript,903,27.81,1,148,4,0.004,149
WebGestor/plugins/timepicker/bootstrap-timepicker.min.css,css,10,240.1,0,0,0,0.0,1
WebGestor/plugins/timepicker/bootstrap-timepicker.min.js,javascript,5,3089.6,0,145,0,0.0,146
WebGestor/Properties/AssemblyInfo.cs,csharp,35,41.03,0,5,16,0.457,6
WebGestor/refresh_session.ashx,ashx,28,31.21,0,5,0,0.0,6
WebGestor/Salida.aspx,aspx,16,25.5,0,0,0,0.0,1
WebGestor/Salida.aspx.vb,vb,22,37.77,2,2,0,0.0,4
WebGestor/Scripts/bootstrap.js,javascript,2377,28.33,191,227,107,0.045,418
WebGestor/Scripts/bootstrap.min.js,javascript,7,5291.29,19,69,0,0.0,88
WebGestor/Scripts/jquery-3.3.1.intellisense.js,javascript,2670,58.79,184,255,2048,0.767,439
WebGestor/Scripts/jquery-3.3.1.js,javascript,10364,25.22,128,1757,1537,0.148,1885
WebGestor/Scripts/jquery-3.3.1.min.js,javascript,2,43462.5,87,546,0,0.0,633
WebGestor/Scripts/jquery-3.3.1.slim.js,javascript,8269,25.47,107,1338,1245,0.151,1445
WebGestor/Scripts/jquery-3.3.1.slim.min.js,javascript,2,34957.5,72,426,0,0.0,498
WebGestor/Scripts/modernizr-2.8.3.js,javascript,1406,35.52,24,199,280,0.199,223
WebGestor/Scripts/WebForms/DetailsView.js,javascript,34,37.5,6,1,1,0.029,7
WebGestor/Scripts/WebForms/Focus.js,javascript,93,30.98,5,36,1,0.011,41
WebGestor/Scripts/WebForms/GridView.js,javascript,36,39.75,6,1,1,0.028,7
WebGestor/Scripts/WebForms/Menu.js,javascript,898,35.09,35,295,1,0.001,330
WebGestor/Scripts/WebForms/MenuStandards.js,javascript,697,37.89,0,184,0,0.0,185
WebGestor/Scripts/WebForms/MSAjax/MicrosoftAjax.js,javascript,6,16543.17,15,1047,5,0.833,1062
WebGestor/Scripts/WebForms/MSAjax/MicrosoftAjaxApplicationServices.js,javascript,6,1493.5,0,54,5,0.833,55
WebGestor/Scripts/WebForms/MSAjax/MicrosoftAjaxComponentModel.js,javascript,6,4034.0,3,242,5,0.833,245
WebGestor/Scripts/WebForms/MSAjax/MicrosoftAjaxCore.js,javascript,6,4489.0,2,282,5,0.833,284
WebGestor/Scripts/WebForms/MSAjax/MicrosoftAjaxGlobalization.js,javascript,6,3337.17,7,314,5,0.833,321
WebGestor/Scripts/WebForms/MSAjax/MicrosoftAjaxHistory.js,javascript,6,1119.33,0,57,5,0.833,58
WebGestor/Scripts/WebForms/MSAjax/MicrosoftAjaxNetwork.js,javascript,6,2136.67,0,81,5,0.833,82
WebGestor/Scripts/WebForms/MSAjax/MicrosoftAjaxSerialization.js,javascript,6,963.67,0,32,5,0.833,33
WebGestor/Scripts/WebForms/MSAjax/MicrosoftAjaxTimer.js,javascript,6,435.17,0,13,5,0.833,14
WebGestor/Scripts/WebForms/MSAjax/MicrosoftAjaxWebForms.js,javascript,6,6589.5,2,398,5,0.833,400
WebGestor/Scripts/WebForms/MSAjax/MicrosoftAjaxWebServices.js,javascript,6,798.83,3,39,5,0.833,42
WebGestor/Scripts/WebForms/SmartNav.js,javascript,280,36.64,0,182,1,0.004,183
WebGestor/Scripts/WebForms/TreeView.js,javascript,220,40.77,7,57,1,0.005,64
WebGestor/Scripts/WebForms/WebForms.js,javascript,567,37.52,32,222,2,0.004,254
WebGestor/Scripts/WebForms/WebParts.js,javascript,647,40.11,49,99,1,0.002,148
WebGestor/Scripts/WebForms/WebUIValidation.js,javascript,684,37.51,50,152,1,0.001,202
WebGestor/Servicio/BaseDatos_Busqueda.aspx,aspx,124,108.23,0,44,0,0.0,45
WebGestor/Servicio/BaseDatos_Busqueda.aspx.vb,vb,214,59.05,23,88,1,0.005,111
WebGestor/Servicio/BaseDatos_Definicion.aspx,aspx,91,179.51,0,53,0,0.0,54
WebGestor/Servicio/BaseDatos_Definicion.aspx.vb,vb,302,63.92,33,127,0,0.0,160
WebGestor/Servicio/Gestion_Inspeccion_Desplazamiento.aspx,aspx,610,65.01,0,98,0,0.0,99
WebGestor/Servicio/Gestion_Inspeccion_Desplazamiento.aspx.vb,vb,224,61.31,35,69,15,0.067,104
WebGestor/Servicio/Inspeccion_Centro_Costos.aspx,aspx,220,143.22,0,116,0,0.0,117
WebGestor/Servicio/Inspeccion_Centro_Costos.aspx.vb,vb,261,111.08,34,81,0,0.0,115
WebGestor/Servicio/Inspeccion_Detalle.aspx,aspx,504,251.31,0,433,0,0.0,434
WebGestor/Servicio/Inspeccion_Detalle.aspx.vb,vb,1912,64.87,219,680,28,0.015,899
WebGestor/Servicio/Inspeccion_Documentos_Ayuda.aspx,aspx,475,69.81,0,75,0,0.0,76
WebGestor/Servicio/Inspeccion_Documentos_Ayuda.aspx.vb,vb,177,55.61,26,42,0,0.0,68
WebGestor/Servicio/Inspeccion_Equipo_Mantenimiento.aspx,aspx,179,152.56,0,90,0,0.0,91
WebGestor/Servicio/Inspeccion_Equipo_Mantenimiento.aspx.vb,vb,232,72.35,38,66,1,0.004,104
WebGestor/Servicio/Inspeccion_Lista_DatosAdicionales.aspx,aspx,804,64.6,0,137,0,0.0,138
WebGestor/Servicio/Inspeccion_Lista_DatosAdicionales.aspx.vb,vb,449,68.73,52,188,21,0.047,240
WebGestor/Servicio/Inspeccion_Lista_DatosAdicionales_Usuarios.aspx,aspx,623,65.38,0,101,0,0.0,102
WebGestor/Servicio/Inspeccion_Lista_DatosAdicionales_Usuarios.aspx.vb,vb,227,61.63,37,70,15,0.066,107
WebGestor/Servicio/Inspeccion_Lista_Documento.aspx,aspx,375,62.48,0,54,0,0.0,55
WebGestor/Servicio/Inspeccion_Lista_Documento.aspx.vb,vb,128,61.62,14,39,5,0.039,53
WebGestor/Servicio/Inspeccion_Lista_OfPendiente.aspx,aspx,260,133.69,0,130,0,0.0,131
WebGestor/Servicio/Inspeccion_Lista_OfPendiente.aspx.vb,vb,293,65.25,51,106,2,0.007,157
WebGestor/Servicio/Inspeccion_ListaDetalleOficina.aspx,aspx,589,58.25,0,116,0,0.0,117
WebGestor/Servicio/Inspeccion_ListaDetalleOficina.aspx.vb,vb,248,49.39,26,52,3,0.012,78
WebGestor/Servicio/Inspeccion_Listado.aspx,aspx,331,60.12,0,55,0,0.0,56
WebGestor/Servicio/Inspeccion_Listado.aspx.vb,vb,116,56.02,18,30,1,0.009,48
WebGestor/Servicio/Inspeccion_RegistrarVisitas.aspx,aspx,592,67.51,0,92,0,0.0,93
WebGestor/Servicio/Inspeccion_RegistrarVisitas.aspx.vb,vb,234,64.86,36,69,26,0.111,105
WebGestor/Servicio/Inspeccion_Reporte_ReqAd.aspx,aspx,570,63.35,0,99,0,0.0,100
WebGestor/Servicio/Inspeccion_Reporte_ReqAd.aspx.vb,vb,424,63.63,43,208,26,0.061,251
WebGestor/Servicio/Inspeccion_Resumen.aspx,aspx,330,60.36,0,53,0,0.0,54
WebGestor/Servicio/Inspeccion_Resumen.aspx.vb,vb,128,53.77,24,30,1,0.008,54
WebGestor/Servicio/PagPrincipal_Servicio.master.vb,vb,20,41.05,2,5,0,0.0,7
WebGestor/ServicioIntegral/PagPrincipal_Servicio.master.vb,vb,20,41.05,2,5,0,0.0,7
WebGestor/ServicioIntegral/SIntegral_Registrar_Servicio.aspx,aspx,371,77.31,0,64,0,0.0,65
WebGestor/ServicioIntegral/SIntegral_Registrar_Servicio.aspx.vb,vb,175,53.5,36,94,0,0.0,130
WebGestor/ServicioIntegral/SIntegral_Servicio.aspx,aspx,112,155.85,0,50,0,0.0,51
WebGestor/ServicioIntegral/SIntegral_Servicio.aspx.vb,vb,119,54.08,20,46,0,0.0,66
WebGestor/ServicioIntegral/SIntegral_Servicio_Detalle_.aspx,aspx,106,72.0,0,17,0,0.0,18
WebGestor/ServicioIntegral/SIntegral_Servicio_Detalle_.aspx.vb,vb,66,45.38,12,29,1,0.015,41
WebGestor/ServicioIntegral/SIntegral_Servicio_Proveedor.aspx,aspx,199,107.27,0,46,0,0.0,47
WebGestor/ServicioIntegral/SIntegral_Servicio_Proveedor.aspx.vb,vb,242,49.94,29,57,128,0.529,86
WebGestor/Sistema/General_Relacion_Categoria_Usuario.aspx,aspx,252,65.03,0,32,0,0.0,33
WebGestor/Sistema/General_Relacion_Categoria_Usuario.aspx.vb,vb,142,48.97,17,54,0,0.0,71
WebGestor/Sistema/Mantenimiento_TablasEspeciales.aspx,aspx,176,125.07,0,59,0,0.0,60
WebGestor/Sistema/Mantenimiento_TablasEspeciales.aspx.vb,vb,279,69.57,25,95,2,0.007,120
WebGestor/Sistema/Mantenimiento_TablasEspeciales_Activar.aspx,aspx,188,70.51,0,45,0,0.0,46
WebGestor/Sistema/Mantenimiento_TablasEspeciales_Activar.aspx.vb,vb,155,65.21,10,79,0,0.0,89
WebGestor/Sistema/PagPrincipal.master.vb,vb,20,40.8,2,5,0,0.0,7
WebGestor/Sistema/Personal_Mostrar.aspx,aspx,283,59.25,0,71,0,0.0,72
WebGestor/Sistema/Personal_Mostrar.aspx.vb,vb,581,54.02,63,222,15,0.026,285
WebGestor/Sistema/SegSistem_Exportar_Datos.aspx,aspx,5,57.4,0,1,0,0.0,2
WebGestor/Sistema/SegSistem_Exportar_Datos.aspx.vb,vb,82,65.96,2,18,4,0.049,20
WebGestor/Sistema/SegSistema_CambioContraseña.aspx,aspx,122,68.16,0,12,0,0.0,13
WebGestor/Sistema/SegSistema_CambioContraseña.aspx.vb,vb,49,39.18,6,13,0,0.0,19
WebGestor/Sistema/SegSistema_Mant_Modulos.aspx,aspx,191,68.72,0,30,0,0.0,31
WebGestor/Sistema/SegSistema_Mant_Modulos.aspx.vb,vb,203,49.84,24,69,3,0.015,93
WebGestor/Sistema/SegSistema_Mant_Paginas.aspx,aspx,112,129.58,0,55,0,0.0,56
WebGestor/Sistema/SegSistema_Mant_Paginas.aspx.vb,vb,135,58.18,21,58,7,0.052,79
WebGestor/Sistema/SegSistema_Mant_Perfiles.aspx,aspx,330,102.79,0,49,0,0.0,50
WebGestor/Sistema/SegSistema_Mant_Perfiles.aspx.vb,vb,289,50.21,40,101,10,0.035,141
WebGestor/Sistema/SegSistema_Mant_Usuarios.aspx,aspx,446,90.6,0,125,0,0.0,126
WebGestor/Sistema/SegSistema_Mant_Usuarios.aspx.vb,vb,657,71.2,70,253,12,0.018,323
WebGestor/Sistema/SegSistema_MensajeOk.aspx,aspx,57,47.74,0,3,0,0.0,4
WebGestor/Sistema/SegSistema_MensajeOk.aspx.vb,vb,15,40.53,2,4,1,0.067,6
WebGestor/Sistema/SegSistema_MenuPrincipal.aspx,aspx,4,73.0,0,1,0,0.0,2
WebGestor/Sistema/SegSistema_MenuPrincipal.aspx.vb,vb,5,15.8,0,0,0,0.0,1
WebGestor/Sistema/SegSistema_NuevoUsuario.aspx,aspx,548,64.37,0,73,0,0.0,74
WebGestor/Sistema/SegSistema_NuevoUsuario.aspx.vb,vb,363,54.38,45,169,10,0.028,214
WebGestor/Sistema/SegSistema_OlvidoContraseña.aspx,aspx,98,54.78,0,6,0,0.0,7
WebGestor/Sistema/SegSistema_OlvidoContraseña.aspx.vb,vb,85,38.14,7,23,0,0.0,30
WebGestor/Sistema/Tablas_Especiales_Mantenimiento.aspx,aspx,237,78.41,0,63,0,0.0,64
WebGestor/Sistema/Tablas_Especiales_Mantenimiento.aspx.vb,vb,505,67.56,49,225,10,0.02,274
WebGestor/Site.Master.designer.vb,vb,24,32.25,0,1,14,0.583,2
WebGestor/Site.Master.vb,vb,6,27.33,2,0,0,0.0,2
WebGestor/Site.Mobile.Master.designer.vb,vb,69,34.87,0,9,49,0.71,10
WebGestor/Site.Mobile.Master.vb,vb,8,22.25,2,0,0,0.0,2
WebGestor/style.css,css,42,23.36,0,0,0,0.0,1
WebGestor/TerminaSesion.aspx,aspx,49,51.0,0,2,0,0.0,3
WebGestor/TerminaSesion.aspx.vb,vb,5,13.4,0,0,0,0.0,1
WebGestor/Ventas/Graficos.aspx,aspx,160,50.57,0,36,0,0.0,37
WebGestor/Ventas/Graficos.aspx.vb,vb,382,43.6,23,52,2,0.005,75
WebGestor/Ventas/MasterPage.master.vb,vb,5,15.6,0,0,0,0.0,1
WebGestor/Ventas/PagPrincipal_Nuevo.master.vb,vb,20,40.95,2,5,0,0.0,7
WebGestor/Ventas/PagPrincipal_Venta.master.vb,vb,20,40.9,2,5,0,0.0,7
WebGestor/Ventas/Ventas_BusArticulos.aspx,aspx,104,63.3,0,23,0,0.0,24
WebGestor/Ventas/Ventas_BusArticulos.aspx.vb,vb,52,47.85,10,17,1,0.019,27
WebGestor/Ventas/Ventas_Cotizar_Proveedor.aspx,aspx,247,51.62,0,40,0,0.0,41
WebGestor/Ventas/Ventas_Cotizar_Proveedor.aspx.vb,vb,153,47.22,13,51,64,0.418,64
WebGestor/Ventas/Ventas_Delivery.aspx,aspx,570,67.44,0,138,0,0.0,139
WebGestor/Ventas/Ventas_Delivery.aspx.vb,vb,943,61.71,69,332,1,0.001,401
WebGestor/Ventas/Ventas_Grafica.aspx,aspx,52,47.35,0,2,0,0.0,3
WebGestor/Ventas/Ventas_Grafica.aspx.vb,vb,233,40.03,2,18,1,0.004,20
WebGestor/Ventas/Ventas_Ingresa_OrdenCompra.aspx,aspx,266,51.32,0,41,0,0.0,42
WebGestor/Ventas/Ventas_Ingresa_OrdenCompra.aspx.vb,vb,108,43.44,13,18,28,0.259,31
WebGestor/Ventas/Ventas_Punto.aspx,aspx,329,62.04,0,59,0,0.0,60
WebGestor/Ventas/Ventas_Punto.aspx.vb,vb,240,45.75,18,44,20,0.083,62
WebGestor/Ventas/Ventas_Punto_Cliente.aspx,aspx,138,72.54,0,38,0,0.0,39
WebGestor/Ventas/Ventas_Punto_Cliente.aspx.vb,vb,68,58.78,10,13,1,0.015,23
WebGestor/Ventas/Ventas_Registro_Oportunidades.aspx,aspx,426,73.42,0,79,0,0.0,80
WebGestor/Ventas/Ventas_Registro_Oportunidades.aspx.vb,vb,409,54.56,42,195,8,0.02,237
WebGestor/ViewSwitcher.ascx,ascx,4,61.0,0,0,0,0.0,1
WebGestor/ViewSwitcher.ascx.designer.vb,vb,16,27.44,0,0,7,0.438,1
WebGestor/ViewSwitcher.ascx.vb,vb,53,28.74,2,3,3,0.057,5
WebGestor/WebCam_Plugin/jquery.webcam.js,javascript,99,23.64,6,18,0,0.0,24
